timestamp,cpu_util
2026-02-01 00:00:00,0.5
2026-02-01 00:01:00,0.4711108
2026-02-01 00:02:00,0.41299066
2026-02-01 00:03:00,0.40439835
2026-02-01 00:04:00,0.34663025
2026-02-01 00:05:00,0.31298304
2026-02-01 00:06:00,0.33235508
2026-02-01 00:07:00,0.36379793
2026-02-01 00:08:00,0.3495398
2026-02-01 00:09:00,0.30799037
2026-02-01 00:10:00,0.29414052
2026-02-01 00:11:00,0.30976024
2026-02-01 00:12:00,0.3271346
2026-02-01 00:13:00,0.35412633
2026-02-01 00:14:00,0.31541955
2026-02-01 00:15:00,0.27513227
2026-02-01 00:16:00,0.26690084
2026-02-01 00:17:00,0.29780665
2026-02-01 00:18:00,0.3582444
2026-02-01 00:19:00,0.3090753
2026-02-01 00:20:00,0.3246856
2026-02-01 00:21:00,0.2987343
2026-02-01 00:22:00,0.32520136
2026-02-01 00:23:00,0.28320572
2026-02-01 00:24:00,0.32720327
2026-02-01 00:25:00,0.32496533
2026-02-01 00:26:00,0.37392005
2026-02-01 00:27:00,0.36771384
2026-02-01 00:28:00,0.3163398
2026-02-01 00:29:00,0.25664428
2026-02-01 00:30:00,0.19456233
2026-02-01 00:31:00,0.23776028
2026-02-01 00:32:00,0.26089364
2026-02-01 00:33:00,0.16795978
2026-02-01 00:34:00,0.19642994
2026-02-01 00:35:00,0.2654653
2026-02-01 00:36:00,0.24458377
2026-02-01 00:37:00,0.3183679
2026-02-01 00:38:00,0.34358534
2026-02-01 00:39:00,0.33774698
2026-02-01 00:40:00,0.28423956
2026-02-01 00:41:00,0.27620876
2026-02-01 00:42:00,0.30845055
2026-02-01 00:43:00,0.26697394
2026-02-01 00:44:00,0.24129851
2026-02-01 00:45:00,0.27192184
2026-02-01 00:46:00,0.25457558
2026-02-01 00:47:00,0.28947428
2026-02-01 00:48:00,0.28968853
2026-02-01 00:49:00,0.38493332
2026-02-01 00:50:00,0.33675244
2026-02-01 00:51:00,0.37614447
2026-02-01 00:52:00,0.40025306
2026-02-01 00:53:00,0.33944827
2026-02-01 00:54:00,0.31565246
2026-02-01 00:55:00,0.35972315
2026-02-01 00:56:00,0.3581835
2026-02-01 00:57:00,0.40664533
2026-02-01 00:58:00,0.29802418
2026-02-01 00:59:00,0.2824858
2026-02-01 01:00:00,0.54654986
2026-02-01 01:01:00,0.5414108
2026-02-01 01:02:00,0.5031418
2026-02-01 01:03:00,0.36780864
2026-02-01 01:04:00,0.3591488
2026-02-01 01:05:00,0.4179067
2026-02-01 01:06:00,0.3930594
2026-02-01 01:07:00,0.39964554
2026-02-01 01:08:00,0.42319447
2026-02-01 01:09:00,0.42181882
2026-02-01 01:10:00,0.4099051
2026-02-01 01:11:00,0.41808653
2026-02-01 01:12:00,0.39867377
2026-02-01 01:13:00,0.39399704
2026-02-01 01:14:00,0.3701961
2026-02-01 01:15:00,0.37512037
2026-02-01 01:16:00,0.3551401
2026-02-01 01:17:00,0.38208807
2026-02-01 01:18:00,0.36244148
2026-02-01 01:19:00,0.3124327
2026-02-01 01:20:00,0.24436842
2026-02-01 01:21:00,0.22172989
2026-02-01 01:22:00,0.2960629
2026-02-01 01:23:00,0.27817357
2026-02-01 01:24:00,0.2891451
2026-02-01 01:25:00,0.29128587
2026-02-01 01:26:00,0.282542
2026-02-01 01:27:00,0.3348509
2026-02-01 01:28:00,0.28567675
2026-02-01 01:29:00,0.31422326
2026-02-01 01:30:00,0.2559805
2026-02-01 01:31:00,0.22890279
2026-02-01 01:32:00,0.2472996
2026-02-01 01:33:00,0.23514743
2026-02-01 01:34:00,0.24754228
2026-02-01 01:35:00,0.27205208
2026-02-01 01:36:00,0.3323984
2026-02-01 01:37:00,0.36789152
2026-02-01 01:38:00,0.35884082
2026-02-01 01:39:00,0.37885967
2026-02-01 01:40:00,0.41849944
2026-02-01 01:41:00,0.40676644
2026-02-01 01:42:00,0.29854923
2026-02-01 01:43:00,0.26688495
2026-02-01 01:44:00,0.24766575
2026-02-01 01:45:00,0.2037616
2026-02-01 01:46:00,0.2734442
2026-02-01 01:47:00,0.23208892
2026-02-01 01:48:00,0.25992098
2026-02-01 01:49:00,0.2191759
2026-02-01 01:50:00,0.24810818
2026-02-01 01:51:00,0.30668902
2026-02-01 01:52:00,0.34931928
2026-02-01 01:53:00,0.29862082
2026-02-01 01:54:00,0.29271194
2026-02-01 01:55:00,0.3068384
2026-02-01 01:56:00,0.35177436
2026-02-01 01:57:00,0.3647046
2026-02-01 01:58:00,0.40081763
2026-02-01 01:59:00,0.42933068
2026-02-01 02:00:00,0.64154947
2026-02-01 02:01:00,0.65036696
2026-02-01 02:02:00,0.5629588
2026-02-01 02:03:00,0.45517176
2026-02-01 02:04:00,0.3875344
2026-02-01 02:05:00,0.32120886
2026-02-01 02:06:00,0.2164253
2026-02-01 02:07:00,0.26176256
2026-02-01 02:08:00,0.3020567
2026-02-01 02:09:00,0.3529166
2026-02-01 02:10:00,0.41583833
2026-02-01 02:11:00,0.3341616
2026-02-01 02:12:00,0.29185084
2026-02-01 02:13:00,0.34978417
2026-02-01 02:14:00,0.33442935
2026-02-01 02:15:00,0.35379016
2026-02-01 02:16:00,0.3193371
2026-02-01 02:17:00,0.3355655
2026-02-01 02:18:00,0.31403616
2026-02-01 02:19:00,0.30137584
2026-02-01 02:20:00,0.27569175
2026-02-01 02:21:00,0.24105021
2026-02-01 02:22:00,0.29692358
2026-02-01 02:23:00,0.34969613
2026-02-01 02:24:00,0.36820075
2026-02-01 02:25:00,0.39242414
2026-02-01 02:26:00,0.39099342
2026-02-01 02:27:00,0.38390383
2026-02-01 02:28:00,0.40930536
2026-02-01 02:29:00,0.35761473
2026-02-01 02:30:00,0.3473653
2026-02-01 02:31:00,0.38904846
2026-02-01 02:32:00,0.37737107
2026-02-01 02:33:00,0.39100218
2026-02-01 02:34:00,0.397099
2026-02-01 02:35:00,0.41040617
2026-02-01 02:36:00,0.4440869
2026-02-01 02:37:00,0.46949932
2026-02-01 02:38:00,0.459746
2026-02-01 02:39:00,0.41146305
2026-02-01 02:40:00,0.46303347
2026-02-01 02:41:00,0.47072664
2026-02-01 02:42:00,0.4651087
2026-02-01 02:43:00,0.47140667
2026-02-01 02:44:00,0.4126291
2026-02-01 02:45:00,0.44712353
2026-02-01 02:46:00,0.48226708
2026-02-01 02:47:00,0.4750609
2026-02-01 02:48:00,0.45020643
2026-02-01 02:49:00,0.41855565
2026-02-01 02:50:00,0.4509987
2026-02-01 02:51:00,0.40646785
2026-02-01 02:52:00,0.39958182
2026-02-01 02:53:00,0.42510387
2026-02-01 02:54:00,0.3964973
2026-02-01 02:55:00,0.40256038
2026-02-01 02:56:00,0.412777
2026-02-01 02:57:00,0.37843105
2026-02-01 02:58:00,0.38419366
2026-02-01 02:59:00,0.38807693
2026-02-01 03:00:00,0.65734917
2026-02-01 03:01:00,0.6154314
2026-02-01 03:02:00,0.546467
2026-02-01 03:03:00,0.49606252
2026-02-01 03:04:00,0.4623609
2026-02-01 03:05:00,0.4041937
2026-02-01 03:06:00,0.41275758
2026-02-01 03:07:00,0.44083518
2026-02-01 03:08:00,0.44857922
2026-02-01 03:09:00,0.39714167
2026-02-01 03:10:00,0.40088907
2026-02-01 03:11:00,0.4283032
2026-02-01 03:12:00,0.39860266
2026-02-01 03:13:00,0.42285872
2026-02-01 03:14:00,0.3795468
2026-02-01 03:15:00,0.4284298
2026-02-01 03:16:00,0.46740085
2026-02-01 03:17:00,0.40776965
2026-02-01 03:18:00,0.34229106
2026-02-01 03:19:00,0.3644165
2026-02-01 03:20:00,0.3529998
2026-02-01 03:21:00,0.31229806
2026-02-01 03:22:00,0.33070865
2026-02-01 03:23:00,0.3944079
2026-02-01 03:24:00,0.41480213
2026-02-01 03:25:00,0.4410021
2026-02-01 03:26:00,0.4691541
2026-02-01 03:27:00,0.44620463
2026-02-01 03:28:00,0.48632
2026-02-01 03:29:00,0.5230421
2026-02-01 03:30:00,0.4988777
2026-02-01 03:31:00,0.4740862
2026-02-01 03:32:00,0.4760073
2026-02-01 03:33:00,0.42020267
2026-02-01 03:34:00,0.3669689
2026-02-01 03:35:00,0.4218101
2026-02-01 03:36:00,0.49683896
2026-02-01 03:37:00,0.48682836
2026-02-01 03:38:00,0.443961
2026-02-01 03:39:00,0.4265945
2026-02-01 03:40:00,0.44001704
2026-02-01 03:41:00,0.39024284
2026-02-01 03:42:00,0.48706055
2026-02-01 03:43:00,0.4877553
2026-02-01 03:44:00,0.48234615
2026-02-01 03:45:00,0.5085768
2026-02-01 03:46:00,0.4715802
2026-02-01 03:47:00,0.48685938
2026-02-01 03:48:00,0.51262003
2026-02-01 03:49:00,0.4957644
2026-02-01 03:50:00,0.38813952
2026-02-01 03:51:00,0.44693205
2026-02-01 03:52:00,0.4444459
2026-02-01 03:53:00,0.45383143
2026-02-01 03:54:00,0.4480807
2026-02-01 03:55:00,0.51491046
2026-02-01 03:56:00,0.55939406
2026-02-01 03:57:00,0.51531833
2026-02-01 03:58:00,0.5269974
2026-02-01 03:59:00,0.52253795
2026-02-01 04:00:00,0.688294
2026-02-01 04:01:00,0.7184717
2026-02-01 04:02:00,0.61393666
2026-02-01 04:03:00,0.5332859
2026-02-01 04:04:00,0.40079314
2026-02-01 04:05:00,0.3519247
2026-02-01 04:06:00,0.3945606
2026-02-01 04:07:00,0.46634814
2026-02-01 04:08:00,0.43208528
2026-02-01 04:09:00,0.4363356
2026-02-01 04:10:00,0.503979
2026-02-01 04:11:00,0.45859894
2026-02-01 04:12:00,0.45385674
2026-02-01 04:13:00,0.39619583
2026-02-01 04:14:00,0.40346023
2026-02-01 04:15:00,0.36803162
2026-02-01 04:16:00,0.40133753
2026-02-01 04:17:00,0.3482735
2026-02-01 04:18:00,0.39770406
2026-02-01 04:19:00,0.3674437
2026-02-01 04:20:00,0.3742461
2026-02-01 04:21:00,0.32030037
2026-02-01 04:22:00,0.31520316
2026-02-01 04:23:00,0.3577547
2026-02-01 04:24:00,0.37130782
2026-02-01 04:25:00,0.4634196
2026-02-01 04:26:00,0.5021706
2026-02-01 04:27:00,0.4968824
2026-02-01 04:28:00,0.44514555
2026-02-01 04:29:00,0.460735
2026-02-01 04:30:00,0.4378461
2026-02-01 04:31:00,0.47813034
2026-02-01 04:32:00,0.48907495
2026-02-01 04:33:00,0.45710856
2026-02-01 04:34:00,0.46443394
2026-02-01 04:35:00,0.43947977
2026-02-01 04:36:00,0.38584405
2026-02-01 04:37:00,0.37580755
2026-02-01 04:38:00,0.37490728
2026-02-01 04:39:00,0.41084737
2026-02-01 04:40:00,0.4030901
2026-02-01 04:41:00,0.41020456
2026-02-01 04:42:00,0.44376388
2026-02-01 04:43:00,0.43104634
2026-02-01 04:44:00,0.42804813
2026-02-01 04:45:00,0.40768954
2026-02-01 04:46:00,0.49256137
2026-02-01 04:47:00,0.51011235
2026-02-01 04:48:00,0.5011388
2026-02-01 04:49:00,0.53847545
2026-02-01 04:50:00,0.54819673
2026-02-01 04:51:00,0.511569
2026-02-01 04:52:00,0.48040026
2026-02-01 04:53:00,0.52988476
2026-02-01 04:54:00,0.55032337
2026-02-01 04:55:00,0.57134706
2026-02-01 04:56:00,0.5707971
2026-02-01 04:57:00,0.5456981
2026-02-01 04:58:00,0.5267671
2026-02-01 04:59:00,0.5033117
2026-02-01 05:00:00,0.6838868
2026-02-01 05:01:00,0.6203997
2026-02-01 05:02:00,0.6016927
2026-02-01 05:03:00,0.564434
2026-02-01 05:04:00,0.5424013
2026-02-01 05:05:00,0.48918566
2026-02-01 05:06:00,0.47724357
2026-02-01 05:07:00,0.49823362
2026-02-01 05:08:00,0.49751425
2026-02-01 05:09:00,0.5607824
2026-02-01 05:10:00,0.5327368
2026-02-01 05:11:00,0.5578351
2026-02-01 05:12:00,0.5335173
2026-02-01 05:13:00,0.51203156
2026-02-01 05:14:00,0.5903421
2026-02-01 05:15:00,0.58334607
2026-02-01 05:16:00,0.54637486
2026-02-01 05:17:00,0.54897106
2026-02-01 05:18:00,0.47321793
2026-02-01 05:19:00,0.48996893
2026-02-01 05:20:00,0.4821788
2026-02-01 05:21:00,0.519689
2026-02-01 05:22:00,0.49625388
2026-02-01 05:23:00,0.478199
2026-02-01 05:24:00,0.48428878
2026-02-01 05:25:00,0.52389324
2026-02-01 05:26:00,0.51619583
2026-02-01 05:27:00,0.51908505
2026-02-01 05:28:00,0.56345993
2026-02-01 05:29:00,0.5501395
2026-02-01 05:30:00,0.5378274
2026-02-01 05:31:00,0.47715154
2026-02-01 05:32:00,0.4649417
2026-02-01 05:33:00,0.46385562
2026-02-01 05:34:00,0.41407412
2026-02-01 05:35:00,0.3408494
2026-02-01 05:36:00,0.39018044
2026-02-01 05:37:00,0.36027196
2026-02-01 05:38:00,0.40174547
2026-02-01 05:39:00,0.4207115
2026-02-01 05:40:00,0.43424264
2026-02-01 05:41:00,0.42352414
2026-02-01 05:42:00,0.3996763
2026-02-01 05:43:00,0.4112725
2026-02-01 05:44:00,0.45671886
2026-02-01 05:45:00,0.4056119
2026-02-01 05:46:00,0.41151398
2026-02-01 05:47:00,0.35728073
2026-02-01 05:48:00,0.39878732
2026-02-01 05:49:00,0.39722526
2026-02-01 05:50:00,0.3824952
2026-02-01 05:51:00,0.40767804
2026-02-01 05:52:00,0.43672037
2026-02-01 05:53:00,0.43940043
2026-02-01 05:54:00,0.39886963
2026-02-01 05:55:00,0.40147427
2026-02-01 05:56:00,0.42326966
2026-02-01 05:57:00,0.4091374
2026-02-01 05:58:00,0.46346444
2026-02-01 05:59:00,0.40758616
2026-02-01 06:00:00,0.6341492
2026-02-01 06:01:00,0.64108235
2026-02-01 06:02:00,0.52379405
2026-02-01 06:03:00,0.44846243
2026-02-01 06:04:00,0.42192987
2026-02-01 06:05:00,0.38628745
2026-02-01 06:06:00,0.413103
2026-02-01 06:07:00,0.44117916
2026-02-01 06:08:00,0.40016592
2026-02-01 06:09:00,0.4102193
2026-02-01 06:10:00,0.3946312
2026-02-01 06:11:00,0.3935286
2026-02-01 06:12:00,0.43634486
2026-02-01 06:13:00,0.460425
2026-02-01 06:14:00,0.4813981
2026-02-01 06:15:00,0.46162418
2026-02-01 06:16:00,0.4366079
2026-02-01 06:17:00,0.42990595
2026-02-01 06:18:00,0.34890252
2026-02-01 06:19:00,0.35259435
2026-02-01 06:20:00,0.42820346
2026-02-01 06:21:00,0.40898576
2026-02-01 06:22:00,0.34736118
2026-02-01 06:23:00,0.3740189
2026-02-01 06:24:00,0.32792082
2026-02-01 06:25:00,0.3204493
2026-02-01 06:26:00,0.39015925
2026-02-01 06:27:00,0.4160228
2026-02-01 06:28:00,0.43402785
2026-02-01 06:29:00,0.41961282
2026-02-01 06:30:00,0.45458612
2026-02-01 06:31:00,0.44294733
2026-02-01 06:32:00,0.45657516
2026-02-01 06:33:00,0.4413749
2026-02-01 06:34:00,0.40938622
2026-02-01 06:35:00,0.39454016
2026-02-01 06:36:00,0.40315735
2026-02-01 06:37:00,0.38197416
2026-02-01 06:38:00,0.44939595
2026-02-01 06:39:00,0.44568884
2026-02-01 06:40:00,0.4530015
2026-02-01 06:41:00,0.43446866
2026-02-01 06:42:00,0.4630696
2026-02-01 06:43:00,0.5191811
2026-02-01 06:44:00,0.5679096
2026-02-01 06:45:00,0.50352925
2026-02-01 06:46:00,0.501217
2026-02-01 06:47:00,0.48533976
2026-02-01 06:48:00,0.49841312
2026-02-01 06:49:00,0.5372226
2026-02-01 06:50:00,0.5889828
2026-02-01 06:51:00,0.52845937
2026-02-01 06:52:00,0.47294196
2026-02-01 06:53:00,0.45241934
2026-02-01 06:54:00,0.46149862
2026-02-01 06:55:00,0.45349103
2026-02-01 06:56:00,0.4687286
2026-02-01 06:57:00,0.5096952
2026-02-01 06:58:00,0.47257856
2026-02-01 06:59:00,0.47153124
2026-02-01 07:00:00,0.68129396
2026-02-01 07:01:00,0.64787984
2026-02-01 07:02:00,0.5477925
2026-02-01 07:03:00,0.42164978
2026-02-01 07:04:00,0.37748343
2026-02-01 07:05:00,0.3581197
2026-02-01 07:06:00,0.32789677
2026-02-01 07:07:00,0.28716028
2026-02-01 07:08:00,0.30652782
2026-02-01 07:09:00,0.3187663
2026-02-01 07:10:00,0.27082473
2026-02-01 07:11:00,0.34822544
2026-02-01 07:12:00,0.29796478
2026-02-01 07:13:00,0.30083957
2026-02-01 07:14:00,0.30948856
2026-02-01 07:15:00,0.33232555
2026-02-01 07:16:00,0.40633076
2026-02-01 07:17:00,0.37323862
2026-02-01 07:18:00,0.4065101
2026-02-01 07:19:00,0.41196635
2026-02-01 07:20:00,0.35774526
2026-02-01 07:21:00,0.3159116
2026-02-01 07:22:00,0.35914493
2026-02-01 07:23:00,0.33706364
2026-02-01 07:24:00,0.33982384
2026-02-01 07:25:00,0.30704704
2026-02-01 07:26:00,0.38074246
2026-02-01 07:27:00,0.36350933
2026-02-01 07:28:00,0.41368806
2026-02-01 07:29:00,0.4101589
2026-02-01 07:30:00,0.42530447
2026-02-01 07:31:00,0.39803705
2026-02-01 07:32:00,0.41555855
2026-02-01 07:33:00,0.3706102
2026-02-01 07:34:00,0.38320845
2026-02-01 07:35:00,0.39656723
2026-02-01 07:36:00,0.42227334
2026-02-01 07:37:00,0.39166084
2026-02-01 07:38:00,0.40954092
2026-02-01 07:39:00,0.42816123
2026-02-01 07:40:00,0.35572904
2026-02-01 07:41:00,0.39868808
2026-02-01 07:42:00,0.39773816
2026-02-01 07:43:00,0.49880478
2026-02-01 07:44:00,0.50199604
2026-02-01 07:45:00,0.49159688
2026-02-01 07:46:00,0.45856437
2026-02-01 07:47:00,0.41219825
2026-02-01 07:48:00,0.4371588
2026-02-01 07:49:00,0.4483342
2026-02-01 07:50:00,0.40778422
2026-02-01 07:51:00,0.36010382
2026-02-01 07:52:00,0.34982213
2026-02-01 07:53:00,0.38818258
2026-02-01 07:54:00,0.39741024
2026-02-01 07:55:00,0.3835865
2026-02-01 07:56:00,0.43459335
2026-02-01 07:57:00,0.41589826
2026-02-01 07:58:00,0.45597285
2026-02-01 07:59:00,0.46404865
2026-02-01 08:00:00,0.6819731
2026-02-01 08:01:00,0.5996464
2026-02-01 08:02:00,0.56246966
2026-02-01 08:03:00,0.533064
2026-02-01 08:04:00,0.4862968
2026-02-01 08:05:00,0.47098315
2026-02-01 08:06:00,0.42803276
2026-02-01 08:07:00,0.36893725
2026-02-01 08:08:00,0.36552167
2026-02-01 08:09:00,0.36412513
2026-02-01 08:10:00,0.35672528
2026-02-01 08:11:00,0.33672625
2026-02-01 08:12:00,0.3246006
2026-02-01 08:13:00,0.34201872
2026-02-01 08:14:00,0.33913198
2026-02-01 08:15:00,0.3569731
2026-02-01 08:16:00,0.3197457
2026-02-01 08:17:00,0.31903797
2026-02-01 08:18:00,0.3589802
2026-02-01 08:19:00,0.42503878
2026-02-01 08:20:00,0.4319382
2026-02-01 08:21:00,0.38315156
2026-02-01 08:22:00,0.38803867
2026-02-01 08:23:00,0.33514282
2026-02-01 08:24:00,0.3094211
2026-02-01 08:25:00,0.35082376
2026-02-01 08:26:00,0.40614897
2026-02-01 08:27:00,0.40214872
2026-02-01 08:28:00,0.3698595
2026-02-01 08:29:00,0.3730284
2026-02-01 08:30:00,0.38338682
2026-02-01 08:31:00,0.39401147
2026-02-01 08:32:00,0.33751783
2026-02-01 08:33:00,0.32415342
2026-02-01 08:34:00,0.31509805
2026-02-01 08:35:00,0.27847692
2026-02-01 08:36:00,0.26123238
2026-02-01 08:37:00,0.2570626
2026-02-01 08:38:00,0.3327148
2026-02-01 08:39:00,0.32830974
2026-02-01 08:40:00,0.3506318
2026-02-01 08:41:00,0.30604917
2026-02-01 08:42:00,0.3142588
2026-02-01 08:43:00,0.32114962
2026-02-01 08:44:00,0.30521163
2026-02-01 08:45:00,0.28031603
2026-02-01 08:46:00,0.31453723
2026-02-01 08:47:00,0.32631913
2026-02-01 08:48:00,0.31960616
2026-02-01 08:49:00,0.32185337
2026-02-01 08:50:00,0.3172662
2026-02-01 08:51:00,0.3688004
2026-02-01 08:52:00,0.3695146
2026-02-01 08:53:00,0.354898
2026-02-01 08:54:00,0.30981624
2026-02-01 08:55:00,0.29714686
2026-02-01 08:56:00,0.33717817
2026-02-01 08:57:00,0.30459553
2026-02-01 08:58:00,0.30186155
2026-02-01 08:59:00,0.33404815
2026-02-01 09:00:00,0.6313546
2026-02-01 09:01:00,0.65261656
2026-02-01 09:02:00,0.6544736
2026-02-01 09:03:00,0.5859136
2026-02-01 09:04:00,0.5894999
2026-02-01 09:05:00,0.5808752
2026-02-01 09:06:00,0.5453134
2026-02-01 09:07:00,0.59473556
2026-02-01 09:08:00,0.5581525
2026-02-01 09:09:00,0.5528174
2026-02-01 09:10:00,0.5397254
2026-02-01 09:11:00,0.45904502
2026-02-01 09:12:00,0.5055185
2026-02-01 09:13:00,0.4559599
2026-02-01 09:14:00,0.48318925
2026-02-01 09:15:00,0.45789933
2026-02-01 09:16:00,0.4928554
2026-02-01 09:17:00,0.47206452
2026-02-01 09:18:00,0.38498294
2026-02-01 09:19:00,0.43170455
2026-02-01 09:20:00,0.43571264
2026-02-01 09:21:00,0.45477957
2026-02-01 09:22:00,0.5125817
2026-02-01 09:23:00,0.5036751
2026-02-01 09:24:00,0.48382214
2026-02-01 09:25:00,0.5867633
2026-02-01 09:26:00,0.52692646
2026-02-01 09:27:00,0.5608834
2026-02-01 09:28:00,0.55823964
2026-02-01 09:29:00,0.4752732
2026-02-01 09:30:00,0.48697093
2026-02-01 09:31:00,0.46029955
2026-02-01 09:32:00,0.53397584
2026-02-01 09:33:00,0.50694525
2026-02-01 09:34:00,0.48729324
2026-02-01 09:35:00,0.44287512
2026-02-01 09:36:00,0.4410763
2026-02-01 09:37:00,0.38832453
2026-02-01 09:38:00,0.33816114
2026-02-01 09:39:00,0.31656757
2026-02-01 09:40:00,0.32511947
2026-02-01 09:41:00,0.3373335
2026-02-01 09:42:00,0.28295574
2026-02-01 09:43:00,0.25326502
2026-02-01 09:44:00,0.25245866
2026-02-01 09:45:00,0.26760092
2026-02-01 09:46:00,0.2501569
2026-02-01 09:47:00,0.27858403
2026-02-01 09:48:00,0.29457375
2026-02-01 09:49:00,0.23808748
2026-02-01 09:50:00,0.31478566
2026-02-01 09:51:00,0.26832932
2026-02-01 09:52:00,0.28690162
2026-02-01 09:53:00,0.24083452
2026-02-01 09:54:00,0.32486045
2026-02-01 09:55:00,0.35844156
2026-02-01 09:56:00,0.36361742
2026-02-01 09:57:00,0.43183357
2026-02-01 09:58:00,0.39942455
2026-02-01 09:59:00,0.501042
2026-02-01 10:00:00,0.6584745
2026-02-01 10:01:00,0.63917595
2026-02-01 10:02:00,0.5301014
2026-02-01 10:03:00,0.5179172
2026-02-01 10:04:00,0.42402697
2026-02-01 10:05:00,0.33661327
2026-02-01 10:06:00,0.3234909
2026-02-01 10:07:00,0.30804926
2026-02-01 10:08:00,0.24105722
2026-02-01 10:09:00,0.25254107
2026-02-01 10:10:00,0.25341412
2026-02-01 10:11:00,0.29785052
2026-02-01 10:12:00,0.3545502
2026-02-01 10:13:00,0.36655283
2026-02-01 10:14:00,0.3872848
2026-02-01 10:15:00,0.3599552
2026-02-01 10:16:00,0.4155315
2026-02-01 10:17:00,0.45271143
2026-02-01 10:18:00,0.371729
2026-02-01 10:19:00,0.37503538
2026-02-01 10:20:00,0.41811398
2026-02-01 10:21:00,0.44244772
2026-02-01 10:22:00,0.4617613
2026-02-01 10:23:00,0.39622915
2026-02-01 10:24:00,0.35370654
2026-02-01 10:25:00,0.374895
2026-02-01 10:26:00,0.33648482
2026-02-01 10:27:00,0.33633202
2026-02-01 10:28:00,0.28466052
2026-02-01 10:29:00,0.28871533
2026-02-01 10:30:00,0.32769457
2026-02-01 10:31:00,0.28737158
2026-02-01 10:32:00,0.26250073
2026-02-01 10:33:00,0.25408942
2026-02-01 10:34:00,0.275992
2026-02-01 10:35:00,0.32049456
2026-02-01 10:36:00,0.2558234
2026-02-01 10:37:00,0.2938236
2026-02-01 10:38:00,0.31026742
2026-02-01 10:39:00,0.3534469
2026-02-01 10:40:00,0.3356429
2026-02-01 10:41:00,0.32783413
2026-02-01 10:42:00,0.31954306
2026-02-01 10:43:00,0.32715672
2026-02-01 10:44:00,0.42663777
2026-02-01 10:45:00,0.43743077
2026-02-01 10:46:00,0.43900624
2026-02-01 10:47:00,0.39782375
2026-02-01 10:48:00,0.35932797
2026-02-01 10:49:00,0.3821846
2026-02-01 10:50:00,0.3812928
2026-02-01 10:51:00,0.42302385
2026-02-01 10:52:00,0.40387604
2026-02-01 10:53:00,0.4279299
2026-02-01 10:54:00,0.5024478
2026-02-01 10:55:00,0.4331452
2026-02-01 10:56:00,0.38051933
2026-02-01 10:57:00,0.35930416
2026-02-01 10:58:00,0.35521486
2026-02-01 10:59:00,0.35692507
2026-02-01 11:00:00,0.6662285
2026-02-01 11:01:00,0.6544416
2026-02-01 11:02:00,0.5888346
2026-02-01 11:03:00,0.51753753
2026-02-01 11:04:00,0.3967435
2026-02-01 11:05:00,0.41835028
2026-02-01 11:06:00,0.40298402
2026-02-01 11:07:00,0.40553805
2026-02-01 11:08:00,0.40242097
2026-02-01 11:09:00,0.34276024
2026-02-01 11:10:00,0.2721245
2026-02-01 11:11:00,0.28968805
2026-02-01 11:12:00,0.2922846
2026-02-01 11:13:00,0.3638356
2026-02-01 11:14:00,0.31824172
2026-02-01 11:15:00,0.33356035
2026-02-01 11:16:00,0.35387552
2026-02-01 11:17:00,0.33423138
2026-02-01 11:18:00,0.36628067
2026-02-01 11:19:00,0.27720547
2026-02-01 11:20:00,0.29906043
2026-02-01 11:21:00,0.303558
2026-02-01 11:22:00,0.27336404
2026-02-01 11:23:00,0.31296772
2026-02-01 11:24:00,0.37469402
2026-02-01 11:25:00,0.40568796
2026-02-01 11:26:00,0.4472242
2026-02-01 11:27:00,0.47976822
2026-02-01 11:28:00,0.44958684
2026-02-01 11:29:00,0.3695523
2026-02-01 11:30:00,0.31545287
2026-02-01 11:31:00,0.35017544
2026-02-01 11:32:00,0.36932003
2026-02-01 11:33:00,0.3234709
2026-02-01 11:34:00,0.3146789
2026-02-01 11:35:00,0.30887535
2026-02-01 11:36:00,0.29047775
2026-02-01 11:37:00,0.30265033
2026-02-01 11:38:00,0.36242074
2026-02-01 11:39:00,0.3715968
2026-02-01 11:40:00,0.3207444
2026-02-01 11:41:00,0.39502406
2026-02-01 11:42:00,0.35755485
2026-02-01 11:43:00,0.38869503
2026-02-01 11:44:00,0.38537696
2026-02-01 11:45:00,0.3764827
2026-02-01 11:46:00,0.3973813
2026-02-01 11:47:00,0.35510746
2026-02-01 11:48:00,0.36050808
2026-02-01 11:49:00,0.37248236
2026-02-01 11:50:00,0.34980327
2026-02-01 11:51:00,0.30932873
2026-02-01 11:52:00,0.3078189
2026-02-01 11:53:00,0.34491554
2026-02-01 11:54:00,0.36067715
2026-02-01 11:55:00,0.27904886
2026-02-01 11:56:00,0.2601574
2026-02-01 11:57:00,0.24293539
2026-02-01 11:58:00,0.26634502
2026-02-01 11:59:00,0.20648545
2026-02-01 12:00:00,0.47433212
2026-02-01 12:01:00,0.48223585
2026-02-01 12:02:00,0.44718063
2026-02-01 12:03:00,0.46158028
2026-02-01 12:04:00,0.39878923
2026-02-01 12:05:00,0.39421842
2026-02-01 12:06:00,0.38528472
2026-02-01 12:07:00,0.32869488
2026-02-01 12:08:00,0.34477866
2026-02-01 12:09:00,0.33662042
2026-02-01 12:10:00,0.30487502
2026-02-01 12:11:00,0.29607922
2026-02-01 12:12:00,0.34080344
2026-02-01 12:13:00,0.29068708
2026-02-01 12:14:00,0.2867585
2026-02-01 12:15:00,0.26389694
2026-02-01 12:16:00,0.26886737
2026-02-01 12:17:00,0.27745903
2026-02-01 12:18:00,0.28226486
2026-02-01 12:19:00,0.21960334
2026-02-01 12:20:00,0.26404318
2026-02-01 12:21:00,0.23747425
2026-02-01 12:22:00,0.25570896
2026-02-01 12:23:00,0.18615343
2026-02-01 12:24:00,0.17856224
2026-02-01 12:25:00,0.17962605
2026-02-01 12:26:00,0.13951084
2026-02-01 12:27:00,0.12023222
2026-02-01 12:28:00,0.14797041
2026-02-01 12:29:00,0.13863003
2026-02-01 12:30:00,0.17777586
2026-02-01 12:31:00,0.22857265
2026-02-01 12:32:00,0.2569938
2026-02-01 12:33:00,0.25142518
2026-02-01 12:34:00,0.23445915
2026-02-01 12:35:00,0.24238138
2026-02-01 12:36:00,0.23646392
2026-02-01 12:37:00,0.2951777
2026-02-01 12:38:00,0.29600957
2026-02-01 12:39:00,0.34734127
2026-02-01 12:40:00,0.27846602
2026-02-01 12:41:00,0.24740565
2026-02-01 12:42:00,0.2629623
2026-02-01 12:43:00,0.2628834
2026-02-01 12:44:00,0.24818698
2026-02-01 12:45:00,0.18624452
2026-02-01 12:46:00,0.16204001
2026-02-01 12:47:00,0.2116465
2026-02-01 12:48:00,0.17676185
2026-02-01 12:49:00,0.22932741
2026-02-01 12:50:00,0.32763848
2026-02-01 12:51:00,0.26998988
2026-02-01 12:52:00,0.2927801
2026-02-01 12:53:00,0.29039988
2026-02-01 12:54:00,0.2916174
2026-02-01 12:55:00,0.32586756
2026-02-01 12:56:00,0.3466579
2026-02-01 12:57:00,0.3115079
2026-02-01 12:58:00,0.3249888
2026-02-01 12:59:00,0.33385822
2026-02-01 13:00:00,0.56822366
2026-02-01 13:01:00,0.5659312
2026-02-01 13:02:00,0.46014908
2026-02-01 13:03:00,0.4273515
2026-02-01 13:04:00,0.38434866
2026-02-01 13:05:00,0.35288054
2026-02-01 13:06:00,0.31545544
2026-02-01 13:07:00,0.248298
2026-02-01 13:08:00,0.20186241
2026-02-01 13:09:00,0.18685456
2026-02-01 13:10:00,0.20280856
2026-02-01 13:11:00,0.15197259
2026-02-01 13:12:00,0.16805887
2026-02-01 13:13:00,0.14995295
2026-02-01 13:14:00,0.14099082
2026-02-01 13:15:00,0.16001429
2026-02-01 13:16:00,0.18175605
2026-02-01 13:17:00,0.17556241
2026-02-01 13:18:00,0.17317283
2026-02-01 13:19:00,0.151182
2026-02-01 13:20:00,0.21749341
2026-02-01 13:21:00,0.20822799
2026-02-01 13:22:00,0.19939905
2026-02-01 13:23:00,0.17933595
2026-02-01 13:24:00,0.16323243
2026-02-01 13:25:00,0.21851541
2026-02-01 13:26:00,0.21703665
2026-02-01 13:27:00,0.26222366
2026-02-01 13:28:00,0.2608711
2026-02-01 13:29:00,0.25437942
2026-02-01 13:30:00,0.16062057
2026-02-01 13:31:00,0.18654507
2026-02-01 13:32:00,0.197242
2026-02-01 13:33:00,0.16086695
2026-02-01 13:34:00,0.1205614
2026-02-01 13:35:00,0.14971158
2026-02-01 13:36:00,0.16168523
2026-02-01 13:37:00,0.17359252
2026-02-01 13:38:00,0.16257901
2026-02-01 13:39:00,0.22025214
2026-02-01 13:40:00,0.17030662
2026-02-01 13:41:00,0.19868644
2026-02-01 13:42:00,0.1986747
2026-02-01 13:43:00,0.17912993
2026-02-01 13:44:00,0.19724531
2026-02-01 13:45:00,0.19178452
2026-02-01 13:46:00,0.20028193
2026-02-01 13:47:00,0.17653018
2026-02-01 13:48:00,0.24936403
2026-02-01 13:49:00,0.26349014
2026-02-01 13:50:00,0.27120355
2026-02-01 13:51:00,0.22660583
2026-02-01 13:52:00,0.1822324
2026-02-01 13:53:00,0.16137677
2026-02-01 13:54:00,0.1646752
2026-02-01 13:55:00,0.19541958
2026-02-01 13:56:00,0.16831055
2026-02-01 13:57:00,0.15021694
2026-02-01 13:58:00,0.18573008
2026-02-01 13:59:00,0.14580244
2026-02-01 14:00:00,0.3687947
2026-02-01 14:01:00,0.31170616
2026-02-01 14:02:00,0.28612065
2026-02-01 14:03:00,0.26960218
2026-02-01 14:04:00,0.25741515
2026-02-01 14:05:00,0.1334021
2026-02-01 14:06:00,0.13415536
2026-02-01 14:07:00,0.16107796
2026-02-01 14:08:00,0.17022419
2026-02-01 14:09:00,0.2512162
2026-02-01 14:10:00,0.22529177
2026-02-01 14:11:00,0.20834532
2026-02-01 14:12:00,0.19138299
2026-02-01 14:13:00,0.16380027
2026-02-01 14:14:00,0.10748612
2026-02-01 14:15:00,0.12134462
2026-02-01 14:16:00,0.04660153
2026-02-01 14:17:00,0.051056057
2026-02-01 14:18:00,0.04
2026-02-01 14:19:00,0.044105362
2026-02-01 14:20:00,0.08049545
2026-02-01 14:21:00,0.043704513
2026-02-01 14:22:00,0.046017624
2026-02-01 14:23:00,0.04
2026-02-01 14:24:00,0.04
2026-02-01 14:25:00,0.046084985
2026-02-01 14:26:00,0.06290055
2026-02-01 14:27:00,0.049011905
2026-02-01 14:28:00,0.04412555
2026-02-01 14:29:00,0.10287832
2026-02-01 14:30:00,0.04
2026-02-01 14:31:00,0.04
2026-02-01 14:32:00,0.057976462
2026-02-01 14:33:00,0.06561623
2026-02-01 14:34:00,0.08242649
2026-02-01 14:35:00,0.1444633
2026-02-01 14:36:00,0.18890151
2026-02-01 14:37:00,0.21521749
2026-02-01 14:38:00,0.20894018
2026-02-01 14:39:00,0.24438779
2026-02-01 14:40:00,0.28105888
2026-02-01 14:41:00,0.31022337
2026-02-01 14:42:00,0.28908414
2026-02-01 14:43:00,0.27933267
2026-02-01 14:44:00,0.25451478
2026-02-01 14:45:00,0.16653617
2026-02-01 14:46:00,0.13411352
2026-02-01 14:47:00,0.10436956
2026-02-01 14:48:00,0.07475299
2026-02-01 14:49:00,0.1049891
2026-02-01 14:50:00,0.118751936
2026-02-01 14:51:00,0.08339191
2026-02-01 14:52:00,0.11726911
2026-02-01 14:53:00,0.08164007
2026-02-01 14:54:00,0.11357397
2026-02-01 14:55:00,0.12995131
2026-02-01 14:56:00,0.12366737
2026-02-01 14:57:00,0.11097553
2026-02-01 14:58:00,0.14218721
2026-02-01 14:59:00,0.12580405
2026-02-01 15:00:00,0.39801776
2026-02-01 15:01:00,0.42529148
2026-02-01 15:02:00,0.33234277
2026-02-01 15:03:00,0.32304248
2026-02-01 15:04:00,0.23951761
2026-02-01 15:05:00,0.19853903
2026-02-01 15:06:00,0.3023727
2026-02-01 15:07:00,0.3051559
2026-02-01 15:08:00,0.28734925
2026-02-01 15:09:00,0.23009034
2026-02-01 15:10:00,0.22317898
2026-02-01 15:11:00,0.23243468
2026-02-01 15:12:00,0.18309274
2026-02-01 15:13:00,0.15417482
2026-02-01 15:14:00,0.14550632
2026-02-01 15:15:00,0.17921261
2026-02-01 15:16:00,0.19446348
2026-02-01 15:17:00,0.19857039
2026-02-01 15:18:00,0.19900821
2026-02-01 15:19:00,0.17536166
2026-02-01 15:20:00,0.20744498
2026-02-01 15:21:00,0.208692
2026-02-01 15:22:00,0.22894633
2026-02-01 15:23:00,0.22883366
2026-02-01 15:24:00,0.17445481
2026-02-01 15:25:00,0.15860622
2026-02-01 15:26:00,0.1432136
2026-02-01 15:27:00,0.20190452
2026-02-01 15:28:00,0.2143654
2026-02-01 15:29:00,0.13118081
2026-02-01 15:30:00,0.10991274
2026-02-01 15:31:00,0.11801385
2026-02-01 15:32:00,0.15696213
2026-02-01 15:33:00,0.24372716
2026-02-01 15:34:00,0.24166545
2026-02-01 15:35:00,0.21076056
2026-02-01 15:36:00,0.14163737
2026-02-01 15:37:00,0.1449668
2026-02-01 15:38:00,0.12592083
2026-02-01 15:39:00,0.04306869
2026-02-01 15:40:00,0.04
2026-02-01 15:41:00,0.04
2026-02-01 15:42:00,0.06282765
2026-02-01 15:43:00,0.04
2026-02-01 15:44:00,0.066831686
2026-02-01 15:45:00,0.090726964
2026-02-01 15:46:00,0.13235506
2026-02-01 15:47:00,0.04
2026-02-01 15:48:00,0.04
2026-02-01 15:49:00,0.04
2026-02-01 15:50:00,0.04
2026-02-01 15:51:00,0.04
2026-02-01 15:52:00,0.04
2026-02-01 15:53:00,0.059821364
2026-02-01 15:54:00,0.07330045
2026-02-01 15:55:00,0.09264534
2026-02-01 15:56:00,0.16000704
2026-02-01 15:57:00,0.16618711
2026-02-01 15:58:00,0.12591118
2026-02-01 15:59:00,0.11750806
2026-02-01 16:00:00,0.29082093
2026-02-01 16:01:00,0.31547302
2026-02-01 16:02:00,0.23316123
2026-02-01 16:03:00,0.24099843
2026-02-01 16:04:00,0.20213163
2026-02-01 16:05:00,0.21345934
2026-02-01 16:06:00,0.14909281
2026-02-01 16:07:00,0.18028423
2026-02-01 16:08:00,0.18821391
2026-02-01 16:09:00,0.20902073
2026-02-01 16:10:00,0.21228816
2026-02-01 16:11:00,0.2090333
2026-02-01 16:12:00,0.19934778
2026-02-01 16:13:00,0.2017746
2026-02-01 16:14:00,0.19879565
2026-02-01 16:15:00,0.1775612
2026-02-01 16:16:00,0.20320746
2026-02-01 16:17:00,0.20185909
2026-02-01 16:18:00,0.28331855
2026-02-01 16:19:00,0.25889912
2026-02-01 16:20:00,0.17749478
2026-02-01 16:21:00,0.16568615
2026-02-01 16:22:00,0.14406547
2026-02-01 16:23:00,0.14161609
2026-02-01 16:24:00,0.12869483
2026-02-01 16:25:00,0.13134816
2026-02-01 16:26:00,0.15448219
2026-02-01 16:27:00,0.07284201
2026-02-01 16:28:00,0.10660721
2026-02-01 16:29:00,0.16983768
2026-02-01 16:30:00,0.15901709
2026-02-01 16:31:00,0.15481335
2026-02-01 16:32:00,0.09728645
2026-02-01 16:33:00,0.16786951
2026-02-01 16:34:00,0.203941
2026-02-01 16:35:00,0.128527
2026-02-01 16:36:00,0.10636789
2026-02-01 16:37:00,0.18927225
2026-02-01 16:38:00,0.12239221
2026-02-01 16:39:00,0.14117087
2026-02-01 16:40:00,0.12933479
2026-02-01 16:41:00,0.10802011
2026-02-01 16:42:00,0.14247814
2026-02-01 16:43:00,0.08765544
2026-02-01 16:44:00,0.04
2026-02-01 16:45:00,0.103666514
2026-02-01 16:46:00,0.09286787
2026-02-01 16:47:00,0.10109042
2026-02-01 16:48:00,0.15803668
2026-02-01 16:49:00,0.20808126
2026-02-01 16:50:00,0.16360076
2026-02-01 16:51:00,0.1274702
2026-02-01 16:52:00,0.094717614
2026-02-01 16:53:00,0.04056268
2026-02-01 16:54:00,0.04
2026-02-01 16:55:00,0.041845422
2026-02-01 16:56:00,0.06784032
2026-02-01 16:57:00,0.0776597
2026-02-01 16:58:00,0.07757115
2026-02-01 16:59:00,0.043702338
2026-02-01 17:00:00,0.23472461
2026-02-01 17:01:00,0.23665893
2026-02-01 17:02:00,0.23167758
2026-02-01 17:03:00,0.12807946
2026-02-01 17:04:00,0.0976588
2026-02-01 17:05:00,0.07371558
2026-02-01 17:06:00,0.04
2026-02-01 17:07:00,0.052056715
2026-02-01 17:08:00,0.07081581
2026-02-01 17:09:00,0.04482835
2026-02-01 17:10:00,0.07032822
2026-02-01 17:11:00,0.07877592
2026-02-01 17:12:00,0.04
2026-02-01 17:13:00,0.04
2026-02-01 17:14:00,0.04
2026-02-01 17:15:00,0.04
2026-02-01 17:16:00,0.04
2026-02-01 17:17:00,0.047350436
2026-02-01 17:18:00,0.047407188
2026-02-01 17:19:00,0.09394468
2026-02-01 17:20:00,0.10554891
2026-02-01 17:21:00,0.09754428
2026-02-01 17:22:00,0.1270733
2026-02-01 17:23:00,0.17960183
2026-02-01 17:24:00,0.17126317
2026-02-01 17:25:00,0.12827027
2026-02-01 17:26:00,0.12580559
2026-02-01 17:27:00,0.11337575
2026-02-01 17:28:00,0.17507918
2026-02-01 17:29:00,0.17733057
2026-02-01 17:30:00,0.15621623
2026-02-01 17:31:00,0.16974112
2026-02-01 17:32:00,0.13528678
2026-02-01 17:33:00,0.17715633
2026-02-01 17:34:00,0.13389601
2026-02-01 17:35:00,0.13782787
2026-02-01 17:36:00,0.08695038
2026-02-01 17:37:00,0.10214462
2026-02-01 17:38:00,0.0754722
2026-02-01 17:39:00,0.08136191
2026-02-01 17:40:00,0.04
2026-02-01 17:41:00,0.09718807
2026-02-01 17:42:00,0.16070507
2026-02-01 17:43:00,0.15726027
2026-02-01 17:44:00,0.21390246
2026-02-01 17:45:00,0.22832091
2026-02-01 17:46:00,0.18110058
2026-02-01 17:47:00,0.18264344
2026-02-01 17:48:00,0.17065114
2026-02-01 17:49:00,0.11817107
2026-02-01 17:50:00,0.10795
2026-02-01 17:51:00,0.13900065
2026-02-01 17:52:00,0.16014288
2026-02-01 17:53:00,0.17026345
2026-02-01 17:54:00,0.13870063
2026-02-01 17:55:00,0.13795711
2026-02-01 17:56:00,0.13214576
2026-02-01 17:57:00,0.13644908
2026-02-01 17:58:00,0.101167165
2026-02-01 17:59:00,0.12504095
2026-02-01 18:00:00,0.3212113
2026-02-01 18:01:00,0.34653753
2026-02-01 18:02:00,0.34165326
2026-02-01 18:03:00,0.23366094
2026-02-01 18:04:00,0.27004188
2026-02-01 18:05:00,0.25086415
2026-02-01 18:06:00,0.24194716
2026-02-01 18:07:00,0.2704647
2026-02-01 18:08:00,0.22719724
2026-02-01 18:09:00,0.18326332
2026-02-01 18:10:00,0.1776178
2026-02-01 18:11:00,0.18315412
2026-02-01 18:12:00,0.20707887
2026-02-01 18:13:00,0.16282395
2026-02-01 18:14:00,0.177829
2026-02-01 18:15:00,0.23741105
2026-02-01 18:16:00,0.21339364
2026-02-01 18:17:00,0.20011088
2026-02-01 18:18:00,0.15915354
2026-02-01 18:19:00,0.1597479
2026-02-01 18:20:00,0.18039548
2026-02-01 18:21:00,0.15233566
2026-02-01 18:22:00,0.1331238
2026-02-01 18:23:00,0.096712664
2026-02-01 18:24:00,0.18696134
2026-02-01 18:25:00,0.12864825
2026-02-01 18:26:00,0.12056043
2026-02-01 18:27:00,0.14141144
2026-02-01 18:28:00,0.16468993
2026-02-01 18:29:00,0.16354732
2026-02-01 18:30:00,0.16279806
2026-02-01 18:31:00,0.17717464
2026-02-01 18:32:00,0.1576498
2026-02-01 18:33:00,0.11266396
2026-02-01 18:34:00,0.11838086
2026-02-01 18:35:00,0.13030964
2026-02-01 18:36:00,0.07976998
2026-02-01 18:37:00,0.08747157
2026-02-01 18:38:00,0.08318824
2026-02-01 18:39:00,0.0727277
2026-02-01 18:40:00,0.07481335
2026-02-01 18:41:00,0.09382928
2026-02-01 18:42:00,0.13466482
2026-02-01 18:43:00,0.1063234
2026-02-01 18:44:00,0.14924718
2026-02-01 18:45:00,0.17245367
2026-02-01 18:46:00,0.19716853
2026-02-01 18:47:00,0.21145706
2026-02-01 18:48:00,0.21200813
2026-02-01 18:49:00,0.2113311
2026-02-01 18:50:00,0.16534859
2026-02-01 18:51:00,0.17340934
2026-02-01 18:52:00,0.1432186
2026-02-01 18:53:00,0.0881183
2026-02-01 18:54:00,0.0689184
2026-02-01 18:55:00,0.07590555
2026-02-01 18:56:00,0.11139483
2026-02-01 18:57:00,0.16024987
2026-02-01 18:58:00,0.15930843
2026-02-01 18:59:00,0.196664
2026-02-01 19:00:00,0.44710857
2026-02-01 19:01:00,0.40494856
2026-02-01 19:02:00,0.35307908
2026-02-01 19:03:00,0.2601611
2026-02-01 19:04:00,0.22100459
2026-02-01 19:05:00,0.17722358
2026-02-01 19:06:00,0.13362166
2026-02-01 19:07:00,0.06777712
2026-02-01 19:08:00,0.07126646
2026-02-01 19:09:00,0.08206599
2026-02-01 19:10:00,0.055542108
2026-02-01 19:11:00,0.09800447
2026-02-01 19:12:00,0.108752854
2026-02-01 19:13:00,0.099951185
2026-02-01 19:14:00,0.057524115
2026-02-01 19:15:00,0.0838742
2026-02-01 19:16:00,0.16062436
2026-02-01 19:17:00,0.15526532
2026-02-01 19:18:00,0.11629968
2026-02-01 19:19:00,0.23960072
2026-02-01 19:20:00,0.084255904
2026-02-01 19:21:00,0.08063938
2026-02-01 19:22:00,0.11461307
2026-02-01 19:23:00,0.13245693
2026-02-01 19:24:00,0.15955986
2026-02-01 19:25:00,0.085802846
2026-02-01 19:26:00,0.08342774
2026-02-01 19:27:00,0.08853534
2026-02-01 19:28:00,0.04
2026-02-01 19:29:00,0.042672385
2026-02-01 19:30:00,0.04
2026-02-01 19:31:00,0.07635213
2026-02-01 19:32:00,0.04
2026-02-01 19:33:00,0.04
2026-02-01 19:34:00,0.04
2026-02-01 19:35:00,0.04
2026-02-01 19:36:00,0.04269744
2026-02-01 19:37:00,0.08486881
2026-02-01 19:38:00,0.09829718
2026-02-01 19:39:00,0.13408905
2026-02-01 19:40:00,0.095441304
2026-02-01 19:41:00,0.07638405
2026-02-01 19:42:00,0.12646961
2026-02-01 19:43:00,0.08675169
2026-02-01 19:44:00,0.070619896
2026-02-01 19:45:00,0.127312
2026-02-01 19:46:00,0.08108488
2026-02-01 19:47:00,0.092192195
2026-02-01 19:48:00,0.11742667
2026-02-01 19:49:00,0.1448287
2026-02-01 19:50:00,0.17722295
2026-02-01 19:51:00,0.20054142
2026-02-01 19:52:00,0.20156193
2026-02-01 19:53:00,0.20342343
2026-02-01 19:54:00,0.18091424
2026-02-01 19:55:00,0.20144883
2026-02-01 19:56:00,0.20502964
2026-02-01 19:57:00,0.21957275
2026-02-01 19:58:00,0.17441967
2026-02-01 19:59:00,0.13871479
2026-02-01 20:00:00,0.39990175
2026-02-01 20:01:00,0.3960376
2026-02-01 20:02:00,0.340939
2026-02-01 20:03:00,0.32266945
2026-02-01 20:04:00,0.26517978
2026-02-01 20:05:00,0.21282135
2026-02-01 20:06:00,0.17478314
2026-02-01 20:07:00,0.19194943
2026-02-01 20:08:00,0.17382775
2026-02-01 20:09:00,0.11877177
2026-02-01 20:10:00,0.1695062
2026-02-01 20:11:00,0.11671852
2026-02-01 20:12:00,0.18822652
2026-02-01 20:13:00,0.20400637
2026-02-01 20:14:00,0.21627448
2026-02-01 20:15:00,0.18482679
2026-02-01 20:16:00,0.21617575
2026-02-01 20:17:00,0.18326505
2026-02-01 20:18:00,0.232404
2026-02-01 20:19:00,0.21689296
2026-02-01 20:20:00,0.24858363
2026-02-01 20:21:00,0.20965062
2026-02-01 20:22:00,0.25073084
2026-02-01 20:23:00,0.21435833
2026-02-01 20:24:00,0.19341409
2026-02-01 20:25:00,0.15673833
2026-02-01 20:26:00,0.14556776
2026-02-01 20:27:00,0.13785829
2026-02-01 20:28:00,0.1337084
2026-02-01 20:29:00,0.1362752
2026-02-01 20:30:00,0.12599458
2026-02-01 20:31:00,0.1598686
2026-02-01 20:32:00,0.14245556
2026-02-01 20:33:00,0.17346157
2026-02-01 20:34:00,0.24905695
2026-02-01 20:35:00,0.25693005
2026-02-01 20:36:00,0.20046839
2026-02-01 20:37:00,0.1694362
2026-02-01 20:38:00,0.16503684
2026-02-01 20:39:00,0.20575404
2026-02-01 20:40:00,0.2355113
2026-02-01 20:41:00,0.17951095
2026-02-01 20:42:00,0.20126252
2026-02-01 20:43:00,0.24659367
2026-02-01 20:44:00,0.2545985
2026-02-01 20:45:00,0.26424003
2026-02-01 20:46:00,0.26346725
2026-02-01 20:47:00,0.25354192
2026-02-01 20:48:00,0.33386335
2026-02-01 20:49:00,0.28268212
2026-02-01 20:50:00,0.36119336
2026-02-01 20:51:00,0.26587892
2026-02-01 20:52:00,0.23348384
2026-02-01 20:53:00,0.21015993
2026-02-01 20:54:00,0.21027987
2026-02-01 20:55:00,0.19648209
2026-02-01 20:56:00,0.22343922
2026-02-01 20:57:00,0.20930204
2026-02-01 20:58:00,0.17462519
2026-02-01 20:59:00,0.18925151
2026-02-01 21:00:00,0.40235937
2026-02-01 21:01:00,0.3464909
2026-02-01 21:02:00,0.34482697
2026-02-01 21:03:00,0.31258073
2026-02-01 21:04:00,0.27990353
2026-02-01 21:05:00,0.2772525
2026-02-01 21:06:00,0.27276996
2026-02-01 21:07:00,0.28829896
2026-02-01 21:08:00,0.27326432
2026-02-01 21:09:00,0.2014022
2026-02-01 21:10:00,0.22285457
2026-02-01 21:11:00,0.24834447
2026-02-01 21:12:00,0.29961362
2026-02-01 21:13:00,0.23887339
2026-02-01 21:14:00,0.20556444
2026-02-01 21:15:00,0.19035347
2026-02-01 21:16:00,0.19723311
2026-02-01 21:17:00,0.23731776
2026-02-01 21:18:00,0.18553707
2026-02-01 21:19:00,0.2544462
2026-02-01 21:20:00,0.26267314
2026-02-01 21:21:00,0.21878375
2026-02-01 21:22:00,0.21264502
2026-02-01 21:23:00,0.2521695
2026-02-01 21:24:00,0.3271128
2026-02-01 21:25:00,0.36227491
2026-02-01 21:26:00,0.32050508
2026-02-01 21:27:00,0.3277256
2026-02-01 21:28:00,0.30084768
2026-02-01 21:29:00,0.23929588
2026-02-01 21:30:00,0.18940917
2026-02-01 21:31:00,0.18073437
2026-02-01 21:32:00,0.13893957
2026-02-01 21:33:00,0.1902794
2026-02-01 21:34:00,0.2057692
2026-02-01 21:35:00,0.21794844
2026-02-01 21:36:00,0.17246969
2026-02-01 21:37:00,0.19015469
2026-02-01 21:38:00,0.15549225
2026-02-01 21:39:00,0.11352178
2026-02-01 21:40:00,0.11009962
2026-02-01 21:41:00,0.10969573
2026-02-01 21:42:00,0.09827048
2026-02-01 21:43:00,0.071453445
2026-02-01 21:44:00,0.13977985
2026-02-01 21:45:00,0.15416907
2026-02-01 21:46:00,0.18999317
2026-02-01 21:47:00,0.2323256
2026-02-01 21:48:00,0.18536638
2026-02-01 21:49:00,0.19587696
2026-02-01 21:50:00,0.15715897
2026-02-01 21:51:00,0.18385096
2026-02-01 21:52:00,0.14425696
2026-02-01 21:53:00,0.11453189
2026-02-01 21:54:00,0.13998185
2026-02-01 21:55:00,0.142035
2026-02-01 21:56:00,0.13716985
2026-02-01 21:57:00,0.11172907
2026-02-01 21:58:00,0.11729086
2026-02-01 21:59:00,0.12088354
2026-02-01 22:00:00,0.29484245
2026-02-01 22:01:00,0.26404083
2026-02-01 22:02:00,0.15433866
2026-02-01 22:03:00,0.082077794
2026-02-01 22:04:00,0.08759214
2026-02-01 22:05:00,0.11500832
2026-02-01 22:06:00,0.12490033
2026-02-01 22:07:00,0.07937299
2026-02-01 22:08:00,0.08457033
2026-02-01 22:09:00,0.113530636
2026-02-01 22:10:00,0.07699463
2026-02-01 22:11:00,0.07957515
2026-02-01 22:12:00,0.14203979
2026-02-01 22:13:00,0.15321909
2026-02-01 22:14:00,0.14921154
2026-02-01 22:15:00,0.14958234
2026-02-01 22:16:00,0.12173142
2026-02-01 22:17:00,0.12783155
2026-02-01 22:18:00,0.12192263
2026-02-01 22:19:00,0.16475628
2026-02-01 22:20:00,0.119480535
2026-02-01 22:21:00,0.13013764
2026-02-01 22:22:00,0.14680403
2026-02-01 22:23:00,0.1547402
2026-02-01 22:24:00,0.13894874
2026-02-01 22:25:00,0.13779083
2026-02-01 22:26:00,0.127887
2026-02-01 22:27:00,0.12425301
2026-02-01 22:28:00,0.14159392
2026-02-01 22:29:00,0.16908649
2026-02-01 22:30:00,0.1604227
2026-02-01 22:31:00,0.1883714
2026-02-01 22:32:00,0.19500728
2026-02-01 22:33:00,0.20164996
2026-02-01 22:34:00,0.20505993
2026-02-01 22:35:00,0.1998076
2026-02-01 22:36:00,0.16586494
2026-02-01 22:37:00,0.17161945
2026-02-01 22:38:00,0.25940824
2026-02-01 22:39:00,0.21849671
2026-02-01 22:40:00,0.19096789
2026-02-01 22:41:00,0.21394953
2026-02-01 22:42:00,0.24597487
2026-02-01 22:43:00,0.268725
2026-02-01 22:44:00,0.25057322
2026-02-01 22:45:00,0.2546725
2026-02-01 22:46:00,0.27386516
2026-02-01 22:47:00,0.25363538
2026-02-01 22:48:00,0.22243416
2026-02-01 22:49:00,0.21381693
2026-02-01 22:50:00,0.21036927
2026-02-01 22:51:00,0.20734744
2026-02-01 22:52:00,0.17615376
2026-02-01 22:53:00,0.17784896
2026-02-01 22:54:00,0.1771454
2026-02-01 22:55:00,0.18005897
2026-02-01 22:56:00,0.21314624
2026-02-01 22:57:00,0.23855223
2026-02-01 22:58:00,0.26183936
2026-02-01 22:59:00,0.22890551
2026-02-01 23:00:00,0.40245846
2026-02-01 23:01:00,0.40279666
2026-02-01 23:02:00,0.36212233
2026-02-01 23:03:00,0.32936606
2026-02-01 23:04:00,0.22469474
2026-02-01 23:05:00,0.25703833
2026-02-01 23:06:00,0.22971453
2026-02-01 23:07:00,0.20878394
2026-02-01 23:08:00,0.18733057
2026-02-01 23:09:00,0.25203115
2026-02-01 23:10:00,0.24519637
2026-02-01 23:11:00,0.29235825
2026-02-01 23:12:00,0.3388567
2026-02-01 23:13:00,0.30838868
2026-02-01 23:14:00,0.3415012
2026-02-01 23:15:00,0.362163
2026-02-01 23:16:00,0.3209242
2026-02-01 23:17:00,0.36805612
2026-02-01 23:18:00,0.33951458
2026-02-01 23:19:00,0.36649594
2026-02-01 23:20:00,0.38195115
2026-02-01 23:21:00,0.33490226
2026-02-01 23:22:00,0.3321424
2026-02-01 23:23:00,0.32583913
2026-02-01 23:24:00,0.29222283
2026-02-01 23:25:00,0.29508236
2026-02-01 23:26:00,0.32592162
2026-02-01 23:27:00,0.33998737
2026-02-01 23:28:00,0.40790904
2026-02-01 23:29:00,0.41282445
2026-02-01 23:30:00,0.41510448
2026-02-01 23:31:00,0.40311697
2026-02-01 23:32:00,0.35415912
2026-02-01 23:33:00,0.36442176
2026-02-01 23:34:00,0.34375992
2026-02-01 23:35:00,0.29928866
2026-02-01 23:36:00,0.33673617
2026-02-01 23:37:00,0.33233267
2026-02-01 23:38:00,0.3482544
2026-02-01 23:39:00,0.39735305
2026-02-01 23:40:00,0.4016285
2026-02-01 23:41:00,0.4149846
2026-02-01 23:42:00,0.38324574
2026-02-01 23:43:00,0.3278516
2026-02-01 23:44:00,0.353992
2026-02-01 23:45:00,0.36155728
2026-02-01 23:46:00,0.3086409
2026-02-01 23:47:00,0.2902903
2026-02-01 23:48:00,0.3227742
2026-02-01 23:49:00,0.3621231
2026-02-01 23:50:00,0.4041051
2026-02-01 23:51:00,0.36450163
2026-02-01 23:52:00,0.37243336
2026-02-01 23:53:00,0.3834321
2026-02-01 23:54:00,0.38714507
2026-02-01 23:55:00,0.44768554
2026-02-01 23:56:00,0.40494806
2026-02-01 23:57:00,0.3751912
2026-02-01 23:58:00,0.35236922
2026-02-01 23:59:00,0.32282433
2026-02-02 00:00:00,0.5254918
2026-02-02 00:01:00,0.46323952
2026-02-02 00:02:00,0.46881655
2026-02-02 00:03:00,0.36320525
2026-02-02 00:04:00,0.31937873
2026-02-02 00:05:00,0.26005265
2026-02-02 00:06:00,0.24392979
2026-02-02 00:07:00,0.20775224
2026-02-02 00:08:00,0.2697708
2026-02-02 00:09:00,0.27856347
2026-02-02 00:10:00,0.34907347
2026-02-02 00:11:00,0.33679378
2026-02-02 00:12:00,0.33549833
2026-02-02 00:13:00,0.32178888
2026-02-02 00:14:00,0.2842562
2026-02-02 00:15:00,0.2624763
2026-02-02 00:16:00,0.2775837
2026-02-02 00:17:00,0.24407205
2026-02-02 00:18:00,0.252173
2026-02-02 00:19:00,0.21408346
2026-02-02 00:20:00,0.18316099
2026-02-02 00:21:00,0.2244401
2026-02-02 00:22:00,0.30067417
2026-02-02 00:23:00,0.2634106
2026-02-02 00:24:00,0.30245364
2026-02-02 00:25:00,0.266281
2026-02-02 00:26:00,0.26683524
2026-02-02 00:27:00,0.30757907
2026-02-02 00:28:00,0.2260211
2026-02-02 00:29:00,0.2639046
2026-02-02 00:30:00,0.26052532
2026-02-02 00:31:00,0.27998257
2026-02-02 00:32:00,0.2944407
2026-02-02 00:33:00,0.24270284
2026-02-02 00:34:00,0.24207076
2026-02-02 00:35:00,0.24831185
2026-02-02 00:36:00,0.29475552
2026-02-02 00:37:00,0.28014907
2026-02-02 00:38:00,0.31327245
2026-02-02 00:39:00,0.30626372
2026-02-02 00:40:00,0.34987682
2026-02-02 00:41:00,0.42337474
2026-02-02 00:42:00,0.39725646
2026-02-02 00:43:00,0.37173998
2026-02-02 00:44:00,0.35633102
2026-02-02 00:45:00,0.3805752
2026-02-02 00:46:00,0.35669643
2026-02-02 00:47:00,0.37143567
2026-02-02 00:48:00,0.36569107
2026-02-02 00:49:00,0.4372133
2026-02-02 00:50:00,0.42280784
2026-02-02 00:51:00,0.36141512
2026-02-02 00:52:00,0.36755493
2026-02-02 00:53:00,0.33605817
2026-02-02 00:54:00,0.35503766
2026-02-02 00:55:00,0.36357263
2026-02-02 00:56:00,0.39018556
2026-02-02 00:57:00,0.3822007
2026-02-02 00:58:00,0.32523304
2026-02-02 00:59:00,0.357568
2026-02-02 01:00:00,0.57657623
2026-02-02 01:01:00,0.5597861
2026-02-02 01:02:00,0.45227
2026-02-02 01:03:00,0.40330833
2026-02-02 01:04:00,0.34779704
2026-02-02 01:05:00,0.3147482
2026-02-02 01:06:00,0.2834675
2026-02-02 01:07:00,0.27150273
2026-02-02 01:08:00,0.29799303
2026-02-02 01:09:00,0.31379715
2026-02-02 01:10:00,0.31564087
2026-02-02 01:11:00,0.3314361
2026-02-02 01:12:00,0.39979085
2026-02-02 01:13:00,0.3895708
2026-02-02 01:14:00,0.3438541
2026-02-02 01:15:00,0.36667752
2026-02-02 01:16:00,0.33203667
2026-02-02 01:17:00,0.32183248
2026-02-02 01:18:00,0.33816293
2026-02-02 01:19:00,0.3854388
2026-02-02 01:20:00,0.40327075
2026-02-02 01:21:00,0.39919126
2026-02-02 01:22:00,0.34192237
2026-02-02 01:23:00,0.34099188
2026-02-02 01:24:00,0.30938196
2026-02-02 01:25:00,0.29387894
2026-02-02 01:26:00,0.30963638
2026-02-02 01:27:00,0.3394076
2026-02-02 01:28:00,0.33568537
2026-02-02 01:29:00,0.38122213
2026-02-02 01:30:00,0.30889723
2026-02-02 01:31:00,0.2846309
2026-02-02 01:32:00,0.275843
2026-02-02 01:33:00,0.2679982
2026-02-02 01:34:00,0.2723216
2026-02-02 01:35:00,0.25059107
2026-02-02 01:36:00,0.2792215
2026-02-02 01:37:00,0.26891303
2026-02-02 01:38:00,0.32268244
2026-02-02 01:39:00,0.32274356
2026-02-02 01:40:00,0.31305295
2026-02-02 01:41:00,0.33727294
2026-02-02 01:42:00,0.31683457
2026-02-02 01:43:00,0.2506126
2026-02-02 01:44:00,0.22537999
2026-02-02 01:45:00,0.22675915
2026-02-02 01:46:00,0.20847894
2026-02-02 01:47:00,0.23279265
2026-02-02 01:48:00,0.15679252
2026-02-02 01:49:00,0.120339416
2026-02-02 01:50:00,0.1633971
2026-02-02 01:51:00,0.1500177
2026-02-02 01:52:00,0.15983132
2026-02-02 01:53:00,0.14627351
2026-02-02 01:54:00,0.18542051
2026-02-02 01:55:00,0.2213659
2026-02-02 01:56:00,0.18741494
2026-02-02 01:57:00,0.21915145
2026-02-02 01:58:00,0.24839664
2026-02-02 01:59:00,0.20934758
2026-02-02 02:00:00,0.44243893
2026-02-02 02:01:00,0.4084136
2026-02-02 02:02:00,0.35814312
2026-02-02 02:03:00,0.33514714
2026-02-02 02:04:00,0.24526805
2026-02-02 02:05:00,0.19270448
2026-02-02 02:06:00,0.17976472
2026-02-02 02:07:00,0.26476142
2026-02-02 02:08:00,0.34081388
2026-02-02 02:09:00,0.34153
2026-02-02 02:10:00,0.33511984
2026-02-02 02:11:00,0.33875558
2026-02-02 02:12:00,0.35796285
2026-02-02 02:13:00,0.28907463
2026-02-02 02:14:00,0.28871953
2026-02-02 02:15:00,0.33760953
2026-02-02 02:16:00,0.3045101
2026-02-02 02:17:00,0.30858788
2026-02-02 02:18:00,0.35280398
2026-02-02 02:19:00,0.43586618
2026-02-02 02:20:00,0.45601025
2026-02-02 02:21:00,0.504441
2026-02-02 02:22:00,0.4745731
2026-02-02 02:23:00,0.50527126
2026-02-02 02:24:00,0.5660289
2026-02-02 02:25:00,0.5857053
2026-02-02 02:26:00,0.5619636
2026-02-02 02:27:00,0.5800106
2026-02-02 02:28:00,0.5121171
2026-02-02 02:29:00,0.4918565
2026-02-02 02:30:00,0.5132793
2026-02-02 02:31:00,0.46061677
2026-02-02 02:32:00,0.41260096
2026-02-02 02:33:00,0.462616
2026-02-02 02:34:00,0.42201936
2026-02-02 02:35:00,0.4775881
2026-02-02 02:36:00,0.43963537
2026-02-02 02:37:00,0.44675303
2026-02-02 02:38:00,0.46450934
2026-02-02 02:39:00,0.46182775
2026-02-02 02:40:00,0.38851804
2026-02-02 02:41:00,0.41072604
2026-02-02 02:42:00,0.40446907
2026-02-02 02:43:00,0.39754683
2026-02-02 02:44:00,0.3947367
2026-02-02 02:45:00,0.435759
2026-02-02 02:46:00,0.40564772
2026-02-02 02:47:00,0.3708879
2026-02-02 02:48:00,0.3455858
2026-02-02 02:49:00,0.38751197
2026-02-02 02:50:00,0.38378567
2026-02-02 02:51:00,0.37579712
2026-02-02 02:52:00,0.41239423
2026-02-02 02:53:00,0.38570797
2026-02-02 02:54:00,0.39814827
2026-02-02 02:55:00,0.40212294
2026-02-02 02:56:00,0.40007493
2026-02-02 02:57:00,0.4373075
2026-02-02 02:58:00,0.42004323
2026-02-02 02:59:00,0.42502153
2026-02-02 03:00:00,0.636013
2026-02-02 03:01:00,0.5983588
2026-02-02 03:02:00,0.49696487
2026-02-02 03:03:00,0.41613594
2026-02-02 03:04:00,0.42044747
2026-02-02 03:05:00,0.43085766
2026-02-02 03:06:00,0.427642
2026-02-02 03:07:00,0.39624122
2026-02-02 03:08:00,0.40999952
2026-02-02 03:09:00,0.47833487
2026-02-02 03:10:00,0.40703693
2026-02-02 03:11:00,0.40918973
2026-02-02 03:12:00,0.4511078
2026-02-02 03:13:00,0.4853419
2026-02-02 03:14:00,0.47602433
2026-02-02 03:15:00,0.45035934
2026-02-02 03:16:00,0.45041186
2026-02-02 03:17:00,0.50974804
2026-02-02 03:18:00,0.43865007
2026-02-02 03:19:00,0.45869717
2026-02-02 03:20:00,0.4765972
2026-02-02 03:21:00,0.43994898
2026-02-02 03:22:00,0.44949237
2026-02-02 03:23:00,0.42826858
2026-02-02 03:24:00,0.42453822
2026-02-02 03:25:00,0.4870307
2026-02-02 03:26:00,0.48268658
2026-02-02 03:27:00,0.5103639
2026-02-02 03:28:00,0.5741999
2026-02-02 03:29:00,0.5874849
2026-02-02 03:30:00,0.5669752
2026-02-02 03:31:00,0.5674788
2026-02-02 03:32:00,0.5246094
2026-02-02 03:33:00,0.5067383
2026-02-02 03:34:00,0.49758112
2026-02-02 03:35:00,0.4632172
2026-02-02 03:36:00,0.47227484
2026-02-02 03:37:00,0.41253018
2026-02-02 03:38:00,0.39456764
2026-02-02 03:39:00,0.4205454
2026-02-02 03:40:00,0.46552497
2026-02-02 03:41:00,0.45910904
2026-02-02 03:42:00,0.48963615
2026-02-02 03:43:00,0.4926511
2026-02-02 03:44:00,0.5055493
2026-02-02 03:45:00,0.47947672
2026-02-02 03:46:00,0.43213406
2026-02-02 03:47:00,0.3863121
2026-02-02 03:48:00,0.35928378
2026-02-02 03:49:00,0.3439608
2026-02-02 03:50:00,0.33943298
2026-02-02 03:51:00,0.34097913
2026-02-02 03:52:00,0.3639546
2026-02-02 03:53:00,0.40635723
2026-02-02 03:54:00,0.4019688
2026-02-02 03:55:00,0.38199052
2026-02-02 03:56:00,0.37434584
2026-02-02 03:57:00,0.38915497
2026-02-02 03:58:00,0.40442446
2026-02-02 03:59:00,0.46523684
2026-02-02 04:00:00,0.69409716
2026-02-02 04:01:00,0.6285971
2026-02-02 04:02:00,0.5531967
2026-02-02 04:03:00,0.478764
2026-02-02 04:04:00,0.46455404
2026-02-02 04:05:00,0.41152322
2026-02-02 04:06:00,0.38558143
2026-02-02 04:07:00,0.39028192
2026-02-02 04:08:00,0.43544146
2026-02-02 04:09:00,0.44310278
2026-02-02 04:10:00,0.506478
2026-02-02 04:11:00,0.5364184
2026-02-02 04:12:00,0.51044405
2026-02-02 04:13:00,0.4841023
2026-02-02 04:14:00,0.45759106
2026-02-02 04:15:00,0.46753016
2026-02-02 04:16:00,0.41003606
2026-02-02 04:17:00,0.40607128
2026-02-02 04:18:00,0.41339064
2026-02-02 04:19:00,0.42156148
2026-02-02 04:20:00,0.48625693
2026-02-02 04:21:00,0.4006226
2026-02-02 04:22:00,0.41098595
2026-02-02 04:23:00,0.41753206
2026-02-02 04:24:00,0.37744984
2026-02-02 04:25:00,0.34717023
2026-02-02 04:26:00,0.39731136
2026-02-02 04:27:00,0.4368948
2026-02-02 04:28:00,0.4318449
2026-02-02 04:29:00,0.36222935
2026-02-02 04:30:00,0.43626952
2026-02-02 04:31:00,0.41022468
2026-02-02 04:32:00,0.4286802
2026-02-02 04:33:00,0.4629963
2026-02-02 04:34:00,0.49878198
2026-02-02 04:35:00,0.45831963
2026-02-02 04:36:00,0.456035
2026-02-02 04:37:00,0.4121243
2026-02-02 04:38:00,0.45682693
2026-02-02 04:39:00,0.46610397
2026-02-02 04:40:00,0.43081385
2026-02-02 04:41:00,0.3490153
2026-02-02 04:42:00,0.38649696
2026-02-02 04:43:00,0.3828744
2026-02-02 04:44:00,0.30251607
2026-02-02 04:45:00,0.35979486
2026-02-02 04:46:00,0.35744888
2026-02-02 04:47:00,0.37324056
2026-02-02 04:48:00,0.39082685
2026-02-02 04:49:00,0.4087442
2026-02-02 04:50:00,0.38997063
2026-02-02 04:51:00,0.38716522
2026-02-02 04:52:00,0.42014274
2026-02-02 04:53:00,0.42113537
2026-02-02 04:54:00,0.43926233
2026-02-02 04:55:00,0.47780702
2026-02-02 04:56:00,0.5041562
2026-02-02 04:57:00,0.4892866
2026-02-02 04:58:00,0.4822741
2026-02-02 04:59:00,0.41805622
2026-02-02 05:00:00,0.63010955
2026-02-02 05:01:00,0.6047733
2026-02-02 05:02:00,0.54818594
2026-02-02 05:03:00,0.5105648
2026-02-02 05:04:00,0.46249634
2026-02-02 05:05:00,0.426199
2026-02-02 05:06:00,0.38844132
2026-02-02 05:07:00,0.41665167
2026-02-02 05:08:00,0.42565423
2026-02-02 05:09:00,0.45401394
2026-02-02 05:10:00,0.49766275
2026-02-02 05:11:00,0.54945946
2026-02-02 05:12:00,0.54970884
2026-02-02 05:13:00,0.55994564
2026-02-02 05:14:00,0.5817024
2026-02-02 05:15:00,0.56064826
2026-02-02 05:16:00,0.48071098
2026-02-02 05:17:00,0.4640167
2026-02-02 05:18:00,0.42483345
2026-02-02 05:19:00,0.42311594
2026-02-02 05:20:00,0.43949413
2026-02-02 05:21:00,0.48633417
2026-02-02 05:22:00,0.46809274
2026-02-02 05:23:00,0.54197335
2026-02-02 05:24:00,0.54762506
2026-02-02 05:25:00,0.521434
2026-02-02 05:26:00,0.46871486
2026-02-02 05:27:00,0.5070676
2026-02-02 05:28:00,0.5352266
2026-02-02 05:29:00,0.6131311
2026-02-02 05:30:00,0.5913964
2026-02-02 05:31:00,0.56773037
2026-02-02 05:32:00,0.54469746
2026-02-02 05:33:00,0.51793665
2026-02-02 05:34:00,0.4780453
2026-02-02 05:35:00,0.5105878
2026-02-02 05:36:00,0.4637506
2026-02-02 05:37:00,0.43024543
2026-02-02 05:38:00,0.4007582
2026-02-02 05:39:00,0.43320215
2026-02-02 05:40:00,0.44973728
2026-02-02 05:41:00,0.5213609
2026-02-02 05:42:00,0.481071
2026-02-02 05:43:00,0.42870346
2026-02-02 05:44:00,0.4084352
2026-02-02 05:45:00,0.4147542
2026-02-02 05:46:00,0.35617968
2026-02-02 05:47:00,0.41112345
2026-02-02 05:48:00,0.41892496
2026-02-02 05:49:00,0.3887532
2026-02-02 05:50:00,0.43449485
2026-02-02 05:51:00,0.36351144
2026-02-02 05:52:00,0.34676418
2026-02-02 05:53:00,0.39543957
2026-02-02 05:54:00,0.438642
2026-02-02 05:55:00,0.47447184
2026-02-02 05:56:00,0.4726381
2026-02-02 05:57:00,0.5491171
2026-02-02 05:58:00,0.47711065
2026-02-02 05:59:00,0.45864454
2026-02-02 06:00:00,0.6885759
2026-02-02 06:01:00,0.6879933
2026-02-02 06:02:00,0.64606637
2026-02-02 06:03:00,0.5595074
2026-02-02 06:04:00,0.55126584
2026-02-02 06:05:00,0.62870777
2026-02-02 06:06:00,0.56529146
2026-02-02 06:07:00,0.5283027
2026-02-02 06:08:00,0.5500394
2026-02-02 06:09:00,0.53542346
2026-02-02 06:10:00,0.48200774
2026-02-02 06:11:00,0.41521406
2026-02-02 06:12:00,0.4567947
2026-02-02 06:13:00,0.40769804
2026-02-02 06:14:00,0.3745139
2026-02-02 06:15:00,0.3820105
2026-02-02 06:16:00,0.3837416
2026-02-02 06:17:00,0.37029794
2026-02-02 06:18:00,0.3636573
2026-02-02 06:19:00,0.34555936
2026-02-02 06:20:00,0.36466357
2026-02-02 06:21:00,0.44404617
2026-02-02 06:22:00,0.46210507
2026-02-02 06:23:00,0.47032833
2026-02-02 06:24:00,0.54314816
2026-02-02 06:25:00,0.5581557
2026-02-02 06:26:00,0.53706616
2026-02-02 06:27:00,0.5434633
2026-02-02 06:28:00,0.5089952
2026-02-02 06:29:00,0.47690836
2026-02-02 06:30:00,0.4497428
2026-02-02 06:31:00,0.4684886
2026-02-02 06:32:00,0.46336526
2026-02-02 06:33:00,0.408692
2026-02-02 06:34:00,0.35107413
2026-02-02 06:35:00,0.3716959
2026-02-02 06:36:00,0.32690105
2026-02-02 06:37:00,0.33511186
2026-02-02 06:38:00,0.33384445
2026-02-02 06:39:00,0.3812963
2026-02-02 06:40:00,0.36570027
2026-02-02 06:41:00,0.38428643
2026-02-02 06:42:00,0.35108155
2026-02-02 06:43:00,0.44020265
2026-02-02 06:44:00,0.45154944
2026-02-02 06:45:00,0.47243035
2026-02-02 06:46:00,0.423931
2026-02-02 06:47:00,0.45195335
2026-02-02 06:48:00,0.42453685
2026-02-02 06:49:00,0.47699997
2026-02-02 06:50:00,0.512758
2026-02-02 06:51:00,0.49835
2026-02-02 06:52:00,0.40019974
2026-02-02 06:53:00,0.46174166
2026-02-02 06:54:00,0.4636604
2026-02-02 06:55:00,0.47946644
2026-02-02 06:56:00,0.48334524
2026-02-02 06:57:00,0.40762207
2026-02-02 06:58:00,0.42570338
2026-02-02 06:59:00,0.42451856
2026-02-02 07:00:00,0.6403606
2026-02-02 07:01:00,0.62544996
2026-02-02 07:02:00,0.5450151
2026-02-02 07:03:00,0.49461582
2026-02-02 07:04:00,0.4171641
2026-02-02 07:05:00,0.35915926
2026-02-02 07:06:00,0.37649143
2026-02-02 07:07:00,0.41553217
2026-02-02 07:08:00,0.3716444
2026-02-02 07:09:00,0.3610102
2026-02-02 07:10:00,0.37842965
2026-02-02 07:11:00,0.35408267
2026-02-02 07:12:00,0.3988617
2026-02-02 07:13:00,0.4643885
2026-02-02 07:14:00,0.49784663
2026-02-02 07:15:00,0.48917955
2026-02-02 07:16:00,0.4997572
2026-02-02 07:17:00,0.50887114
2026-02-02 07:18:00,0.4942856
2026-02-02 07:19:00,0.48449755
2026-02-02 07:20:00,0.49215007
2026-02-02 07:21:00,0.41079715
2026-02-02 07:22:00,0.38374552
2026-02-02 07:23:00,0.40923434
2026-02-02 07:24:00,0.4115923
2026-02-02 07:25:00,0.4513227
2026-02-02 07:26:00,0.45419082
2026-02-02 07:27:00,0.46232066
2026-02-02 07:28:00,0.38631445
2026-02-02 07:29:00,0.41374692
2026-02-02 07:30:00,0.39847982
2026-02-02 07:31:00,0.4143069
2026-02-02 07:32:00,0.39669728
2026-02-02 07:33:00,0.36150876
2026-02-02 07:34:00,0.3777661
2026-02-02 07:35:00,0.38958997
2026-02-02 07:36:00,0.413554
2026-02-02 07:37:00,0.4034332
2026-02-02 07:38:00,0.33483115
2026-02-02 07:39:00,0.36052763
2026-02-02 07:40:00,0.38925365
2026-02-02 07:41:00,0.39223695
2026-02-02 07:42:00,0.41200358
2026-02-02 07:43:00,0.3995613
2026-02-02 07:44:00,0.44683036
2026-02-02 07:45:00,0.4497115
2026-02-02 07:46:00,0.52327013
2026-02-02 07:47:00,0.44576922
2026-02-02 07:48:00,0.41521862
2026-02-02 07:49:00,0.41897187
2026-02-02 07:50:00,0.39233965
2026-02-02 07:51:00,0.35062522
2026-02-02 07:52:00,0.32375437
2026-02-02 07:53:00,0.31172958
2026-02-02 07:54:00,0.3168713
2026-02-02 07:55:00,0.3361014
2026-02-02 07:56:00,0.37998074
2026-02-02 07:57:00,0.38260898
2026-02-02 07:58:00,0.36933625
2026-02-02 07:59:00,0.35014907
2026-02-02 08:00:00,0.6051647
2026-02-02 08:01:00,0.5999063
2026-02-02 08:02:00,0.56655
2026-02-02 08:03:00,0.4446515
2026-02-02 08:04:00,0.41821668
2026-02-02 08:05:00,0.3702418
2026-02-02 08:06:00,0.3552637
2026-02-02 08:07:00,0.38112646
2026-02-02 08:08:00,0.3821613
2026-02-02 08:09:00,0.3758941
2026-02-02 08:10:00,0.43703547
2026-02-02 08:11:00,0.43548417
2026-02-02 08:12:00,0.43662325
2026-02-02 08:13:00,0.4800178
2026-02-02 08:14:00,0.47455612
2026-02-02 08:15:00,0.4594823
2026-02-02 08:16:00,0.46899316
2026-02-02 08:17:00,0.44949594
2026-02-02 08:18:00,0.48594683
2026-02-02 08:19:00,0.4705081
2026-02-02 08:20:00,0.4921302
2026-02-02 08:21:00,0.5224955
2026-02-02 08:22:00,0.5348449
2026-02-02 08:23:00,0.48584113
2026-02-02 08:24:00,0.44234803
2026-02-02 08:25:00,0.42426515
2026-02-02 08:26:00,0.39026362
2026-02-02 08:27:00,0.34542042
2026-02-02 08:28:00,0.28488433
2026-02-02 08:29:00,0.2796612
2026-02-02 08:30:00,0.2910874
2026-02-02 08:31:00,0.2698515
2026-02-02 08:32:00,0.27603334
2026-02-02 08:33:00,0.26404884
2026-02-02 08:34:00,0.33049726
2026-02-02 08:35:00,0.34665745
2026-02-02 08:36:00,0.35954177
2026-02-02 08:37:00,0.42727774
2026-02-02 08:38:00,0.46534783
2026-02-02 08:39:00,0.46350217
2026-02-02 08:40:00,0.46691436
2026-02-02 08:41:00,0.4595037
2026-02-02 08:42:00,0.40401345
2026-02-02 08:43:00,0.39605692
2026-02-02 08:44:00,0.3802316
2026-02-02 08:45:00,0.4301377
2026-02-02 08:46:00,0.42969304
2026-02-02 08:47:00,0.43007392
2026-02-02 08:48:00,0.47205213
2026-02-02 08:49:00,0.42978922
2026-02-02 08:50:00,0.39675254
2026-02-02 08:51:00,0.3940139
2026-02-02 08:52:00,0.4116462
2026-02-02 08:53:00,0.40767777
2026-02-02 08:54:00,0.4231172
2026-02-02 08:55:00,0.39456096
2026-02-02 08:56:00,0.37652805
2026-02-02 08:57:00,0.365448
2026-02-02 08:58:00,0.35080943
2026-02-02 08:59:00,0.36559582
2026-02-02 09:00:00,0.5813132
2026-02-02 09:01:00,0.58933336
2026-02-02 09:02:00,0.4871626
2026-02-02 09:03:00,0.4755912
2026-02-02 09:04:00,0.37083614
2026-02-02 09:05:00,0.4093549
2026-02-02 09:06:00,0.4007819
2026-02-02 09:07:00,0.41421086
2026-02-02 09:08:00,0.34383318
2026-02-02 09:09:00,0.3132412
2026-02-02 09:10:00,0.28839743
2026-02-02 09:11:00,0.3145206
2026-02-02 09:12:00,0.29681084
2026-02-02 09:13:00,0.28609276
2026-02-02 09:14:00,0.25447428
2026-02-02 09:15:00,0.2640529
2026-02-02 09:16:00,0.28725487
2026-02-02 09:17:00,0.28080103
2026-02-02 09:18:00,0.34757894
2026-02-02 09:19:00,0.399131
2026-02-02 09:20:00,0.38145098
2026-02-02 09:21:00,0.3776976
2026-02-02 09:22:00,0.42090872
2026-02-02 09:23:00,0.44792897
2026-02-02 09:24:00,0.49078858
2026-02-02 09:25:00,0.42460236
2026-02-02 09:26:00,0.39889804
2026-02-02 09:27:00,0.38465765
2026-02-02 09:28:00,0.36167544
2026-02-02 09:29:00,0.31516707
2026-02-02 09:30:00,0.38307148
2026-02-02 09:31:00,0.37755108
2026-02-02 09:32:00,0.36703306
2026-02-02 09:33:00,0.33915445
2026-02-02 09:34:00,0.39806065
2026-02-02 09:35:00,0.43178877
2026-02-02 09:36:00,0.4506146
2026-02-02 09:37:00,0.38830072
2026-02-02 09:38:00,0.40083864
2026-02-02 09:39:00,0.47608718
2026-02-02 09:40:00,0.46320745
2026-02-02 09:41:00,0.45845452
2026-02-02 09:42:00,0.46621922
2026-02-02 09:43:00,0.47886026
2026-02-02 09:44:00,0.43636385
2026-02-02 09:45:00,0.47236082
2026-02-02 09:46:00,0.4845226
2026-02-02 09:47:00,0.49798676
2026-02-02 09:48:00,0.45995432
2026-02-02 09:49:00,0.46026477
2026-02-02 09:50:00,0.47915784
2026-02-02 09:51:00,0.46684387
2026-02-02 09:52:00,0.40696946
2026-02-02 09:53:00,0.38930506
2026-02-02 09:54:00,0.3959482
2026-02-02 09:55:00,0.35438877
2026-02-02 09:56:00,0.2870557
2026-02-02 09:57:00,0.28924984
2026-02-02 09:58:00,0.32757083
2026-02-02 09:59:00,0.31145662
2026-02-02 10:00:00,0.50833863
2026-02-02 10:01:00,0.49670982
2026-02-02 10:02:00,0.43521684
2026-02-02 10:03:00,0.3286661
2026-02-02 10:04:00,0.2928043
2026-02-02 10:05:00,0.26803696
2026-02-02 10:06:00,0.29832518
2026-02-02 10:07:00,0.287911
2026-02-02 10:08:00,0.30046907
2026-02-02 10:09:00,0.3568162
2026-02-02 10:10:00,0.37130252
2026-02-02 10:11:00,0.33392283
2026-02-02 10:12:00,0.34139267
2026-02-02 10:13:00,0.37217194
2026-02-02 10:14:00,0.3682855
2026-02-02 10:15:00,0.3792092
2026-02-02 10:16:00,0.36676553
2026-02-02 10:17:00,0.35245222
2026-02-02 10:18:00,0.31858015
2026-02-02 10:19:00,0.34893715
2026-02-02 10:20:00,0.3467214
2026-02-02 10:21:00,0.32343498
2026-02-02 10:22:00,0.31767157
2026-02-02 10:23:00,0.3361677
2026-02-02 10:24:00,0.3146808
2026-02-02 10:25:00,0.4097262
2026-02-02 10:26:00,0.37203345
2026-02-02 10:27:00,0.4258358
2026-02-02 10:28:00,0.3643535
2026-02-02 10:29:00,0.44214267
2026-02-02 10:30:00,0.39098996
2026-02-02 10:31:00,0.42613432
2026-02-02 10:32:00,0.37438214
2026-02-02 10:33:00,0.33538768
2026-02-02 10:34:00,0.3411419
2026-02-02 10:35:00,0.27274334
2026-02-02 10:36:00,0.3055121
2026-02-02 10:37:00,0.33278957
2026-02-02 10:38:00,0.32453075
2026-02-02 10:39:00,0.39735067
2026-02-02 10:40:00,0.38349298
2026-02-02 10:41:00,0.3977851
2026-02-02 10:42:00,0.3663453
2026-02-02 10:43:00,0.403082
2026-02-02 10:44:00,0.3877502
2026-02-02 10:45:00,0.41516557
2026-02-02 10:46:00,0.42383322
2026-02-02 10:47:00,0.42155433
2026-02-02 10:48:00,0.41808775
2026-02-02 10:49:00,0.421244
2026-02-02 10:50:00,0.38240966
2026-02-02 10:51:00,0.4358904
2026-02-02 10:52:00,0.46871808
2026-02-02 10:53:00,0.4554005
2026-02-02 10:54:00,0.5292313
2026-02-02 10:55:00,0.54152215
2026-02-02 10:56:00,0.49423084
2026-02-02 10:57:00,0.44211134
2026-02-02 10:58:00,0.47429615
2026-02-02 10:59:00,0.44274768
2026-02-02 11:00:00,0.6766609
2026-02-02 11:01:00,0.6563472
2026-02-02 11:02:00,0.5189662
2026-02-02 11:03:00,0.3871542
2026-02-02 11:04:00,0.4219978
2026-02-02 11:05:00,0.36302474
2026-02-02 11:06:00,0.33561352
2026-02-02 11:07:00,0.31467375
2026-02-02 11:08:00,0.31293797
2026-02-02 11:09:00,0.37399635
2026-02-02 11:10:00,0.35434163
2026-02-02 11:11:00,0.39987016
2026-02-02 11:12:00,0.36575922
2026-02-02 11:13:00,0.35746196
2026-02-02 11:14:00,0.36858487
2026-02-02 11:15:00,0.317595
2026-02-02 11:16:00,0.31347427
2026-02-02 11:17:00,0.32279077
2026-02-02 11:18:00,0.29691622
2026-02-02 11:19:00,0.31292182
2026-02-02 11:20:00,0.2813412
2026-02-02 11:21:00,0.2635035
2026-02-02 11:22:00,0.28425372
2026-02-02 11:23:00,0.32953924
2026-02-02 11:24:00,0.3042092
2026-02-02 11:25:00,0.37419638
2026-02-02 11:26:00,0.35582018
2026-02-02 11:27:00,0.2840812
2026-02-02 11:28:00,0.27961865
2026-02-02 11:29:00,0.2846313
2026-02-02 11:30:00,0.33269456
2026-02-02 11:31:00,0.29213873
2026-02-02 11:32:00,0.27772152
2026-02-02 11:33:00,0.26559153
2026-02-02 11:34:00,0.270097
2026-02-02 11:35:00,0.2388266
2026-02-02 11:36:00,0.20058192
2026-02-02 11:37:00,0.18024603
2026-02-02 11:38:00,0.22715132
2026-02-02 11:39:00,0.23863405
2026-02-02 11:40:00,0.27133468
2026-02-02 11:41:00,0.24534272
2026-02-02 11:42:00,0.2643392
2026-02-02 11:43:00,0.31110206
2026-02-02 11:44:00,0.3575411
2026-02-02 11:45:00,0.3659274
2026-02-02 11:46:00,0.41898423
2026-02-02 11:47:00,0.39064127
2026-02-02 11:48:00,0.424168
2026-02-02 11:49:00,0.42480278
2026-02-02 11:50:00,0.42863643
2026-02-02 11:51:00,0.36016902
2026-02-02 11:52:00,0.33430076
2026-02-02 11:53:00,0.36760765
2026-02-02 11:54:00,0.3238966
2026-02-02 11:55:00,0.33011028
2026-02-02 11:56:00,0.3374797
2026-02-02 11:57:00,0.29889816
2026-02-02 11:58:00,0.2798545
2026-02-02 11:59:00,0.31320465
2026-02-02 12:00:00,0.51584405
2026-02-02 12:01:00,0.48707095
2026-02-02 12:02:00,0.4544804
2026-02-02 12:03:00,0.47096875
2026-02-02 12:04:00,0.40300408
2026-02-02 12:05:00,0.34375298
2026-02-02 12:06:00,0.31865665
2026-02-02 12:07:00,0.33340487
2026-02-02 12:08:00,0.3052571
2026-02-02 12:09:00,0.32813329
2026-02-02 12:10:00,0.32742658
2026-02-02 12:11:00,0.33764452
2026-02-02 12:12:00,0.2905734
2026-02-02 12:13:00,0.35122716
2026-02-02 12:14:00,0.32584614
2026-02-02 12:15:00,0.39737967
2026-02-02 12:16:00,0.43077445
2026-02-02 12:17:00,0.4006266
2026-02-02 12:18:00,0.335307
2026-02-02 12:19:00,0.3355955
2026-02-02 12:20:00,0.341969
2026-02-02 12:21:00,0.31158793
2026-02-02 12:22:00,0.3320159
2026-02-02 12:23:00,0.34785995
2026-02-02 12:24:00,0.3936769
2026-02-02 12:25:00,0.33917394
2026-02-02 12:26:00,0.37464675
2026-02-02 12:27:00,0.35586944
2026-02-02 12:28:00,0.3094601
2026-02-02 12:29:00,0.3250054
2026-02-02 12:30:00,0.28683445
2026-02-02 12:31:00,0.29057872
2026-02-02 12:32:00,0.29587042
2026-02-02 12:33:00,0.31676888
2026-02-02 12:34:00,0.3357787
2026-02-02 12:35:00,0.31264195
2026-02-02 12:36:00,0.29992366
2026-02-02 12:37:00,0.28828156
2026-02-02 12:38:00,0.32673898
2026-02-02 12:39:00,0.33630776
2026-02-02 12:40:00,0.3057424
2026-02-02 12:41:00,0.31304923
2026-02-02 12:42:00,0.30686435
2026-02-02 12:43:00,0.2701687
2026-02-02 12:44:00,0.24746455
2026-02-02 12:45:00,0.314531
2026-02-02 12:46:00,0.29545787
2026-02-02 12:47:00,0.3252213
2026-02-02 12:48:00,0.3477193
2026-02-02 12:49:00,0.3103829
2026-02-02 12:50:00,0.2931783
2026-02-02 12:51:00,0.2980075
2026-02-02 12:52:00,0.38627878
2026-02-02 12:53:00,0.41781086
2026-02-02 12:54:00,0.39616948
2026-02-02 12:55:00,0.470975
2026-02-02 12:56:00,0.43095458
2026-02-02 12:57:00,0.4472109
2026-02-02 12:58:00,0.43424907
2026-02-02 12:59:00,0.32266974
2026-02-02 13:00:00,0.56001234
2026-02-02 13:01:00,0.48670787
2026-02-02 13:02:00,0.4366931
2026-02-02 13:03:00,0.44056687
2026-02-02 13:04:00,0.3610186
2026-02-02 13:05:00,0.32344964
2026-02-02 13:06:00,0.24004476
2026-02-02 13:07:00,0.17650545
2026-02-02 13:08:00,0.2450989
2026-02-02 13:09:00,0.23078573
2026-02-02 13:10:00,0.21399254
2026-02-02 13:11:00,0.1977102
2026-02-02 13:12:00,0.19401729
2026-02-02 13:13:00,0.13963328
2026-02-02 13:14:00,0.19222388
2026-02-02 13:15:00,0.19699332
2026-02-02 13:16:00,0.23432697
2026-02-02 13:17:00,0.26281184
2026-02-02 13:18:00,0.2663427
2026-02-02 13:19:00,0.24517632
2026-02-02 13:20:00,0.23218124
2026-02-02 13:21:00,0.17902374
2026-02-02 13:22:00,0.1814493
2026-02-02 13:23:00,0.1481459
2026-02-02 13:24:00,0.19264181
2026-02-02 13:25:00,0.17080769
2026-02-02 13:26:00,0.17027816
2026-02-02 13:27:00,0.15896894
2026-02-02 13:28:00,0.1811975
2026-02-02 13:29:00,0.185585
2026-02-02 13:30:00,0.23552144
2026-02-02 13:31:00,0.19185671
2026-02-02 13:32:00,0.22365902
2026-02-02 13:33:00,0.22976366
2026-02-02 13:34:00,0.24943335
2026-02-02 13:35:00,0.18140724
2026-02-02 13:36:00,0.21901599
2026-02-02 13:37:00,0.23260985
2026-02-02 13:38:00,0.23714727
2026-02-02 13:39:00,0.21131748
2026-02-02 13:40:00,0.22276218
2026-02-02 13:41:00,0.1763577
2026-02-02 13:42:00,0.19080721
2026-02-02 13:43:00,0.17589967
2026-02-02 13:44:00,0.17018963
2026-02-02 13:45:00,0.14408177
2026-02-02 13:46:00,0.18346761
2026-02-02 13:47:00,0.22839649
2026-02-02 13:48:00,0.18561032
2026-02-02 13:49:00,0.19508326
2026-02-02 13:50:00,0.1755618
2026-02-02 13:51:00,0.1850276
2026-02-02 13:52:00,0.18392852
2026-02-02 13:53:00,0.18012969
2026-02-02 13:54:00,0.18498555
2026-02-02 13:55:00,0.20098379
2026-02-02 13:56:00,0.23160583
2026-02-02 13:57:00,0.12898938
2026-02-02 13:58:00,0.14612186
2026-02-02 13:59:00,0.15538727
2026-02-02 14:00:00,0.31814137
2026-02-02 14:01:00,0.29801056
2026-02-02 14:02:00,0.28440458
2026-02-02 14:03:00,0.25793883
2026-02-02 14:04:00,0.25405154
2026-02-02 14:05:00,0.2631988
2026-02-02 14:06:00,0.21042094
2026-02-02 14:07:00,0.22976784
2026-02-02 14:08:00,0.21404004
2026-02-02 14:09:00,0.22096099
2026-02-02 14:10:00,0.20073675
2026-02-02 14:11:00,0.14435495
2026-02-02 14:12:00,0.15835592
2026-02-02 14:13:00,0.16542864
2026-02-02 14:14:00,0.10702275
2026-02-02 14:15:00,0.10913266
2026-02-02 14:16:00,0.13115045
2026-02-02 14:17:00,0.11054417
2026-02-02 14:18:00,0.12598924
2026-02-02 14:19:00,0.18363014
2026-02-02 14:20:00,0.1888264
2026-02-02 14:21:00,0.14189251
2026-02-02 14:22:00,0.19443244
2026-02-02 14:23:00,0.2664225
2026-02-02 14:24:00,0.22921588
2026-02-02 14:25:00,0.23032096
2026-02-02 14:26:00,0.18114638
2026-02-02 14:27:00,0.14611238
2026-02-02 14:28:00,0.12777777
2026-02-02 14:29:00,0.21958327
2026-02-02 14:30:00,0.20621443
2026-02-02 14:31:00,0.19673017
2026-02-02 14:32:00,0.14619572
2026-02-02 14:33:00,0.1882127
2026-02-02 14:34:00,0.18284287
2026-02-02 14:35:00,0.19066602
2026-02-02 14:36:00,0.24996307
2026-02-02 14:37:00,0.23964375
2026-02-02 14:38:00,0.22073756
2026-02-02 14:39:00,0.22572568
2026-02-02 14:40:00,0.1755965
2026-02-02 14:41:00,0.13507304
2026-02-02 14:42:00,0.13831067
2026-02-02 14:43:00,0.15677395
2026-02-02 14:44:00,0.14153895
2026-02-02 14:45:00,0.13068125
2026-02-02 14:46:00,0.15854985
2026-02-02 14:47:00,0.1430786
2026-02-02 14:48:00,0.20979586
2026-02-02 14:49:00,0.21922363
2026-02-02 14:50:00,0.24454369
2026-02-02 14:51:00,0.2296601
2026-02-02 14:52:00,0.12671025
2026-02-02 14:53:00,0.0776566
2026-02-02 14:54:00,0.101813495
2026-02-02 14:55:00,0.10329989
2026-02-02 14:56:00,0.103168175
2026-02-02 14:57:00,0.15109748
2026-02-02 14:58:00,0.1990228
2026-02-02 14:59:00,0.21816315
2026-02-02 15:00:00,0.41350952
2026-02-02 15:01:00,0.35052234
2026-02-02 15:02:00,0.30164763
2026-02-02 15:03:00,0.22044308
2026-02-02 15:04:00,0.1724677
2026-02-02 15:05:00,0.09625022
2026-02-02 15:06:00,0.10247982
2026-02-02 15:07:00,0.14587975
2026-02-02 15:08:00,0.19515856
2026-02-02 15:09:00,0.18655325
2026-02-02 15:10:00,0.22812212
2026-02-02 15:11:00,0.25387368
2026-02-02 15:12:00,0.2302986
2026-02-02 15:13:00,0.24837083
2026-02-02 15:14:00,0.28608674
2026-02-02 15:15:00,0.23053199
2026-02-02 15:16:00,0.18051721
2026-02-02 15:17:00,0.1967614
2026-02-02 15:18:00,0.13298634
2026-02-02 15:19:00,0.1531307
2026-02-02 15:20:00,0.16384816
2026-02-02 15:21:00,0.11376963
2026-02-02 15:22:00,0.12577794
2026-02-02 15:23:00,0.164116
2026-02-02 15:24:00,0.10820125
2026-02-02 15:25:00,0.11518035
2026-02-02 15:26:00,0.08176703
2026-02-02 15:27:00,0.11106822
2026-02-02 15:28:00,0.104821764
2026-02-02 15:29:00,0.12573956
2026-02-02 15:30:00,0.12191652
2026-02-02 15:31:00,0.13231611
2026-02-02 15:32:00,0.11020237
2026-02-02 15:33:00,0.15895687
2026-02-02 15:34:00,0.15446992
2026-02-02 15:35:00,0.21617
2026-02-02 15:36:00,0.1805833
2026-02-02 15:37:00,0.11913267
2026-02-02 15:38:00,0.111310825
2026-02-02 15:39:00,0.11593206
2026-02-02 15:40:00,0.115815714
2026-02-02 15:41:00,0.15859008
2026-02-02 15:42:00,0.15935984
2026-02-02 15:43:00,0.13497819
2026-02-02 15:44:00,0.09236818
2026-02-02 15:45:00,0.12949313
2026-02-02 15:46:00,0.107007384
2026-02-02 15:47:00,0.14301977
2026-02-02 15:48:00,0.21774596
2026-02-02 15:49:00,0.095997274
2026-02-02 15:50:00,0.16861579
2026-02-02 15:51:00,0.18054144
2026-02-02 15:52:00,0.16475658
2026-02-02 15:53:00,0.19208732
2026-02-02 15:54:00,0.19589654
2026-02-02 15:55:00,0.14774756
2026-02-02 15:56:00,0.14373967
2026-02-02 15:57:00,0.12416553
2026-02-02 15:58:00,0.050865974
2026-02-02 15:59:00,0.094167955
2026-02-02 16:00:00,0.33129245
2026-02-02 16:01:00,0.27671778
2026-02-02 16:02:00,0.19795196
2026-02-02 16:03:00,0.12853311
2026-02-02 16:04:00,0.057560556
2026-02-02 16:05:00,0.10099823
2026-02-02 16:06:00,0.04
2026-02-02 16:07:00,0.057777256
2026-02-02 16:08:00,0.061096724
2026-02-02 16:09:00,0.07260766
2026-02-02 16:10:00,0.13172069
2026-02-02 16:11:00,0.13186887
2026-02-02 16:12:00,0.1354966
2026-02-02 16:13:00,0.1661037
2026-02-02 16:14:00,0.17955841
2026-02-02 16:15:00,0.15976796
2026-02-02 16:16:00,0.11351322
2026-02-02 16:17:00,0.15501362
2026-02-02 16:18:00,0.17644808
2026-02-02 16:19:00,0.122926295
2026-02-02 16:20:00,0.062716015
2026-02-02 16:21:00,0.0891903
2026-02-02 16:22:00,0.04
2026-02-02 16:23:00,0.07170053
2026-02-02 16:24:00,0.08403611
2026-02-02 16:25:00,0.114333525
2026-02-02 16:26:00,0.07107264
2026-02-02 16:27:00,0.12382438
2026-02-02 16:28:00,0.1418431
2026-02-02 16:29:00,0.10902932
2026-02-02 16:30:00,0.12021284
2026-02-02 16:31:00,0.08951848
2026-02-02 16:32:00,0.04
2026-02-02 16:33:00,0.06817092
2026-02-02 16:34:00,0.045675814
2026-02-02 16:35:00,0.061362907
2026-02-02 16:36:00,0.04774389
2026-02-02 16:37:00,0.04
2026-02-02 16:38:00,0.069447525
2026-02-02 16:39:00,0.12708472
2026-02-02 16:40:00,0.15861405
2026-02-02 16:41:00,0.10788904
2026-02-02 16:42:00,0.09375563
2026-02-02 16:43:00,0.12608765
2026-02-02 16:44:00,0.10172858
2026-02-02 16:45:00,0.09910622
2026-02-02 16:46:00,0.0712817
2026-02-02 16:47:00,0.04
2026-02-02 16:48:00,0.06202229
2026-02-02 16:49:00,0.04
2026-02-02 16:50:00,0.06594394
2026-02-02 16:51:00,0.06988058
2026-02-02 16:52:00,0.113897555
2026-02-02 16:53:00,0.0802736
2026-02-02 16:54:00,0.08116794
2026-02-02 16:55:00,0.04520971
2026-02-02 16:56:00,0.04
2026-02-02 16:57:00,0.05089503
2026-02-02 16:58:00,0.08762873
2026-02-02 16:59:00,0.11943486
2026-02-02 17:00:00,0.36869055
2026-02-02 17:01:00,0.39481607
2026-02-02 17:02:00,0.2788163
2026-02-02 17:03:00,0.19766404
2026-02-02 17:04:00,0.1930997
2026-02-02 17:05:00,0.1857802
2026-02-02 17:06:00,0.18058795
2026-02-02 17:07:00,0.21867712
2026-02-02 17:08:00,0.25810498
2026-02-02 17:09:00,0.2637588
2026-02-02 17:10:00,0.3351204
2026-02-02 17:11:00,0.34575516
2026-02-02 17:12:00,0.35395476
2026-02-02 17:13:00,0.29818296
2026-02-02 17:14:00,0.32449612
2026-02-02 17:15:00,0.25734475
2026-02-02 17:16:00,0.27271375
2026-02-02 17:17:00,0.25404492
2026-02-02 17:18:00,0.21148078
2026-02-02 17:19:00,0.19322908
2026-02-02 17:20:00,0.16214477
2026-02-02 17:21:00,0.15269168
2026-02-02 17:22:00,0.1225426
2026-02-02 17:23:00,0.044790443
2026-02-02 17:24:00,0.07647362
2026-02-02 17:25:00,0.09285794
2026-02-02 17:26:00,0.098946854
2026-02-02 17:27:00,0.12343659
2026-02-02 17:28:00,0.13920903
2026-02-02 17:29:00,0.18255596
2026-02-02 17:30:00,0.12938826
2026-02-02 17:31:00,0.09535717
2026-02-02 17:32:00,0.089431316
2026-02-02 17:33:00,0.08533821
2026-02-02 17:34:00,0.04
2026-02-02 17:35:00,0.04310977
2026-02-02 17:36:00,0.084440865
2026-02-02 17:37:00,0.06792547
2026-02-02 17:38:00,0.09800307
2026-02-02 17:39:00,0.070814975
2026-02-02 17:40:00,0.121585384
2026-02-02 17:41:00,0.12585022
2026-02-02 17:42:00,0.11002689
2026-02-02 17:43:00,0.106544405
2026-02-02 17:44:00,0.076764785
2026-02-02 17:45:00,0.13777561
2026-02-02 17:46:00,0.1551089
2026-02-02 17:47:00,0.12432453
2026-02-02 17:48:00,0.12853271
2026-02-02 17:49:00,0.16450267
2026-02-02 17:50:00,0.17750147
2026-02-02 17:51:00,0.16933592
2026-02-02 17:52:00,0.088456385
2026-02-02 17:53:00,0.11833924
2026-02-02 17:54:00,0.09140964
2026-02-02 17:55:00,0.04
2026-02-02 17:56:00,0.04
2026-02-02 17:57:00,0.04
2026-02-02 17:58:00,0.04
2026-02-02 17:59:00,0.04
2026-02-02 18:00:00,0.28054222
2026-02-02 18:01:00,0.25221926
2026-02-02 18:02:00,0.20430443
2026-02-02 18:03:00,0.109313756
2026-02-02 18:04:00,0.06311586
2026-02-02 18:05:00,0.04
2026-02-02 18:06:00,0.046015948
2026-02-02 18:07:00,0.04
2026-02-02 18:08:00,0.04
2026-02-02 18:09:00,0.08630159
2026-02-02 18:10:00,0.1453568
2026-02-02 18:11:00,0.10331629
2026-02-02 18:12:00,0.1342456
2026-02-02 18:13:00,0.0672376
2026-02-02 18:14:00,0.054908387
2026-02-02 18:15:00,0.05648774
2026-02-02 18:16:00,0.04481805
2026-02-02 18:17:00,0.04
2026-02-02 18:18:00,0.04
2026-02-02 18:19:00,0.04
2026-02-02 18:20:00,0.0523617
2026-02-02 18:21:00,0.04
2026-02-02 18:22:00,0.103579774
2026-02-02 18:23:00,0.103437304
2026-02-02 18:24:00,0.123656906
2026-02-02 18:25:00,0.12481081
2026-02-02 18:26:00,0.09010806
2026-02-02 18:27:00,0.054407753
2026-02-02 18:28:00,0.0543106
2026-02-02 18:29:00,0.056256864
2026-02-02 18:30:00,0.08683756
2026-02-02 18:31:00,0.106215216
2026-02-02 18:32:00,0.102325045
2026-02-02 18:33:00,0.10682484
2026-02-02 18:34:00,0.15355766
2026-02-02 18:35:00,0.19853383
2026-02-02 18:36:00,0.19456653
2026-02-02 18:37:00,0.13177273
2026-02-02 18:38:00,0.13783912
2026-02-02 18:39:00,0.15378807
2026-02-02 18:40:00,0.14516053
2026-02-02 18:41:00,0.103577174
2026-02-02 18:42:00,0.12991457
2026-02-02 18:43:00,0.1317956
2026-02-02 18:44:00,0.12077875
2026-02-02 18:45:00,0.12248444
2026-02-02 18:46:00,0.11535062
2026-02-02 18:47:00,0.0774811
2026-02-02 18:48:00,0.16443451
2026-02-02 18:49:00,0.1914034
2026-02-02 18:50:00,0.12532187
2026-02-02 18:51:00,0.13991584
2026-02-02 18:52:00,0.15562269
2026-02-02 18:53:00,0.17862307
2026-02-02 18:54:00,0.15557167
2026-02-02 18:55:00,0.17672418
2026-02-02 18:56:00,0.15871765
2026-02-02 18:57:00,0.16335535
2026-02-02 18:58:00,0.15383531
2026-02-02 18:59:00,0.12644045
2026-02-02 19:00:00,0.32374063
2026-02-02 19:01:00,0.3831475
2026-02-02 19:02:00,0.26465738
2026-02-02 19:03:00,0.19573136
2026-02-02 19:04:00,0.16060974
2026-02-02 19:05:00,0.09718358
2026-02-02 19:06:00,0.09154272
2026-02-02 19:07:00,0.14885588
2026-02-02 19:08:00,0.1733434
2026-02-02 19:09:00,0.2001537
2026-02-02 19:10:00,0.19981946
2026-02-02 19:11:00,0.14817022
2026-02-02 19:12:00,0.20489171
2026-02-02 19:13:00,0.16432951
2026-02-02 19:14:00,0.22524627
2026-02-02 19:15:00,0.22034323
2026-02-02 19:16:00,0.25441536
2026-02-02 19:17:00,0.21225
2026-02-02 19:18:00,0.21669763
2026-02-02 19:19:00,0.22924215
2026-02-02 19:20:00,0.18442018
2026-02-02 19:21:00,0.14167342
2026-02-02 19:22:00,0.16920713
2026-02-02 19:23:00,0.14324412
2026-02-02 19:24:00,0.15295213
2026-02-02 19:25:00,0.08915872
2026-02-02 19:26:00,0.051056117
2026-02-02 19:27:00,0.04
2026-02-02 19:28:00,0.053413462
2026-02-02 19:29:00,0.08204197
2026-02-02 19:30:00,0.10246266
2026-02-02 19:31:00,0.17549954
2026-02-02 19:32:00,0.16822079
2026-02-02 19:33:00,0.1473943
2026-02-02 19:34:00,0.18497424
2026-02-02 19:35:00,0.15885
2026-02-02 19:36:00,0.18548061
2026-02-02 19:37:00,0.13428335
2026-02-02 19:38:00,0.104996026
2026-02-02 19:39:00,0.15947026
2026-02-02 19:40:00,0.15024658
2026-02-02 19:41:00,0.20404641
2026-02-02 19:42:00,0.25694343
2026-02-02 19:43:00,0.23156965
2026-02-02 19:44:00,0.21932468
2026-02-02 19:45:00,0.1688191
2026-02-02 19:46:00,0.15091899
2026-02-02 19:47:00,0.18699014
2026-02-02 19:48:00,0.25868008
2026-02-02 19:49:00,0.28734034
2026-02-02 19:50:00,0.27940315
2026-02-02 19:51:00,0.2573457
2026-02-02 19:52:00,0.20376694
2026-02-02 19:53:00,0.1779363
2026-02-02 19:54:00,0.1431241
2026-02-02 19:55:00,0.0832903
2026-02-02 19:56:00,0.10319189
2026-02-02 19:57:00,0.12198642
2026-02-02 19:58:00,0.12476492
2026-02-02 19:59:00,0.04802908
2026-02-02 20:00:00,0.23128726
2026-02-02 20:01:00,0.1839423
2026-02-02 20:02:00,0.16552319
2026-02-02 20:03:00,0.13214019
2026-02-02 20:04:00,0.05949145
2026-02-02 20:05:00,0.04
2026-02-02 20:06:00,0.04
2026-02-02 20:07:00,0.04
2026-02-02 20:08:00,0.047001354
2026-02-02 20:09:00,0.12395427
2026-02-02 20:10:00,0.18286851
2026-02-02 20:11:00,0.20813252
2026-02-02 20:12:00,0.2526436
2026-02-02 20:13:00,0.2539774
2026-02-02 20:14:00,0.2679498
2026-02-02 20:15:00,0.2134058
2026-02-02 20:16:00,0.19762328
2026-02-02 20:17:00,0.20401198
2026-02-02 20:18:00,0.26628914
2026-02-02 20:19:00,0.27529445
2026-02-02 20:20:00,0.24784227
2026-02-02 20:21:00,0.20798503
2026-02-02 20:22:00,0.2523619
2026-02-02 20:23:00,0.2758609
2026-02-02 20:24:00,0.2272216
2026-02-02 20:25:00,0.23049156
2026-02-02 20:26:00,0.21604937
2026-02-02 20:27:00,0.15417607
2026-02-02 20:28:00,0.15241542
2026-02-02 20:29:00,0.21081549
2026-02-02 20:30:00,0.15943092
2026-02-02 20:31:00,0.14965189
2026-02-02 20:32:00,0.08403828
2026-02-02 20:33:00,0.09933487
2026-02-02 20:34:00,0.10716248
2026-02-02 20:35:00,0.09438614
2026-02-02 20:36:00,0.14869028
2026-02-02 20:37:00,0.16591889
2026-02-02 20:38:00,0.10124534
2026-02-02 20:39:00,0.16544342
2026-02-02 20:40:00,0.18974292
2026-02-02 20:41:00,0.21082246
2026-02-02 20:42:00,0.24040498
2026-02-02 20:43:00,0.2582313
2026-02-02 20:44:00,0.2637866
2026-02-02 20:45:00,0.23972394
2026-02-02 20:46:00,0.22171317
2026-02-02 20:47:00,0.1516862
2026-02-02 20:48:00,0.1307747
2026-02-02 20:49:00,0.13723764
2026-02-02 20:50:00,0.18112619
2026-02-02 20:51:00,0.23355798
2026-02-02 20:52:00,0.2723766
2026-02-02 20:53:00,0.20436281
2026-02-02 20:54:00,0.20390823
2026-02-02 20:55:00,0.16701955
2026-02-02 20:56:00,0.10223895
2026-02-02 20:57:00,0.1642363
2026-02-02 20:58:00,0.17281547
2026-02-02 20:59:00,0.1179
2026-02-02 21:00:00,0.3721567
2026-02-02 21:01:00,0.35602644
2026-02-02 21:02:00,0.3487005
2026-02-02 21:03:00,0.2626314
2026-02-02 21:04:00,0.22809857
2026-02-02 21:05:00,0.19169956
2026-02-02 21:06:00,0.17998509
2026-02-02 21:07:00,0.14386791
2026-02-02 21:08:00,0.15584311
2026-02-02 21:09:00,0.22328721
2026-02-02 21:10:00,0.22732402
2026-02-02 21:11:00,0.2703976
2026-02-02 21:12:00,0.3143204
2026-02-02 21:13:00,0.29382536
2026-02-02 21:14:00,0.22392344
2026-02-02 21:15:00,0.22714558
2026-02-02 21:16:00,0.13011687
2026-02-02 21:17:00,0.19724396
2026-02-02 21:18:00,0.21813346
2026-02-02 21:19:00,0.12556937
2026-02-02 21:20:00,0.13683993
2026-02-02 21:21:00,0.17138343
2026-02-02 21:22:00,0.20799305
2026-02-02 21:23:00,0.21517059
2026-02-02 21:24:00,0.20492351
2026-02-02 21:25:00,0.23246318
2026-02-02 21:26:00,0.21809952
2026-02-02 21:27:00,0.19776158
2026-02-02 21:28:00,0.14419796
2026-02-02 21:29:00,0.17673221
2026-02-02 21:30:00,0.22287546
2026-02-02 21:31:00,0.18611744
2026-02-02 21:32:00,0.17997374
2026-02-02 21:33:00,0.1475124
2026-02-02 21:34:00,0.107536346
2026-02-02 21:35:00,0.09912436
2026-02-02 21:36:00,0.05892388
2026-02-02 21:37:00,0.07005952
2026-02-02 21:38:00,0.08607067
2026-02-02 21:39:00,0.14331998
2026-02-02 21:40:00,0.13694051
2026-02-02 21:41:00,0.14223666
2026-02-02 21:42:00,0.14907035
2026-02-02 21:43:00,0.1732726
2026-02-02 21:44:00,0.20109053
2026-02-02 21:45:00,0.20431817
2026-02-02 21:46:00,0.19984758
2026-02-02 21:47:00,0.22595832
2026-02-02 21:48:00,0.18038508
2026-02-02 21:49:00,0.19280146
2026-02-02 21:50:00,0.17364158
2026-02-02 21:51:00,0.20393707
2026-02-02 21:52:00,0.16680072
2026-02-02 21:53:00,0.15725507
2026-02-02 21:54:00,0.12335856
2026-02-02 21:55:00,0.11939208
2026-02-02 21:56:00,0.20301755
2026-02-02 21:57:00,0.18590494
2026-02-02 21:58:00,0.17965303
2026-02-02 21:59:00,0.13755828
2026-02-02 22:00:00,0.38494265
2026-02-02 22:01:00,0.372049
2026-02-02 22:02:00,0.30603993
2026-02-02 22:03:00,0.21915753
2026-02-02 22:04:00,0.20219707
2026-02-02 22:05:00,0.16012745
2026-02-02 22:06:00,0.15421066
2026-02-02 22:07:00,0.15395232
2026-02-02 22:08:00,0.18143839
2026-02-02 22:09:00,0.20309678
2026-02-02 22:10:00,0.17947824
2026-02-02 22:11:00,0.17276755
2026-02-02 22:12:00,0.13813043
2026-02-02 22:13:00,0.1383791
2026-02-02 22:14:00,0.13919432
2026-02-02 22:15:00,0.140462
2026-02-02 22:16:00,0.14084177
2026-02-02 22:17:00,0.15456228
2026-02-02 22:18:00,0.18558352
2026-02-02 22:19:00,0.2432534
2026-02-02 22:20:00,0.27883297
2026-02-02 22:21:00,0.2926354
2026-02-02 22:22:00,0.30252188
2026-02-02 22:23:00,0.31726757
2026-02-02 22:24:00,0.30129442
2026-02-02 22:25:00,0.3549065
2026-02-02 22:26:00,0.3456011
2026-02-02 22:27:00,0.2895657
2026-02-02 22:28:00,0.28499717
2026-02-02 22:29:00,0.33387816
2026-02-02 22:30:00,0.3220944
2026-02-02 22:31:00,0.29395044
2026-02-02 22:32:00,0.2636727
2026-02-02 22:33:00,0.21049549
2026-02-02 22:34:00,0.1776572
2026-02-02 22:35:00,0.08847934
2026-02-02 22:36:00,0.1594176
2026-02-02 22:37:00,0.1369872
2026-02-02 22:38:00,0.19415635
2026-02-02 22:39:00,0.15670767
2026-02-02 22:40:00,0.2183062
2026-02-02 22:41:00,0.2105956
2026-02-02 22:42:00,0.2217826
2026-02-02 22:43:00,0.22260502
2026-02-02 22:44:00,0.17050071
2026-02-02 22:45:00,0.20352845
2026-02-02 22:46:00,0.2407445
2026-02-02 22:47:00,0.21202162
2026-02-02 22:48:00,0.26207903
2026-02-02 22:49:00,0.2082457
2026-02-02 22:50:00,0.19020751
2026-02-02 22:51:00,0.18445837
2026-02-02 22:52:00,0.21538614
2026-02-02 22:53:00,0.2186875
2026-02-02 22:54:00,0.22244954
2026-02-02 22:55:00,0.22631095
2026-02-02 22:56:00,0.19881046
2026-02-02 22:57:00,0.21186902
2026-02-02 22:58:00,0.1840221
2026-02-02 22:59:00,0.24021883
2026-02-02 23:00:00,0.4336834
2026-02-02 23:01:00,0.40235668
2026-02-02 23:02:00,0.35499784
2026-02-02 23:03:00,0.29079324
2026-02-02 23:04:00,0.25808102
2026-02-02 23:05:00,0.24010704
2026-02-02 23:06:00,0.19374458
2026-02-02 23:07:00,0.17008956
2026-02-02 23:08:00,0.25037658
2026-02-02 23:09:00,0.25573063
2026-02-02 23:10:00,0.23063424
2026-02-02 23:11:00,0.18667226
2026-02-02 23:12:00,0.20997144
2026-02-02 23:13:00,0.18559603
2026-02-02 23:14:00,0.19576438
2026-02-02 23:15:00,0.2219714
2026-02-02 23:16:00,0.28004867
2026-02-02 23:17:00,0.27116093
2026-02-02 23:18:00,0.31335986
2026-02-02 23:19:00,0.37617394
2026-02-02 23:20:00,0.4154254
2026-02-02 23:21:00,0.39768285
2026-02-02 23:22:00,0.37342727
2026-02-02 23:23:00,0.34687674
2026-02-02 23:24:00,0.3931613
2026-02-02 23:25:00,0.40322646
2026-02-02 23:26:00,0.38750583
2026-02-02 23:27:00,0.38045818
2026-02-02 23:28:00,0.35979864
2026-02-02 23:29:00,0.34363046
2026-02-02 23:30:00,0.29972288
2026-02-02 23:31:00,0.33952433
2026-02-02 23:32:00,0.31483757
2026-02-02 23:33:00,0.32429293
2026-02-02 23:34:00,0.36612758
2026-02-02 23:35:00,0.3442111
2026-02-02 23:36:00,0.30618486
2026-02-02 23:37:00,0.32941437
2026-02-02 23:38:00,0.27447516
2026-02-02 23:39:00,0.28912607
2026-02-02 23:40:00,0.29259112
2026-02-02 23:41:00,0.2775371
2026-02-02 23:42:00,0.29202387
2026-02-02 23:43:00,0.32063627
2026-02-02 23:44:00,0.26974058
2026-02-02 23:45:00,0.26647785
2026-02-02 23:46:00,0.22786133
2026-02-02 23:47:00,0.21199651
2026-02-02 23:48:00,0.20154913
2026-02-02 23:49:00,0.16120741
2026-02-02 23:50:00,0.17448191
2026-02-02 23:51:00,0.19390984
2026-02-02 23:52:00,0.20918941
2026-02-02 23:53:00,0.21730517
2026-02-02 23:54:00,0.25854376
2026-02-02 23:55:00,0.24080104
2026-02-02 23:56:00,0.31545964
2026-02-02 23:57:00,0.24889056
2026-02-02 23:58:00,0.25345895
2026-02-02 23:59:00,0.30261165
2026-02-03 00:00:00,0.5520206
2026-02-03 00:01:00,0.50575453
2026-02-03 00:02:00,0.45278615
2026-02-03 00:03:00,0.35111213
2026-02-03 00:04:00,0.36959487
2026-02-03 00:05:00,0.28543898
2026-02-03 00:06:00,0.30079037
2026-02-03 00:07:00,0.3092824
2026-02-03 00:08:00,0.29278722
2026-02-03 00:09:00,0.2253585
2026-02-03 00:10:00,0.23095566
2026-02-03 00:11:00,0.25581643
2026-02-03 00:12:00,0.32047433
2026-02-03 00:13:00,0.27427223
2026-02-03 00:14:00,0.26420844
2026-02-03 00:15:00,0.24315237
2026-02-03 00:16:00,0.2582376
2026-02-03 00:17:00,0.24597357
2026-02-03 00:18:00,0.24463399
2026-02-03 00:19:00,0.23549877
2026-02-03 00:20:00,0.22242816
2026-02-03 00:21:00,0.2203093
2026-02-03 00:22:00,0.27080604
2026-02-03 00:23:00,0.30179656
2026-02-03 00:24:00,0.31025153
2026-02-03 00:25:00,0.3482001
2026-02-03 00:26:00,0.37885904
2026-02-03 00:27:00,0.35428223
2026-02-03 00:28:00,0.3559358
2026-02-03 00:29:00,0.37667224
2026-02-03 00:30:00,0.35304925
2026-02-03 00:31:00,0.4194797
2026-02-03 00:32:00,0.37556368
2026-02-03 00:33:00,0.3854636
2026-02-03 00:34:00,0.35942677
2026-02-03 00:35:00,0.33964497
2026-02-03 00:36:00,0.31864423
2026-02-03 00:37:00,0.27375558
2026-02-03 00:38:00,0.2295784
2026-02-03 00:39:00,0.23345715
2026-02-03 00:40:00,0.32120773
2026-02-03 00:41:00,0.26288435
2026-02-03 00:42:00,0.2924802
2026-02-03 00:43:00,0.28349474
2026-02-03 00:44:00,0.35982552
2026-02-03 00:45:00,0.3499897
2026-02-03 00:46:00,0.33636948
2026-02-03 00:47:00,0.33156785
2026-02-03 00:48:00,0.2757185
2026-02-03 00:49:00,0.27143532
2026-02-03 00:50:00,0.29579243
2026-02-03 00:51:00,0.28377634
2026-02-03 00:52:00,0.31077406
2026-02-03 00:53:00,0.36258835
2026-02-03 00:54:00,0.3821365
2026-02-03 00:55:00,0.4076914
2026-02-03 00:56:00,0.4425811
2026-02-03 00:57:00,0.46209806
2026-02-03 00:58:00,0.41076845
2026-02-03 00:59:00,0.42544055
2026-02-03 01:00:00,0.5958075
2026-02-03 01:01:00,0.5480144
2026-02-03 01:02:00,0.4661239
2026-02-03 01:03:00,0.4079339
2026-02-03 01:04:00,0.39691812
2026-02-03 01:05:00,0.35409737
2026-02-03 01:06:00,0.36400023
2026-02-03 01:07:00,0.31134745
2026-02-03 01:08:00,0.35408777
2026-02-03 01:09:00,0.30607498
2026-02-03 01:10:00,0.33020663
2026-02-03 01:11:00,0.3626285
2026-02-03 01:12:00,0.37192902
2026-02-03 01:13:00,0.3836124
2026-02-03 01:14:00,0.429807
2026-02-03 01:15:00,0.44232944
2026-02-03 01:16:00,0.4355386
2026-02-03 01:17:00,0.4957023
2026-02-03 01:18:00,0.5028086
2026-02-03 01:19:00,0.44633222
2026-02-03 01:20:00,0.42947376
2026-02-03 01:21:00,0.37805092
2026-02-03 01:22:00,0.37461472
2026-02-03 01:23:00,0.36952874
2026-02-03 01:24:00,0.3469973
2026-02-03 01:25:00,0.38018852
2026-02-03 01:26:00,0.3998162
2026-02-03 01:27:00,0.33916965
2026-02-03 01:28:00,0.33641374
2026-02-03 01:29:00,0.37533504
2026-02-03 01:30:00,0.38584757
2026-02-03 01:31:00,0.42645633
2026-02-03 01:32:00,0.41616786
2026-02-03 01:33:00,0.37706733
2026-02-03 01:34:00,0.3946766
2026-02-03 01:35:00,0.41232023
2026-02-03 01:36:00,0.4449517
2026-02-03 01:37:00,0.45559993
2026-02-03 01:38:00,0.5345592
2026-02-03 01:39:00,0.5285313
2026-02-03 01:40:00,0.4438425
2026-02-03 01:41:00,0.4134058
2026-02-03 01:42:00,0.44301793
2026-02-03 01:43:00,0.43049958
2026-02-03 01:44:00,0.3796815
2026-02-03 01:45:00,0.39899603
2026-02-03 01:46:00,0.3439278
2026-02-03 01:47:00,0.38062367
2026-02-03 01:48:00,0.36833495
2026-02-03 01:49:00,0.3793068
2026-02-03 01:50:00,0.4004726
2026-02-03 01:51:00,0.38735667
2026-02-03 01:52:00,0.3398051
2026-02-03 01:53:00,0.31363633
2026-02-03 01:54:00,0.29853693
2026-02-03 01:55:00,0.18972032
2026-02-03 01:56:00,0.17769769
2026-02-03 01:57:00,0.21148404
2026-02-03 01:58:00,0.22561064
2026-02-03 01:59:00,0.24068576
2026-02-03 02:00:00,0.45594913
2026-02-03 02:01:00,0.36295453
2026-02-03 02:02:00,0.37085408
2026-02-03 02:03:00,0.30082148
2026-02-03 02:04:00,0.27918953
2026-02-03 02:05:00,0.32838288
2026-02-03 02:06:00,0.3412422
2026-02-03 02:07:00,0.32120854
2026-02-03 02:08:00,0.32362545
2026-02-03 02:09:00,0.31889537
2026-02-03 02:10:00,0.33301482
2026-02-03 02:11:00,0.31317386
2026-02-03 02:12:00,0.3023259
2026-02-03 02:13:00,0.28960353
2026-02-03 02:14:00,0.26877674
2026-02-03 02:15:00,0.2588064
2026-02-03 02:16:00,0.2622751
2026-02-03 02:17:00,0.27725202
2026-02-03 02:18:00,0.2974461
2026-02-03 02:19:00,0.26293796
2026-02-03 02:20:00,0.29327154
2026-02-03 02:21:00,0.2913094
2026-02-03 02:22:00,0.26512876
2026-02-03 02:23:00,0.20642431
2026-02-03 02:24:00,0.20132662
2026-02-03 02:25:00,0.20255294
2026-02-03 02:26:00,0.19138482
2026-02-03 02:27:00,0.2439054
2026-02-03 02:28:00,0.26046997
2026-02-03 02:29:00,0.3298902
2026-02-03 02:30:00,0.36098683
2026-02-03 02:31:00,0.3346049
2026-02-03 02:32:00,0.40639505
2026-02-03 02:33:00,0.41906965
2026-02-03 02:34:00,0.39904192
2026-02-03 02:35:00,0.46127394
2026-02-03 02:36:00,0.4866145
2026-02-03 02:37:00,0.5035427
2026-02-03 02:38:00,0.49649116
2026-02-03 02:39:00,0.47024584
2026-02-03 02:40:00,0.4699294
2026-02-03 02:41:00,0.40520385
2026-02-03 02:42:00,0.4013435
2026-02-03 02:43:00,0.33923757
2026-02-03 02:44:00,0.28831312
2026-02-03 02:45:00,0.26952794
2026-02-03 02:46:00,0.3272421
2026-02-03 02:47:00,0.33106238
2026-02-03 02:48:00,0.33600277
2026-02-03 02:49:00,0.32318962
2026-02-03 02:50:00,0.37149614
2026-02-03 02:51:00,0.40644315
2026-02-03 02:52:00,0.4176138
2026-02-03 02:53:00,0.40281826
2026-02-03 02:54:00,0.43453488
2026-02-03 02:55:00,0.39704934
2026-02-03 02:56:00,0.37351817
2026-02-03 02:57:00,0.36711958
2026-02-03 02:58:00,0.38331446
2026-02-03 02:59:00,0.437985
2026-02-03 03:00:00,0.7128021
2026-02-03 03:01:00,0.58054125
2026-02-03 03:02:00,0.48948586
2026-02-03 03:03:00,0.35466895
2026-02-03 03:04:00,0.35545906
2026-02-03 03:05:00,0.2835955
2026-02-03 03:06:00,0.31972972
2026-02-03 03:07:00,0.3558254
2026-02-03 03:08:00,0.38315538
2026-02-03 03:09:00,0.32113782
2026-02-03 03:10:00,0.3052516
2026-02-03 03:11:00,0.31011745
2026-02-03 03:12:00,0.33265358
2026-02-03 03:13:00,0.3724126
2026-02-03 03:14:00,0.3923157
2026-02-03 03:15:00,0.4207153
2026-02-03 03:16:00,0.44604102
2026-02-03 03:17:00,0.4405853
2026-02-03 03:18:00,0.4242649
2026-02-03 03:19:00,0.4458247
2026-02-03 03:20:00,0.3921132
2026-02-03 03:21:00,0.4561272
2026-02-03 03:22:00,0.42425933
2026-02-03 03:23:00,0.43685487
2026-02-03 03:24:00,0.3975604
2026-02-03 03:25:00,0.38297942
2026-02-03 03:26:00,0.46217865
2026-02-03 03:27:00,0.46810094
2026-02-03 03:28:00,0.4877944
2026-02-03 03:29:00,0.46809375
2026-02-03 03:30:00,0.45242742
2026-02-03 03:31:00,0.41748264
2026-02-03 03:32:00,0.45724398
2026-02-03 03:33:00,0.42590493
2026-02-03 03:34:00,0.34624752
2026-02-03 03:35:00,0.32758406
2026-02-03 03:36:00,0.25696275
2026-02-03 03:37:00,0.22687438
2026-02-03 03:38:00,0.2799465
2026-02-03 03:39:00,0.35298812
2026-02-03 03:40:00,0.36592868
2026-02-03 03:41:00,0.3638502
2026-02-03 03:42:00,0.40058956
2026-02-03 03:43:00,0.37170357
2026-02-03 03:44:00,0.39432305
2026-02-03 03:45:00,0.3795631
2026-02-03 03:46:00,0.42538863
2026-02-03 03:47:00,0.41297996
2026-02-03 03:48:00,0.39391595
2026-02-03 03:49:00,0.43174642
2026-02-03 03:50:00,0.442488
2026-02-03 03:51:00,0.45576844
2026-02-03 03:52:00,0.39184365
2026-02-03 03:53:00,0.4444283
2026-02-03 03:54:00,0.4613574
2026-02-03 03:55:00,0.4216559
2026-02-03 03:56:00,0.44429022
2026-02-03 03:57:00,0.39453977
2026-02-03 03:58:00,0.4696651
2026-02-03 03:59:00,0.4385305
2026-02-03 04:00:00,0.6423097
2026-02-03 04:01:00,0.62164885
2026-02-03 04:02:00,0.5398965
2026-02-03 04:03:00,0.49330115
2026-02-03 04:04:00,0.5102637
2026-02-03 04:05:00,0.69935924
2026-02-03 04:06:00,0.46633708
2026-02-03 04:07:00,0.50743407
2026-02-03 04:08:00,0.5074659
2026-02-03 04:09:00,0.50284916
2026-02-03 04:10:00,0.4454286
2026-02-03 04:11:00,0.39554828
2026-02-03 04:12:00,0.4421088
2026-02-03 04:13:00,0.4499011
2026-02-03 04:14:00,0.4635341
2026-02-03 04:15:00,0.42664504
2026-02-03 04:16:00,0.41721043
2026-02-03 04:17:00,0.39237058
2026-02-03 04:18:00,0.41010052
2026-02-03 04:19:00,0.37307623
2026-02-03 04:20:00,0.41311955
2026-02-03 04:21:00,0.45028093
2026-02-03 04:22:00,0.45318797
2026-02-03 04:23:00,0.41623038
2026-02-03 04:24:00,0.32528886
2026-02-03 04:25:00,0.34834188
2026-02-03 04:26:00,0.3741707
2026-02-03 04:27:00,0.35578403
2026-02-03 04:28:00,0.33956474
2026-02-03 04:29:00,0.30680808
2026-02-03 04:30:00,0.354139
2026-02-03 04:31:00,0.38972804
2026-02-03 04:32:00,0.40028906
2026-02-03 04:33:00,0.36635953
2026-02-03 04:34:00,0.39379764
2026-02-03 04:35:00,0.42815962
2026-02-03 04:36:00,0.43284035
2026-02-03 04:37:00,0.42551777
2026-02-03 04:38:00,0.3926923
2026-02-03 04:39:00,0.39206654
2026-02-03 04:40:00,0.3732497
2026-02-03 04:41:00,0.41361433
2026-02-03 04:42:00,0.45578766
2026-02-03 04:43:00,0.48351294
2026-02-03 04:44:00,0.5115179
2026-02-03 04:45:00,0.4776482
2026-02-03 04:46:00,0.5158554
2026-02-03 04:47:00,0.5022584
2026-02-03 04:48:00,0.49978185
2026-02-03 04:49:00,0.50367767
2026-02-03 04:50:00,0.49644545
2026-02-03 04:51:00,0.52037454
2026-02-03 04:52:00,0.5055808
2026-02-03 04:53:00,0.48831937
2026-02-03 04:54:00,0.48904076
2026-02-03 04:55:00,0.54363805
2026-02-03 04:56:00,0.50601685
2026-02-03 04:57:00,0.4960826
2026-02-03 04:58:00,0.47564682
2026-02-03 04:59:00,0.52131504
2026-02-03 05:00:00,0.7141377
2026-02-03 05:01:00,0.6917688
2026-02-03 05:02:00,0.5994615
2026-02-03 05:03:00,0.58283246
2026-02-03 05:04:00,0.49086028
2026-02-03 05:05:00,0.4893151
2026-02-03 05:06:00,0.47831273
2026-02-03 05:07:00,0.40351158
2026-02-03 05:08:00,0.41057408
2026-02-03 05:09:00,0.41137657
2026-02-03 05:10:00,0.44202563
2026-02-03 05:11:00,0.5058399
2026-02-03 05:12:00,0.5362372
2026-02-03 05:13:00,0.54130954
2026-02-03 05:14:00,0.49791548
2026-02-03 05:15:00,0.48410878
2026-02-03 05:16:00,0.47845975
2026-02-03 05:17:00,0.48642656
2026-02-03 05:18:00,0.5504842
2026-02-03 05:19:00,0.5641003
2026-02-03 05:20:00,0.5363844
2026-02-03 05:21:00,0.48114127
2026-02-03 05:22:00,0.46008527
2026-02-03 05:23:00,0.43219265
2026-02-03 05:24:00,0.39584908
2026-02-03 05:25:00,0.42628187
2026-02-03 05:26:00,0.48895076
2026-02-03 05:27:00,0.4983903
2026-02-03 05:28:00,0.5518059
2026-02-03 05:29:00,0.4947418
2026-02-03 05:30:00,0.4659303
2026-02-03 05:31:00,0.4552084
2026-02-03 05:32:00,0.406004
2026-02-03 05:33:00,0.39371654
2026-02-03 05:34:00,0.34949112
2026-02-03 05:35:00,0.41043115
2026-02-03 05:36:00,0.4308257
2026-02-03 05:37:00,0.42873564
2026-02-03 05:38:00,0.40054476
2026-02-03 05:39:00,0.4290471
2026-02-03 05:40:00,0.3683714
2026-02-03 05:41:00,0.4073406
2026-02-03 05:42:00,0.3972306
2026-02-03 05:43:00,0.39343858
2026-02-03 05:44:00,0.4029725
2026-02-03 05:45:00,0.4195351
2026-02-03 05:46:00,0.4274691
2026-02-03 05:47:00,0.4643628
2026-02-03 05:48:00,0.4586952
2026-02-03 05:49:00,0.45376652
2026-02-03 05:50:00,0.48211616
2026-02-03 05:51:00,0.43432617
2026-02-03 05:52:00,0.4279944
2026-02-03 05:53:00,0.4590847
2026-02-03 05:54:00,0.45214024
2026-02-03 05:55:00,0.48915353
2026-02-03 05:56:00,0.48673084
2026-02-03 05:57:00,0.46724847
2026-02-03 05:58:00,0.49980217
2026-02-03 05:59:00,0.5025612
2026-02-03 06:00:00,0.6867733
2026-02-03 06:01:00,0.6540236
2026-02-03 06:02:00,0.5975605
2026-02-03 06:03:00,0.5592261
2026-02-03 06:04:00,0.49699113
2026-02-03 06:05:00,0.5232298
2026-02-03 06:06:00,0.49222654
2026-02-03 06:07:00,0.43597856
2026-02-03 06:08:00,0.44232136
2026-02-03 06:09:00,0.39875177
2026-02-03 06:10:00,0.3620181
2026-02-03 06:11:00,0.3972034
2026-02-03 06:12:00,0.34961632
2026-02-03 06:13:00,0.35907757
2026-02-03 06:14:00,0.36315268
2026-02-03 06:15:00,0.35354665
2026-02-03 06:16:00,0.37575185
2026-02-03 06:17:00,0.40952712
2026-02-03 06:18:00,0.38807338
2026-02-03 06:19:00,0.3598521
2026-02-03 06:20:00,0.3899452
2026-02-03 06:21:00,0.4291993
2026-02-03 06:22:00,0.43784025
2026-02-03 06:23:00,0.4482228
2026-02-03 06:24:00,0.46361288
2026-02-03 06:25:00,0.47223252
2026-02-03 06:26:00,0.45117936
2026-02-03 06:27:00,0.4602066
2026-02-03 06:28:00,0.45122474
2026-02-03 06:29:00,0.43726772
2026-02-03 06:30:00,0.43440074
2026-02-03 06:31:00,0.38993418
2026-02-03 06:32:00,0.35761374
2026-02-03 06:33:00,0.38420755
2026-02-03 06:34:00,0.3377633
2026-02-03 06:35:00,0.380932
2026-02-03 06:36:00,0.37940687
2026-02-03 06:37:00,0.3728261
2026-02-03 06:38:00,0.3468815
2026-02-03 06:39:00,0.34311178
2026-02-03 06:40:00,0.36320323
2026-02-03 06:41:00,0.42712077
2026-02-03 06:42:00,0.36937606
2026-02-03 06:43:00,0.42886075
2026-02-03 06:44:00,0.45226803
2026-02-03 06:45:00,0.43990603
2026-02-03 06:46:00,0.42238045
2026-02-03 06:47:00,0.43520495
2026-02-03 06:48:00,0.4617549
2026-02-03 06:49:00,0.42834288
2026-02-03 06:50:00,0.40397963
2026-02-03 06:51:00,0.36786696
2026-02-03 06:52:00,0.3930791
2026-02-03 06:53:00,0.40492558
2026-02-03 06:54:00,0.40561685
2026-02-03 06:55:00,0.36312288
2026-02-03 06:56:00,0.38714522
2026-02-03 06:57:00,0.40150324
2026-02-03 06:58:00,0.3627708
2026-02-03 06:59:00,0.35740924
2026-02-03 07:00:00,0.62277555
2026-02-03 07:01:00,0.61434764
2026-02-03 07:02:00,0.5508644
2026-02-03 07:03:00,0.50783575
2026-02-03 07:04:00,0.38849676
2026-02-03 07:05:00,0.37010548
2026-02-03 07:06:00,0.328438
2026-02-03 07:07:00,0.39750788
2026-02-03 07:08:00,0.4187571
2026-02-03 07:09:00,0.48219037
2026-02-03 07:10:00,0.4646926
2026-02-03 07:11:00,0.4763514
2026-02-03 07:12:00,0.5078112
2026-02-03 07:13:00,0.44566956
2026-02-03 07:14:00,0.41113913
2026-02-03 07:15:00,0.3773861
2026-02-03 07:16:00,0.4037411
2026-02-03 07:17:00,0.40613937
2026-02-03 07:18:00,0.36909834
2026-02-03 07:19:00,0.3883709
2026-02-03 07:20:00,0.3458561
2026-02-03 07:21:00,0.39297095
2026-02-03 07:22:00,0.5101168
2026-02-03 07:23:00,0.5297276
2026-02-03 07:24:00,0.48887208
2026-02-03 07:25:00,0.45254207
2026-02-03 07:26:00,0.46361175
2026-02-03 07:27:00,0.51523614
2026-02-03 07:28:00,0.4878463
2026-02-03 07:29:00,0.44015455
2026-02-03 07:30:00,0.4669238
2026-02-03 07:31:00,0.4861488
2026-02-03 07:32:00,0.45456812
2026-02-03 07:33:00,0.4577431
2026-02-03 07:34:00,0.47329834
2026-02-03 07:35:00,0.54285544
2026-02-03 07:36:00,0.477683
2026-02-03 07:37:00,0.42740893
2026-02-03 07:38:00,0.4141954
2026-02-03 07:39:00,0.36489826
2026-02-03 07:40:00,0.34894606
2026-02-03 07:41:00,0.3595543
2026-02-03 07:42:00,0.3712735
2026-02-03 07:43:00,0.41161865
2026-02-03 07:44:00,0.39854372
2026-02-03 07:45:00,0.42541176
2026-02-03 07:46:00,0.49713227
2026-02-03 07:47:00,0.48442906
2026-02-03 07:48:00,0.5101348
2026-02-03 07:49:00,0.50223666
2026-02-03 07:50:00,0.515234
2026-02-03 07:51:00,0.5426093
2026-02-03 07:52:00,0.51810837
2026-02-03 07:53:00,0.4817488
2026-02-03 07:54:00,0.46745956
2026-02-03 07:55:00,0.42158642
2026-02-03 07:56:00,0.3847959
2026-02-03 07:57:00,0.40958533
2026-02-03 07:58:00,0.46811873
2026-02-03 07:59:00,0.46392515
2026-02-03 08:00:00,0.73338735
2026-02-03 08:01:00,0.69529223
2026-02-03 08:02:00,0.6696435
2026-02-03 08:03:00,0.6077435
2026-02-03 08:04:00,0.52758116
2026-02-03 08:05:00,0.52765757
2026-02-03 08:06:00,0.5351977
2026-02-03 08:07:00,0.5548975
2026-02-03 08:08:00,0.5135047
2026-02-03 08:09:00,0.48052558
2026-02-03 08:10:00,0.43973485
2026-02-03 08:11:00,0.45628318
2026-02-03 08:12:00,0.43728334
2026-02-03 08:13:00,0.48774827
2026-02-03 08:14:00,0.45766315
2026-02-03 08:15:00,0.4263819
2026-02-03 08:16:00,0.4163852
2026-02-03 08:17:00,0.40389225
2026-02-03 08:18:00,0.3826327
2026-02-03 08:19:00,0.38996786
2026-02-03 08:20:00,0.41695577
2026-02-03 08:21:00,0.40755925
2026-02-03 08:22:00,0.40336114
2026-02-03 08:23:00,0.45099017
2026-02-03 08:24:00,0.41085505
2026-02-03 08:25:00,0.3618575
2026-02-03 08:26:00,0.4210899
2026-02-03 08:27:00,0.44185832
2026-02-03 08:28:00,0.49049628
2026-02-03 08:29:00,0.49469417
2026-02-03 08:30:00,0.5633968
2026-02-03 08:31:00,0.5508836
2026-02-03 08:32:00,0.5386401
2026-02-03 08:33:00,0.538693
2026-02-03 08:34:00,0.55607355
2026-02-03 08:35:00,0.5302487
2026-02-03 08:36:00,0.45992878
2026-02-03 08:37:00,0.4735875
2026-02-03 08:38:00,0.4380647
2026-02-03 08:39:00,0.4903251
2026-02-03 08:40:00,0.4501281
2026-02-03 08:41:00,0.43944356
2026-02-03 08:42:00,0.4400884
2026-02-03 08:43:00,0.3835054
2026-02-03 08:44:00,0.41287673
2026-02-03 08:45:00,0.38677186
2026-02-03 08:46:00,0.39611933
2026-02-03 08:47:00,0.35459787
2026-02-03 08:48:00,0.33189237
2026-02-03 08:49:00,0.3009531
2026-02-03 08:50:00,0.3158758
2026-02-03 08:51:00,0.3053763
2026-02-03 08:52:00,0.30587995
2026-02-03 08:53:00,0.26460138
2026-02-03 08:54:00,0.26724955
2026-02-03 08:55:00,0.23073296
2026-02-03 08:56:00,0.27448612
2026-02-03 08:57:00,0.2548668
2026-02-03 08:58:00,0.21764228
2026-02-03 08:59:00,0.2143454
2026-02-03 09:00:00,0.48347694
2026-02-03 09:01:00,0.43773463
2026-02-03 09:02:00,0.4207683
2026-02-03 09:03:00,0.34942198
2026-02-03 09:04:00,0.35774928
2026-02-03 09:05:00,0.3171715
2026-02-03 09:06:00,0.33782092
2026-02-03 09:07:00,0.35365182
2026-02-03 09:08:00,0.2860206
2026-02-03 09:09:00,0.2904031
2026-02-03 09:10:00,0.23843959
2026-02-03 09:11:00,0.2563215
2026-02-03 09:12:00,0.21757995
2026-02-03 09:13:00,0.24929471
2026-02-03 09:14:00,0.2331448
2026-02-03 09:15:00,0.21600936
2026-02-03 09:16:00,0.22051471
2026-02-03 09:17:00,0.20321786
2026-02-03 09:18:00,0.21852
2026-02-03 09:19:00,0.22057459
2026-02-03 09:20:00,0.28336966
2026-02-03 09:21:00,0.30912632
2026-02-03 09:22:00,0.31044263
2026-02-03 09:23:00,0.33353195
2026-02-03 09:24:00,0.34781966
2026-02-03 09:25:00,0.35298565
2026-02-03 09:26:00,0.34127647
2026-02-03 09:27:00,0.3497696
2026-02-03 09:28:00,0.35539395
2026-02-03 09:29:00,0.40942395
2026-02-03 09:30:00,0.39610115
2026-02-03 09:31:00,0.3752877
2026-02-03 09:32:00,0.39647076
2026-02-03 09:33:00,0.37937877
2026-02-03 09:34:00,0.33944097
2026-02-03 09:35:00,0.28908303
2026-02-03 09:36:00,0.27931294
2026-02-03 09:37:00,0.25736964
2026-02-03 09:38:00,0.26444894
2026-02-03 09:39:00,0.25958166
2026-02-03 09:40:00,0.30646026
2026-02-03 09:41:00,0.31882048
2026-02-03 09:42:00,0.35002992
2026-02-03 09:43:00,0.3663501
2026-02-03 09:44:00,0.38196084
2026-02-03 09:45:00,0.34799892
2026-02-03 09:46:00,0.39274365
2026-02-03 09:47:00,0.31744155
2026-02-03 09:48:00,0.27771646
2026-02-03 09:49:00,0.28711239
2026-02-03 09:50:00,0.29469582
2026-02-03 09:51:00,0.2928417
2026-02-03 09:52:00,0.24150015
2026-02-03 09:53:00,0.25805563
2026-02-03 09:54:00,0.26092273
2026-02-03 09:55:00,0.27724472
2026-02-03 09:56:00,0.3171993
2026-02-03 09:57:00,0.33124682
2026-02-03 09:58:00,0.38015023
2026-02-03 09:59:00,0.36136195
2026-02-03 10:00:00,0.5653099
2026-02-03 10:01:00,0.59331715
2026-02-03 10:02:00,0.54879194
2026-02-03 10:03:00,0.41960278
2026-02-03 10:04:00,0.41163433
2026-02-03 10:05:00,0.42699236
2026-02-03 10:06:00,0.39372107
2026-02-03 10:07:00,0.3841877
2026-02-03 10:08:00,0.36747783
2026-02-03 10:09:00,0.39978915
2026-02-03 10:10:00,0.41941702
2026-02-03 10:11:00,0.437579
2026-02-03 10:12:00,0.46586722
2026-02-03 10:13:00,0.47066915
2026-02-03 10:14:00,0.48316744
2026-02-03 10:15:00,0.52139735
2026-02-03 10:16:00,0.53088593
2026-02-03 10:17:00,0.50665236
2026-02-03 10:18:00,0.47515598
2026-02-03 10:19:00,0.45598006
2026-02-03 10:20:00,0.44089708
2026-02-03 10:21:00,0.41270217
2026-02-03 10:22:00,0.41567338
2026-02-03 10:23:00,0.41720265
2026-02-03 10:24:00,0.412737
2026-02-03 10:25:00,0.4401149
2026-02-03 10:26:00,0.5025227
2026-02-03 10:27:00,0.5275582
2026-02-03 10:28:00,0.49636358
2026-02-03 10:29:00,0.48022196
2026-02-03 10:30:00,0.49744648
2026-02-03 10:31:00,0.49028417
2026-02-03 10:32:00,0.4565355
2026-02-03 10:33:00,0.39170432
2026-02-03 10:34:00,0.38164753
2026-02-03 10:35:00,0.31214374
2026-02-03 10:36:00,0.3720608
2026-02-03 10:37:00,0.40063354
2026-02-03 10:38:00,0.38794497
2026-02-03 10:39:00,0.41596013
2026-02-03 10:40:00,0.40357482
2026-02-03 10:41:00,0.33437765
2026-02-03 10:42:00,0.33202082
2026-02-03 10:43:00,0.30983377
2026-02-03 10:44:00,0.3494671
2026-02-03 10:45:00,0.38580653
2026-02-03 10:46:00,0.3247541
2026-02-03 10:47:00,0.3140672
2026-02-03 10:48:00,0.317515
2026-02-03 10:49:00,0.27725026
2026-02-03 10:50:00,0.32944125
2026-02-03 10:51:00,0.32889628
2026-02-03 10:52:00,0.34695175
2026-02-03 10:53:00,0.354598
2026-02-03 10:54:00,0.36539894
2026-02-03 10:55:00,0.3770151
2026-02-03 10:56:00,0.3528662
2026-02-03 10:57:00,0.3406514
2026-02-03 10:58:00,0.38327685
2026-02-03 10:59:00,0.35245535
2026-02-03 11:00:00,0.612651
2026-02-03 11:01:00,0.6221454
2026-02-03 11:02:00,0.55818963
2026-02-03 11:03:00,0.44339502
2026-02-03 11:04:00,0.30938706
2026-02-03 11:05:00,0.31393948
2026-02-03 11:06:00,0.35757
2026-02-03 11:07:00,0.31566888
2026-02-03 11:08:00,0.30489972
2026-02-03 11:09:00,0.25145045
2026-02-03 11:10:00,0.27066433
2026-02-03 11:11:00,0.3113013
2026-02-03 11:12:00,0.35303757
2026-02-03 11:13:00,0.3283064
2026-02-03 11:14:00,0.32987756
2026-02-03 11:15:00,0.3123183
2026-02-03 11:16:00,0.35581252
2026-02-03 11:17:00,0.3507949
2026-02-03 11:18:00,0.38142452
2026-02-03 11:19:00,0.39293435
2026-02-03 11:20:00,0.39378777
2026-02-03 11:21:00,0.39962065
2026-02-03 11:22:00,0.39030772
2026-02-03 11:23:00,0.41938168
2026-02-03 11:24:00,0.46522617
2026-02-03 11:25:00,0.44318885
2026-02-03 11:26:00,0.44052118
2026-02-03 11:27:00,0.4334884
2026-02-03 11:28:00,0.4051564
2026-02-03 11:29:00,0.33100414
2026-02-03 11:30:00,0.3540377
2026-02-03 11:31:00,0.33276346
2026-02-03 11:32:00,0.2813305
2026-02-03 11:33:00,0.33492282
2026-02-03 11:34:00,0.37833613
2026-02-03 11:35:00,0.35281137
2026-02-03 11:36:00,0.3274684
2026-02-03 11:37:00,0.28915435
2026-02-03 11:38:00,0.2808314
2026-02-03 11:39:00,0.28366783
2026-02-03 11:40:00,0.2588848
2026-02-03 11:41:00,0.26759887
2026-02-03 11:42:00,0.29678917
2026-02-03 11:43:00,0.23496357
2026-02-03 11:44:00,0.31041488
2026-02-03 11:45:00,0.33734754
2026-02-03 11:46:00,0.36265233
2026-02-03 11:47:00,0.38821888
2026-02-03 11:48:00,0.3618672
2026-02-03 11:49:00,0.36327928
2026-02-03 11:50:00,0.39949423
2026-02-03 11:51:00,0.39252344
2026-02-03 11:52:00,0.36976773
2026-02-03 11:53:00,0.37601164
2026-02-03 11:54:00,0.35225415
2026-02-03 11:55:00,0.30031374
2026-02-03 11:56:00,0.3310126
2026-02-03 11:57:00,0.31613776
2026-02-03 11:58:00,0.31526583
2026-02-03 11:59:00,0.24348617
2026-02-03 12:00:00,0.4690159
2026-02-03 12:01:00,0.5005551
2026-02-03 12:02:00,0.43542817
2026-02-03 12:03:00,0.31071582
2026-02-03 12:04:00,0.2741585
2026-02-03 12:05:00,0.27479413
2026-02-03 12:06:00,0.30232614
2026-02-03 12:07:00,0.27624083
2026-02-03 12:08:00,0.28523347
2026-02-03 12:09:00,0.24988829
2026-02-03 12:10:00,0.17543398
2026-02-03 12:11:00,0.1627315
2026-02-03 12:12:00,0.17501023
2026-02-03 12:13:00,0.29017755
2026-02-03 12:14:00,0.23509549
2026-02-03 12:15:00,0.19966146
2026-02-03 12:16:00,0.20358501
2026-02-03 12:17:00,0.17981744
2026-02-03 12:18:00,0.22812568
2026-02-03 12:19:00,0.21625172
2026-02-03 12:20:00,0.259317
2026-02-03 12:21:00,0.3041883
2026-02-03 12:22:00,0.28316852
2026-02-03 12:23:00,0.26718062
2026-02-03 12:24:00,0.2342411
2026-02-03 12:25:00,0.26438624
2026-02-03 12:26:00,0.26508692
2026-02-03 12:27:00,0.30757156
2026-02-03 12:28:00,0.2909141
2026-02-03 12:29:00,0.26342824
2026-02-03 12:30:00,0.25956228
2026-02-03 12:31:00,0.2527661
2026-02-03 12:32:00,0.28969952
2026-02-03 12:33:00,0.29292575
2026-02-03 12:34:00,0.26211104
2026-02-03 12:35:00,0.28959444
2026-02-03 12:36:00,0.28984258
2026-02-03 12:37:00,0.21719939
2026-02-03 12:38:00,0.12927853
2026-02-03 12:39:00,0.16370103
2026-02-03 12:40:00,0.14575906
2026-02-03 12:41:00,0.1930036
2026-02-03 12:42:00,0.2576901
2026-02-03 12:43:00,0.288813
2026-02-03 12:44:00,0.2890947
2026-02-03 12:45:00,0.29567385
2026-02-03 12:46:00,0.27141196
2026-02-03 12:47:00,0.23983762
2026-02-03 12:48:00,0.24110055
2026-02-03 12:49:00,0.2532388
2026-02-03 12:50:00,0.18515387
2026-02-03 12:51:00,0.14347024
2026-02-03 12:52:00,0.16271965
2026-02-03 12:53:00,0.13599358
2026-02-03 12:54:00,0.20542881
2026-02-03 12:55:00,0.22498752
2026-02-03 12:56:00,0.1909718
2026-02-03 12:57:00,0.17680497
2026-02-03 12:58:00,0.10813435
2026-02-03 12:59:00,0.1477091
2026-02-03 13:00:00,0.3975959
2026-02-03 13:01:00,0.42161337
2026-02-03 13:02:00,0.38042805
2026-02-03 13:03:00,0.33353737
2026-02-03 13:04:00,0.24917589
2026-02-03 13:05:00,0.23371862
2026-02-03 13:06:00,0.20219335
2026-02-03 13:07:00,0.22969453
2026-02-03 13:08:00,0.29933745
2026-02-03 13:09:00,0.3272229
2026-02-03 13:10:00,0.24558915
2026-02-03 13:11:00,0.28006813
2026-02-03 13:12:00,0.33655065
2026-02-03 13:13:00,0.32823783
2026-02-03 13:14:00,0.37554336
2026-02-03 13:15:00,0.43555877
2026-02-03 13:16:00,0.40579355
2026-02-03 13:17:00,0.29087797
2026-02-03 13:18:00,0.3130904
2026-02-03 13:19:00,0.30380827
2026-02-03 13:20:00,0.25763187
2026-02-03 13:21:00,0.26029179
2026-02-03 13:22:00,0.21483512
2026-02-03 13:23:00,0.22852024
2026-02-03 13:24:00,0.21142468
2026-02-03 13:25:00,0.29882267
2026-02-03 13:26:00,0.27130392
2026-02-03 13:27:00,0.2867924
2026-02-03 13:28:00,0.23913959
2026-02-03 13:29:00,0.24026087
2026-02-03 13:30:00,0.2762301
2026-02-03 13:31:00,0.28365022
2026-02-03 13:32:00,0.24161473
2026-02-03 13:33:00,0.23041067
2026-02-03 13:34:00,0.23352186
2026-02-03 13:35:00,0.2560783
2026-02-03 13:36:00,0.24655768
2026-02-03 13:37:00,0.18107682
2026-02-03 13:38:00,0.13760047
2026-02-03 13:39:00,0.22035745
2026-02-03 13:40:00,0.24766982
2026-02-03 13:41:00,0.25166368
2026-02-03 13:42:00,0.21272293
2026-02-03 13:43:00,0.2490914
2026-02-03 13:44:00,0.29719904
2026-02-03 13:45:00,0.27699557
2026-02-03 13:46:00,0.2522997
2026-02-03 13:47:00,0.21909107
2026-02-03 13:48:00,0.23608495
2026-02-03 13:49:00,0.23432925
2026-02-03 13:50:00,0.21911055
2026-02-03 13:51:00,0.13610567
2026-02-03 13:52:00,0.14347082
2026-02-03 13:53:00,0.08604719
2026-02-03 13:54:00,0.09529983
2026-02-03 13:55:00,0.041331924
2026-02-03 13:56:00,0.04
2026-02-03 13:57:00,0.09093121
2026-02-03 13:58:00,0.1464466
2026-02-03 13:59:00,0.122322336
2026-02-03 14:00:00,0.32544404
2026-02-03 14:01:00,0.33939686
2026-02-03 14:02:00,0.28976274
2026-02-03 14:03:00,0.26222917
2026-02-03 14:04:00,0.21476816
2026-02-03 14:05:00,0.19088013
2026-02-03 14:06:00,0.15904197
2026-02-03 14:07:00,0.122264884
2026-02-03 14:08:00,0.15345185
2026-02-03 14:09:00,0.17720318
2026-02-03 14:10:00,0.17459652
2026-02-03 14:11:00,0.17840727
2026-02-03 14:12:00,0.20730448
2026-02-03 14:13:00,0.17160024
2026-02-03 14:14:00,0.16991591
2026-02-03 14:15:00,0.17357631
2026-02-03 14:16:00,0.21459396
2026-02-03 14:17:00,0.19298644
2026-02-03 14:18:00,0.20244221
2026-02-03 14:19:00,0.21811949
2026-02-03 14:20:00,0.23712349
2026-02-03 14:21:00,0.19595473
2026-02-03 14:22:00,0.15280338
2026-02-03 14:23:00,0.16969785
2026-02-03 14:24:00,0.098356664
2026-02-03 14:25:00,0.041099295
2026-02-03 14:26:00,0.04
2026-02-03 14:27:00,0.04
2026-02-03 14:28:00,0.04
2026-02-03 14:29:00,0.058890972
2026-02-03 14:30:00,0.04
2026-02-03 14:31:00,0.075323835
2026-02-03 14:32:00,0.06920691
2026-02-03 14:33:00,0.11651485
2026-02-03 14:34:00,0.071810015
2026-02-03 14:35:00,0.081246495
2026-02-03 14:36:00,0.13144183
2026-02-03 14:37:00,0.16023247
2026-02-03 14:38:00,0.142905
2026-02-03 14:39:00,0.0731769
2026-02-03 14:40:00,0.07173834
2026-02-03 14:41:00,0.06707336
2026-02-03 14:42:00,0.06446947
2026-02-03 14:43:00,0.09954932
2026-02-03 14:44:00,0.15183246
2026-02-03 14:45:00,0.14308149
2026-02-03 14:46:00,0.12750854
2026-02-03 14:47:00,0.12662858
2026-02-03 14:48:00,0.12304187
2026-02-03 14:49:00,0.105507664
2026-02-03 14:50:00,0.052412976
2026-02-03 14:51:00,0.06461683
2026-02-03 14:52:00,0.051188227
2026-02-03 14:53:00,0.11019081
2026-02-03 14:54:00,0.12156294
2026-02-03 14:55:00,0.08835721
2026-02-03 14:56:00,0.1400705
2026-02-03 14:57:00,0.16400021
2026-02-03 14:58:00,0.15432961
2026-02-03 14:59:00,0.21911158
2026-02-03 15:00:00,0.3852134
2026-02-03 15:01:00,0.3203271
2026-02-03 15:02:00,0.2500056
2026-02-03 15:03:00,0.24656206
2026-02-03 15:04:00,0.21342264
2026-02-03 15:05:00,0.12851128
2026-02-03 15:06:00,0.18310016
2026-02-03 15:07:00,0.14585994
2026-02-03 15:08:00,0.10936217
2026-02-03 15:09:00,0.07222235
2026-02-03 15:10:00,0.16750501
2026-02-03 15:11:00,0.065536775
2026-02-03 15:12:00,0.055504665
2026-02-03 15:13:00,0.04
2026-02-03 15:14:00,0.04
2026-02-03 15:15:00,0.04
2026-02-03 15:16:00,0.04
2026-02-03 15:17:00,0.04
2026-02-03 15:18:00,0.07657323
2026-02-03 15:19:00,0.105386734
2026-02-03 15:20:00,0.118252546
2026-02-03 15:21:00,0.1477721
2026-02-03 15:22:00,0.16565478
2026-02-03 15:23:00,0.11260111
2026-02-03 15:24:00,0.14173031
2026-02-03 15:25:00,0.14718182
2026-02-03 15:26:00,0.11674061
2026-02-03 15:27:00,0.12139539
2026-02-03 15:28:00,0.07874486
2026-02-03 15:29:00,0.12209965
2026-02-03 15:30:00,0.14764774
2026-02-03 15:31:00,0.14796405
2026-02-03 15:32:00,0.11171491
2026-02-03 15:33:00,0.13415791
2026-02-03 15:34:00,0.15896349
2026-02-03 15:35:00,0.13416016
2026-02-03 15:36:00,0.15910088
2026-02-03 15:37:00,0.15547101
2026-02-03 15:38:00,0.08417434
2026-02-03 15:39:00,0.114814594
2026-02-03 15:40:00,0.11996487
2026-02-03 15:41:00,0.13251702
2026-02-03 15:42:00,0.16059819
2026-02-03 15:43:00,0.17386161
2026-02-03 15:44:00,0.1904211
2026-02-03 15:45:00,0.19731948
2026-02-03 15:46:00,0.16833304
2026-02-03 15:47:00,0.1594629
2026-02-03 15:48:00,0.11941062
2026-02-03 15:49:00,0.11257749
2026-02-03 15:50:00,0.1241857
2026-02-03 15:51:00,0.11482233
2026-02-03 15:52:00,0.10641125
2026-02-03 15:53:00,0.13349295
2026-02-03 15:54:00,0.060076624
2026-02-03 15:55:00,0.04
2026-02-03 15:56:00,0.06978659
2026-02-03 15:57:00,0.059365805
2026-02-03 15:58:00,0.11080897
2026-02-03 15:59:00,0.04
2026-02-03 16:00:00,0.23264244
2026-02-03 16:01:00,0.22964557
2026-02-03 16:02:00,0.14985101
2026-02-03 16:03:00,0.092470996
2026-02-03 16:04:00,0.07507598
2026-02-03 16:05:00,0.07348948
2026-02-03 16:06:00,0.041068897
2026-02-03 16:07:00,0.04
2026-02-03 16:08:00,0.06290661
2026-02-03 16:09:00,0.07593092
2026-02-03 16:10:00,0.16144924
2026-02-03 16:11:00,0.09361778
2026-02-03 16:12:00,0.14608827
2026-02-03 16:13:00,0.17424826
2026-02-03 16:14:00,0.1656443
2026-02-03 16:15:00,0.16443546
2026-02-03 16:16:00,0.12550862
2026-02-03 16:17:00,0.10496316
2026-02-03 16:18:00,0.16126816
2026-02-03 16:19:00,0.17848799
2026-02-03 16:20:00,0.16524948
2026-02-03 16:21:00,0.1481357
2026-02-03 16:22:00,0.13947012
2026-02-03 16:23:00,0.15386412
2026-02-03 16:24:00,0.2381073
2026-02-03 16:25:00,0.21455334
2026-02-03 16:26:00,0.25723583
2026-02-03 16:27:00,0.2528126
2026-02-03 16:28:00,0.17896345
2026-02-03 16:29:00,0.14228131
2026-02-03 16:30:00,0.0871982
2026-02-03 16:31:00,0.07386582
2026-02-03 16:32:00,0.08738991
2026-02-03 16:33:00,0.1624689
2026-02-03 16:34:00,0.20092246
2026-02-03 16:35:00,0.093631
2026-02-03 16:36:00,0.054485057
2026-02-03 16:37:00,0.04
2026-02-03 16:38:00,0.04
2026-02-03 16:39:00,0.04
2026-02-03 16:40:00,0.042834196
2026-02-03 16:41:00,0.13465655
2026-02-03 16:42:00,0.15616432
2026-02-03 16:43:00,0.10723204
2026-02-03 16:44:00,0.091412574
2026-02-03 16:45:00,0.10130003
2026-02-03 16:46:00,0.11903965
2026-02-03 16:47:00,0.09832716
2026-02-03 16:48:00,0.159745
2026-02-03 16:49:00,0.18531588
2026-02-03 16:50:00,0.19886462
2026-02-03 16:51:00,0.15657324
2026-02-03 16:52:00,0.2195343
2026-02-03 16:53:00,0.15453163
2026-02-03 16:54:00,0.14678775
2026-02-03 16:55:00,0.21114361
2026-02-03 16:56:00,0.19973974
2026-02-03 16:57:00,0.22666878
2026-02-03 16:58:00,0.2154247
2026-02-03 16:59:00,0.16810542
2026-02-03 17:00:00,0.34874758
2026-02-03 17:01:00,0.26649016
2026-02-03 17:02:00,0.17277052
2026-02-03 17:03:00,0.101587124
2026-02-03 17:04:00,0.06675375
2026-02-03 17:05:00,0.06285152
2026-02-03 17:06:00,0.085108735
2026-02-03 17:07:00,0.096645564
2026-02-03 17:08:00,0.08184588
2026-02-03 17:09:00,0.12776734
2026-02-03 17:10:00,0.18378584
2026-02-03 17:11:00,0.21625926
2026-02-03 17:12:00,0.1976692
2026-02-03 17:13:00,0.16716444
2026-02-03 17:14:00,0.16123568
2026-02-03 17:15:00,0.15086986
2026-02-03 17:16:00,0.15164825
2026-02-03 17:17:00,0.16521867
2026-02-03 17:18:00,0.15676376
2026-02-03 17:19:00,0.14723225
2026-02-03 17:20:00,0.11491049
2026-02-03 17:21:00,0.09994875
2026-02-03 17:22:00,0.12696987
2026-02-03 17:23:00,0.18266395
2026-02-03 17:24:00,0.2061746
2026-02-03 17:25:00,0.20478766
2026-02-03 17:26:00,0.24054584
2026-02-03 17:27:00,0.25565973
2026-02-03 17:28:00,0.2761202
2026-02-03 17:29:00,0.23443165
2026-02-03 17:30:00,0.20490435
2026-02-03 17:31:00,0.17919543
2026-02-03 17:32:00,0.2050245
2026-02-03 17:33:00,0.18829311
2026-02-03 17:34:00,0.1993384
2026-02-03 17:35:00,0.19922575
2026-02-03 17:36:00,0.20749171
2026-02-03 17:37:00,0.21619472
2026-02-03 17:38:00,0.19690402
2026-02-03 17:39:00,0.2432843
2026-02-03 17:40:00,0.29256737
2026-02-03 17:41:00,0.25522667
2026-02-03 17:42:00,0.20737818
2026-02-03 17:43:00,0.139394
2026-02-03 17:44:00,0.18119535
2026-02-03 17:45:00,0.20645243
2026-02-03 17:46:00,0.20370248
2026-02-03 17:47:00,0.21944894
2026-02-03 17:48:00,0.26962814
2026-02-03 17:49:00,0.300429
2026-02-03 17:50:00,0.32968563
2026-02-03 17:51:00,0.34194976
2026-02-03 17:52:00,0.35154942
2026-02-03 17:53:00,0.34300312
2026-02-03 17:54:00,0.31873518
2026-02-03 17:55:00,0.26226622
2026-02-03 17:56:00,0.26241496
2026-02-03 17:57:00,0.23088288
2026-02-03 17:58:00,0.1931997
2026-02-03 17:59:00,0.13629699
2026-02-03 18:00:00,0.3261952
2026-02-03 18:01:00,0.284376
2026-02-03 18:02:00,0.21521309
2026-02-03 18:03:00,0.18753503
2026-02-03 18:04:00,0.14921562
2026-02-03 18:05:00,0.08419106
2026-02-03 18:06:00,0.07848578
2026-02-03 18:07:00,0.07819648
2026-02-03 18:08:00,0.09739387
2026-02-03 18:09:00,0.08203594
2026-02-03 18:10:00,0.13152
2026-02-03 18:11:00,0.12908547
2026-02-03 18:12:00,0.10383816
2026-02-03 18:13:00,0.10966486
2026-02-03 18:14:00,0.09747816
2026-02-03 18:15:00,0.093098365
2026-02-03 18:16:00,0.11764719
2026-02-03 18:17:00,0.19678162
2026-02-03 18:18:00,0.18613222
2026-02-03 18:19:00,0.15959062
2026-02-03 18:20:00,0.1529783
2026-02-03 18:21:00,0.19491173
2026-02-03 18:22:00,0.18927169
2026-02-03 18:23:00,0.19703022
2026-02-03 18:24:00,0.13618329
2026-02-03 18:25:00,0.15579745
2026-02-03 18:26:00,0.18121049
2026-02-03 18:27:00,0.14686325
2026-02-03 18:28:00,0.1476481
2026-02-03 18:29:00,0.15614344
2026-02-03 18:30:00,0.16757427
2026-02-03 18:31:00,0.112659544
2026-02-03 18:32:00,0.09942949
2026-02-03 18:33:00,0.103853725
2026-02-03 18:34:00,0.13289149
2026-02-03 18:35:00,0.13858594
2026-02-03 18:36:00,0.16568513
2026-02-03 18:37:00,0.24620458
2026-02-03 18:38:00,0.20399596
2026-02-03 18:39:00,0.21536405
2026-02-03 18:40:00,0.19970651
2026-02-03 18:41:00,0.2132748
2026-02-03 18:42:00,0.22427683
2026-02-03 18:43:00,0.16843964
2026-02-03 18:44:00,0.17643344
2026-02-03 18:45:00,0.14124338
2026-02-03 18:46:00,0.13767007
2026-02-03 18:47:00,0.09413939
2026-02-03 18:48:00,0.15069525
2026-02-03 18:49:00,0.123235196
2026-02-03 18:50:00,0.14738955
2026-02-03 18:51:00,0.1265605
2026-02-03 18:52:00,0.11383872
2026-02-03 18:53:00,0.073608
2026-02-03 18:54:00,0.048118215
2026-02-03 18:55:00,0.10272547
2026-02-03 18:56:00,0.09342938
2026-02-03 18:57:00,0.04
2026-02-03 18:58:00,0.10116854
2026-02-03 18:59:00,0.13669935
2026-02-03 19:00:00,0.4231212
2026-02-03 19:01:00,0.39060223
2026-02-03 19:02:00,0.31756616
2026-02-03 19:03:00,0.20704943
2026-02-03 19:04:00,0.17777146
2026-02-03 19:05:00,0.20595747
2026-02-03 19:06:00,0.19789912
2026-02-03 19:07:00,0.21069926
2026-02-03 19:08:00,0.16343994
2026-02-03 19:09:00,0.16042893
2026-02-03 19:10:00,0.17844734
2026-02-03 19:11:00,0.19974755
2026-02-03 19:12:00,0.21209228
2026-02-03 19:13:00,0.24657159
2026-02-03 19:14:00,0.2056605
2026-02-03 19:15:00,0.1618121
2026-02-03 19:16:00,0.16802688
2026-02-03 19:17:00,0.15279984
2026-02-03 19:18:00,0.10499941
2026-02-03 19:19:00,0.15459014
2026-02-03 19:20:00,0.18560742
2026-02-03 19:21:00,0.16156285
2026-02-03 19:22:00,0.19335233
2026-02-03 19:23:00,0.1919209
2026-02-03 19:24:00,0.22637644
2026-02-03 19:25:00,0.24483
2026-02-03 19:26:00,0.21970482
2026-02-03 19:27:00,0.20606425
2026-02-03 19:28:00,0.19180706
2026-02-03 19:29:00,0.15241994
2026-02-03 19:30:00,0.13364832
2026-02-03 19:31:00,0.07717555
2026-02-03 19:32:00,0.055674735
2026-02-03 19:33:00,0.08497395
2026-02-03 19:34:00,0.04
2026-02-03 19:35:00,0.04
2026-02-03 19:36:00,0.04
2026-02-03 19:37:00,0.04
2026-02-03 19:38:00,0.04
2026-02-03 19:39:00,0.045324095
2026-02-03 19:40:00,0.10756088
2026-02-03 19:41:00,0.12947504
2026-02-03 19:42:00,0.101116665
2026-02-03 19:43:00,0.15128227
2026-02-03 19:44:00,0.12479575
2026-02-03 19:45:00,0.11470374
2026-02-03 19:46:00,0.115220405
2026-02-03 19:47:00,0.13438901
2026-02-03 19:48:00,0.10016242
2026-02-03 19:49:00,0.079683915
2026-02-03 19:50:00,0.15185477
2026-02-03 19:51:00,0.17526443
2026-02-03 19:52:00,0.19926982
2026-02-03 19:53:00,0.19418935
2026-02-03 19:54:00,0.19576661
2026-02-03 19:55:00,0.16936582
2026-02-03 19:56:00,0.107655734
2026-02-03 19:57:00,0.13835597
2026-02-03 19:58:00,0.17373207
2026-02-03 19:59:00,0.19235803
2026-02-03 20:00:00,0.34564123
2026-02-03 20:01:00,0.35063043
2026-02-03 20:02:00,0.29457074
2026-02-03 20:03:00,0.2171392
2026-02-03 20:04:00,0.13218533
2026-02-03 20:05:00,0.11102305
2026-02-03 20:06:00,0.1315461
2026-02-03 20:07:00,0.12404962
2026-02-03 20:08:00,0.1618352
2026-02-03 20:09:00,0.13711078
2026-02-03 20:10:00,0.15160725
2026-02-03 20:11:00,0.066864274
2026-02-03 20:12:00,0.07492092
2026-02-03 20:13:00,0.06739253
2026-02-03 20:14:00,0.114801526
2026-02-03 20:15:00,0.100001484
2026-02-03 20:16:00,0.21880758
2026-02-03 20:17:00,0.21324663
2026-02-03 20:18:00,0.21483962
2026-02-03 20:19:00,0.19713162
2026-02-03 20:20:00,0.16306578
2026-02-03 20:21:00,0.12981936
2026-02-03 20:22:00,0.14739619
2026-02-03 20:23:00,0.07393826
2026-02-03 20:24:00,0.056246664
2026-02-03 20:25:00,0.08386594
2026-02-03 20:26:00,0.047677536
2026-02-03 20:27:00,0.09795539
2026-02-03 20:28:00,0.17980514
2026-02-03 20:29:00,0.26208392
2026-02-03 20:30:00,0.2715353
2026-02-03 20:31:00,0.28416094
2026-02-03 20:32:00,0.2843564
2026-02-03 20:33:00,0.23902813
2026-02-03 20:34:00,0.24080189
2026-02-03 20:35:00,0.21871525
2026-02-03 20:36:00,0.23229928
2026-02-03 20:37:00,0.27116087
2026-02-03 20:38:00,0.24464771
2026-02-03 20:39:00,0.26141357
2026-02-03 20:40:00,0.22827373
2026-02-03 20:41:00,0.21258055
2026-02-03 20:42:00,0.21481237
2026-02-03 20:43:00,0.23100854
2026-02-03 20:44:00,0.22318642
2026-02-03 20:45:00,0.27017498
2026-02-03 20:46:00,0.27246007
2026-02-03 20:47:00,0.2443952
2026-02-03 20:48:00,0.2349487
2026-02-03 20:49:00,0.21959361
2026-02-03 20:50:00,0.22024532
2026-02-03 20:51:00,0.22449726
2026-02-03 20:52:00,0.20439807
2026-02-03 20:53:00,0.12900828
2026-02-03 20:54:00,0.14833832
2026-02-03 20:55:00,0.13083789
2026-02-03 20:56:00,0.13194782
2026-02-03 20:57:00,0.15264142
2026-02-03 20:58:00,0.14797541
2026-02-03 20:59:00,0.13001134
2026-02-03 21:00:00,0.34398454
2026-02-03 21:01:00,0.35559124
2026-02-03 21:02:00,0.3208479
2026-02-03 21:03:00,0.31728202
2026-02-03 21:04:00,0.27217498
2026-02-03 21:05:00,0.21489356
2026-02-03 21:06:00,0.2005968
2026-02-03 21:07:00,0.17947957
2026-02-03 21:08:00,0.1767392
2026-02-03 21:09:00,0.07001249
2026-02-03 21:10:00,0.14723563
2026-02-03 21:11:00,0.113765515
2026-02-03 21:12:00,0.051848546
2026-02-03 21:13:00,0.11237173
2026-02-03 21:14:00,0.1192791
2026-02-03 21:15:00,0.18141441
2026-02-03 21:16:00,0.22024988
2026-02-03 21:17:00,0.19431801
2026-02-03 21:18:00,0.22645396
2026-02-03 21:19:00,0.22445416
2026-02-03 21:20:00,0.2245206
2026-02-03 21:21:00,0.18290006
2026-02-03 21:22:00,0.19058491
2026-02-03 21:23:00,0.16195615
2026-02-03 21:24:00,0.171137
2026-02-03 21:25:00,0.19356513
2026-02-03 21:26:00,0.23291573
2026-02-03 21:27:00,0.26212037
2026-02-03 21:28:00,0.25499508
2026-02-03 21:29:00,0.22391976
2026-02-03 21:30:00,0.23666365
2026-02-03 21:31:00,0.2398001
2026-02-03 21:32:00,0.26842585
2026-02-03 21:33:00,0.2731366
2026-02-03 21:34:00,0.26614687
2026-02-03 21:35:00,0.27513453
2026-02-03 21:36:00,0.251297
2026-02-03 21:37:00,0.22082835
2026-02-03 21:38:00,0.24234329
2026-02-03 21:39:00,0.14709593
2026-02-03 21:40:00,0.1320855
2026-02-03 21:41:00,0.1910684
2026-02-03 21:42:00,0.2084623
2026-02-03 21:43:00,0.16534597
2026-02-03 21:44:00,0.22310866
2026-02-03 21:45:00,0.17687699
2026-02-03 21:46:00,0.20488453
2026-02-03 21:47:00,0.20272607
2026-02-03 21:48:00,0.20418097
2026-02-03 21:49:00,0.22275104
2026-02-03 21:50:00,0.16357426
2026-02-03 21:51:00,0.14878532
2026-02-03 21:52:00,0.14164984
2026-02-03 21:53:00,0.13494192
2026-02-03 21:54:00,0.14052305
2026-02-03 21:55:00,0.17002729
2026-02-03 21:56:00,0.17605796
2026-02-03 21:57:00,0.24002513
2026-02-03 21:58:00,0.20226298
2026-02-03 21:59:00,0.16818024
2026-02-03 22:00:00,0.4156386
2026-02-03 22:01:00,0.3484291
2026-02-03 22:02:00,0.17806603
2026-02-03 22:03:00,0.14532796
2026-02-03 22:04:00,0.12900423
2026-02-03 22:05:00,0.19353549
2026-02-03 22:06:00,0.21867019
2026-02-03 22:07:00,0.21568906
2026-02-03 22:08:00,0.2341221
2026-02-03 22:09:00,0.2203175
2026-02-03 22:10:00,0.23263425
2026-02-03 22:11:00,0.23212573
2026-02-03 22:12:00,0.19791487
2026-02-03 22:13:00,0.18812196
2026-02-03 22:14:00,0.20225175
2026-02-03 22:15:00,0.19275218
2026-02-03 22:16:00,0.21117628
2026-02-03 22:17:00,0.27601323
2026-02-03 22:18:00,0.2313849
2026-02-03 22:19:00,0.16608079
2026-02-03 22:20:00,0.20492367
2026-02-03 22:21:00,0.25034285
2026-02-03 22:22:00,0.3055019
2026-02-03 22:23:00,0.24603605
2026-02-03 22:24:00,0.20278938
2026-02-03 22:25:00,0.1895448
2026-02-03 22:26:00,0.18601762
2026-02-03 22:27:00,0.17364421
2026-02-03 22:28:00,0.23007199
2026-02-03 22:29:00,0.25859424
2026-02-03 22:30:00,0.22204037
2026-02-03 22:31:00,0.22891262
2026-02-03 22:32:00,0.335559
2026-02-03 22:33:00,0.2943851
2026-02-03 22:34:00,0.30200762
2026-02-03 22:35:00,0.29009083
2026-02-03 22:36:00,0.3035572
2026-02-03 22:37:00,0.3050879
2026-02-03 22:38:00,0.31277606
2026-02-03 22:39:00,0.32912013
2026-02-03 22:40:00,0.2941818
2026-02-03 22:41:00,0.32427087
2026-02-03 22:42:00,0.32885522
2026-02-03 22:43:00,0.29972374
2026-02-03 22:44:00,0.28331947
2026-02-03 22:45:00,0.25024152
2026-02-03 22:46:00,0.26256788
2026-02-03 22:47:00,0.24456571
2026-02-03 22:48:00,0.24181484
2026-02-03 22:49:00,0.23727167
2026-02-03 22:50:00,0.28643516
2026-02-03 22:51:00,0.24045387
2026-02-03 22:52:00,0.2996506
2026-02-03 22:53:00,0.30705196
2026-02-03 22:54:00,0.25031632
2026-02-03 22:55:00,0.26691437
2026-02-03 22:56:00,0.2221249
2026-02-03 22:57:00,0.16217563
2026-02-03 22:58:00,0.15107039
2026-02-03 22:59:00,0.13126844
2026-02-03 23:00:00,0.37752807
2026-02-03 23:01:00,0.32663986
2026-02-03 23:02:00,0.25351784
2026-02-03 23:03:00,0.2362785
2026-02-03 23:04:00,0.23550373
2026-02-03 23:05:00,0.20300345
2026-02-03 23:06:00,0.12355555
2026-02-03 23:07:00,0.13279845
2026-02-03 23:08:00,0.18587904
2026-02-03 23:09:00,0.17566411
2026-02-03 23:10:00,0.15051003
2026-02-03 23:11:00,0.13393378
2026-02-03 23:12:00,0.15431915
2026-02-03 23:13:00,0.17931463
2026-02-03 23:14:00,0.19574472
2026-02-03 23:15:00,0.15870789
2026-02-03 23:16:00,0.15232025
2026-02-03 23:17:00,0.21012297
2026-02-03 23:18:00,0.252496
2026-02-03 23:19:00,0.23824131
2026-02-03 23:20:00,0.18590786
2026-02-03 23:21:00,0.21675454
2026-02-03 23:22:00,0.18728344
2026-02-03 23:23:00,0.22494748
2026-02-03 23:24:00,0.29271495
2026-02-03 23:25:00,0.3164206
2026-02-03 23:26:00,0.28355762
2026-02-03 23:27:00,0.31661102
2026-02-03 23:28:00,0.29351333
2026-02-03 23:29:00,0.26978934
2026-02-03 23:30:00,0.32660273
2026-02-03 23:31:00,0.30807972
2026-02-03 23:32:00,0.3049647
2026-02-03 23:33:00,0.28003472
2026-02-03 23:34:00,0.31841874
2026-02-03 23:35:00,0.27983823
2026-02-03 23:36:00,0.25736988
2026-02-03 23:37:00,0.20371099
2026-02-03 23:38:00,0.279033
2026-02-03 23:39:00,0.26339334
2026-02-03 23:40:00,0.19743271
2026-02-03 23:41:00,0.1735334
2026-02-03 23:42:00,0.18125717
2026-02-03 23:43:00,0.17243814
2026-02-03 23:44:00,0.2222894
2026-02-03 23:45:00,0.23355924
2026-02-03 23:46:00,0.2489303
2026-02-03 23:47:00,0.26677382
2026-02-03 23:48:00,0.19436894
2026-02-03 23:49:00,0.20126432
2026-02-03 23:50:00,0.1947898
2026-02-03 23:51:00,0.17018054
2026-02-03 23:52:00,0.14855844
2026-02-03 23:53:00,0.2070289
2026-02-03 23:54:00,0.22868754
2026-02-03 23:55:00,0.29385167
2026-02-03 23:56:00,0.27997518
2026-02-03 23:57:00,0.31173772
2026-02-03 23:58:00,0.2851429
2026-02-03 23:59:00,0.3118724
2026-02-04 00:00:00,0.4959211
2026-02-04 00:01:00,0.48181337
2026-02-04 00:02:00,0.4381422
2026-02-04 00:03:00,0.39676902
2026-02-04 00:04:00,0.34626535
2026-02-04 00:05:00,0.3546552
2026-02-04 00:06:00,0.30840585
2026-02-04 00:07:00,0.3083743
2026-02-04 00:08:00,0.31245798
2026-02-04 00:09:00,0.30035713
2026-02-04 00:10:00,0.2955271
2026-02-04 00:11:00,0.3932699
2026-02-04 00:12:00,0.41002116
2026-02-04 00:13:00,0.40320477
2026-02-04 00:14:00,0.32080558
2026-02-04 00:15:00,0.31923229
2026-02-04 00:16:00,0.32764837
2026-02-04 00:17:00,0.29062617
2026-02-04 00:18:00,0.25811946
2026-02-04 00:19:00,0.24030066
2026-02-04 00:20:00,0.20683382
2026-02-04 00:21:00,0.25300106
2026-02-04 00:22:00,0.25988048
2026-02-04 00:23:00,0.2806018
2026-02-04 00:24:00,0.22332151
2026-02-04 00:25:00,0.23661311
2026-02-04 00:26:00,0.2136428
2026-02-04 00:27:00,0.18981494
2026-02-04 00:28:00,0.18287419
2026-02-04 00:29:00,0.18341435
2026-02-04 00:30:00,0.19553645
2026-02-04 00:31:00,0.17666748
2026-02-04 00:32:00,0.19849358
2026-02-04 00:33:00,0.2403693
2026-02-04 00:34:00,0.20548913
2026-02-04 00:35:00,0.16535537
2026-02-04 00:36:00,0.19017975
2026-02-04 00:37:00,0.22169077
2026-02-04 00:38:00,0.1946329
2026-02-04 00:39:00,0.21847557
2026-02-04 00:40:00,0.18307799
2026-02-04 00:41:00,0.19168086
2026-02-04 00:42:00,0.20057705
2026-02-04 00:43:00,0.19481862
2026-02-04 00:44:00,0.15926225
2026-02-04 00:45:00,0.13553296
2026-02-04 00:46:00,0.15445432
2026-02-04 00:47:00,0.14340575
2026-02-04 00:48:00,0.1689176
2026-02-04 00:49:00,0.21984676
2026-02-04 00:50:00,0.195224
2026-02-04 00:51:00,0.12689433
2026-02-04 00:52:00,0.18452294
2026-02-04 00:53:00,0.09406481
2026-02-04 00:54:00,0.1386192
2026-02-04 00:55:00,0.1605455
2026-02-04 00:56:00,0.14127682
2026-02-04 00:57:00,0.17387703
2026-02-04 00:58:00,0.20695932
2026-02-04 00:59:00,0.16669974
2026-02-04 01:00:00,0.41346905
2026-02-04 01:01:00,0.4084978
2026-02-04 01:02:00,0.4036725
2026-02-04 01:03:00,0.3253319
2026-02-04 01:04:00,0.2929459
2026-02-04 01:05:00,0.26510012
2026-02-04 01:06:00,0.22965744
2026-02-04 01:07:00,0.24761821
2026-02-04 01:08:00,0.27102536
2026-02-04 01:09:00,0.30703077
2026-02-04 01:10:00,0.23697425
2026-02-04 01:11:00,0.30696777
2026-02-04 01:12:00,0.30452165
2026-02-04 01:13:00,0.3579027
2026-02-04 01:14:00,0.31217483
2026-02-04 01:15:00,0.3176594
2026-02-04 01:16:00,0.33667716
2026-02-04 01:17:00,0.3196528
2026-02-04 01:18:00,0.3395972
2026-02-04 01:19:00,0.32506853
2026-02-04 01:20:00,0.22893074
2026-02-04 01:21:00,0.21176405
2026-02-04 01:22:00,0.20294377
2026-02-04 01:23:00,0.19092566
2026-02-04 01:24:00,0.21743251
2026-02-04 01:25:00,0.25090864
2026-02-04 01:26:00,0.22038168
2026-02-04 01:27:00,0.20907587
2026-02-04 01:28:00,0.30605644
2026-02-04 01:29:00,0.3483505
2026-02-04 01:30:00,0.3489786
2026-02-04 01:31:00,0.35541767
2026-02-04 01:32:00,0.33361572
2026-02-04 01:33:00,0.30061916
2026-02-04 01:34:00,0.3195161
2026-02-04 01:35:00,0.41190988
2026-02-04 01:36:00,0.39844123
2026-02-04 01:37:00,0.3852481
2026-02-04 01:38:00,0.40407574
2026-02-04 01:39:00,0.40203908
2026-02-04 01:40:00,0.40530425
2026-02-04 01:41:00,0.40188205
2026-02-04 01:42:00,0.38239038
2026-02-04 01:43:00,0.34415936
2026-02-04 01:44:00,0.33378616
2026-02-04 01:45:00,0.36964554
2026-02-04 01:46:00,0.35250008
2026-02-04 01:47:00,0.36008516
2026-02-04 01:48:00,0.3532552
2026-02-04 01:49:00,0.37140033
2026-02-04 01:50:00,0.376979
2026-02-04 01:51:00,0.4090318
2026-02-04 01:52:00,0.41107845
2026-02-04 01:53:00,0.4430696
2026-02-04 01:54:00,0.5041267
2026-02-04 01:55:00,0.5355808
2026-02-04 01:56:00,0.5036754
2026-02-04 01:57:00,0.49415565
2026-02-04 01:58:00,0.48881212
2026-02-04 01:59:00,0.47730508
2026-02-04 02:00:00,0.7054735
2026-02-04 02:01:00,0.6620563
2026-02-04 02:02:00,0.5932783
2026-02-04 02:03:00,0.49268097
2026-02-04 02:04:00,0.44159526
2026-02-04 02:05:00,0.3950412
2026-02-04 02:06:00,0.41762587
2026-02-04 02:07:00,0.40914425
2026-02-04 02:08:00,0.4569435
2026-02-04 02:09:00,0.51486236
2026-02-04 02:10:00,0.52531964
2026-02-04 02:11:00,0.52235925
2026-02-04 02:12:00,0.54453164
2026-02-04 02:13:00,0.60608125
2026-02-04 02:14:00,0.6435513
2026-02-04 02:15:00,0.60437995
2026-02-04 02:16:00,0.61457497
2026-02-04 02:17:00,0.5469489
2026-02-04 02:18:00,0.53789556
2026-02-04 02:19:00,0.50911707
2026-02-04 02:20:00,0.44523638
2026-02-04 02:21:00,0.4457008
2026-02-04 02:22:00,0.42434743
2026-02-04 02:23:00,0.4146292
2026-02-04 02:24:00,0.42602107
2026-02-04 02:25:00,0.40939042
2026-02-04 02:26:00,0.4213997
2026-02-04 02:27:00,0.43629968
2026-02-04 02:28:00,0.38366294
2026-02-04 02:29:00,0.36088863
2026-02-04 02:30:00,0.34864452
2026-02-04 02:31:00,0.2951042
2026-02-04 02:32:00,0.28223094
2026-02-04 02:33:00,0.2702701
2026-02-04 02:34:00,0.32012898
2026-02-04 02:35:00,0.37069398
2026-02-04 02:36:00,0.38179207
2026-02-04 02:37:00,0.39465496
2026-02-04 02:38:00,0.39894545
2026-02-04 02:39:00,0.40510103
2026-02-04 02:40:00,0.36270517
2026-02-04 02:41:00,0.36054996
2026-02-04 02:42:00,0.30670047
2026-02-04 02:43:00,0.37228873
2026-02-04 02:44:00,0.40306216
2026-02-04 02:45:00,0.4201103
2026-02-04 02:46:00,0.4223467
2026-02-04 02:47:00,0.41993466
2026-02-04 02:48:00,0.41412666
2026-02-04 02:49:00,0.38878873
2026-02-04 02:50:00,0.35774863
2026-02-04 02:51:00,0.4047189
2026-02-04 02:52:00,0.43587583
2026-02-04 02:53:00,0.39521396
2026-02-04 02:54:00,0.4023151
2026-02-04 02:55:00,0.45371604
2026-02-04 02:56:00,0.43828353
2026-02-04 02:57:00,0.41782033
2026-02-04 02:58:00,0.46034968
2026-02-04 02:59:00,0.4455502
2026-02-04 03:00:00,0.7075707
2026-02-04 03:01:00,0.6578675
2026-02-04 03:02:00,0.608456
2026-02-04 03:03:00,0.58473647
2026-02-04 03:04:00,0.57488143
2026-02-04 03:05:00,0.5180297
2026-02-04 03:06:00,0.48273307
2026-02-04 03:07:00,0.46038264
2026-02-04 03:08:00,0.42584142
2026-02-04 03:09:00,0.39129463
2026-02-04 03:10:00,0.4467727
2026-02-04 03:11:00,0.45465392
2026-02-04 03:12:00,0.4813908
2026-02-04 03:13:00,0.47216246
2026-02-04 03:14:00,0.4287083
2026-02-04 03:15:00,0.39341125
2026-02-04 03:16:00,0.4175727
2026-02-04 03:17:00,0.38463578
2026-02-04 03:18:00,0.40797877
2026-02-04 03:19:00,0.38498765
2026-02-04 03:20:00,0.36054605
2026-02-04 03:21:00,0.3927136
2026-02-04 03:22:00,0.410931
2026-02-04 03:23:00,0.4592371
2026-02-04 03:24:00,0.4494875
2026-02-04 03:25:00,0.39001575
2026-02-04 03:26:00,0.3877726
2026-02-04 03:27:00,0.3744335
2026-02-04 03:28:00,0.35560045
2026-02-04 03:29:00,0.37770668
2026-02-04 03:30:00,0.40739405
2026-02-04 03:31:00,0.43533003
2026-02-04 03:32:00,0.40130085
2026-02-04 03:33:00,0.39947453
2026-02-04 03:34:00,0.43040007
2026-02-04 03:35:00,0.43046537
2026-02-04 03:36:00,0.4044054
2026-02-04 03:37:00,0.4140786
2026-02-04 03:38:00,0.38765156
2026-02-04 03:39:00,0.39207566
2026-02-04 03:40:00,0.44749603
2026-02-04 03:41:00,0.4567167
2026-02-04 03:42:00,0.4282153
2026-02-04 03:43:00,0.40139544
2026-02-04 03:44:00,0.4396562
2026-02-04 03:45:00,0.37663108
2026-02-04 03:46:00,0.39711332
2026-02-04 03:47:00,0.3660472
2026-02-04 03:48:00,0.3931643
2026-02-04 03:49:00,0.40449977
2026-02-04 03:50:00,0.39885092
2026-02-04 03:51:00,0.3557783
2026-02-04 03:52:00,0.31856966
2026-02-04 03:53:00,0.30397588
2026-02-04 03:54:00,0.33601746
2026-02-04 03:55:00,0.35952348
2026-02-04 03:56:00,0.34941438
2026-02-04 03:57:00,0.2925443
2026-02-04 03:58:00,0.32528427
2026-02-04 03:59:00,0.22240613
2026-02-04 04:00:00,0.4848766
2026-02-04 04:01:00,0.4683531
2026-02-04 04:02:00,0.4028358
2026-02-04 04:03:00,0.363014
2026-02-04 04:04:00,0.31157345
2026-02-04 04:05:00,0.40982303
2026-02-04 04:06:00,0.35143712
2026-02-04 04:07:00,0.28488743
2026-02-04 04:08:00,0.26410195
2026-02-04 04:09:00,0.28145403
2026-02-04 04:10:00,0.30492395
2026-02-04 04:11:00,0.3749485
2026-02-04 04:12:00,0.3995557
2026-02-04 04:13:00,0.35302803
2026-02-04 04:14:00,0.33383095
2026-02-04 04:15:00,0.34755862
2026-02-04 04:16:00,0.29722804
2026-02-04 04:17:00,0.2831109
2026-02-04 04:18:00,0.2737603
2026-02-04 04:19:00,0.3264458
2026-02-04 04:20:00,0.32425404
2026-02-04 04:21:00,0.34132183
2026-02-04 04:22:00,0.34963802
2026-02-04 04:23:00,0.37043363
2026-02-04 04:24:00,0.37163842
2026-02-04 04:25:00,0.38211668
2026-02-04 04:26:00,0.38809648
2026-02-04 04:27:00,0.32523522
2026-02-04 04:28:00,0.30296186
2026-02-04 04:29:00,0.32474145
2026-02-04 04:30:00,0.3073884
2026-02-04 04:31:00,0.33031747
2026-02-04 04:32:00,0.35991573
2026-02-04 04:33:00,0.29172868
2026-02-04 04:34:00,0.27972636
2026-02-04 04:35:00,0.27253658
2026-02-04 04:36:00,0.3070412
2026-02-04 04:37:00,0.336635
2026-02-04 04:38:00,0.261162
2026-02-04 04:39:00,0.2816882
2026-02-04 04:40:00,0.31907302
2026-02-04 04:41:00,0.36381412
2026-02-04 04:42:00,0.36014098
2026-02-04 04:43:00,0.31809774
2026-02-04 04:44:00,0.37283242
2026-02-04 04:45:00,0.36797956
2026-02-04 04:46:00,0.42059875
2026-02-04 04:47:00,0.3575428
2026-02-04 04:48:00,0.36342326
2026-02-04 04:49:00,0.36253437
2026-02-04 04:50:00,0.37444013
2026-02-04 04:51:00,0.3187839
2026-02-04 04:52:00,0.39252433
2026-02-04 04:53:00,0.37089568
2026-02-04 04:54:00,0.37254998
2026-02-04 04:55:00,0.33175102
2026-02-04 04:56:00,0.31913272
2026-02-04 04:57:00,0.31644756
2026-02-04 04:58:00,0.33206758
2026-02-04 04:59:00,0.3821593
2026-02-04 05:00:00,0.5700735
2026-02-04 05:01:00,0.5569129
2026-02-04 05:02:00,0.48776922
2026-02-04 05:03:00,0.42250174
2026-02-04 05:04:00,0.34869248
2026-02-04 05:05:00,0.32470575
2026-02-04 05:06:00,0.3490747
2026-02-04 05:07:00,0.36794978
2026-02-04 05:08:00,0.3796372
2026-02-04 05:09:00,0.35429168
2026-02-04 05:10:00,0.28891483
2026-02-04 05:11:00,0.3127131
2026-02-04 05:12:00,0.3213382
2026-02-04 05:13:00,0.31949925
2026-02-04 05:14:00,0.34523427
2026-02-04 05:15:00,0.43773222
2026-02-04 05:16:00,0.45534125
2026-02-04 05:17:00,0.44945243
2026-02-04 05:18:00,0.48538113
2026-02-04 05:19:00,0.5695547
2026-02-04 05:20:00,0.5374672
2026-02-04 05:21:00,0.49056074
2026-02-04 05:22:00,0.49439254
2026-02-04 05:23:00,0.46464026
2026-02-04 05:24:00,0.45115823
2026-02-04 05:25:00,0.45619395
2026-02-04 05:26:00,0.40698117
2026-02-04 05:27:00,0.36963952
2026-02-04 05:28:00,0.3224568
2026-02-04 05:29:00,0.33174163
2026-02-04 05:30:00,0.3851366
2026-02-04 05:31:00,0.4275506
2026-02-04 05:32:00,0.45188332
2026-02-04 05:33:00,0.43741265
2026-02-04 05:34:00,0.46485767
2026-02-04 05:35:00,0.46926475
2026-02-04 05:36:00,0.5242886
2026-02-04 05:37:00,0.515676
2026-02-04 05:38:00,0.45845267
2026-02-04 05:39:00,0.4022109
2026-02-04 05:40:00,0.36727822
2026-02-04 05:41:00,0.39429015
2026-02-04 05:42:00,0.36507225
2026-02-04 05:43:00,0.3753491
2026-02-04 05:44:00,0.40153462
2026-02-04 05:45:00,0.3491693
2026-02-04 05:46:00,0.29861835
2026-02-04 05:47:00,0.23565212
2026-02-04 05:48:00,0.24979094
2026-02-04 05:49:00,0.27824008
2026-02-04 05:50:00,0.3190904
2026-02-04 05:51:00,0.27414575
2026-02-04 05:52:00,0.26725006
2026-02-04 05:53:00,0.2914948
2026-02-04 05:54:00,0.32117626
2026-02-04 05:55:00,0.29975003
2026-02-04 05:56:00,0.29741874
2026-02-04 05:57:00,0.29655433
2026-02-04 05:58:00,0.32972166
2026-02-04 05:59:00,0.25570947
2026-02-04 06:00:00,0.43600178
2026-02-04 06:01:00,0.52354664
2026-02-04 06:02:00,0.3819316
2026-02-04 06:03:00,0.3459881
2026-02-04 06:04:00,0.32034189
2026-02-04 06:05:00,0.3032214
2026-02-04 06:06:00,0.25816116
2026-02-04 06:07:00,0.29052904
2026-02-04 06:08:00,0.30340266
2026-02-04 06:09:00,0.32022804
2026-02-04 06:10:00,0.28101015
2026-02-04 06:11:00,0.35983244
2026-02-04 06:12:00,0.41555613
2026-02-04 06:13:00,0.4339195
2026-02-04 06:14:00,0.4151483
2026-02-04 06:15:00,0.44131604
2026-02-04 06:16:00,0.4011268
2026-02-04 06:17:00,0.4687224
2026-02-04 06:18:00,0.4635267
2026-02-04 06:19:00,0.465938
2026-02-04 06:20:00,0.40573883
2026-02-04 06:21:00,0.42046344
2026-02-04 06:22:00,0.45880753
2026-02-04 06:23:00,0.44954166
2026-02-04 06:24:00,0.503724
2026-02-04 06:25:00,0.5095758
2026-02-04 06:26:00,0.4956885
2026-02-04 06:27:00,0.49498543
2026-02-04 06:28:00,0.43671387
2026-02-04 06:29:00,0.45418963
2026-02-04 06:30:00,0.44601157
2026-02-04 06:31:00,0.5002192
2026-02-04 06:32:00,0.5164341
2026-02-04 06:33:00,0.47110295
2026-02-04 06:34:00,0.44729516
2026-02-04 06:35:00,0.4533617
2026-02-04 06:36:00,0.44788522
2026-02-04 06:37:00,0.47102064
2026-02-04 06:38:00,0.55446243
2026-02-04 06:39:00,0.5052224
2026-02-04 06:40:00,0.5200661
2026-02-04 06:41:00,0.4711977
2026-02-04 06:42:00,0.42815354
2026-02-04 06:43:00,0.427984
2026-02-04 06:44:00,0.46637926
2026-02-04 06:45:00,0.43187338
2026-02-04 06:46:00,0.44016913
2026-02-04 06:47:00,0.40942848
2026-02-04 06:48:00,0.45341107
2026-02-04 06:49:00,0.4745673
2026-02-04 06:50:00,0.4979953
2026-02-04 06:51:00,0.50411236
2026-02-04 06:52:00,0.5008926
2026-02-04 06:53:00,0.49950933
2026-02-04 06:54:00,0.43488976
2026-02-04 06:55:00,0.42554644
2026-02-04 06:56:00,0.42561007
2026-02-04 06:57:00,0.45155066
2026-02-04 06:58:00,0.41465807
2026-02-04 06:59:00,0.37044063
2026-02-04 07:00:00,0.5806066
2026-02-04 07:01:00,0.56474453
2026-02-04 07:02:00,0.515912
2026-02-04 07:03:00,0.45478716
2026-02-04 07:04:00,0.36645874
2026-02-04 07:05:00,0.3583912
2026-02-04 07:06:00,0.34171492
2026-02-04 07:07:00,0.3236288
2026-02-04 07:08:00,0.37629622
2026-02-04 07:09:00,0.35983533
2026-02-04 07:10:00,0.36779907
2026-02-04 07:11:00,0.37983695
2026-02-04 07:12:00,0.32555616
2026-02-04 07:13:00,0.29670796
2026-02-04 07:14:00,0.3290545
2026-02-04 07:15:00,0.35929018
2026-02-04 07:16:00,0.39101908
2026-02-04 07:17:00,0.3841545
2026-02-04 07:18:00,0.37578952
2026-02-04 07:19:00,0.36934027
2026-02-04 07:20:00,0.46639603
2026-02-04 07:21:00,0.40608114
2026-02-04 07:22:00,0.40618217
2026-02-04 07:23:00,0.44395277
2026-02-04 07:24:00,0.39942372
2026-02-04 07:25:00,0.39115697
2026-02-04 07:26:00,0.37640506
2026-02-04 07:27:00,0.41630933
2026-02-04 07:28:00,0.39700124
2026-02-04 07:29:00,0.4224095
2026-02-04 07:30:00,0.35628307
2026-02-04 07:31:00,0.3840946
2026-02-04 07:32:00,0.41025192
2026-02-04 07:33:00,0.4024414
2026-02-04 07:34:00,0.39854148
2026-02-04 07:35:00,0.41267055
2026-02-04 07:36:00,0.37725735
2026-02-04 07:37:00,0.33263797
2026-02-04 07:38:00,0.32555482
2026-02-04 07:39:00,0.27165538
2026-02-04 07:40:00,0.3248317
2026-02-04 07:41:00,0.36057192
2026-02-04 07:42:00,0.37830704
2026-02-04 07:43:00,0.41209835
2026-02-04 07:44:00,0.41619313
2026-02-04 07:45:00,0.4283932
2026-02-04 07:46:00,0.38636205
2026-02-04 07:47:00,0.34758565
2026-02-04 07:48:00,0.3522871
2026-02-04 07:49:00,0.33995372
2026-02-04 07:50:00,0.32514247
2026-02-04 07:51:00,0.3144574
2026-02-04 07:52:00,0.30931336
2026-02-04 07:53:00,0.3219877
2026-02-04 07:54:00,0.35774744
2026-02-04 07:55:00,0.37821344
2026-02-04 07:56:00,0.39538017
2026-02-04 07:57:00,0.38537332
2026-02-04 07:58:00,0.46155855
2026-02-04 07:59:00,0.4700726
2026-02-04 08:00:00,0.6891315
2026-02-04 08:01:00,0.6357511
2026-02-04 08:02:00,0.5656605
2026-02-04 08:03:00,0.4848225
2026-02-04 08:04:00,0.45786592
2026-02-04 08:05:00,0.4562026
2026-02-04 08:06:00,0.46852383
2026-02-04 08:07:00,0.49900535
2026-02-04 08:08:00,0.48384756
2026-02-04 08:09:00,0.4716698
2026-02-04 08:10:00,0.4863438
2026-02-04 08:11:00,0.4523371
2026-02-04 08:12:00,0.4690698
2026-02-04 08:13:00,0.48283038
2026-02-04 08:14:00,0.50631654
2026-02-04 08:15:00,0.47198626
2026-02-04 08:16:00,0.48304376
2026-02-04 08:17:00,0.4682194
2026-02-04 08:18:00,0.42373025
2026-02-04 08:19:00,0.45317417
2026-02-04 08:20:00,0.4640228
2026-02-04 08:21:00,0.4921998
2026-02-04 08:22:00,0.49825186
2026-02-04 08:23:00,0.50535786
2026-02-04 08:24:00,0.4328259
2026-02-04 08:25:00,0.44913337
2026-02-04 08:26:00,0.43505174
2026-02-04 08:27:00,0.42770174
2026-02-04 08:28:00,0.39124823
2026-02-04 08:29:00,0.38136703
2026-02-04 08:30:00,0.39539927
2026-02-04 08:31:00,0.42458478
2026-02-04 08:32:00,0.45246422
2026-02-04 08:33:00,0.48363405
2026-02-04 08:34:00,0.47790635
2026-02-04 08:35:00,0.49187142
2026-02-04 08:36:00,0.4623111
2026-02-04 08:37:00,0.48286837
2026-02-04 08:38:00,0.45129433
2026-02-04 08:39:00,0.42183295
2026-02-04 08:40:00,0.38463283
2026-02-04 08:41:00,0.35540468
2026-02-04 08:42:00,0.3668063
2026-02-04 08:43:00,0.34895533
2026-02-04 08:44:00,0.3897607
2026-02-04 08:45:00,0.28897658
2026-02-04 08:46:00,0.28560284
2026-02-04 08:47:00,0.31050715
2026-02-04 08:48:00,0.3250868
2026-02-04 08:49:00,0.31244567
2026-02-04 08:50:00,0.24301802
2026-02-04 08:51:00,0.23261438
2026-02-04 08:52:00,0.29208305
2026-02-04 08:53:00,0.3363109
2026-02-04 08:54:00,0.34305358
2026-02-04 08:55:00,0.35307276
2026-02-04 08:56:00,0.345831
2026-02-04 08:57:00,0.31220198
2026-02-04 08:58:00,0.31551296
2026-02-04 08:59:00,0.33594245
2026-02-04 09:00:00,0.56276035
2026-02-04 09:01:00,0.48006108
2026-02-04 09:02:00,0.48784232
2026-02-04 09:03:00,0.4338249
2026-02-04 09:04:00,0.40229413
2026-02-04 09:05:00,0.3747895
2026-02-04 09:06:00,0.2991984
2026-02-04 09:07:00,0.34324074
2026-02-04 09:08:00,0.42520654
2026-02-04 09:09:00,0.3945322
2026-02-04 09:10:00,0.3892167
2026-02-04 09:11:00,0.4121467
2026-02-04 09:12:00,0.44909415
2026-02-04 09:13:00,0.42544165
2026-02-04 09:14:00,0.4214012
2026-02-04 09:15:00,0.4432741
2026-02-04 09:16:00,0.44207048
2026-02-04 09:17:00,0.41816452
2026-02-04 09:18:00,0.36178705
2026-02-04 09:19:00,0.4279227
2026-02-04 09:20:00,0.4893623
2026-02-04 09:21:00,0.5223164
2026-02-04 09:22:00,0.57944834
2026-02-04 09:23:00,0.5986983
2026-02-04 09:24:00,0.5537107
2026-02-04 09:25:00,0.50022995
2026-02-04 09:26:00,0.4215828
2026-02-04 09:27:00,0.45113787
2026-02-04 09:28:00,0.48901775
2026-02-04 09:29:00,0.55721617
2026-02-04 09:30:00,0.49154395
2026-02-04 09:31:00,0.44047406
2026-02-04 09:32:00,0.45428538
2026-02-04 09:33:00,0.4608982
2026-02-04 09:34:00,0.3892305
2026-02-04 09:35:00,0.3889789
2026-02-04 09:36:00,0.39739794
2026-02-04 09:37:00,0.4634649
2026-02-04 09:38:00,0.44182652
2026-02-04 09:39:00,0.44082895
2026-02-04 09:40:00,0.46752164
2026-02-04 09:41:00,0.51416945
2026-02-04 09:42:00,0.4488991
2026-02-04 09:43:00,0.41574627
2026-02-04 09:44:00,0.40802372
2026-02-04 09:45:00,0.44420686
2026-02-04 09:46:00,0.36360893
2026-02-04 09:47:00,0.37538257
2026-02-04 09:48:00,0.4042318
2026-02-04 09:49:00,0.4237916
2026-02-04 09:50:00,0.42298326
2026-02-04 09:51:00,0.42551282
2026-02-04 09:52:00,0.43568423
2026-02-04 09:53:00,0.4741828
2026-02-04 09:54:00,0.48859575
2026-02-04 09:55:00,0.5327099
2026-02-04 09:56:00,0.55416876
2026-02-04 09:57:00,0.5519699
2026-02-04 09:58:00,0.51071656
2026-02-04 09:59:00,0.4994675
2026-02-04 10:00:00,0.74484533
2026-02-04 10:01:00,0.7081296
2026-02-04 10:02:00,0.6515317
2026-02-04 10:03:00,0.56743
2026-02-04 10:04:00,0.5200266
2026-02-04 10:05:00,0.5132387
2026-02-04 10:06:00,0.5100504
2026-02-04 10:07:00,0.47883314
2026-02-04 10:08:00,0.54127926
2026-02-04 10:09:00,0.60567313
2026-02-04 10:10:00,0.5637862
2026-02-04 10:11:00,0.5317299
2026-02-04 10:12:00,0.4400174
2026-02-04 10:13:00,0.4615842
2026-02-04 10:14:00,0.51245034
2026-02-04 10:15:00,0.4672542
2026-02-04 10:16:00,0.45390016
2026-02-04 10:17:00,0.3942247
2026-02-04 10:18:00,0.38255835
2026-02-04 10:19:00,0.4212045
2026-02-04 10:20:00,0.45409244
2026-02-04 10:21:00,0.50574297
2026-02-04 10:22:00,0.48229322
2026-02-04 10:23:00,0.5366705
2026-02-04 10:24:00,0.45075747
2026-02-04 10:25:00,0.39337322
2026-02-04 10:26:00,0.37197652
2026-02-04 10:27:00,0.42520982
2026-02-04 10:28:00,0.3959276
2026-02-04 10:29:00,0.3871405
2026-02-04 10:30:00,0.41108128
2026-02-04 10:31:00,0.38715598
2026-02-04 10:32:00,0.40798637
2026-02-04 10:33:00,0.32912236
2026-02-04 10:34:00,0.40003908
2026-02-04 10:35:00,0.34517553
2026-02-04 10:36:00,0.33224636
2026-02-04 10:37:00,0.3376852
2026-02-04 10:38:00,0.33780614
2026-02-04 10:39:00,0.3435828
2026-02-04 10:40:00,0.35129735
2026-02-04 10:41:00,0.28616628
2026-02-04 10:42:00,0.34244186
2026-02-04 10:43:00,0.35784823
2026-02-04 10:44:00,0.3568453
2026-02-04 10:45:00,0.2945974
2026-02-04 10:46:00,0.3543854
2026-02-04 10:47:00,0.35435262
2026-02-04 10:48:00,0.3957977
2026-02-04 10:49:00,0.39973956
2026-02-04 10:50:00,0.36021996
2026-02-04 10:51:00,0.30975705
2026-02-04 10:52:00,0.33190832
2026-02-04 10:53:00,0.30277273
2026-02-04 10:54:00,0.3077
2026-02-04 10:55:00,0.27175668
2026-02-04 10:56:00,0.26761758
2026-02-04 10:57:00,0.27558252
2026-02-04 10:58:00,0.31577548
2026-02-04 10:59:00,0.2918851
2026-02-04 11:00:00,0.5149149
2026-02-04 11:01:00,0.4702993
2026-02-04 11:02:00,0.39577228
2026-02-04 11:03:00,0.3912894
2026-02-04 11:04:00,0.37804112
2026-02-04 11:05:00,0.38413796
2026-02-04 11:06:00,0.4014045
2026-02-04 11:07:00,0.394045
2026-02-04 11:08:00,0.32574707
2026-02-04 11:09:00,0.32018414
2026-02-04 11:10:00,0.2700905
2026-02-04 11:11:00,0.2654815
2026-02-04 11:12:00,0.289654
2026-02-04 11:13:00,0.30035502
2026-02-04 11:14:00,0.20735225
2026-02-04 11:15:00,0.25369984
2026-02-04 11:16:00,0.29910645
2026-02-04 11:17:00,0.33060288
2026-02-04 11:18:00,0.37130526
2026-02-04 11:19:00,0.35512298
2026-02-04 11:20:00,0.34417093
2026-02-04 11:21:00,0.34628975
2026-02-04 11:22:00,0.44383463
2026-02-04 11:23:00,0.42591974
2026-02-04 11:24:00,0.42614606
2026-02-04 11:25:00,0.4948183
2026-02-04 11:26:00,0.4582368
2026-02-04 11:27:00,0.48475143
2026-02-04 11:28:00,0.4392471
2026-02-04 11:29:00,0.41700664
2026-02-04 11:30:00,0.4668654
2026-02-04 11:31:00,0.4369668
2026-02-04 11:32:00,0.37702626
2026-02-04 11:33:00,0.34785548
2026-02-04 11:34:00,0.35156077
2026-02-04 11:35:00,0.35079297
2026-02-04 11:36:00,0.3288445
2026-02-04 11:37:00,0.31786022
2026-02-04 11:38:00,0.31759915
2026-02-04 11:39:00,0.34772488
2026-02-04 11:40:00,0.3408767
2026-02-04 11:41:00,0.40957752
2026-02-04 11:42:00,0.38092947
2026-02-04 11:43:00,0.32766905
2026-02-04 11:44:00,0.29860583
2026-02-04 11:45:00,0.25588632
2026-02-04 11:46:00,0.24742877
2026-02-04 11:47:00,0.30318204
2026-02-04 11:48:00,0.367417
2026-02-04 11:49:00,0.3785844
2026-02-04 11:50:00,0.35078847
2026-02-04 11:51:00,0.3596372
2026-02-04 11:52:00,0.36840916
2026-02-04 11:53:00,0.38173762
2026-02-04 11:54:00,0.40609175
2026-02-04 11:55:00,0.37045145
2026-02-04 11:56:00,0.36638224
2026-02-04 11:57:00,0.3108272
2026-02-04 11:58:00,0.33487535
2026-02-04 11:59:00,0.29974544
2026-02-04 12:00:00,0.5454694
2026-02-04 12:01:00,0.5155021
2026-02-04 12:02:00,0.4211345
2026-02-04 12:03:00,0.31770813
2026-02-04 12:04:00,0.26111257
2026-02-04 12:05:00,0.15493052
2026-02-04 12:06:00,0.21103787
2026-02-04 12:07:00,0.21440813
2026-02-04 12:08:00,0.20326358
2026-02-04 12:09:00,0.18515688
2026-02-04 12:10:00,0.20471257
2026-02-04 12:11:00,0.26872697
2026-02-04 12:12:00,0.289467
2026-02-04 12:13:00,0.2739943
2026-02-04 12:14:00,0.28165457
2026-02-04 12:15:00,0.31089288
2026-02-04 12:16:00,0.27330956
2026-02-04 12:17:00,0.2868071
2026-02-04 12:18:00,0.25529364
2026-02-04 12:19:00,0.24765873
2026-02-04 12:20:00,0.24571234
2026-02-04 12:21:00,0.268749
2026-02-04 12:22:00,0.29159826
2026-02-04 12:23:00,0.27800766
2026-02-04 12:24:00,0.26442817
2026-02-04 12:25:00,0.31272003
2026-02-04 12:26:00,0.36567247
2026-02-04 12:27:00,0.40271598
2026-02-04 12:28:00,0.44006926
2026-02-04 12:29:00,0.3766802
2026-02-04 12:30:00,0.34549087
2026-02-04 12:31:00,0.3256237
2026-02-04 12:32:00,0.34208685
2026-02-04 12:33:00,0.32891518
2026-02-04 12:34:00,0.24108732
2026-02-04 12:35:00,0.26519433
2026-02-04 12:36:00,0.3542114
2026-02-04 12:37:00,0.2825865
2026-02-04 12:38:00,0.24627566
2026-02-04 12:39:00,0.26765397
2026-02-04 12:40:00,0.25182253
2026-02-04 12:41:00,0.28898978
2026-02-04 12:42:00,0.29586887
2026-02-04 12:43:00,0.22911392
2026-02-04 12:44:00,0.21284984
2026-02-04 12:45:00,0.22490716
2026-02-04 12:46:00,0.22870292
2026-02-04 12:47:00,0.21144466
2026-02-04 12:48:00,0.2167913
2026-02-04 12:49:00,0.22249742
2026-02-04 12:50:00,0.24486008
2026-02-04 12:51:00,0.2366298
2026-02-04 12:52:00,0.27686396
2026-02-04 12:53:00,0.26828453
2026-02-04 12:54:00,0.27753922
2026-02-04 12:55:00,0.2932171
2026-02-04 12:56:00,0.22508019
2026-02-04 12:57:00,0.24633592
2026-02-04 12:58:00,0.21923923
2026-02-04 12:59:00,0.24572828
2026-02-04 13:00:00,0.44469562
2026-02-04 13:01:00,0.40087214
2026-02-04 13:02:00,0.29304793
2026-02-04 13:03:00,0.19026794
2026-02-04 13:04:00,0.14013322
2026-02-04 13:05:00,0.08339175
2026-02-04 13:06:00,0.060148336
2026-02-04 13:07:00,0.072150834
2026-02-04 13:08:00,0.05148418
2026-02-04 13:09:00,0.040270735
2026-02-04 13:10:00,0.04
2026-02-04 13:11:00,0.075097464
2026-02-04 13:12:00,0.044118453
2026-02-04 13:13:00,0.07033223
2026-02-04 13:14:00,0.14250597
2026-02-04 13:15:00,0.20121059
2026-02-04 13:16:00,0.20755468
2026-02-04 13:17:00,0.22217591
2026-02-04 13:18:00,0.18667066
2026-02-04 13:19:00,0.21726327
2026-02-04 13:20:00,0.27440703
2026-02-04 13:21:00,0.2375795
2026-02-04 13:22:00,0.22370389
2026-02-04 13:23:00,0.25534326
2026-02-04 13:24:00,0.2998269
2026-02-04 13:25:00,0.299191
2026-02-04 13:26:00,0.31392914
2026-02-04 13:27:00,0.31872964
2026-02-04 13:28:00,0.35533673
2026-02-04 13:29:00,0.32234958
2026-02-04 13:30:00,0.2816328
2026-02-04 13:31:00,0.33916467
2026-02-04 13:32:00,0.32660094
2026-02-04 13:33:00,0.29033333
2026-02-04 13:34:00,0.3407251
2026-02-04 13:35:00,0.37214655
2026-02-04 13:36:00,0.3501215
2026-02-04 13:37:00,0.3990066
2026-02-04 13:38:00,0.37772977
2026-02-04 13:39:00,0.36453775
2026-02-04 13:40:00,0.30475065
2026-02-04 13:41:00,0.2875968
2026-02-04 13:42:00,0.264672
2026-02-04 13:43:00,0.25158867
2026-02-04 13:44:00,0.2868447
2026-02-04 13:45:00,0.33333108
2026-02-04 13:46:00,0.27624822
2026-02-04 13:47:00,0.24582314
2026-02-04 13:48:00,0.34884655
2026-02-04 13:49:00,0.39495462
2026-02-04 13:50:00,0.41069138
2026-02-04 13:51:00,0.3498249
2026-02-04 13:52:00,0.33362752
2026-02-04 13:53:00,0.32436138
2026-02-04 13:54:00,0.29813248
2026-02-04 13:55:00,0.24990584
2026-02-04 13:56:00,0.24586372
2026-02-04 13:57:00,0.18631901
2026-02-04 13:58:00,0.20160113
2026-02-04 13:59:00,0.15275846
2026-02-04 14:00:00,0.35853907
2026-02-04 14:01:00,0.41928247
2026-02-04 14:02:00,0.36322764
2026-02-04 14:03:00,0.278573
2026-02-04 14:04:00,0.19145833
2026-02-04 14:05:00,0.16169545
2026-02-04 14:06:00,0.106370285
2026-02-04 14:07:00,0.10187013
2026-02-04 14:08:00,0.13242488
2026-02-04 14:09:00,0.18408461
2026-02-04 14:10:00,0.12551008
2026-02-04 14:11:00,0.09292246
2026-02-04 14:12:00,0.096679166
2026-02-04 14:13:00,0.13079654
2026-02-04 14:14:00,0.1364029
2026-02-04 14:15:00,0.16029932
2026-02-04 14:16:00,0.17041582
2026-02-04 14:17:00,0.18133917
2026-02-04 14:18:00,0.23256315
2026-02-04 14:19:00,0.13660385
2026-02-04 14:20:00,0.1520551
2026-02-04 14:21:00,0.19686392
2026-02-04 14:22:00,0.16850984
2026-02-04 14:23:00,0.19438083
2026-02-04 14:24:00,0.177742
2026-02-04 14:25:00,0.16011682
2026-02-04 14:26:00,0.17275113
2026-02-04 14:27:00,0.12813744
2026-02-04 14:28:00,0.13641553
2026-02-04 14:29:00,0.11197305
2026-02-04 14:30:00,0.08488082
2026-02-04 14:31:00,0.05670196
2026-02-04 14:32:00,0.052276872
2026-02-04 14:33:00,0.15749721
2026-02-04 14:34:00,0.14496468
2026-02-04 14:35:00,0.1303615
2026-02-04 14:36:00,0.11940848
2026-02-04 14:37:00,0.14698976
2026-02-04 14:38:00,0.16126975
2026-02-04 14:39:00,0.20979394
2026-02-04 14:40:00,0.17357062
2026-02-04 14:41:00,0.1519173
2026-02-04 14:42:00,0.15049231
2026-02-04 14:43:00,0.15907809
2026-02-04 14:44:00,0.15521277
2026-02-04 14:45:00,0.14072765
2026-02-04 14:46:00,0.18324073
2026-02-04 14:47:00,0.18422352
2026-02-04 14:48:00,0.21673688
2026-02-04 14:49:00,0.20554473
2026-02-04 14:50:00,0.22018139
2026-02-04 14:51:00,0.24007969
2026-02-04 14:52:00,0.14856546
2026-02-04 14:53:00,0.15489344
2026-02-04 14:54:00,0.23819669
2026-02-04 14:55:00,0.21448901
2026-02-04 14:56:00,0.23220032
2026-02-04 14:57:00,0.199251
2026-02-04 14:58:00,0.22381747
2026-02-04 14:59:00,0.18995374
2026-02-04 15:00:00,0.35114974
2026-02-04 15:01:00,0.26763797
2026-02-04 15:02:00,0.19524671
2026-02-04 15:03:00,0.060375456
2026-02-04 15:04:00,0.04
2026-02-04 15:05:00,0.04
2026-02-04 15:06:00,0.04
2026-02-04 15:07:00,0.04
2026-02-04 15:08:00,0.04
2026-02-04 15:09:00,0.07496861
2026-02-04 15:10:00,0.05992223
2026-02-04 15:11:00,0.04
2026-02-04 15:12:00,0.04
2026-02-04 15:13:00,0.04
2026-02-04 15:14:00,0.07867855
2026-02-04 15:15:00,0.057291776
2026-02-04 15:16:00,0.05526697
2026-02-04 15:17:00,0.110929474
2026-02-04 15:18:00,0.07343531
2026-02-04 15:19:00,0.10428078
2026-02-04 15:20:00,0.05936826
2026-02-04 15:21:00,0.10419652
2026-02-04 15:22:00,0.08436042
2026-02-04 15:23:00,0.09757339
2026-02-04 15:24:00,0.17592973
2026-02-04 15:25:00,0.2094275
2026-02-04 15:26:00,0.22472945
2026-02-04 15:27:00,0.14936043
2026-02-04 15:28:00,0.17989683
2026-02-04 15:29:00,0.18629111
2026-02-04 15:30:00,0.16217126
2026-02-04 15:31:00,0.16757548
2026-02-04 15:32:00,0.1385282
2026-02-04 15:33:00,0.18022352
2026-02-04 15:34:00,0.25234613
2026-02-04 15:35:00,0.21871898
2026-02-04 15:36:00,0.2299744
2026-02-04 15:37:00,0.15701899
2026-02-04 15:38:00,0.16715296
2026-02-04 15:39:00,0.19985142
2026-02-04 15:40:00,0.2641365
2026-02-04 15:41:00,0.25451916
2026-02-04 15:42:00,0.22777316
2026-02-04 15:43:00,0.24226059
2026-02-04 15:44:00,0.2643891
2026-02-04 15:45:00,0.23587038
2026-02-04 15:46:00,0.3265093
2026-02-04 15:47:00,0.29475898
2026-02-04 15:48:00,0.34330016
2026-02-04 15:49:00,0.30005276
2026-02-04 15:50:00,0.3298456
2026-02-04 15:51:00,0.26502663
2026-02-04 15:52:00,0.29096797
2026-02-04 15:53:00,0.2664167
2026-02-04 15:54:00,0.25380087
2026-02-04 15:55:00,0.25559893
2026-02-04 15:56:00,0.26282436
2026-02-04 15:57:00,0.26041397
2026-02-04 15:58:00,0.17082806
2026-02-04 15:59:00,0.1483004
2026-02-04 16:00:00,0.3942464
2026-02-04 16:01:00,0.43018457
2026-02-04 16:02:00,0.31079963
2026-02-04 16:03:00,0.20048212
2026-02-04 16:04:00,0.15663211
2026-02-04 16:05:00,0.15332185
2026-02-04 16:06:00,0.12409676
2026-02-04 16:07:00,0.16191846
2026-02-04 16:08:00,0.0892685
2026-02-04 16:09:00,0.10714811
2026-02-04 16:10:00,0.16710436
2026-02-04 16:11:00,0.14432384
2026-02-04 16:12:00,0.17149827
2026-02-04 16:13:00,0.16474603
2026-02-04 16:14:00,0.18288085
2026-02-04 16:15:00,0.19779064
2026-02-04 16:16:00,0.17002349
2026-02-04 16:17:00,0.20505518
2026-02-04 16:18:00,0.18214132
2026-02-04 16:19:00,0.19562379
2026-02-04 16:20:00,0.20221233
2026-02-04 16:21:00,0.19582686
2026-02-04 16:22:00,0.17499012
2026-02-04 16:23:00,0.18891937
2026-02-04 16:24:00,0.16598289
2026-02-04 16:25:00,0.16246323
2026-02-04 16:26:00,0.17712776
2026-02-04 16:27:00,0.1751407
2026-02-04 16:28:00,0.13081947
2026-02-04 16:29:00,0.1438311
2026-02-04 16:30:00,0.13177583
2026-02-04 16:31:00,0.13797882
2026-02-04 16:32:00,0.21920505
2026-02-04 16:33:00,0.21992719
2026-02-04 16:34:00,0.1901879
2026-02-04 16:35:00,0.1173186
2026-02-04 16:36:00,0.12221632
2026-02-04 16:37:00,0.14416523
2026-02-04 16:38:00,0.12618034
2026-02-04 16:39:00,0.09310754
2026-02-04 16:40:00,0.07525162
2026-02-04 16:41:00,0.09855473
2026-02-04 16:42:00,0.113247946
2026-02-04 16:43:00,0.10697066
2026-02-04 16:44:00,0.046748478
2026-02-04 16:45:00,0.0641042
2026-02-04 16:46:00,0.044176288
2026-02-04 16:47:00,0.04
2026-02-04 16:48:00,0.04
2026-02-04 16:49:00,0.04
2026-02-04 16:50:00,0.04888534
2026-02-04 16:51:00,0.09538275
2026-02-04 16:52:00,0.089567624
2026-02-04 16:53:00,0.14539151
2026-02-04 16:54:00,0.10828069
2026-02-04 16:55:00,0.119590536
2026-02-04 16:56:00,0.16797139
2026-02-04 16:57:00,0.14432444
2026-02-04 16:58:00,0.17334162
2026-02-04 16:59:00,0.12534861
2026-02-04 17:00:00,0.40990156
2026-02-04 17:01:00,0.38438326
2026-02-04 17:02:00,0.3058416
2026-02-04 17:03:00,0.2532138
2026-02-04 17:04:00,0.16786514
2026-02-04 17:05:00,0.18502745
2026-02-04 17:06:00,0.13901643
2026-02-04 17:07:00,0.12909971
2026-02-04 17:08:00,0.113778755
2026-02-04 17:09:00,0.16039945
2026-02-04 17:10:00,0.16530871
2026-02-04 17:11:00,0.13513164
2026-02-04 17:12:00,0.09915967
2026-02-04 17:13:00,0.044660583
2026-02-04 17:14:00,0.08274758
2026-02-04 17:15:00,0.13158941
2026-02-04 17:16:00,0.11663044
2026-02-04 17:17:00,0.13935524
2026-02-04 17:18:00,0.18820935
2026-02-04 17:19:00,0.18925336
2026-02-04 17:20:00,0.1901215
2026-02-04 17:21:00,0.17050542
2026-02-04 17:22:00,0.16693036
2026-02-04 17:23:00,0.14481978
2026-02-04 17:24:00,0.18453786
2026-02-04 17:25:00,0.20306791
2026-02-04 17:26:00,0.16270329
2026-02-04 17:27:00,0.16816708
2026-02-04 17:28:00,0.21277976
2026-02-04 17:29:00,0.27425337
2026-02-04 17:30:00,0.22987199
2026-02-04 17:31:00,0.18648475
2026-02-04 17:32:00,0.19311854
2026-02-04 17:33:00,0.16272996
2026-02-04 17:34:00,0.17563221
2026-02-04 17:35:00,0.19776283
2026-02-04 17:36:00,0.24253677
2026-02-04 17:37:00,0.23966989
2026-02-04 17:38:00,0.23756403
2026-02-04 17:39:00,0.23548996
2026-02-04 17:40:00,0.23328952
2026-02-04 17:41:00,0.20721148
2026-02-04 17:42:00,0.27910534
2026-02-04 17:43:00,0.22487217
2026-02-04 17:44:00,0.19812399
2026-02-04 17:45:00,0.18239509
2026-02-04 17:46:00,0.15458426
2026-02-04 17:47:00,0.08592498
2026-02-04 17:48:00,0.115793675
2026-02-04 17:49:00,0.12082312
2026-02-04 17:50:00,0.11337454
2026-02-04 17:51:00,0.075859316
2026-02-04 17:52:00,0.079821
2026-02-04 17:53:00,0.0663756
2026-02-04 17:54:00,0.11352397
2026-02-04 17:55:00,0.09636219
2026-02-04 17:56:00,0.08778561
2026-02-04 17:57:00,0.072874345
2026-02-04 17:58:00,0.04140862
2026-02-04 17:59:00,0.07776485
2026-02-04 18:00:00,0.29597396
2026-02-04 18:01:00,0.24932526
2026-02-04 18:02:00,0.2146905
2026-02-04 18:03:00,0.106803745
2026-02-04 18:04:00,0.04
2026-02-04 18:05:00,0.04
2026-02-04 18:06:00,0.04
2026-02-04 18:07:00,0.04
2026-02-04 18:08:00,0.04
2026-02-04 18:09:00,0.05136756
2026-02-04 18:10:00,0.0589852
2026-02-04 18:11:00,0.053278875
2026-02-04 18:12:00,0.041088857
2026-02-04 18:13:00,0.054879043
2026-02-04 18:14:00,0.04
2026-02-04 18:15:00,0.04
2026-02-04 18:16:00,0.06282587
2026-02-04 18:17:00,0.082709484
2026-02-04 18:18:00,0.09282457
2026-02-04 18:19:00,0.116414554
2026-02-04 18:20:00,0.10425366
2026-02-04 18:21:00,0.110268734
2026-02-04 18:22:00,0.16101356
2026-02-04 18:23:00,0.16530569
2026-02-04 18:24:00,0.16767114
2026-02-04 18:25:00,0.148099
2026-02-04 18:26:00,0.10934762
2026-02-04 18:27:00,0.11505665
2026-02-04 18:28:00,0.15094921
2026-02-04 18:29:00,0.13503294
2026-02-04 18:30:00,0.21440442
2026-02-04 18:31:00,0.22639321
2026-02-04 18:32:00,0.27541277
2026-02-04 18:33:00,0.23446862
2026-02-04 18:34:00,0.20687702
2026-02-04 18:35:00,0.22794074
2026-02-04 18:36:00,0.23569073
2026-02-04 18:37:00,0.26267853
2026-02-04 18:38:00,0.29263732
2026-02-04 18:39:00,0.25726452
2026-02-04 18:40:00,0.26168042
2026-02-04 18:41:00,0.22376603
2026-02-04 18:42:00,0.2610989
2026-02-04 18:43:00,0.23560484
2026-02-04 18:44:00,0.21684681
2026-02-04 18:45:00,0.21246397
2026-02-04 18:46:00,0.21541505
2026-02-04 18:47:00,0.23617387
2026-02-04 18:48:00,0.17541385
2026-02-04 18:49:00,0.15864693
2026-02-04 18:50:00,0.22318715
2026-02-04 18:51:00,0.2125537
2026-02-04 18:52:00,0.15261938
2026-02-04 18:53:00,0.09795139
2026-02-04 18:54:00,0.06610102
2026-02-04 18:55:00,0.041944005
2026-02-04 18:56:00,0.04
2026-02-04 18:57:00,0.04
2026-02-04 18:58:00,0.04
2026-02-04 18:59:00,0.04
2026-02-04 19:00:00,0.22795802
2026-02-04 19:01:00,0.2207379
2026-02-04 19:02:00,0.17473286
2026-02-04 19:03:00,0.075627744
2026-02-04 19:04:00,0.05794492
2026-02-04 19:05:00,0.07435509
2026-02-04 19:06:00,0.06886376
2026-02-04 19:07:00,0.080053546
2026-02-04 19:08:00,0.10114159
2026-02-04 19:09:00,0.072517596
2026-02-04 19:10:00,0.04345573
2026-02-04 19:11:00,0.0418033
2026-02-04 19:12:00,0.04823308
2026-02-04 19:13:00,0.04
2026-02-04 19:14:00,0.04694999
2026-02-04 19:15:00,0.1022711
2026-02-04 19:16:00,0.07601657
2026-02-04 19:17:00,0.06988993
2026-02-04 19:18:00,0.052082896
2026-02-04 19:19:00,0.11653245
2026-02-04 19:20:00,0.13867907
2026-02-04 19:21:00,0.19203311
2026-02-04 19:22:00,0.14981093
2026-02-04 19:23:00,0.10112779
2026-02-04 19:24:00,0.10648245
2026-02-04 19:25:00,0.11625257
2026-02-04 19:26:00,0.14313945
2026-02-04 19:27:00,0.11817435
2026-02-04 19:28:00,0.21873674
2026-02-04 19:29:00,0.1681479
2026-02-04 19:30:00,0.15954728
2026-02-04 19:31:00,0.21162012
2026-02-04 19:32:00,0.25212058
2026-02-04 19:33:00,0.28434974
2026-02-04 19:34:00,0.33107916
2026-02-04 19:35:00,0.2469943
2026-02-04 19:36:00,0.19062372
2026-02-04 19:37:00,0.22406
2026-02-04 19:38:00,0.16839677
2026-02-04 19:39:00,0.1169989
2026-02-04 19:40:00,0.12025127
2026-02-04 19:41:00,0.11537355
2026-02-04 19:42:00,0.17037
2026-02-04 19:43:00,0.13909233
2026-02-04 19:44:00,0.1401833
2026-02-04 19:45:00,0.1238684
2026-02-04 19:46:00,0.13126983
2026-02-04 19:47:00,0.16835359
2026-02-04 19:48:00,0.106051944
2026-02-04 19:49:00,0.083490856
2026-02-04 19:50:00,0.13125487
2026-02-04 19:51:00,0.13169648
2026-02-04 19:52:00,0.14282759
2026-02-04 19:53:00,0.11127815
2026-02-04 19:54:00,0.11894958
2026-02-04 19:55:00,0.07885289
2026-02-04 19:56:00,0.08604979
2026-02-04 19:57:00,0.06388601
2026-02-04 19:58:00,0.06127572
2026-02-04 19:59:00,0.105858564
2026-02-04 20:00:00,0.3680565
2026-02-04 20:01:00,0.32196635
2026-02-04 20:02:00,0.22218439
2026-02-04 20:03:00,0.2633583
2026-02-04 20:04:00,0.26930475
2026-02-04 20:05:00,0.25777933
2026-02-04 20:06:00,0.22757779
2026-02-04 20:07:00,0.19311476
2026-02-04 20:08:00,0.20498967
2026-02-04 20:09:00,0.19531937
2026-02-04 20:10:00,0.1976448
2026-02-04 20:11:00,0.23650667
2026-02-04 20:12:00,0.16890147
2026-02-04 20:13:00,0.16032477
2026-02-04 20:14:00,0.22282407
2026-02-04 20:15:00,0.20928656
2026-02-04 20:16:00,0.19722906
2026-02-04 20:17:00,0.13909335
2026-02-04 20:18:00,0.15844667
2026-02-04 20:19:00,0.17093475
2026-02-04 20:20:00,0.14015016
2026-02-04 20:21:00,0.1405077
2026-02-04 20:22:00,0.15433182
2026-02-04 20:23:00,0.15177703
2026-02-04 20:24:00,0.17285812
2026-02-04 20:25:00,0.15167883
2026-02-04 20:26:00,0.14257796
2026-02-04 20:27:00,0.14996491
2026-02-04 20:28:00,0.17461167
2026-02-04 20:29:00,0.2197691
2026-02-04 20:30:00,0.22752899
2026-02-04 20:31:00,0.23952846
2026-02-04 20:32:00,0.24406402
2026-02-04 20:33:00,0.17746706
2026-02-04 20:34:00,0.19398607
2026-02-04 20:35:00,0.16854484
2026-02-04 20:36:00,0.2505484
2026-02-04 20:37:00,0.25138044
2026-02-04 20:38:00,0.25774497
2026-02-04 20:39:00,0.22584629
2026-02-04 20:40:00,0.22741497
2026-02-04 20:41:00,0.21843918
2026-02-04 20:42:00,0.2315317
2026-02-04 20:43:00,0.2332953
2026-02-04 20:44:00,0.23369236
2026-02-04 20:45:00,0.23884903
2026-02-04 20:46:00,0.2115305
2026-02-04 20:47:00,0.22162788
2026-02-04 20:48:00,0.18429364
2026-02-04 20:49:00,0.19504628
2026-02-04 20:50:00,0.18209672
2026-02-04 20:51:00,0.16024508
2026-02-04 20:52:00,0.17197508
2026-02-04 20:53:00,0.16448912
2026-02-04 20:54:00,0.20137319
2026-02-04 20:55:00,0.19234256
2026-02-04 20:56:00,0.18494804
2026-02-04 20:57:00,0.06650944
2026-02-04 20:58:00,0.12975688
2026-02-04 20:59:00,0.13339548
2026-02-04 21:00:00,0.34771958
2026-02-04 21:01:00,0.31656498
2026-02-04 21:02:00,0.28424212
2026-02-04 21:03:00,0.22917864
2026-02-04 21:04:00,0.19705702
2026-02-04 21:05:00,0.18854018
2026-02-04 21:06:00,0.13440573
2026-02-04 21:07:00,0.066257335
2026-02-04 21:08:00,0.11149862
2026-02-04 21:09:00,0.11544049
2026-02-04 21:10:00,0.13402958
2026-02-04 21:11:00,0.05303289
2026-02-04 21:12:00,0.04
2026-02-04 21:13:00,0.04
2026-02-04 21:14:00,0.070490286
2026-02-04 21:15:00,0.07229045
2026-02-04 21:16:00,0.12837848
2026-02-04 21:17:00,0.1494758
2026-02-04 21:18:00,0.16213228
2026-02-04 21:19:00,0.14093369
2026-02-04 21:20:00,0.12865648
2026-02-04 21:21:00,0.10727887
2026-02-04 21:22:00,0.13557558
2026-02-04 21:23:00,0.13710363
2026-02-04 21:24:00,0.14752913
2026-02-04 21:25:00,0.12705663
2026-02-04 21:26:00,0.1409337
2026-02-04 21:27:00,0.0984773
2026-02-04 21:28:00,0.100329176
2026-02-04 21:29:00,0.10477437
2026-02-04 21:30:00,0.040378
2026-02-04 21:31:00,0.04
2026-02-04 21:32:00,0.04
2026-02-04 21:33:00,0.04
2026-02-04 21:34:00,0.04
2026-02-04 21:35:00,0.04
2026-02-04 21:36:00,0.04
2026-02-04 21:37:00,0.04
2026-02-04 21:38:00,0.04
2026-02-04 21:39:00,0.04823332
2026-02-04 21:40:00,0.060224704
2026-02-04 21:41:00,0.08065533
2026-02-04 21:42:00,0.050480425
2026-02-04 21:43:00,0.04
2026-02-04 21:44:00,0.044384878
2026-02-04 21:45:00,0.0869443
2026-02-04 21:46:00,0.050872106
2026-02-04 21:47:00,0.04
2026-02-04 21:48:00,0.04
2026-02-04 21:49:00,0.05332797
2026-02-04 21:50:00,0.041881353
2026-02-04 21:51:00,0.08437951
2026-02-04 21:52:00,0.079418115
2026-02-04 21:53:00,0.12699819
2026-02-04 21:54:00,0.12333798
2026-02-04 21:55:00,0.15653262
2026-02-04 21:56:00,0.13778539
2026-02-04 21:57:00,0.06639968
2026-02-04 21:58:00,0.103158236
2026-02-04 21:59:00,0.09740639
2026-02-04 22:00:00,0.34242985
2026-02-04 22:01:00,0.27288535
2026-02-04 22:02:00,0.22033215
2026-02-04 22:03:00,0.20320861
2026-02-04 22:04:00,0.19090247
2026-02-04 22:05:00,0.2066797
2026-02-04 22:06:00,0.20209217
2026-02-04 22:07:00,0.17423409
2026-02-04 22:08:00,0.1081111
2026-02-04 22:09:00,0.11104693
2026-02-04 22:10:00,0.1451356
2026-02-04 22:11:00,0.13543126
2026-02-04 22:12:00,0.18861184
2026-02-04 22:13:00,0.12814313
2026-02-04 22:14:00,0.1821073
2026-02-04 22:15:00,0.2166317
2026-02-04 22:16:00,0.25582302
2026-02-04 22:17:00,0.299528
2026-02-04 22:18:00,0.29180533
2026-02-04 22:19:00,0.27121982
2026-02-04 22:20:00,0.23799379
2026-02-04 22:21:00,0.24150567
2026-02-04 22:22:00,0.2716586
2026-02-04 22:23:00,0.28301913
2026-02-04 22:24:00,0.33779433
2026-02-04 22:25:00,0.30702674
2026-02-04 22:26:00,0.2996552
2026-02-04 22:27:00,0.36259007
2026-02-04 22:28:00,0.35108778
2026-02-04 22:29:00,0.30968902
2026-02-04 22:30:00,0.3013501
2026-02-04 22:31:00,0.22389583
2026-02-04 22:32:00,0.30431733
2026-02-04 22:33:00,0.31852722
2026-02-04 22:34:00,0.30573565
2026-02-04 22:35:00,0.3813715
2026-02-04 22:36:00,0.36224353
2026-02-04 22:37:00,0.3253837
2026-02-04 22:38:00,0.2684215
2026-02-04 22:39:00,0.31606323
2026-02-04 22:40:00,0.2342915
2026-02-04 22:41:00,0.22590958
2026-02-04 22:42:00,0.20545372
2026-02-04 22:43:00,0.20664701
2026-02-04 22:44:00,0.13546664
2026-02-04 22:45:00,0.09579221
2026-02-04 22:46:00,0.111686975
2026-02-04 22:47:00,0.20044798
2026-02-04 22:48:00,0.2518133
2026-02-04 22:49:00,0.23645219
2026-02-04 22:50:00,0.19450407
2026-02-04 22:51:00,0.1832791
2026-02-04 22:52:00,0.1083761
2026-02-04 22:53:00,0.07333014
2026-02-04 22:54:00,0.11801198
2026-02-04 22:55:00,0.19412906
2026-02-04 22:56:00,0.16489662
2026-02-04 22:57:00,0.17779496
2026-02-04 22:58:00,0.2090745
2026-02-04 22:59:00,0.20955616
2026-02-04 23:00:00,0.4330443
2026-02-04 23:01:00,0.37501767
2026-02-04 23:02:00,0.3325467
2026-02-04 23:03:00,0.31965825
2026-02-04 23:04:00,0.23904148
2026-02-04 23:05:00,0.20485114
2026-02-04 23:06:00,0.15176551
2026-02-04 23:07:00,0.15955016
2026-02-04 23:08:00,0.16739063
2026-02-04 23:09:00,0.14057875
2026-02-04 23:10:00,0.14969741
2026-02-04 23:11:00,0.18090083
2026-02-04 23:12:00,0.16142875
2026-02-04 23:13:00,0.13613793
2026-02-04 23:14:00,0.18345949
2026-02-04 23:15:00,0.18595867
2026-02-04 23:16:00,0.19277188
2026-02-04 23:17:00,0.256175
2026-02-04 23:18:00,0.25819606
2026-02-04 23:19:00,0.29370892
2026-02-04 23:20:00,0.3122898
2026-02-04 23:21:00,0.29377183
2026-02-04 23:22:00,0.29957816
2026-02-04 23:23:00,0.33084682
2026-02-04 23:24:00,0.2641004
2026-02-04 23:25:00,0.27771822
2026-02-04 23:26:00,0.22633654
2026-02-04 23:27:00,0.19210188
2026-02-04 23:28:00,0.20847629
2026-02-04 23:29:00,0.21670376
2026-02-04 23:30:00,0.24050298
2026-02-04 23:31:00,0.22512668
2026-02-04 23:32:00,0.27210322
2026-02-04 23:33:00,0.29858178
2026-02-04 23:34:00,0.31548792
2026-02-04 23:35:00,0.3099345
2026-02-04 23:36:00,0.3450282
2026-02-04 23:37:00,0.43815154
2026-02-04 23:38:00,0.3887927
2026-02-04 23:39:00,0.37844074
2026-02-04 23:40:00,0.3949451
2026-02-04 23:41:00,0.41974118
2026-02-04 23:42:00,0.4080161
2026-02-04 23:43:00,0.34945506
2026-02-04 23:44:00,0.29602942
2026-02-04 23:45:00,0.3070936
2026-02-04 23:46:00,0.2547039
2026-02-04 23:47:00,0.27331296
2026-02-04 23:48:00,0.30255327
2026-02-04 23:49:00,0.26108205
2026-02-04 23:50:00,0.3075298
2026-02-04 23:51:00,0.32293332
2026-02-04 23:52:00,0.3471446
2026-02-04 23:53:00,0.31579363
2026-02-04 23:54:00,0.25127742
2026-02-04 23:55:00,0.25498307
2026-02-04 23:56:00,0.23637114
2026-02-04 23:57:00,0.24452206
2026-02-04 23:58:00,0.29588217
2026-02-04 23:59:00,0.2563819
2026-02-05 00:00:00,0.40499383
2026-02-05 00:01:00,0.41114032
2026-02-05 00:02:00,0.38672024
2026-02-05 00:03:00,0.3309854
2026-02-05 00:04:00,0.3312033
2026-02-05 00:05:00,0.30174655
2026-02-05 00:06:00,0.33420846
2026-02-05 00:07:00,0.26386678
2026-02-05 00:08:00,0.22509828
2026-02-05 00:09:00,0.21336414
2026-02-05 00:10:00,0.22851446
2026-02-05 00:11:00,0.21511102
2026-02-05 00:12:00,0.17659046
2026-02-05 00:13:00,0.2213655
2026-02-05 00:14:00,0.19878472
2026-02-05 00:15:00,0.16233464
2026-02-05 00:16:00,0.1798091
2026-02-05 00:17:00,0.18817207
2026-02-05 00:18:00,0.2339891
2026-02-05 00:19:00,0.23788993
2026-02-05 00:20:00,0.32372776
2026-02-05 00:21:00,0.2988154
2026-02-05 00:22:00,0.27555773
2026-02-05 00:23:00,0.29741243
2026-02-05 00:24:00,0.28615928
2026-02-05 00:25:00,0.25051424
2026-02-05 00:26:00,0.25205672
2026-02-05 00:27:00,0.26917425
2026-02-05 00:28:00,0.29444435
2026-02-05 00:29:00,0.2984626
2026-02-05 00:30:00,0.3052847
2026-02-05 00:31:00,0.3101168
2026-02-05 00:32:00,0.2901712
2026-02-05 00:33:00,0.29423755
2026-02-05 00:34:00,0.2873054
2026-02-05 00:35:00,0.33649024
2026-02-05 00:36:00,0.3462287
2026-02-05 00:37:00,0.41288602
2026-02-05 00:38:00,0.4545603
2026-02-05 00:39:00,0.45321774
2026-02-05 00:40:00,0.40079796
2026-02-05 00:41:00,0.43903473
2026-02-05 00:42:00,0.47296447
2026-02-05 00:43:00,0.48278707
2026-02-05 00:44:00,0.46306092
2026-02-05 00:45:00,0.4254614
2026-02-05 00:46:00,0.45877007
2026-02-05 00:47:00,0.4541145
2026-02-05 00:48:00,0.4058961
2026-02-05 00:49:00,0.4197609
2026-02-05 00:50:00,0.39220136
2026-02-05 00:51:00,0.32675228
2026-02-05 00:52:00,0.29975447
2026-02-05 00:53:00,0.28735188
2026-02-05 00:54:00,0.31070048
2026-02-05 00:55:00,0.34385154
2026-02-05 00:56:00,0.34821257
2026-02-05 00:57:00,0.3524213
2026-02-05 00:58:00,0.3094844
2026-02-05 00:59:00,0.23009104
2026-02-05 01:00:00,0.45697367
2026-02-05 01:01:00,0.40683693
2026-02-05 01:02:00,0.33311877
2026-02-05 01:03:00,0.29337236
2026-02-05 01:04:00,0.25481135
2026-02-05 01:05:00,0.20508598
2026-02-05 01:06:00,0.14128791
2026-02-05 01:07:00,0.18095125
2026-02-05 01:08:00,0.15814428
2026-02-05 01:09:00,0.18603891
2026-02-05 01:10:00,0.2012391
2026-02-05 01:11:00,0.22269751
2026-02-05 01:12:00,0.25679952
2026-02-05 01:13:00,0.28071958
2026-02-05 01:14:00,0.28551337
2026-02-05 01:15:00,0.31119147
2026-02-05 01:16:00,0.33842793
2026-02-05 01:17:00,0.4027385
2026-02-05 01:18:00,0.39806598
2026-02-05 01:19:00,0.4574722
2026-02-05 01:20:00,0.4163257
2026-02-05 01:21:00,0.40191197
2026-02-05 01:22:00,0.4322295
2026-02-05 01:23:00,0.39178985
2026-02-05 01:24:00,0.3586393
2026-02-05 01:25:00,0.33335617
2026-02-05 01:26:00,0.40070915
2026-02-05 01:27:00,0.4104848
2026-02-05 01:28:00,0.38389054
2026-02-05 01:29:00,0.39544508
2026-02-05 01:30:00,0.4004004
2026-02-05 01:31:00,0.3852449
2026-02-05 01:32:00,0.46094403
2026-02-05 01:33:00,0.44517317
2026-02-05 01:34:00,0.51748466
2026-02-05 01:35:00,0.45112246
2026-02-05 01:36:00,0.4959852
2026-02-05 01:37:00,0.4930801
2026-02-05 01:38:00,0.4363464
2026-02-05 01:39:00,0.4745038
2026-02-05 01:40:00,0.49457353
2026-02-05 01:41:00,0.47404903
2026-02-05 01:42:00,0.45461005
2026-02-05 01:43:00,0.48356515
2026-02-05 01:44:00,0.40164506
2026-02-05 01:45:00,0.4181855
2026-02-05 01:46:00,0.40003464
2026-02-05 01:47:00,0.38325748
2026-02-05 01:48:00,0.3628889
2026-02-05 01:49:00,0.367145
2026-02-05 01:50:00,0.42749134
2026-02-05 01:51:00,0.44228303
2026-02-05 01:52:00,0.46363842
2026-02-05 01:53:00,0.50203913
2026-02-05 01:54:00,0.5460891
2026-02-05 01:55:00,0.524745
2026-02-05 01:56:00,0.38880986
2026-02-05 01:57:00,0.40429938
2026-02-05 01:58:00,0.34594023
2026-02-05 01:59:00,0.4154672
2026-02-05 02:00:00,0.72044665
2026-02-05 02:01:00,0.7078345
2026-02-05 02:02:00,0.6829209
2026-02-05 02:03:00,0.55591875
2026-02-05 02:04:00,0.5171554
2026-02-05 02:05:00,0.41944218
2026-02-05 02:06:00,0.3834436
2026-02-05 02:07:00,0.42584166
2026-02-05 02:08:00,0.4515557
2026-02-05 02:09:00,0.4406983
2026-02-05 02:10:00,0.3832977
2026-02-05 02:11:00,0.35073903
2026-02-05 02:12:00,0.38289186
2026-02-05 02:13:00,0.33597806
2026-02-05 02:14:00,0.34219325
2026-02-05 02:15:00,0.38950258
2026-02-05 02:16:00,0.39752242
2026-02-05 02:17:00,0.41229752
2026-02-05 02:18:00,0.45230472
2026-02-05 02:19:00,0.45275873
2026-02-05 02:20:00,0.43877935
2026-02-05 02:21:00,0.43625
2026-02-05 02:22:00,0.43122151
2026-02-05 02:23:00,0.45781994
2026-02-05 02:24:00,0.46357557
2026-02-05 02:25:00,0.41081494
2026-02-05 02:26:00,0.37831694
2026-02-05 02:27:00,0.36256453
2026-02-05 02:28:00,0.39271042
2026-02-05 02:29:00,0.4242914
2026-02-05 02:30:00,0.38683727
2026-02-05 02:31:00,0.4158878
2026-02-05 02:32:00,0.410947
2026-02-05 02:33:00,0.40172532
2026-02-05 02:34:00,0.42503968
2026-02-05 02:35:00,0.47985396
2026-02-05 02:36:00,0.46826228
2026-02-05 02:37:00,0.5090988
2026-02-05 02:38:00,0.5025273
2026-02-05 02:39:00,0.48909914
2026-02-05 02:40:00,0.48715425
2026-02-05 02:41:00,0.51474303
2026-02-05 02:42:00,0.5251907
2026-02-05 02:43:00,0.5097798
2026-02-05 02:44:00,0.4468846
2026-02-05 02:45:00,0.44489396
2026-02-05 02:46:00,0.4933135
2026-02-05 02:47:00,0.52075535
2026-02-05 02:48:00,0.55696225
2026-02-05 02:49:00,0.5853757
2026-02-05 02:50:00,0.57508284
2026-02-05 02:51:00,0.5231648
2026-02-05 02:52:00,0.498719
2026-02-05 02:53:00,0.4744448
2026-02-05 02:54:00,0.48573175
2026-02-05 02:55:00,0.4576976
2026-02-05 02:56:00,0.48894677
2026-02-05 02:57:00,0.48317373
2026-02-05 02:58:00,0.46599373
2026-02-05 02:59:00,0.45814922
2026-02-05 03:00:00,0.7051365
2026-02-05 03:01:00,0.6265327
2026-02-05 03:02:00,0.5365151
2026-02-05 03:03:00,0.5181083
2026-02-05 03:04:00,0.4633951
2026-02-05 03:05:00,0.40494516
2026-02-05 03:06:00,0.36932343
2026-02-05 03:07:00,0.3747703
2026-02-05 03:08:00,0.29718783
2026-02-05 03:09:00,0.32418862
2026-02-05 03:10:00,0.29684556
2026-02-05 03:11:00,0.30087188
2026-02-05 03:12:00,0.32596776
2026-02-05 03:13:00,0.35849398
2026-02-05 03:14:00,0.3311717
2026-02-05 03:15:00,0.3053445
2026-02-05 03:16:00,0.28799674
2026-02-05 03:17:00,0.2681531
2026-02-05 03:18:00,0.2883635
2026-02-05 03:19:00,0.29375207
2026-02-05 03:20:00,0.341547
2026-02-05 03:21:00,0.36750585
2026-02-05 03:22:00,0.33427325
2026-02-05 03:23:00,0.36896253
2026-02-05 03:24:00,0.3583112
2026-02-05 03:25:00,0.36999074
2026-02-05 03:26:00,0.37238726
2026-02-05 03:27:00,0.4111652
2026-02-05 03:28:00,0.41362035
2026-02-05 03:29:00,0.4609875
2026-02-05 03:30:00,0.43776268
2026-02-05 03:31:00,0.47363484
2026-02-05 03:32:00,0.4760294
2026-02-05 03:33:00,0.5161474
2026-02-05 03:34:00,0.4392567
2026-02-05 03:35:00,0.42754897
2026-02-05 03:36:00,0.41105506
2026-02-05 03:37:00,0.42479205
2026-02-05 03:38:00,0.40381074
2026-02-05 03:39:00,0.41199362
2026-02-05 03:40:00,0.37189838
2026-02-05 03:41:00,0.3411897
2026-02-05 03:42:00,0.3896359
2026-02-05 03:43:00,0.38814014
2026-02-05 03:44:00,0.34390682
2026-02-05 03:45:00,0.30655104
2026-02-05 03:46:00,0.3322808
2026-02-05 03:47:00,0.34022552
2026-02-05 03:48:00,0.39508402
2026-02-05 03:49:00,0.42318657
2026-02-05 03:50:00,0.44725397
2026-02-05 03:51:00,0.49182555
2026-02-05 03:52:00,0.5035306
2026-02-05 03:53:00,0.4664329
2026-02-05 03:54:00,0.46165636
2026-02-05 03:55:00,0.41815394
2026-02-05 03:56:00,0.4632684
2026-02-05 03:57:00,0.46107516
2026-02-05 03:58:00,0.47175992
2026-02-05 03:59:00,0.46543235
2026-02-05 04:00:00,0.6110857
2026-02-05 04:01:00,0.55066466
2026-02-05 04:02:00,0.43737826
2026-02-05 04:03:00,0.42022002
2026-02-05 04:04:00,0.41642433
2026-02-05 04:05:00,0.35649484
2026-02-05 04:06:00,0.3739784
2026-02-05 04:07:00,0.41217583
2026-02-05 04:08:00,0.38869238
2026-02-05 04:09:00,0.41286287
2026-02-05 04:10:00,0.3866496
2026-02-05 04:11:00,0.3864037
2026-02-05 04:12:00,0.40106484
2026-02-05 04:13:00,0.37783176
2026-02-05 04:14:00,0.3674494
2026-02-05 04:15:00,0.39005953
2026-02-05 04:16:00,0.39623588
2026-02-05 04:17:00,0.37849325
2026-02-05 04:18:00,0.3418099
2026-02-05 04:19:00,0.25985035
2026-02-05 04:20:00,0.21019435
2026-02-05 04:21:00,0.21179523
2026-02-05 04:22:00,0.24044012
2026-02-05 04:23:00,0.20641762
2026-02-05 04:24:00,0.25872287
2026-02-05 04:25:00,0.24444415
2026-02-05 04:26:00,0.19277729
2026-02-05 04:27:00,0.19483256
2026-02-05 04:28:00,0.2833304
2026-02-05 04:29:00,0.29612938
2026-02-05 04:30:00,0.23095381
2026-02-05 04:31:00,0.28615102
2026-02-05 04:32:00,0.3084601
2026-02-05 04:33:00,0.35366893
2026-02-05 04:34:00,0.34134498
2026-02-05 04:35:00,0.30115303
2026-02-05 04:36:00,0.35262188
2026-02-05 04:37:00,0.39214173
2026-02-05 04:38:00,0.389251
2026-02-05 04:39:00,0.38253832
2026-02-05 04:40:00,0.43919274
2026-02-05 04:41:00,0.4641346
2026-02-05 04:42:00,0.4164103
2026-02-05 04:43:00,0.45191664
2026-02-05 04:44:00,0.3906296
2026-02-05 04:45:00,0.38392478
2026-02-05 04:46:00,0.4025944
2026-02-05 04:47:00,0.3869525
2026-02-05 04:48:00,0.41530865
2026-02-05 04:49:00,0.36049357
2026-02-05 04:50:00,0.2731714
2026-02-05 04:51:00,0.22157612
2026-02-05 04:52:00,0.25005665
2026-02-05 04:53:00,0.2698368
2026-02-05 04:54:00,0.2878064
2026-02-05 04:55:00,0.32754844
2026-02-05 04:56:00,0.34717393
2026-02-05 04:57:00,0.35157576
2026-02-05 04:58:00,0.37956595
2026-02-05 04:59:00,0.433313
2026-02-05 05:00:00,0.6241334
2026-02-05 05:01:00,0.5588686
2026-02-05 05:02:00,0.4936082
2026-02-05 05:03:00,0.41312495
2026-02-05 05:04:00,0.38829848
2026-02-05 05:05:00,0.31464523
2026-02-05 05:06:00,0.30248392
2026-02-05 05:07:00,0.3858468
2026-02-05 05:08:00,0.33937034
2026-02-05 05:09:00,0.35449925
2026-02-05 05:10:00,0.35573584
2026-02-05 05:11:00,0.33940578
2026-02-05 05:12:00,0.37068886
2026-02-05 05:13:00,0.43025875
2026-02-05 05:14:00,0.38708514
2026-02-05 05:15:00,0.38802743
2026-02-05 05:16:00,0.36908183
2026-02-05 05:17:00,0.39353043
2026-02-05 05:18:00,0.38226056
2026-02-05 05:19:00,0.37804085
2026-02-05 05:20:00,0.40462774
2026-02-05 05:21:00,0.41443318
2026-02-05 05:22:00,0.4054887
2026-02-05 05:23:00,0.37996957
2026-02-05 05:24:00,0.41266477
2026-02-05 05:25:00,0.4106164
2026-02-05 05:26:00,0.40936044
2026-02-05 05:27:00,0.40642366
2026-02-05 05:28:00,0.41553965
2026-02-05 05:29:00,0.4080449
2026-02-05 05:30:00,0.4170163
2026-02-05 05:31:00,0.34262976
2026-02-05 05:32:00,0.38658136
2026-02-05 05:33:00,0.3732129
2026-02-05 05:34:00,0.36596492
2026-02-05 05:35:00,0.39199537
2026-02-05 05:36:00,0.42065343
2026-02-05 05:37:00,0.42686826
2026-02-05 05:38:00,0.39438918
2026-02-05 05:39:00,0.36963066
2026-02-05 05:40:00,0.3827098
2026-02-05 05:41:00,0.33084118
2026-02-05 05:42:00,0.41053706
2026-02-05 05:43:00,0.4756955
2026-02-05 05:44:00,0.475352
2026-02-05 05:45:00,0.45600536
2026-02-05 05:46:00,0.40602317
2026-02-05 05:47:00,0.4020503
2026-02-05 05:48:00,0.43778315
2026-02-05 05:49:00,0.4667473
2026-02-05 05:50:00,0.55364895
2026-02-05 05:51:00,0.55970985
2026-02-05 05:52:00,0.50051284
2026-02-05 05:53:00,0.507142
2026-02-05 05:54:00,0.5395563
2026-02-05 05:55:00,0.54360044
2026-02-05 05:56:00,0.5016043
2026-02-05 05:57:00,0.45438948
2026-02-05 05:58:00,0.4473104
2026-02-05 05:59:00,0.40017802
2026-02-05 06:00:00,0.66068614
2026-02-05 06:01:00,0.63230014
2026-02-05 06:02:00,0.55675995
2026-02-05 06:03:00,0.512507
2026-02-05 06:04:00,0.48493752
2026-02-05 06:05:00,0.44670406
2026-02-05 06:06:00,0.42952225
2026-02-05 06:07:00,0.3768706
2026-02-05 06:08:00,0.37596095
2026-02-05 06:09:00,0.38092697
2026-02-05 06:10:00,0.39895678
2026-02-05 06:11:00,0.3897127
2026-02-05 06:12:00,0.46846685
2026-02-05 06:13:00,0.41495594
2026-02-05 06:14:00,0.4622248
2026-02-05 06:15:00,0.4297122
2026-02-05 06:16:00,0.3867827
2026-02-05 06:17:00,0.4151879
2026-02-05 06:18:00,0.4409644
2026-02-05 06:19:00,0.39117953
2026-02-05 06:20:00,0.42818555
2026-02-05 06:21:00,0.43486112
2026-02-05 06:22:00,0.46907502
2026-02-05 06:23:00,0.4469373
2026-02-05 06:24:00,0.3713017
2026-02-05 06:25:00,0.38156268
2026-02-05 06:26:00,0.38818482
2026-02-05 06:27:00,0.4094777
2026-02-05 06:28:00,0.39696458
2026-02-05 06:29:00,0.4340091
2026-02-05 06:30:00,0.46051317
2026-02-05 06:31:00,0.48950127
2026-02-05 06:32:00,0.4702972
2026-02-05 06:33:00,0.4092964
2026-02-05 06:34:00,0.43710467
2026-02-05 06:35:00,0.50512487
2026-02-05 06:36:00,0.47804764
2026-02-05 06:37:00,0.4769322
2026-02-05 06:38:00,0.44336122
2026-02-05 06:39:00,0.45745438
2026-02-05 06:40:00,0.45920286
2026-02-05 06:41:00,0.459928
2026-02-05 06:42:00,0.5001883
2026-02-05 06:43:00,0.548884
2026-02-05 06:44:00,0.53252894
2026-02-05 06:45:00,0.61160064
2026-02-05 06:46:00,0.6221306
2026-02-05 06:47:00,0.594265
2026-02-05 06:48:00,0.5535569
2026-02-05 06:49:00,0.54658234
2026-02-05 06:50:00,0.5018028
2026-02-05 06:51:00,0.5072546
2026-02-05 06:52:00,0.438723
2026-02-05 06:53:00,0.37915528
2026-02-05 06:54:00,0.40334272
2026-02-05 06:55:00,0.443952
2026-02-05 06:56:00,0.4518013
2026-02-05 06:57:00,0.4500902
2026-02-05 06:58:00,0.41193834
2026-02-05 06:59:00,0.40453172
2026-02-05 07:00:00,0.68273556
2026-02-05 07:01:00,0.6337149
2026-02-05 07:02:00,0.55026907
2026-02-05 07:03:00,0.525791
2026-02-05 07:04:00,0.49980006
2026-02-05 07:05:00,0.5046856
2026-02-05 07:06:00,0.5172357
2026-02-05 07:07:00,0.50294644
2026-02-05 07:08:00,0.47616225
2026-02-05 07:09:00,0.49624616
2026-02-05 07:10:00,0.533129
2026-02-05 07:11:00,0.52074
2026-02-05 07:12:00,0.47133198
2026-02-05 07:13:00,0.48466092
2026-02-05 07:14:00,0.48048022
2026-02-05 07:15:00,0.45459646
2026-02-05 07:16:00,0.4425211
2026-02-05 07:17:00,0.4225263
2026-02-05 07:18:00,0.42521515
2026-02-05 07:19:00,0.38382885
2026-02-05 07:20:00,0.4585026
2026-02-05 07:21:00,0.39241266
2026-02-05 07:22:00,0.36735567
2026-02-05 07:23:00,0.34783152
2026-02-05 07:24:00,0.37650818
2026-02-05 07:25:00,0.38634542
2026-02-05 07:26:00,0.38824126
2026-02-05 07:27:00,0.38141975
2026-02-05 07:28:00,0.4842446
2026-02-05 07:29:00,0.42449155
2026-02-05 07:30:00,0.38295862
2026-02-05 07:31:00,0.37738422
2026-02-05 07:32:00,0.3654532
2026-02-05 07:33:00,0.3412765
2026-02-05 07:34:00,0.42989203
2026-02-05 07:35:00,0.40954697
2026-02-05 07:36:00,0.4173489
2026-02-05 07:37:00,0.47075564
2026-02-05 07:38:00,0.4766413
2026-02-05 07:39:00,0.40583187
2026-02-05 07:40:00,0.44720617
2026-02-05 07:41:00,0.47022805
2026-02-05 07:42:00,0.41269585
2026-02-05 07:43:00,0.45331588
2026-02-05 07:44:00,0.40565893
2026-02-05 07:45:00,0.40917897
2026-02-05 07:46:00,0.42369422
2026-02-05 07:47:00,0.40664524
2026-02-05 07:48:00,0.39962628
2026-02-05 07:49:00,0.42601228
2026-02-05 07:50:00,0.38315934
2026-02-05 07:51:00,0.40933138
2026-02-05 07:52:00,0.38765004
2026-02-05 07:53:00,0.39369297
2026-02-05 07:54:00,0.43242723
2026-02-05 07:55:00,0.3807997
2026-02-05 07:56:00,0.43044338
2026-02-05 07:57:00,0.4404929
2026-02-05 07:58:00,0.43098074
2026-02-05 07:59:00,0.44914377
2026-02-05 08:00:00,0.6993241
2026-02-05 08:01:00,0.7186529
2026-02-05 08:02:00,0.60122645
2026-02-05 08:03:00,0.53072405
2026-02-05 08:04:00,0.47671646
2026-02-05 08:05:00,0.43098947
2026-02-05 08:06:00,0.43414336
2026-02-05 08:07:00,0.447012
2026-02-05 08:08:00,0.44184062
2026-02-05 08:09:00,0.4978396
2026-02-05 08:10:00,0.44298294
2026-02-05 08:11:00,0.45508966
2026-02-05 08:12:00,0.41466802
2026-02-05 08:13:00,0.39645606
2026-02-05 08:14:00,0.4447569
2026-02-05 08:15:00,0.38243857
2026-02-05 08:16:00,0.36892852
2026-02-05 08:17:00,0.35780987
2026-02-05 08:18:00,0.27868843
2026-02-05 08:19:00,0.24822827
2026-02-05 08:20:00,0.32024106
2026-02-05 08:21:00,0.3461363
2026-02-05 08:22:00,0.39266747
2026-02-05 08:23:00,0.37525734
2026-02-05 08:24:00,0.38418785
2026-02-05 08:25:00,0.47423816
2026-02-05 08:26:00,0.45215258
2026-02-05 08:27:00,0.41165796
2026-02-05 08:28:00,0.4699867
2026-02-05 08:29:00,0.48476624
2026-02-05 08:30:00,0.5223366
2026-02-05 08:31:00,0.4730508
2026-02-05 08:32:00,0.44046015
2026-02-05 08:33:00,0.43754536
2026-02-05 08:34:00,0.4108078
2026-02-05 08:35:00,0.40709278
2026-02-05 08:36:00,0.41652372
2026-02-05 08:37:00,0.45124125
2026-02-05 08:38:00,0.44879368
2026-02-05 08:39:00,0.47669435
2026-02-05 08:40:00,0.41960832
2026-02-05 08:41:00,0.45171484
2026-02-05 08:42:00,0.40284258
2026-02-05 08:43:00,0.38741502
2026-02-05 08:44:00,0.4321517
2026-02-05 08:45:00,0.380453
2026-02-05 08:46:00,0.4348314
2026-02-05 08:47:00,0.4110437
2026-02-05 08:48:00,0.40651053
2026-02-05 08:49:00,0.40039435
2026-02-05 08:50:00,0.4141491
2026-02-05 08:51:00,0.49322674
2026-02-05 08:52:00,0.47060347
2026-02-05 08:53:00,0.4748513
2026-02-05 08:54:00,0.45405805
2026-02-05 08:55:00,0.43160293
2026-02-05 08:56:00,0.40288052
2026-02-05 08:57:00,0.42915687
2026-02-05 08:58:00,0.41246033
2026-02-05 08:59:00,0.4423408
2026-02-05 09:00:00,0.6533137
2026-02-05 09:01:00,0.6836373
2026-02-05 09:02:00,0.64196527
2026-02-05 09:03:00,0.61414313
2026-02-05 09:04:00,0.51523185
2026-02-05 09:05:00,0.54678726
2026-02-05 09:06:00,0.5520993
2026-02-05 09:07:00,0.5675291
2026-02-05 09:08:00,0.4975194
2026-02-05 09:09:00,0.48047417
2026-02-05 09:10:00,0.47318047
2026-02-05 09:11:00,0.5033613
2026-02-05 09:12:00,0.51081073
2026-02-05 09:13:00,0.46691296
2026-02-05 09:14:00,0.5266534
2026-02-05 09:15:00,0.51226443
2026-02-05 09:16:00,0.4945882
2026-02-05 09:17:00,0.479788
2026-02-05 09:18:00,0.5359058
2026-02-05 09:19:00,0.5681864
2026-02-05 09:20:00,0.56829315
2026-02-05 09:21:00,0.5553745
2026-02-05 09:22:00,0.52233285
2026-02-05 09:23:00,0.49539906
2026-02-05 09:24:00,0.42405018
2026-02-05 09:25:00,0.4513819
2026-02-05 09:26:00,0.4440637
2026-02-05 09:27:00,0.48116815
2026-02-05 09:28:00,0.4891638
2026-02-05 09:29:00,0.44714144
2026-02-05 09:30:00,0.48365942
2026-02-05 09:31:00,0.46827066
2026-02-05 09:32:00,0.43104964
2026-02-05 09:33:00,0.35179272
2026-02-05 09:34:00,0.31048742
2026-02-05 09:35:00,0.30639222
2026-02-05 09:36:00,0.33706075
2026-02-05 09:37:00,0.35021314
2026-02-05 09:38:00,0.40218177
2026-02-05 09:39:00,0.37730852
2026-02-05 09:40:00,0.35361964
2026-02-05 09:41:00,0.3404372
2026-02-05 09:42:00,0.41450053
2026-02-05 09:43:00,0.3911367
2026-02-05 09:44:00,0.4033134
2026-02-05 09:45:00,0.38258588
2026-02-05 09:46:00,0.4524592
2026-02-05 09:47:00,0.44382176
2026-02-05 09:48:00,0.5169208
2026-02-05 09:49:00,0.5008031
2026-02-05 09:50:00,0.44883066
2026-02-05 09:51:00,0.41213262
2026-02-05 09:52:00,0.39663202
2026-02-05 09:53:00,0.41343084
2026-02-05 09:54:00,0.43442634
2026-02-05 09:55:00,0.3912663
2026-02-05 09:56:00,0.40659338
2026-02-05 09:57:00,0.41105324
2026-02-05 09:58:00,0.36287943
2026-02-05 09:59:00,0.35451984
2026-02-05 10:00:00,0.5934893
2026-02-05 10:01:00,0.53018254
2026-02-05 10:02:00,0.48791227
2026-02-05 10:03:00,0.48253658
2026-02-05 10:04:00,0.4612799
2026-02-05 10:05:00,0.45773762
2026-02-05 10:06:00,0.44875476
2026-02-05 10:07:00,0.43630797
2026-02-05 10:08:00,0.3885525
2026-02-05 10:09:00,0.3389632
2026-02-05 10:10:00,0.31479964
2026-02-05 10:11:00,0.30975634
2026-02-05 10:12:00,0.3384196
2026-02-05 10:13:00,0.35242465
2026-02-05 10:14:00,0.3658677
2026-02-05 10:15:00,0.37856776
2026-02-05 10:16:00,0.31590718
2026-02-05 10:17:00,0.30392992
2026-02-05 10:18:00,0.33570206
2026-02-05 10:19:00,0.36363974
2026-02-05 10:20:00,0.3791473
2026-02-05 10:21:00,0.36711118
2026-02-05 10:22:00,0.3575327
2026-02-05 10:23:00,0.37705743
2026-02-05 10:24:00,0.30585474
2026-02-05 10:25:00,0.32702586
2026-02-05 10:26:00,0.3389968
2026-02-05 10:27:00,0.29530656
2026-02-05 10:28:00,0.31801766
2026-02-05 10:29:00,0.34532943
2026-02-05 10:30:00,0.38178346
2026-02-05 10:31:00,0.3829397
2026-02-05 10:32:00,0.37700662
2026-02-05 10:33:00,0.38155082
2026-02-05 10:34:00,0.37142375
2026-02-05 10:35:00,0.3670596
2026-02-05 10:36:00,0.3746466
2026-02-05 10:37:00,0.37023222
2026-02-05 10:38:00,0.3917593
2026-02-05 10:39:00,0.4564242
2026-02-05 10:40:00,0.43577793
2026-02-05 10:41:00,0.35139582
2026-02-05 10:42:00,0.37682736
2026-02-05 10:43:00,0.29049733
2026-02-05 10:44:00,0.31351352
2026-02-05 10:45:00,0.2703129
2026-02-05 10:46:00,0.25064886
2026-02-05 10:47:00,0.22332817
2026-02-05 10:48:00,0.24812804
2026-02-05 10:49:00,0.269291
2026-02-05 10:50:00,0.26931202
2026-02-05 10:51:00,0.22939569
2026-02-05 10:52:00,0.23700646
2026-02-05 10:53:00,0.27472183
2026-02-05 10:54:00,0.32944363
2026-02-05 10:55:00,0.36482498
2026-02-05 10:56:00,0.32216766
2026-02-05 10:57:00,0.37119892
2026-02-05 10:58:00,0.35814434
2026-02-05 10:59:00,0.33517253
2026-02-05 11:00:00,0.5088149
2026-02-05 11:01:00,0.4403614
2026-02-05 11:02:00,0.43766886
2026-02-05 11:03:00,0.35635018
2026-02-05 11:04:00,0.37639168
2026-02-05 11:05:00,0.34055912
2026-02-05 11:06:00,0.30651134
2026-02-05 11:07:00,0.29151398
2026-02-05 11:08:00,0.32367933
2026-02-05 11:09:00,0.35615873
2026-02-05 11:10:00,0.35796392
2026-02-05 11:11:00,0.3465543
2026-02-05 11:12:00,0.34128815
2026-02-05 11:13:00,0.31250244
2026-02-05 11:14:00,0.24552335
2026-02-05 11:15:00,0.28991568
2026-02-05 11:16:00,0.22817606
2026-02-05 11:17:00,0.22196989
2026-02-05 11:18:00,0.23518018
2026-02-05 11:19:00,0.25991756
2026-02-05 11:20:00,0.25649542
2026-02-05 11:21:00,0.23533894
2026-02-05 11:22:00,0.29915884
2026-02-05 11:23:00,0.27655482
2026-02-05 11:24:00,0.25307927
2026-02-05 11:25:00,0.25922576
2026-02-05 11:26:00,0.29757905
2026-02-05 11:27:00,0.38534576
2026-02-05 11:28:00,0.374467
2026-02-05 11:29:00,0.34825528
2026-02-05 11:30:00,0.35859865
2026-02-05 11:31:00,0.37389165
2026-02-05 11:32:00,0.35486573
2026-02-05 11:33:00,0.32635888
2026-02-05 11:34:00,0.3206997
2026-02-05 11:35:00,0.3915484
2026-02-05 11:36:00,0.3533472
2026-02-05 11:37:00,0.33965158
2026-02-05 11:38:00,0.33361343
2026-02-05 11:39:00,0.31937543
2026-02-05 11:40:00,0.4316821
2026-02-05 11:41:00,0.40629435
2026-02-05 11:42:00,0.361914
2026-02-05 11:43:00,0.41066152
2026-02-05 11:44:00,0.36144605
2026-02-05 11:45:00,0.36443803
2026-02-05 11:46:00,0.38846835
2026-02-05 11:47:00,0.35597676
2026-02-05 11:48:00,0.33088785
2026-02-05 11:49:00,0.38178733
2026-02-05 11:50:00,0.3849227
2026-02-05 11:51:00,0.33085182
2026-02-05 11:52:00,0.4063183
2026-02-05 11:53:00,0.42069682
2026-02-05 11:54:00,0.38596526
2026-02-05 11:55:00,0.40487564
2026-02-05 11:56:00,0.38716888
2026-02-05 11:57:00,0.36025658
2026-02-05 11:58:00,0.30023378
2026-02-05 11:59:00,0.26543456
2026-02-05 12:00:00,0.5550814
2026-02-05 12:01:00,0.52421826
2026-02-05 12:02:00,0.49364156
2026-02-05 12:03:00,0.46372032
2026-02-05 12:04:00,0.32691658
2026-02-05 12:05:00,0.34117478
2026-02-05 12:06:00,0.38472497
2026-02-05 12:07:00,0.3641381
2026-02-05 12:08:00,0.32128862
2026-02-05 12:09:00,0.26958317
2026-02-05 12:10:00,0.30399683
2026-02-05 12:11:00,0.35983348
2026-02-05 12:12:00,0.3612515
2026-02-05 12:13:00,0.4041273
2026-02-05 12:14:00,0.31557256
2026-02-05 12:15:00,0.3438288
2026-02-05 12:16:00,0.32981214
2026-02-05 12:17:00,0.30437657
2026-02-05 12:18:00,0.23133335
2026-02-05 12:19:00,0.28763178
2026-02-05 12:20:00,0.25876042
2026-02-05 12:21:00,0.23876512
2026-02-05 12:22:00,0.23616725
2026-02-05 12:23:00,0.2178222
2026-02-05 12:24:00,0.24402002
2026-02-05 12:25:00,0.19407463
2026-02-05 12:26:00,0.25292662
2026-02-05 12:27:00,0.28577805
2026-02-05 12:28:00,0.2578708
2026-02-05 12:29:00,0.2328264
2026-02-05 12:30:00,0.2766611
2026-02-05 12:31:00,0.29119658
2026-02-05 12:32:00,0.22733223
2026-02-05 12:33:00,0.20592365
2026-02-05 12:34:00,0.20162055
2026-02-05 12:35:00,0.21183129
2026-02-05 12:36:00,0.23742925
2026-02-05 12:37:00,0.23857279
2026-02-05 12:38:00,0.169969
2026-02-05 12:39:00,0.2228815
2026-02-05 12:40:00,0.19981724
2026-02-05 12:41:00,0.18582428
2026-02-05 12:42:00,0.1382619
2026-02-05 12:43:00,0.1348784
2026-02-05 12:44:00,0.121473275
2026-02-05 12:45:00,0.08526767
2026-02-05 12:46:00,0.041038983
2026-02-05 12:47:00,0.041304633
2026-02-05 12:48:00,0.10451365
2026-02-05 12:49:00,0.08930559
2026-02-05 12:50:00,0.050747864
2026-02-05 12:51:00,0.11389288
2026-02-05 12:52:00,0.15847537
2026-02-05 12:53:00,0.23882157
2026-02-05 12:54:00,0.24720544
2026-02-05 12:55:00,0.23768224
2026-02-05 12:56:00,0.22939554
2026-02-05 12:57:00,0.24102424
2026-02-05 12:58:00,0.3254619
2026-02-05 12:59:00,0.31317204
2026-02-05 13:00:00,0.506738
2026-02-05 13:01:00,0.43982947
2026-02-05 13:02:00,0.40764746
2026-02-05 13:03:00,0.33244127
2026-02-05 13:04:00,0.29365447
2026-02-05 13:05:00,0.27275953
2026-02-05 13:06:00,0.28564164
2026-02-05 13:07:00,0.26302555
2026-02-05 13:08:00,0.24576578
2026-02-05 13:09:00,0.23646303
2026-02-05 13:10:00,0.24493733
2026-02-05 13:11:00,0.2402198
2026-02-05 13:12:00,0.23234911
2026-02-05 13:13:00,0.22819221
2026-02-05 13:14:00,0.24016948
2026-02-05 13:15:00,0.27775413
2026-02-05 13:16:00,0.31897205
2026-02-05 13:17:00,0.3446261
2026-02-05 13:18:00,0.34610832
2026-02-05 13:19:00,0.3180463
2026-02-05 13:20:00,0.31871954
2026-02-05 13:21:00,0.28033912
2026-02-05 13:22:00,0.2548261
2026-02-05 13:23:00,0.25517452
2026-02-05 13:24:00,0.20622928
2026-02-05 13:25:00,0.26993462
2026-02-05 13:26:00,0.27968767
2026-02-05 13:27:00,0.27950743
2026-02-05 13:28:00,0.2750591
2026-02-05 13:29:00,0.28976455
2026-02-05 13:30:00,0.34047508
2026-02-05 13:31:00,0.30881295
2026-02-05 13:32:00,0.301558
2026-02-05 13:33:00,0.29589206
2026-02-05 13:34:00,0.31577742
2026-02-05 13:35:00,0.25409633
2026-02-05 13:36:00,0.24798448
2026-02-05 13:37:00,0.29058248
2026-02-05 13:38:00,0.23480506
2026-02-05 13:39:00,0.19835497
2026-02-05 13:40:00,0.20733558
2026-02-05 13:41:00,0.19384143
2026-02-05 13:42:00,0.2277039
2026-02-05 13:43:00,0.29829204
2026-02-05 13:44:00,0.2602292
2026-02-05 13:45:00,0.22242996
2026-02-05 13:46:00,0.21319292
2026-02-05 13:47:00,0.22436841
2026-02-05 13:48:00,0.18629867
2026-02-05 13:49:00,0.14897093
2026-02-05 13:50:00,0.23766422
2026-02-05 13:51:00,0.18777594
2026-02-05 13:52:00,0.19663922
2026-02-05 13:53:00,0.21438989
2026-02-05 13:54:00,0.21443853
2026-02-05 13:55:00,0.16423605
2026-02-05 13:56:00,0.17093702
2026-02-05 13:57:00,0.14761029
2026-02-05 13:58:00,0.20267934
2026-02-05 13:59:00,0.15076894
2026-02-05 14:00:00,0.3600462
2026-02-05 14:01:00,0.32943887
2026-02-05 14:02:00,0.26038426
2026-02-05 14:03:00,0.20724119
2026-02-05 14:04:00,0.15978819
2026-02-05 14:05:00,0.15565722
2026-02-05 14:06:00,0.13283657
2026-02-05 14:07:00,0.1674369
2026-02-05 14:08:00,0.17121401
2026-02-05 14:09:00,0.14978093
2026-02-05 14:10:00,0.23124294
2026-02-05 14:11:00,0.21216014
2026-02-05 14:12:00,0.21526782
2026-02-05 14:13:00,0.20295732
2026-02-05 14:14:00,0.20528322
2026-02-05 14:15:00,0.24688408
2026-02-05 14:16:00,0.26495594
2026-02-05 14:17:00,0.24771781
2026-02-05 14:18:00,0.23334424
2026-02-05 14:19:00,0.36717677
2026-02-05 14:20:00,0.30670452
2026-02-05 14:21:00,0.25635424
2026-02-05 14:22:00,0.2542966
2026-02-05 14:23:00,0.24530444
2026-02-05 14:24:00,0.2619796
2026-02-05 14:25:00,0.25847727
2026-02-05 14:26:00,0.23298165
2026-02-05 14:27:00,0.21932337
2026-02-05 14:28:00,0.23665816
2026-02-05 14:29:00,0.23175266
2026-02-05 14:30:00,0.1808135
2026-02-05 14:31:00,0.1524989
2026-02-05 14:32:00,0.13594228
2026-02-05 14:33:00,0.12200614
2026-02-05 14:34:00,0.18124075
2026-02-05 14:35:00,0.1533162
2026-02-05 14:36:00,0.19639954
2026-02-05 14:37:00,0.19269302
2026-02-05 14:38:00,0.21377915
2026-02-05 14:39:00,0.22418976
2026-02-05 14:40:00,0.2361582
2026-02-05 14:41:00,0.28470707
2026-02-05 14:42:00,0.2690817
2026-02-05 14:43:00,0.3240698
2026-02-05 14:44:00,0.3624913
2026-02-05 14:45:00,0.32768497
2026-02-05 14:46:00,0.2572735
2026-02-05 14:47:00,0.27892107
2026-02-05 14:48:00,0.26880428
2026-02-05 14:49:00,0.18256636
2026-02-05 14:50:00,0.19445387
2026-02-05 14:51:00,0.22305752
2026-02-05 14:52:00,0.18519288
2026-02-05 14:53:00,0.086863756
2026-02-05 14:54:00,0.082315385
2026-02-05 14:55:00,0.14108418
2026-02-05 14:56:00,0.12885287
2026-02-05 14:57:00,0.10838363
2026-02-05 14:58:00,0.11456829
2026-02-05 14:59:00,0.08936623
2026-02-05 15:00:00,0.33125696
2026-02-05 15:01:00,0.308443
2026-02-05 15:02:00,0.23886663
2026-02-05 15:03:00,0.23845734
2026-02-05 15:04:00,0.20913044
2026-02-05 15:05:00,0.23462972
2026-02-05 15:06:00,0.24817906
2026-02-05 15:07:00,0.21994689
2026-02-05 15:08:00,0.2141156
2026-02-05 15:09:00,0.2012893
2026-02-05 15:10:00,0.19354358
2026-02-05 15:11:00,0.19946417
2026-02-05 15:12:00,0.16222051
2026-02-05 15:13:00,0.13263512
2026-02-05 15:14:00,0.10564982
2026-02-05 15:15:00,0.11252511
2026-02-05 15:16:00,0.19320346
2026-02-05 15:17:00,0.15207122
2026-02-05 15:18:00,0.17222136
2026-02-05 15:19:00,0.17733249
2026-02-05 15:20:00,0.21105394
2026-02-05 15:21:00,0.15606986
2026-02-05 15:22:00,0.16649592
2026-02-05 15:23:00,0.17587982
2026-02-05 15:24:00,0.21199936
2026-02-05 15:25:00,0.19353168
2026-02-05 15:26:00,0.16605978
2026-02-05 15:27:00,0.14127865
2026-02-05 15:28:00,0.19108313
2026-02-05 15:29:00,0.15643401
2026-02-05 15:30:00,0.160888
2026-02-05 15:31:00,0.137631
2026-02-05 15:32:00,0.073503785
2026-02-05 15:33:00,0.083334744
2026-02-05 15:34:00,0.07348517
2026-02-05 15:35:00,0.04
2026-02-05 15:36:00,0.04
2026-02-05 15:37:00,0.04
2026-02-05 15:38:00,0.09670888
2026-02-05 15:39:00,0.06288336
2026-02-05 15:40:00,0.094968
2026-02-05 15:41:00,0.09855116
2026-02-05 15:42:00,0.12700112
2026-02-05 15:43:00,0.11762242
2026-02-05 15:44:00,0.11124641
2026-02-05 15:45:00,0.10871109
2026-02-05 15:46:00,0.092700325
2026-02-05 15:47:00,0.13786596
2026-02-05 15:48:00,0.13903593
2026-02-05 15:49:00,0.09122119
2026-02-05 15:50:00,0.073523745
2026-02-05 15:51:00,0.062057376
2026-02-05 15:52:00,0.04
2026-02-05 15:53:00,0.06491682
2026-02-05 15:54:00,0.098818436
2026-02-05 15:55:00,0.09984748
2026-02-05 15:56:00,0.04
2026-02-05 15:57:00,0.04
2026-02-05 15:58:00,0.04
2026-02-05 15:59:00,0.04
2026-02-05 16:00:00,0.18842268
2026-02-05 16:01:00,0.16329567
2026-02-05 16:02:00,0.14657322
2026-02-05 16:03:00,0.12192109
2026-02-05 16:04:00,0.107219025
2026-02-05 16:05:00,0.07513325
2026-02-05 16:06:00,0.07159893
2026-02-05 16:07:00,0.04
2026-02-05 16:08:00,0.05214567
2026-02-05 16:09:00,0.12560655
2026-02-05 16:10:00,0.12540439
2026-02-05 16:11:00,0.098156355
2026-02-05 16:12:00,0.04
2026-02-05 16:13:00,0.04
2026-02-05 16:14:00,0.04
2026-02-05 16:15:00,0.065640785
2026-02-05 16:16:00,0.115893416
2026-02-05 16:17:00,0.15275306
2026-02-05 16:18:00,0.15013093
2026-02-05 16:19:00,0.16769221
2026-02-05 16:20:00,0.18803954
2026-02-05 16:21:00,0.15447463
2026-02-05 16:22:00,0.11648229
2026-02-05 16:23:00,0.091720894
2026-02-05 16:24:00,0.10819852
2026-02-05 16:25:00,0.18420026
2026-02-05 16:26:00,0.18888961
2026-02-05 16:27:00,0.13936794
2026-02-05 16:28:00,0.1067022
2026-02-05 16:29:00,0.11255277
2026-02-05 16:30:00,0.060472727
2026-02-05 16:31:00,0.04
2026-02-05 16:32:00,0.10612784
2026-02-05 16:33:00,0.0757221
2026-02-05 16:34:00,0.06913796
2026-02-05 16:35:00,0.102274455
2026-02-05 16:36:00,0.11471913
2026-02-05 16:37:00,0.0892554
2026-02-05 16:38:00,0.05691258
2026-02-05 16:39:00,0.059588347
2026-02-05 16:40:00,0.068691656
2026-02-05 16:41:00,0.07009904
2026-02-05 16:42:00,0.16272391
2026-02-05 16:43:00,0.1449241
2026-02-05 16:44:00,0.23276472
2026-02-05 16:45:00,0.21541296
2026-02-05 16:46:00,0.22706658
2026-02-05 16:47:00,0.23551172
2026-02-05 16:48:00,0.22721823
2026-02-05 16:49:00,0.20316996
2026-02-05 16:50:00,0.198927
2026-02-05 16:51:00,0.23209685
2026-02-05 16:52:00,0.1847464
2026-02-05 16:53:00,0.14671859
2026-02-05 16:54:00,0.15078573
2026-02-05 16:55:00,0.15971951
2026-02-05 16:56:00,0.19130862
2026-02-05 16:57:00,0.15694916
2026-02-05 16:58:00,0.12623732
2026-02-05 16:59:00,0.14105754
2026-02-05 17:00:00,0.4075928
2026-02-05 17:01:00,0.3354622
2026-02-05 17:02:00,0.22985582
2026-02-05 17:03:00,0.19973123
2026-02-05 17:04:00,0.116718136
2026-02-05 17:05:00,0.079530716
2026-02-05 17:06:00,0.07865882
2026-02-05 17:07:00,0.04
2026-02-05 17:08:00,0.04
2026-02-05 17:09:00,0.04
2026-02-05 17:10:00,0.0554393
2026-02-05 17:11:00,0.07596117
2026-02-05 17:12:00,0.12250769
2026-02-05 17:13:00,0.13112238
2026-02-05 17:14:00,0.119635075
2026-02-05 17:15:00,0.106201924
2026-02-05 17:16:00,0.091900006
2026-02-05 17:17:00,0.09663385
2026-02-05 17:18:00,0.1175018
2026-02-05 17:19:00,0.16340096
2026-02-05 17:20:00,0.15353724
2026-02-05 17:21:00,0.10181458
2026-02-05 17:22:00,0.13928644
2026-02-05 17:23:00,0.16018984
2026-02-05 17:24:00,0.16139646
2026-02-05 17:25:00,0.13395073
2026-02-05 17:26:00,0.10360578
2026-02-05 17:27:00,0.12619974
2026-02-05 17:28:00,0.12212517
2026-02-05 17:29:00,0.12539683
2026-02-05 17:30:00,0.14093113
2026-02-05 17:31:00,0.20528123
2026-02-05 17:32:00,0.2250158
2026-02-05 17:33:00,0.1477571
2026-02-05 17:34:00,0.18705231
2026-02-05 17:35:00,0.14727342
2026-02-05 17:36:00,0.15593417
2026-02-05 17:37:00,0.115970775
2026-02-05 17:38:00,0.10840867
2026-02-05 17:39:00,0.12280669
2026-02-05 17:40:00,0.146326
2026-02-05 17:41:00,0.13643196
2026-02-05 17:42:00,0.1566766
2026-02-05 17:43:00,0.18943898
2026-02-05 17:44:00,0.18989658
2026-02-05 17:45:00,0.17940517
2026-02-05 17:46:00,0.19389397
2026-02-05 17:47:00,0.18829821
2026-02-05 17:48:00,0.099691495
2026-02-05 17:49:00,0.115054294
2026-02-05 17:50:00,0.04411559
2026-02-05 17:51:00,0.04
2026-02-05 17:52:00,0.05310236
2026-02-05 17:53:00,0.040752437
2026-02-05 17:54:00,0.047250297
2026-02-05 17:55:00,0.041559245
2026-02-05 17:56:00,0.067075714
2026-02-05 17:57:00,0.08461662
2026-02-05 17:58:00,0.06489919
2026-02-05 17:59:00,0.114515565
2026-02-05 18:00:00,0.36547083
2026-02-05 18:01:00,0.3371504
2026-02-05 18:02:00,0.30029306
2026-02-05 18:03:00,0.18343599
2026-02-05 18:04:00,0.1323342
2026-02-05 18:05:00,0.0778317
2026-02-05 18:06:00,0.067903
2026-02-05 18:07:00,0.06353148
2026-02-05 18:08:00,0.10560053
2026-02-05 18:09:00,0.09586878
2026-02-05 18:10:00,0.08846978
2026-02-05 18:11:00,0.051555622
2026-02-05 18:12:00,0.0704756
2026-02-05 18:13:00,0.07608265
2026-02-05 18:14:00,0.098732024
2026-02-05 18:15:00,0.12965101
2026-02-05 18:16:00,0.10598838
2026-02-05 18:17:00,0.10064795
2026-02-05 18:18:00,0.11698217
2026-02-05 18:19:00,0.14174396
2026-02-05 18:20:00,0.12469979
2026-02-05 18:21:00,0.14330904
2026-02-05 18:22:00,0.15614021
2026-02-05 18:23:00,0.06581357
2026-02-05 18:24:00,0.08299826
2026-02-05 18:25:00,0.06318043
2026-02-05 18:26:00,0.04
2026-02-05 18:27:00,0.04
2026-02-05 18:28:00,0.04
2026-02-05 18:29:00,0.07659149
2026-02-05 18:30:00,0.09493893
2026-02-05 18:31:00,0.091055125
2026-02-05 18:32:00,0.048533406
2026-02-05 18:33:00,0.09304926
2026-02-05 18:34:00,0.07062019
2026-02-05 18:35:00,0.049969178
2026-02-05 18:36:00,0.12696736
2026-02-05 18:37:00,0.1460944
2026-02-05 18:38:00,0.13804346
2026-02-05 18:39:00,0.15876849
2026-02-05 18:40:00,0.18345056
2026-02-05 18:41:00,0.16517769
2026-02-05 18:42:00,0.1889977
2026-02-05 18:43:00,0.13714816
2026-02-05 18:44:00,0.10361534
2026-02-05 18:45:00,0.08443569
2026-02-05 18:46:00,0.107303485
2026-02-05 18:47:00,0.1642528
2026-02-05 18:48:00,0.17815411
2026-02-05 18:49:00,0.12057324
2026-02-05 18:50:00,0.110595204
2026-02-05 18:51:00,0.12731528
2026-02-05 18:52:00,0.12221042
2026-02-05 18:53:00,0.11042713
2026-02-05 18:54:00,0.12431127
2026-02-05 18:55:00,0.08309808
2026-02-05 18:56:00,0.06981704
2026-02-05 18:57:00,0.08458446
2026-02-05 18:58:00,0.061188925
2026-02-05 18:59:00,0.04
2026-02-05 19:00:00,0.24106024
2026-02-05 19:01:00,0.18204267
2026-02-05 19:02:00,0.1201356
2026-02-05 19:03:00,0.10447711
2026-02-05 19:04:00,0.09184936
2026-02-05 19:05:00,0.12329516
2026-02-05 19:06:00,0.06481651
2026-02-05 19:07:00,0.088976026
2026-02-05 19:08:00,0.10469925
2026-02-05 19:09:00,0.13170166
2026-02-05 19:10:00,0.08156917
2026-02-05 19:11:00,0.04
2026-02-05 19:12:00,0.04
2026-02-05 19:13:00,0.04
2026-02-05 19:14:00,0.04
2026-02-05 19:15:00,0.062250223
2026-02-05 19:16:00,0.07345771
2026-02-05 19:17:00,0.047255863
2026-02-05 19:18:00,0.077838376
2026-02-05 19:19:00,0.11760932
2026-02-05 19:20:00,0.13238451
2026-02-05 19:21:00,0.11600886
2026-02-05 19:22:00,0.044127822
2026-02-05 19:23:00,0.044044126
2026-02-05 19:24:00,0.04
2026-02-05 19:25:00,0.04
2026-02-05 19:26:00,0.08313953
2026-02-05 19:27:00,0.09409659
2026-02-05 19:28:00,0.058846448
2026-02-05 19:29:00,0.060531784
2026-02-05 19:30:00,0.045161568
2026-02-05 19:31:00,0.105848305
2026-02-05 19:32:00,0.10014202
2026-02-05 19:33:00,0.10648886
2026-02-05 19:34:00,0.08035541
2026-02-05 19:35:00,0.099468574
2026-02-05 19:36:00,0.1456169
2026-02-05 19:37:00,0.094631016
2026-02-05 19:38:00,0.16262151
2026-02-05 19:39:00,0.18161245
2026-02-05 19:40:00,0.18880545
2026-02-05 19:41:00,0.14981991
2026-02-05 19:42:00,0.18165526
2026-02-05 19:43:00,0.19128338
2026-02-05 19:44:00,0.15118083
2026-02-05 19:45:00,0.13383795
2026-02-05 19:46:00,0.14227313
2026-02-05 19:47:00,0.10188902
2026-02-05 19:48:00,0.10891778
2026-02-05 19:49:00,0.10474456
2026-02-05 19:50:00,0.09719613
2026-02-05 19:51:00,0.08751404
2026-02-05 19:52:00,0.081925586
2026-02-05 19:53:00,0.057134755
2026-02-05 19:54:00,0.06173948
2026-02-05 19:55:00,0.1075069
2026-02-05 19:56:00,0.05710229
2026-02-05 19:57:00,0.06761804
2026-02-05 19:58:00,0.13584012
2026-02-05 19:59:00,0.09629377
2026-02-05 20:00:00,0.34243733
2026-02-05 20:01:00,0.33546117
2026-02-05 20:02:00,0.2712095
2026-02-05 20:03:00,0.24742083
2026-02-05 20:04:00,0.21577783
2026-02-05 20:05:00,0.19535732
2026-02-05 20:06:00,0.15972415
2026-02-05 20:07:00,0.13774866
2026-02-05 20:08:00,0.12535353
2026-02-05 20:09:00,0.14441332
2026-02-05 20:10:00,0.17397116
2026-02-05 20:11:00,0.14229606
2026-02-05 20:12:00,0.22300659
2026-02-05 20:13:00,0.23554625
2026-02-05 20:14:00,0.16330153
2026-02-05 20:15:00,0.0943453
2026-02-05 20:16:00,0.13874829
2026-02-05 20:17:00,0.09898349
2026-02-05 20:18:00,0.15653533
2026-02-05 20:19:00,0.11740629
2026-02-05 20:20:00,0.0883467
2026-02-05 20:21:00,0.048914675
2026-02-05 20:22:00,0.0711815
2026-02-05 20:23:00,0.08825435
2026-02-05 20:24:00,0.11485703
2026-02-05 20:25:00,0.14828101
2026-02-05 20:26:00,0.18865393
2026-02-05 20:27:00,0.19035967
2026-02-05 20:28:00,0.19212061
2026-02-05 20:29:00,0.19211519
2026-02-05 20:30:00,0.21424358
2026-02-05 20:31:00,0.14495303
2026-02-05 20:32:00,0.14519612
2026-02-05 20:33:00,0.09844882
2026-02-05 20:34:00,0.1485282
2026-02-05 20:35:00,0.14841583
2026-02-05 20:36:00,0.13611966
2026-02-05 20:37:00,0.15494306
2026-02-05 20:38:00,0.13672449
2026-02-05 20:39:00,0.1574124
2026-02-05 20:40:00,0.15519734
2026-02-05 20:41:00,0.0938814
2026-02-05 20:42:00,0.12946041
2026-02-05 20:43:00,0.12723109
2026-02-05 20:44:00,0.057117358
2026-02-05 20:45:00,0.046175018
2026-02-05 20:46:00,0.14038594
2026-02-05 20:47:00,0.08385061
2026-02-05 20:48:00,0.06962817
2026-02-05 20:49:00,0.04
2026-02-05 20:50:00,0.04
2026-02-05 20:51:00,0.057576865
2026-02-05 20:52:00,0.09275616
2026-02-05 20:53:00,0.1340267
2026-02-05 20:54:00,0.12096867
2026-02-05 20:55:00,0.14930636
2026-02-05 20:56:00,0.17821269
2026-02-05 20:57:00,0.17860432
2026-02-05 20:58:00,0.16049288
2026-02-05 20:59:00,0.10129933
2026-02-05 21:00:00,0.30187365
2026-02-05 21:01:00,0.2215011
2026-02-05 21:02:00,0.24793926
2026-02-05 21:03:00,0.13168803
2026-02-05 21:04:00,0.12646317
2026-02-05 21:05:00,0.1214459
2026-02-05 21:06:00,0.05466465
2026-02-05 21:07:00,0.11773928
2026-02-05 21:08:00,0.11217909
2026-02-05 21:09:00,0.08178299
2026-02-05 21:10:00,0.115563564
2026-02-05 21:11:00,0.12525284
2026-02-05 21:12:00,0.04475598
2026-02-05 21:13:00,0.08750035
2026-02-05 21:14:00,0.08938462
2026-02-05 21:15:00,0.15021339
2026-02-05 21:16:00,0.16409421
2026-02-05 21:17:00,0.1838991
2026-02-05 21:18:00,0.20877299
2026-02-05 21:19:00,0.18697524
2026-02-05 21:20:00,0.18103541
2026-02-05 21:21:00,0.17356785
2026-02-05 21:22:00,0.1965841
2026-02-05 21:23:00,0.21641986
2026-02-05 21:24:00,0.18989712
2026-02-05 21:25:00,0.13867633
2026-02-05 21:26:00,0.09103229
2026-02-05 21:27:00,0.11278989
2026-02-05 21:28:00,0.12808917
2026-02-05 21:29:00,0.113340504
2026-02-05 21:30:00,0.10607246
2026-02-05 21:31:00,0.12123487
2026-02-05 21:32:00,0.17654154
2026-02-05 21:33:00,0.20727143
2026-02-05 21:34:00,0.24348883
2026-02-05 21:35:00,0.23916653
2026-02-05 21:36:00,0.18197517
2026-02-05 21:37:00,0.20441478
2026-02-05 21:38:00,0.19325571
2026-02-05 21:39:00,0.15299268
2026-02-05 21:40:00,0.14617515
2026-02-05 21:41:00,0.17118916
2026-02-05 21:42:00,0.15968886
2026-02-05 21:43:00,0.14238767
2026-02-05 21:44:00,0.26752704
2026-02-05 21:45:00,0.28644705
2026-02-05 21:46:00,0.32087597
2026-02-05 21:47:00,0.26650628
2026-02-05 21:48:00,0.25296906
2026-02-05 21:49:00,0.25677255
2026-02-05 21:50:00,0.24713413
2026-02-05 21:51:00,0.25980714
2026-02-05 21:52:00,0.3119652
2026-02-05 21:53:00,0.337244
2026-02-05 21:54:00,0.32825992
2026-02-05 21:55:00,0.29716286
2026-02-05 21:56:00,0.29202104
2026-02-05 21:57:00,0.26183197
2026-02-05 21:58:00,0.3121501
2026-02-05 21:59:00,0.40800443
2026-02-05 22:00:00,0.6676808
2026-02-05 22:01:00,0.6557104
2026-02-05 22:02:00,0.614164
2026-02-05 22:03:00,0.53487295
2026-02-05 22:04:00,0.5111827
2026-02-05 22:05:00,0.44623852
2026-02-05 22:06:00,0.4407847
2026-02-05 22:07:00,0.42439586
2026-02-05 22:08:00,0.419678
2026-02-05 22:09:00,0.42030704
2026-02-05 22:10:00,0.42765424
2026-02-05 22:11:00,0.40605682
2026-02-05 22:12:00,0.3491421
2026-02-05 22:13:00,0.29650617
2026-02-05 22:14:00,0.2782675
2026-02-05 22:15:00,0.22973463
2026-02-05 22:16:00,0.25321653
2026-02-05 22:17:00,0.22044025
2026-02-05 22:18:00,0.20788428
2026-02-05 22:19:00,0.24911408
2026-02-05 22:20:00,0.22730824
2026-02-05 22:21:00,0.293544
2026-02-05 22:22:00,0.23947312
2026-02-05 22:23:00,0.2325593
2026-02-05 22:24:00,0.25270164
2026-02-05 22:25:00,0.25817162
2026-02-05 22:26:00,0.25458455
2026-02-05 22:27:00,0.22073784
2026-02-05 22:28:00,0.30638742
2026-02-05 22:29:00,0.24206719
2026-02-05 22:30:00,0.23153701
2026-02-05 22:31:00,0.23827605
2026-02-05 22:32:00,0.2042548
2026-02-05 22:33:00,0.2139216
2026-02-05 22:34:00,0.21464793
2026-02-05 22:35:00,0.19106056
2026-02-05 22:36:00,0.1616547
2026-02-05 22:37:00,0.19939665
2026-02-05 22:38:00,0.18522285
2026-02-05 22:39:00,0.17994419
2026-02-05 22:40:00,0.16540313
2026-02-05 22:41:00,0.19184001
2026-02-05 22:42:00,0.17537543
2026-02-05 22:43:00,0.14964865
2026-02-05 22:44:00,0.1823125
2026-02-05 22:45:00,0.17409478
2026-02-05 22:46:00,0.2557357
2026-02-05 22:47:00,0.26599517
2026-02-05 22:48:00,0.26703596
2026-02-05 22:49:00,0.21405543
2026-02-05 22:50:00,0.24571459
2026-02-05 22:51:00,0.24669254
2026-02-05 22:52:00,0.27251512
2026-02-05 22:53:00,0.30809715
2026-02-05 22:54:00,0.31173584
2026-02-05 22:55:00,0.25924596
2026-02-05 22:56:00,0.28074557
2026-02-05 22:57:00,0.24512634
2026-02-05 22:58:00,0.27336714
2026-02-05 22:59:00,0.23808596
2026-02-05 23:00:00,0.45883325
2026-02-05 23:01:00,0.35923207
2026-02-05 23:02:00,0.2704068
2026-02-05 23:03:00,0.16881526
2026-02-05 23:04:00,0.11706842
2026-02-05 23:05:00,0.14743423
2026-02-05 23:06:00,0.11910007
2026-02-05 23:07:00,0.12592779
2026-02-05 23:08:00,0.10785104
2026-02-05 23:09:00,0.099142306
2026-02-05 23:10:00,0.09971633
2026-02-05 23:11:00,0.070960455
2026-02-05 23:12:00,0.04
2026-02-05 23:13:00,0.12201601
2026-02-05 23:14:00,0.099822946
2026-02-05 23:15:00,0.058558665
2026-02-05 23:16:00,0.09638926
2026-02-05 23:17:00,0.13464455
2026-02-05 23:18:00,0.141728
2026-02-05 23:19:00,0.11947904
2026-02-05 23:20:00,0.12356722
2026-02-05 23:21:00,0.10911846
2026-02-05 23:22:00,0.14174168
2026-02-05 23:23:00,0.13012022
2026-02-05 23:24:00,0.1338126
2026-02-05 23:25:00,0.20085077
2026-02-05 23:26:00,0.09630766
2026-02-05 23:27:00,0.0993287
2026-02-05 23:28:00,0.09258657
2026-02-05 23:29:00,0.13547727
2026-02-05 23:30:00,0.13141361
2026-02-05 23:31:00,0.17493604
2026-02-05 23:32:00,0.14230782
2026-02-05 23:33:00,0.20276847
2026-02-05 23:34:00,0.19990373
2026-02-05 23:35:00,0.17239067
2026-02-05 23:36:00,0.08666834
2026-02-05 23:37:00,0.14117625
2026-02-05 23:38:00,0.17208053
2026-02-05 23:39:00,0.16847767
2026-02-05 23:40:00,0.113501586
2026-02-05 23:41:00,0.124760315
2026-02-05 23:42:00,0.12976798
2026-02-05 23:43:00,0.18733257
2026-02-05 23:44:00,0.2342082
2026-02-05 23:45:00,0.21592715
2026-02-05 23:46:00,0.20303372
2026-02-05 23:47:00,0.23517346
2026-02-05 23:48:00,0.22560295
2026-02-05 23:49:00,0.24868111
2026-02-05 23:50:00,0.29526788
2026-02-05 23:51:00,0.28173745
2026-02-05 23:52:00,0.2250264
2026-02-05 23:53:00,0.19681333
2026-02-05 23:54:00,0.2539213
2026-02-05 23:55:00,0.2009821
2026-02-05 23:56:00,0.23955597
2026-02-05 23:57:00,0.31527126
2026-02-05 23:58:00,0.3645296
2026-02-05 23:59:00,0.3330138
2026-02-06 00:00:00,0.550842
2026-02-06 00:01:00,0.5348313
2026-02-06 00:02:00,0.4509383
2026-02-06 00:03:00,0.36813882
2026-02-06 00:04:00,0.39674288
2026-02-06 00:05:00,0.3193316
2026-02-06 00:06:00,0.35218844
2026-02-06 00:07:00,0.32739604
2026-02-06 00:08:00,0.36345693
2026-02-06 00:09:00,0.34292287
2026-02-06 00:10:00,0.3658246
2026-02-06 00:11:00,0.30094758
2026-02-06 00:12:00,0.33179402
2026-02-06 00:13:00,0.33845273
2026-02-06 00:14:00,0.29281875
2026-02-06 00:15:00,0.30170652
2026-02-06 00:16:00,0.31696898
2026-02-06 00:17:00,0.2922308
2026-02-06 00:18:00,0.26714066
2026-02-06 00:19:00,0.28538045
2026-02-06 00:20:00,0.28190488
2026-02-06 00:21:00,0.2846996
2026-02-06 00:22:00,0.30186853
2026-02-06 00:23:00,0.24372272
2026-02-06 00:24:00,0.22707558
2026-02-06 00:25:00,0.24487355
2026-02-06 00:26:00,0.17155741
2026-02-06 00:27:00,0.18293229
2026-02-06 00:28:00,0.18497023
2026-02-06 00:29:00,0.23777668
2026-02-06 00:30:00,0.2611866
2026-02-06 00:31:00,0.27451214
2026-02-06 00:32:00,0.24502808
2026-02-06 00:33:00,0.22380988
2026-02-06 00:34:00,0.16985923
2026-02-06 00:35:00,0.20592132
2026-02-06 00:36:00,0.20849824
2026-02-06 00:37:00,0.21786495
2026-02-06 00:38:00,0.21811529
2026-02-06 00:39:00,0.20132294
2026-02-06 00:40:00,0.24223553
2026-02-06 00:41:00,0.2300415
2026-02-06 00:42:00,0.2068096
2026-02-06 00:43:00,0.21770497
2026-02-06 00:44:00,0.27551752
2026-02-06 00:45:00,0.26595688
2026-02-06 00:46:00,0.18440105
2026-02-06 00:47:00,0.23526774
2026-02-06 00:48:00,0.2741966
2026-02-06 00:49:00,0.20540266
2026-02-06 00:50:00,0.19797093
2026-02-06 00:51:00,0.20943804
2026-02-06 00:52:00,0.28279904
2026-02-06 00:53:00,0.21244363
2026-02-06 00:54:00,0.20160508
2026-02-06 00:55:00,0.22974266
2026-02-06 00:56:00,0.24959506
2026-02-06 00:57:00,0.27282068
2026-02-06 00:58:00,0.28460234
2026-02-06 00:59:00,0.34878036
2026-02-06 01:00:00,0.59006196
2026-02-06 01:01:00,0.5699044
2026-02-06 01:02:00,0.5322179
2026-02-06 01:03:00,0.47356907
2026-02-06 01:04:00,0.42609283
2026-02-06 01:05:00,0.38592705
2026-02-06 01:06:00,0.3688099
2026-02-06 01:07:00,0.4134435
2026-02-06 01:08:00,0.39440036
2026-02-06 01:09:00,0.35656396
2026-02-06 01:10:00,0.3946387
2026-02-06 01:11:00,0.36125222
2026-02-06 01:12:00,0.38560748
2026-02-06 01:13:00,0.38287762
2026-02-06 01:14:00,0.38384667
2026-02-06 01:15:00,0.40566212
2026-02-06 01:16:00,0.45221046
2026-02-06 01:17:00,0.4938911
2026-02-06 01:18:00,0.4830012
2026-02-06 01:19:00,0.45984742
2026-02-06 01:20:00,0.47349602
2026-02-06 01:21:00,0.43047622
2026-02-06 01:22:00,0.46963996
2026-02-06 01:23:00,0.43921185
2026-02-06 01:24:00,0.43611455
2026-02-06 01:25:00,0.42933825
2026-02-06 01:26:00,0.3982835
2026-02-06 01:27:00,0.3868998
2026-02-06 01:28:00,0.3586049
2026-02-06 01:29:00,0.32158753
2026-02-06 01:30:00,0.29871306
2026-02-06 01:31:00,0.28615022
2026-02-06 01:32:00,0.3553898
2026-02-06 01:33:00,0.39193285
2026-02-06 01:34:00,0.4102849
2026-02-06 01:35:00,0.40226668
2026-02-06 01:36:00,0.44180834
2026-02-06 01:37:00,0.44103086
2026-02-06 01:38:00,0.3942439
2026-02-06 01:39:00,0.40585473
2026-02-06 01:40:00,0.40214995
2026-02-06 01:41:00,0.39715186
2026-02-06 01:42:00,0.41372043
2026-02-06 01:43:00,0.43515825
2026-02-06 01:44:00,0.4434853
2026-02-06 01:45:00,0.47152802
2026-02-06 01:46:00,0.5079937
2026-02-06 01:47:00,0.4642158
2026-02-06 01:48:00,0.49629575
2026-02-06 01:49:00,0.46818513
2026-02-06 01:50:00,0.4714412
2026-02-06 01:51:00,0.4346117
2026-02-06 01:52:00,0.4004452
2026-02-06 01:53:00,0.45824665
2026-02-06 01:54:00,0.4594079
2026-02-06 01:55:00,0.5027063
2026-02-06 01:56:00,0.46614447
2026-02-06 01:57:00,0.48938137
2026-02-06 01:58:00,0.44672
2026-02-06 01:59:00,0.425617
2026-02-06 02:00:00,0.56863385
2026-02-06 02:01:00,0.571338
2026-02-06 02:02:00,0.515154
2026-02-06 02:03:00,0.4374652
2026-02-06 02:04:00,0.36385366
2026-02-06 02:05:00,0.38845405
2026-02-06 02:06:00,0.33903715
2026-02-06 02:07:00,0.33583686
2026-02-06 02:08:00,0.35588863
2026-02-06 02:09:00,0.39987943
2026-02-06 02:10:00,0.3572374
2026-02-06 02:11:00,0.3487436
2026-02-06 02:12:00,0.3646049
2026-02-06 02:13:00,0.3939498
2026-02-06 02:14:00,0.41042137
2026-02-06 02:15:00,0.3702184
2026-02-06 02:16:00,0.29178897
2026-02-06 02:17:00,0.24301404
2026-02-06 02:18:00,0.32633612
2026-02-06 02:19:00,0.33810377
2026-02-06 02:20:00,0.36027285
2026-02-06 02:21:00,0.35329965
2026-02-06 02:22:00,0.3875432
2026-02-06 02:23:00,0.38840976
2026-02-06 02:24:00,0.39798173
2026-02-06 02:25:00,0.4318175
2026-02-06 02:26:00,0.37650096
2026-02-06 02:27:00,0.35348737
2026-02-06 02:28:00,0.36604846
2026-02-06 02:29:00,0.34123927
2026-02-06 02:30:00,0.29699057
2026-02-06 02:31:00,0.30929747
2026-02-06 02:32:00,0.2837016
2026-02-06 02:33:00,0.28950304
2026-02-06 02:34:00,0.27072144
2026-02-06 02:35:00,0.3035601
2026-02-06 02:36:00,0.2810945
2026-02-06 02:37:00,0.20960322
2026-02-06 02:38:00,0.15180708
2026-02-06 02:39:00,0.24000937
2026-02-06 02:40:00,0.24746959
2026-02-06 02:41:00,0.27734435
2026-02-06 02:42:00,0.30295485
2026-02-06 02:43:00,0.32387328
2026-02-06 02:44:00,0.35931903
2026-02-06 02:45:00,0.34025803
2026-02-06 02:46:00,0.3448826
2026-02-06 02:47:00,0.33663306
2026-02-06 02:48:00,0.35963306
2026-02-06 02:49:00,0.34950656
2026-02-06 02:50:00,0.36218742
2026-02-06 02:51:00,0.3306557
2026-02-06 02:52:00,0.40436748
2026-02-06 02:53:00,0.42602345
2026-02-06 02:54:00,0.37188497
2026-02-06 02:55:00,0.35073298
2026-02-06 02:56:00,0.3904187
2026-02-06 02:57:00,0.41295198
2026-02-06 02:58:00,0.41192615
2026-02-06 02:59:00,0.40556023
2026-02-06 03:00:00,0.582593
2026-02-06 03:01:00,0.54419273
2026-02-06 03:02:00,0.5364957
2026-02-06 03:03:00,0.46522242
2026-02-06 03:04:00,0.38738415
2026-02-06 03:05:00,0.37996495
2026-02-06 03:06:00,0.38112536
2026-02-06 03:07:00,0.3414459
2026-02-06 03:08:00,0.35798088
2026-02-06 03:09:00,0.38037524
2026-02-06 03:10:00,0.4010693
2026-02-06 03:11:00,0.38117614
2026-02-06 03:12:00,0.38769922
2026-02-06 03:13:00,0.3955731
2026-02-06 03:14:00,0.3811488
2026-02-06 03:15:00,0.38131428
2026-02-06 03:16:00,0.38189155
2026-02-06 03:17:00,0.38739207
2026-02-06 03:18:00,0.42544994
2026-02-06 03:19:00,0.4040554
2026-02-06 03:20:00,0.37424737
2026-02-06 03:21:00,0.37296712
2026-02-06 03:22:00,0.38327438
2026-02-06 03:23:00,0.38877144
2026-02-06 03:24:00,0.36229867
2026-02-06 03:25:00,0.32761058
2026-02-06 03:26:00,0.37303025
2026-02-06 03:27:00,0.3838479
2026-02-06 03:28:00,0.43534836
2026-02-06 03:29:00,0.35882348
2026-02-06 03:30:00,0.37383026
2026-02-06 03:31:00,0.35489023
2026-02-06 03:32:00,0.3623223
2026-02-06 03:33:00,0.3660907
2026-02-06 03:34:00,0.36629164
2026-02-06 03:35:00,0.35346463
2026-02-06 03:36:00,0.3500804
2026-02-06 03:37:00,0.4070522
2026-02-06 03:38:00,0.41048476
2026-02-06 03:39:00,0.42039105
2026-02-06 03:40:00,0.41345155
2026-02-06 03:41:00,0.35913944
2026-02-06 03:42:00,0.37583348
2026-02-06 03:43:00,0.42045352
2026-02-06 03:44:00,0.3984355
2026-02-06 03:45:00,0.43931907
2026-02-06 03:46:00,0.48655093
2026-02-06 03:47:00,0.45519072
2026-02-06 03:48:00,0.46824583
2026-02-06 03:49:00,0.44967657
2026-02-06 03:50:00,0.38823342
2026-02-06 03:51:00,0.35910228
2026-02-06 03:52:00,0.33275405
2026-02-06 03:53:00,0.3837101
2026-02-06 03:54:00,0.40494904
2026-02-06 03:55:00,0.39299074
2026-02-06 03:56:00,0.34394372
2026-02-06 03:57:00,0.38281158
2026-02-06 03:58:00,0.4018809
2026-02-06 03:59:00,0.40845227
2026-02-06 04:00:00,0.67400146
2026-02-06 04:01:00,0.7004453
2026-02-06 04:02:00,0.57188505
2026-02-06 04:03:00,0.47095817
2026-02-06 04:04:00,0.4984922
2026-02-06 04:05:00,0.46162406
2026-02-06 04:06:00,0.42675382
2026-02-06 04:07:00,0.3926908
2026-02-06 04:08:00,0.38483977
2026-02-06 04:09:00,0.36629248
2026-02-06 04:10:00,0.42228675
2026-02-06 04:11:00,0.44778785
2026-02-06 04:12:00,0.43604928
2026-02-06 04:13:00,0.41677395
2026-02-06 04:14:00,0.44376493
2026-02-06 04:15:00,0.47695717
2026-02-06 04:16:00,0.47177017
2026-02-06 04:17:00,0.5259784
2026-02-06 04:18:00,0.45307603
2026-02-06 04:19:00,0.4284027
2026-02-06 04:20:00,0.4230705
2026-02-06 04:21:00,0.4034214
2026-02-06 04:22:00,0.40504754
2026-02-06 04:23:00,0.45216742
2026-02-06 04:24:00,0.4614916
2026-02-06 04:25:00,0.4505764
2026-02-06 04:26:00,0.42791468
2026-02-06 04:27:00,0.4434878
2026-02-06 04:28:00,0.442727
2026-02-06 04:29:00,0.39230573
2026-02-06 04:30:00,0.33600357
2026-02-06 04:31:00,0.3564064
2026-02-06 04:32:00,0.3104465
2026-02-06 04:33:00,0.30594748
2026-02-06 04:34:00,0.27923664
2026-02-06 04:35:00,0.2224445
2026-02-06 04:36:00,0.20677829
2026-02-06 04:37:00,0.22485033
2026-02-06 04:38:00,0.2568358
2026-02-06 04:39:00,0.31303006
2026-02-06 04:40:00,0.30319396
2026-02-06 04:41:00,0.3453677
2026-02-06 04:42:00,0.34401006
2026-02-06 04:43:00,0.3310243
2026-02-06 04:44:00,0.3197856
2026-02-06 04:45:00,0.33392453
2026-02-06 04:46:00,0.3130232
2026-02-06 04:47:00,0.31793514
2026-02-06 04:48:00,0.30658656
2026-02-06 04:49:00,0.3475117
2026-02-06 04:50:00,0.39723712
2026-02-06 04:51:00,0.45902187
2026-02-06 04:52:00,0.47111964
2026-02-06 04:53:00,0.40922734
2026-02-06 04:54:00,0.3924004
2026-02-06 04:55:00,0.35570675
2026-02-06 04:56:00,0.31911203
2026-02-06 04:57:00,0.3241579
2026-02-06 04:58:00,0.24241705
2026-02-06 04:59:00,0.22590949
2026-02-06 05:00:00,0.5287843
2026-02-06 05:01:00,0.44385085
2026-02-06 05:02:00,0.36130694
2026-02-06 05:03:00,0.34122494
2026-02-06 05:04:00,0.2983909
2026-02-06 05:05:00,0.30893654
2026-02-06 05:06:00,0.31275702
2026-02-06 05:07:00,0.32913813
2026-02-06 05:08:00,0.31906936
2026-02-06 05:09:00,0.30616537
2026-02-06 05:10:00,0.3603718
2026-02-06 05:11:00,0.37456176
2026-02-06 05:12:00,0.39639485
2026-02-06 05:13:00,0.3918973
2026-02-06 05:14:00,0.3953948
2026-02-06 05:15:00,0.34264082
2026-02-06 05:16:00,0.35075825
2026-02-06 05:17:00,0.3128161
2026-02-06 05:18:00,0.3420294
2026-02-06 05:19:00,0.4096539
2026-02-06 05:20:00,0.4257337
2026-02-06 05:21:00,0.4713295
2026-02-06 05:22:00,0.4830731
2026-02-06 05:23:00,0.46554038
2026-02-06 05:24:00,0.42721465
2026-02-06 05:25:00,0.39290947
2026-02-06 05:26:00,0.34981444
2026-02-06 05:27:00,0.3964226
2026-02-06 05:28:00,0.35933146
2026-02-06 05:29:00,0.39845386
2026-02-06 05:30:00,0.38053405
2026-02-06 05:31:00,0.38444838
2026-02-06 05:32:00,0.39246932
2026-02-06 05:33:00,0.40243554
2026-02-06 05:34:00,0.4264007
2026-02-06 05:35:00,0.38786376
2026-02-06 05:36:00,0.39345333
2026-02-06 05:37:00,0.37530702
2026-02-06 05:38:00,0.39670944
2026-02-06 05:39:00,0.41427997
2026-02-06 05:40:00,0.44909528
2026-02-06 05:41:00,0.42106313
2026-02-06 05:42:00,0.44995737
2026-02-06 05:43:00,0.40027243
2026-02-06 05:44:00,0.3979859
2026-02-06 05:45:00,0.3979622
2026-02-06 05:46:00,0.43127435
2026-02-06 05:47:00,0.43073106
2026-02-06 05:48:00,0.39533374
2026-02-06 05:49:00,0.39925343
2026-02-06 05:50:00,0.41754374
2026-02-06 05:51:00,0.4557975
2026-02-06 05:52:00,0.4703145
2026-02-06 05:53:00,0.42254454
2026-02-06 05:54:00,0.46266505
2026-02-06 05:55:00,0.40069148
2026-02-06 05:56:00,0.46238422
2026-02-06 05:57:00,0.47167468
2026-02-06 05:58:00,0.39249647
2026-02-06 05:59:00,0.40796098
2026-02-06 06:00:00,0.6618278
2026-02-06 06:01:00,0.70436513
2026-02-06 06:02:00,0.6750432
2026-02-06 06:03:00,0.60501623
2026-02-06 06:04:00,0.59357315
2026-02-06 06:05:00,0.54675114
2026-02-06 06:06:00,0.6176088
2026-02-06 06:07:00,0.6036437
2026-02-06 06:08:00,0.5865369
2026-02-06 06:09:00,0.5194744
2026-02-06 06:10:00,0.5377687
2026-02-06 06:11:00,0.55148846
2026-02-06 06:12:00,0.58587486
2026-02-06 06:13:00,0.4917207
2026-02-06 06:14:00,0.5167189
2026-02-06 06:15:00,0.46842617
2026-02-06 06:16:00,0.4733122
2026-02-06 06:17:00,0.47553816
2026-02-06 06:18:00,0.47501403
2026-02-06 06:19:00,0.44596285
2026-02-06 06:20:00,0.4010318
2026-02-06 06:21:00,0.47883916
2026-02-06 06:22:00,0.5180664
2026-02-06 06:23:00,0.50876683
2026-02-06 06:24:00,0.48378125
2026-02-06 06:25:00,0.47044456
2026-02-06 06:26:00,0.45826033
2026-02-06 06:27:00,0.42275697
2026-02-06 06:28:00,0.37651587
2026-02-06 06:29:00,0.36604086
2026-02-06 06:30:00,0.355955
2026-02-06 06:31:00,0.31217042
2026-02-06 06:32:00,0.25025198
2026-02-06 06:33:00,0.24455592
2026-02-06 06:34:00,0.21941495
2026-02-06 06:35:00,0.2333725
2026-02-06 06:36:00,0.27138305
2026-02-06 06:37:00,0.2678944
2026-02-06 06:38:00,0.2568458
2026-02-06 06:39:00,0.28948343
2026-02-06 06:40:00,0.307229
2026-02-06 06:41:00,0.35481197
2026-02-06 06:42:00,0.36987865
2026-02-06 06:43:00,0.30316165
2026-02-06 06:44:00,0.35155514
2026-02-06 06:45:00,0.35912374
2026-02-06 06:46:00,0.36815706
2026-02-06 06:47:00,0.3857388
2026-02-06 06:48:00,0.37043804
2026-02-06 06:49:00,0.29357475
2026-02-06 06:50:00,0.29376438
2026-02-06 06:51:00,0.21853139
2026-02-06 06:52:00,0.22911155
2026-02-06 06:53:00,0.30630112
2026-02-06 06:54:00,0.26418218
2026-02-06 06:55:00,0.3228728
2026-02-06 06:56:00,0.326954
2026-02-06 06:57:00,0.31627843
2026-02-06 06:58:00,0.3421516
2026-02-06 06:59:00,0.34255692
2026-02-06 07:00:00,0.50074077
2026-02-06 07:01:00,0.53590935
2026-02-06 07:02:00,0.41892615
2026-02-06 07:03:00,0.41384137
2026-02-06 07:04:00,0.31879324
2026-02-06 07:05:00,0.25242686
2026-02-06 07:06:00,0.25046763
2026-02-06 07:07:00,0.29775226
2026-02-06 07:08:00,0.29447848
2026-02-06 07:09:00,0.32340515
2026-02-06 07:10:00,0.30820048
2026-02-06 07:11:00,0.2842348
2026-02-06 07:12:00,0.31305847
2026-02-06 07:13:00,0.32052106
2026-02-06 07:14:00,0.30433998
2026-02-06 07:15:00,0.32364812
2026-02-06 07:16:00,0.33701757
2026-02-06 07:17:00,0.29171842
2026-02-06 07:18:00,0.30808273
2026-02-06 07:19:00,0.28616726
2026-02-06 07:20:00,0.26443785
2026-02-06 07:21:00,0.2685196
2026-02-06 07:22:00,0.28170657
2026-02-06 07:23:00,0.31453738
2026-02-06 07:24:00,0.32197076
2026-02-06 07:25:00,0.4104356
2026-02-06 07:26:00,0.41405314
2026-02-06 07:27:00,0.43227756
2026-02-06 07:28:00,0.45136842
2026-02-06 07:29:00,0.43505615
2026-02-06 07:30:00,0.426396
2026-02-06 07:31:00,0.4599043
2026-02-06 07:32:00,0.4832154
2026-02-06 07:33:00,0.45050323
2026-02-06 07:34:00,0.36672914
2026-02-06 07:35:00,0.35118982
2026-02-06 07:36:00,0.33135322
2026-02-06 07:37:00,0.4117161
2026-02-06 07:38:00,0.4109218
2026-02-06 07:39:00,0.45360455
2026-02-06 07:40:00,0.43720207
2026-02-06 07:41:00,0.47507554
2026-02-06 07:42:00,0.5529003
2026-02-06 07:43:00,0.5192183
2026-02-06 07:44:00,0.54092425
2026-02-06 07:45:00,0.49282625
2026-02-06 07:46:00,0.4888495
2026-02-06 07:47:00,0.49892533
2026-02-06 07:48:00,0.43684638
2026-02-06 07:49:00,0.48622385
2026-02-06 07:50:00,0.4299434
2026-02-06 07:51:00,0.3999032
2026-02-06 07:52:00,0.37552905
2026-02-06 07:53:00,0.32750818
2026-02-06 07:54:00,0.30739182
2026-02-06 07:55:00,0.30463517
2026-02-06 07:56:00,0.33744553
2026-02-06 07:57:00,0.30782247
2026-02-06 07:58:00,0.30584764
2026-02-06 07:59:00,0.27021825
2026-02-06 08:00:00,0.5630821
2026-02-06 08:01:00,0.53557646
2026-02-06 08:02:00,0.47343138
2026-02-06 08:03:00,0.48748112
2026-02-06 08:04:00,0.41017252
2026-02-06 08:05:00,0.39064777
2026-02-06 08:06:00,0.43398616
2026-02-06 08:07:00,0.435338
2026-02-06 08:08:00,0.41163898
2026-02-06 08:09:00,0.3675121
2026-02-06 08:10:00,0.30184212
2026-02-06 08:11:00,0.33647168
2026-02-06 08:12:00,0.37004283
2026-02-06 08:13:00,0.35390562
2026-02-06 08:14:00,0.39382234
2026-02-06 08:15:00,0.4079821
2026-02-06 08:16:00,0.43086916
2026-02-06 08:17:00,0.37654686
2026-02-06 08:18:00,0.37989497
2026-02-06 08:19:00,0.35966197
2026-02-06 08:20:00,0.30949584
2026-02-06 08:21:00,0.31372702
2026-02-06 08:22:00,0.34306276
2026-02-06 08:23:00,0.36566994
2026-02-06 08:24:00,0.36632192
2026-02-06 08:25:00,0.343755
2026-02-06 08:26:00,0.36256018
2026-02-06 08:27:00,0.30821636
2026-02-06 08:28:00,0.29279506
2026-02-06 08:29:00,0.3296116
2026-02-06 08:30:00,0.35944262
2026-02-06 08:31:00,0.40947083
2026-02-06 08:32:00,0.48401135
2026-02-06 08:33:00,0.44327646
2026-02-06 08:34:00,0.44987708
2026-02-06 08:35:00,0.4245498
2026-02-06 08:36:00,0.42135224
2026-02-06 08:37:00,0.44215876
2026-02-06 08:38:00,0.43054932
2026-02-06 08:39:00,0.44208044
2026-02-06 08:40:00,0.4602956
2026-02-06 08:41:00,0.40635237
2026-02-06 08:42:00,0.4493561
2026-02-06 08:43:00,0.43144146
2026-02-06 08:44:00,0.45855057
2026-02-06 08:45:00,0.49269587
2026-02-06 08:46:00,0.4800866
2026-02-06 08:47:00,0.45836052
2026-02-06 08:48:00,0.4064005
2026-02-06 08:49:00,0.3695147
2026-02-06 08:50:00,0.37062967
2026-02-06 08:51:00,0.3300924
2026-02-06 08:52:00,0.3379168
2026-02-06 08:53:00,0.40762663
2026-02-06 08:54:00,0.40964076
2026-02-06 08:55:00,0.3739344
2026-02-06 08:56:00,0.35824266
2026-02-06 08:57:00,0.34740093
2026-02-06 08:58:00,0.3140033
2026-02-06 08:59:00,0.30943632
2026-02-06 09:00:00,0.5454207
2026-02-06 09:01:00,0.4573362
2026-02-06 09:02:00,0.36081007
2026-02-06 09:03:00,0.2769561
2026-02-06 09:04:00,0.25932372
2026-02-06 09:05:00,0.21970753
2026-02-06 09:06:00,0.2748295
2026-02-06 09:07:00,0.24598476
2026-02-06 09:08:00,0.2738095
2026-02-06 09:09:00,0.254748
2026-02-06 09:10:00,0.2131763
2026-02-06 09:11:00,0.24283382
2026-02-06 09:12:00,0.26425868
2026-02-06 09:13:00,0.27071157
2026-02-06 09:14:00,0.31186295
2026-02-06 09:15:00,0.27653068
2026-02-06 09:16:00,0.3425966
2026-02-06 09:17:00,0.33401668
2026-02-06 09:18:00,0.3941912
2026-02-06 09:19:00,0.31718782
2026-02-06 09:20:00,0.33615062
2026-02-06 09:21:00,0.32185912
2026-02-06 09:22:00,0.35994783
2026-02-06 09:23:00,0.36264056
2026-02-06 09:24:00,0.3677749
2026-02-06 09:25:00,0.4212836
2026-02-06 09:26:00,0.41857386
2026-02-06 09:27:00,0.45737818
2026-02-06 09:28:00,0.46359834
2026-02-06 09:29:00,0.44720533
2026-02-06 09:30:00,0.42427394
2026-02-06 09:31:00,0.42062068
2026-02-06 09:32:00,0.40066564
2026-02-06 09:33:00,0.40389752
2026-02-06 09:34:00,0.43664265
2026-02-06 09:35:00,0.43641776
2026-02-06 09:36:00,0.3666539
2026-02-06 09:37:00,0.33188534
2026-02-06 09:38:00,0.361547
2026-02-06 09:39:00,0.32439965
2026-02-06 09:40:00,0.33161727
2026-02-06 09:41:00,0.3722466
2026-02-06 09:42:00,0.44411227
2026-02-06 09:43:00,0.47157633
2026-02-06 09:44:00,0.446783
2026-02-06 09:45:00,0.46181992
2026-02-06 09:46:00,0.43588048
2026-02-06 09:47:00,0.4587269
2026-02-06 09:48:00,0.4670061
2026-02-06 09:49:00,0.48327038
2026-02-06 09:50:00,0.44835678
2026-02-06 09:51:00,0.43602476
2026-02-06 09:52:00,0.45550117
2026-02-06 09:53:00,0.46072698
2026-02-06 09:54:00,0.45363468
2026-02-06 09:55:00,0.46423516
2026-02-06 09:56:00,0.49742836
2026-02-06 09:57:00,0.44263324
2026-02-06 09:58:00,0.42762253
2026-02-06 09:59:00,0.36210537
2026-02-06 10:00:00,0.59765965
2026-02-06 10:01:00,0.5961961
2026-02-06 10:02:00,0.554414
2026-02-06 10:03:00,0.4602563
2026-02-06 10:04:00,0.4119698
2026-02-06 10:05:00,0.3797903
2026-02-06 10:06:00,0.30990958
2026-02-06 10:07:00,0.34773818
2026-02-06 10:08:00,0.3669331
2026-02-06 10:09:00,0.31860614
2026-02-06 10:10:00,0.334017
2026-02-06 10:11:00,0.26388285
2026-02-06 10:12:00,0.2945191
2026-02-06 10:13:00,0.3029642
2026-02-06 10:14:00,0.3003643
2026-02-06 10:15:00,0.31366435
2026-02-06 10:16:00,0.28000075
2026-02-06 10:17:00,0.2542723
2026-02-06 10:18:00,0.24564737
2026-02-06 10:19:00,0.21308732
2026-02-06 10:20:00,0.20822094
2026-02-06 10:21:00,0.19031908
2026-02-06 10:22:00,0.13594872
2026-02-06 10:23:00,0.12587461
2026-02-06 10:24:00,0.13422382
2026-02-06 10:25:00,0.175419
2026-02-06 10:26:00,0.16689275
2026-02-06 10:27:00,0.18938406
2026-02-06 10:28:00,0.19126102
2026-02-06 10:29:00,0.21814995
2026-02-06 10:30:00,0.2124556
2026-02-06 10:31:00,0.28081533
2026-02-06 10:32:00,0.34724376
2026-02-06 10:33:00,0.3175376
2026-02-06 10:34:00,0.2605554
2026-02-06 10:35:00,0.26845497
2026-02-06 10:36:00,0.25917748
2026-02-06 10:37:00,0.1929599
2026-02-06 10:38:00,0.20167609
2026-02-06 10:39:00,0.20020437
2026-02-06 10:40:00,0.23800604
2026-02-06 10:41:00,0.3194604
2026-02-06 10:42:00,0.3504379
2026-02-06 10:43:00,0.31467563
2026-02-06 10:44:00,0.34124443
2026-02-06 10:45:00,0.34017614
2026-02-06 10:46:00,0.3635194
2026-02-06 10:47:00,0.3707656
2026-02-06 10:48:00,0.4035344
2026-02-06 10:49:00,0.4610874
2026-02-06 10:50:00,0.43254796
2026-02-06 10:51:00,0.4397504
2026-02-06 10:52:00,0.45880842
2026-02-06 10:53:00,0.40398002
2026-02-06 10:54:00,0.37660632
2026-02-06 10:55:00,0.37957138
2026-02-06 10:56:00,0.4200009
2026-02-06 10:57:00,0.42660707
2026-02-06 10:58:00,0.44657657
2026-02-06 10:59:00,0.4138266
2026-02-06 11:00:00,0.61354977
2026-02-06 11:01:00,0.5937858
2026-02-06 11:02:00,0.55411446
2026-02-06 11:03:00,0.45525557
2026-02-06 11:04:00,0.39640588
2026-02-06 11:05:00,0.32860035
2026-02-06 11:06:00,0.3158746
2026-02-06 11:07:00,0.351243
2026-02-06 11:08:00,0.30830047
2026-02-06 11:09:00,0.31139943
2026-02-06 11:10:00,0.32442063
2026-02-06 11:11:00,0.32654724
2026-02-06 11:12:00,0.30190098
2026-02-06 11:13:00,0.35996184
2026-02-06 11:14:00,0.32292414
2026-02-06 11:15:00,0.3401132
2026-02-06 11:16:00,0.31151485
2026-02-06 11:17:00,0.34610254
2026-02-06 11:18:00,0.27517545
2026-02-06 11:19:00,0.25312066
2026-02-06 11:20:00,0.29629025
2026-02-06 11:21:00,0.2752631
2026-02-06 11:22:00,0.37865865
2026-02-06 11:23:00,0.3655289
2026-02-06 11:24:00,0.31211692
2026-02-06 11:25:00,0.3471423
2026-02-06 11:26:00,0.29173052
2026-02-06 11:27:00,0.2793084
2026-02-06 11:28:00,0.30205554
2026-02-06 11:29:00,0.34064266
2026-02-06 11:30:00,0.3745232
2026-02-06 11:31:00,0.41799387
2026-02-06 11:32:00,0.44025618
2026-02-06 11:33:00,0.46624535
2026-02-06 11:34:00,0.36775967
2026-02-06 11:35:00,0.3757215
2026-02-06 11:36:00,0.4454271
2026-02-06 11:37:00,0.42549
2026-02-06 11:38:00,0.42350593
2026-02-06 11:39:00,0.37649137
2026-02-06 11:40:00,0.36919543
2026-02-06 11:41:00,0.4249037
2026-02-06 11:42:00,0.4620921
2026-02-06 11:43:00,0.41052327
2026-02-06 11:44:00,0.32726315
2026-02-06 11:45:00,0.33771345
2026-02-06 11:46:00,0.3531462
2026-02-06 11:47:00,0.3569768
2026-02-06 11:48:00,0.30455688
2026-02-06 11:49:00,0.3885797
2026-02-06 11:50:00,0.40868017
2026-02-06 11:51:00,0.32824934
2026-02-06 11:52:00,0.30910388
2026-02-06 11:53:00,0.36828792
2026-02-06 11:54:00,0.48192078
2026-02-06 11:55:00,0.43651417
2026-02-06 11:56:00,0.42519954
2026-02-06 11:57:00,0.42033514
2026-02-06 11:58:00,0.3625044
2026-02-06 11:59:00,0.3010729
2026-02-06 12:00:00,0.5166563
2026-02-06 12:01:00,0.5273601
2026-02-06 12:02:00,0.41775027
2026-02-06 12:03:00,0.3502418
2026-02-06 12:04:00,0.39332446
2026-02-06 12:05:00,0.38109347
2026-02-06 12:06:00,0.29898688
2026-02-06 12:07:00,0.29609329
2026-02-06 12:08:00,0.31040895
2026-02-06 12:09:00,0.29654196
2026-02-06 12:10:00,0.31932932
2026-02-06 12:11:00,0.32614267
2026-02-06 12:12:00,0.3638913
2026-02-06 12:13:00,0.41057009
2026-02-06 12:14:00,0.39236578
2026-02-06 12:15:00,0.39661792
2026-02-06 12:16:00,0.33158392
2026-02-06 12:17:00,0.30964378
2026-02-06 12:18:00,0.34667447
2026-02-06 12:19:00,0.2972024
2026-02-06 12:20:00,0.23871697
2026-02-06 12:21:00,0.25356674
2026-02-06 12:22:00,0.23740932
2026-02-06 12:23:00,0.17593093
2026-02-06 12:24:00,0.12534986
2026-02-06 12:25:00,0.12438208
2026-02-06 12:26:00,0.15945916
2026-02-06 12:27:00,0.15093614
2026-02-06 12:28:00,0.15315452
2026-02-06 12:29:00,0.12760226
2026-02-06 12:30:00,0.13360058
2026-02-06 12:31:00,0.12892924
2026-02-06 12:32:00,0.17292865
2026-02-06 12:33:00,0.20057298
2026-02-06 12:34:00,0.20123601
2026-02-06 12:35:00,0.17949162
2026-02-06 12:36:00,0.23609763
2026-02-06 12:37:00,0.19449972
2026-02-06 12:38:00,0.20815305
2026-02-06 12:39:00,0.25789234
2026-02-06 12:40:00,0.23526922
2026-02-06 12:41:00,0.22821026
2026-02-06 12:42:00,0.20306891
2026-02-06 12:43:00,0.16805263
2026-02-06 12:44:00,0.09363691
2026-02-06 12:45:00,0.10579013
2026-02-06 12:46:00,0.104235254
2026-02-06 12:47:00,0.057124615
2026-02-06 12:48:00,0.055447806
2026-02-06 12:49:00,0.058516406
2026-02-06 12:50:00,0.098908
2026-02-06 12:51:00,0.13546307
2026-02-06 12:52:00,0.061692454
2026-02-06 12:53:00,0.06590237
2026-02-06 12:54:00,0.06578107
2026-02-06 12:55:00,0.06934155
2026-02-06 12:56:00,0.04
2026-02-06 12:57:00,0.094807856
2026-02-06 12:58:00,0.123658724
2026-02-06 12:59:00,0.17123325
2026-02-06 13:00:00,0.405341
2026-02-06 13:01:00,0.30502823
2026-02-06 13:02:00,0.23229873
2026-02-06 13:03:00,0.26831037
2026-02-06 13:04:00,0.20627876
2026-02-06 13:05:00,0.14848654
2026-02-06 13:06:00,0.15454473
2026-02-06 13:07:00,0.16178972
2026-02-06 13:08:00,0.21627627
2026-02-06 13:09:00,0.20770931
2026-02-06 13:10:00,0.15565853
2026-02-06 13:11:00,0.10087334
2026-02-06 13:12:00,0.12836622
2026-02-06 13:13:00,0.11969225
2026-02-06 13:14:00,0.19432044
2026-02-06 13:15:00,0.24486658
2026-02-06 13:16:00,0.26880428
2026-02-06 13:17:00,0.23710924
2026-02-06 13:18:00,0.28859088
2026-02-06 13:19:00,0.28546783
2026-02-06 13:20:00,0.2709359
2026-02-06 13:21:00,0.28202456
2026-02-06 13:22:00,0.28322253
2026-02-06 13:23:00,0.24228026
2026-02-06 13:24:00,0.22902928
2026-02-06 13:25:00,0.333938
2026-02-06 13:26:00,0.34484845
2026-02-06 13:27:00,0.35121682
2026-02-06 13:28:00,0.3225161
2026-02-06 13:29:00,0.3081254
2026-02-06 13:30:00,0.2585445
2026-02-06 13:31:00,0.34528714
2026-02-06 13:32:00,0.33819705
2026-02-06 13:33:00,0.32577276
2026-02-06 13:34:00,0.28914842
2026-02-06 13:35:00,0.36302218
2026-02-06 13:36:00,0.28530225
2026-02-06 13:37:00,0.2348574
2026-02-06 13:38:00,0.24223502
2026-02-06 13:39:00,0.24368483
2026-02-06 13:40:00,0.20179442
2026-02-06 13:41:00,0.20769726
2026-02-06 13:42:00,0.2355659
2026-02-06 13:43:00,0.18101047
2026-02-06 13:44:00,0.18325627
2026-02-06 13:45:00,0.20310637
2026-02-06 13:46:00,0.15867491
2026-02-06 13:47:00,0.12290543
2026-02-06 13:48:00,0.13264456
2026-02-06 13:49:00,0.0979196
2026-02-06 13:50:00,0.11157564
2026-02-06 13:51:00,0.15675774
2026-02-06 13:52:00,0.15656693
2026-02-06 13:53:00,0.16336966
2026-02-06 13:54:00,0.17845573
2026-02-06 13:55:00,0.14282894
2026-02-06 13:56:00,0.16546212
2026-02-06 13:57:00,0.1680063
2026-02-06 13:58:00,0.17334345
2026-02-06 13:59:00,0.13296545
2026-02-06 14:00:00,0.38844156
2026-02-06 14:01:00,0.3898011
2026-02-06 14:02:00,0.3577465
2026-02-06 14:03:00,0.29399094
2026-02-06 14:04:00,0.22589827
2026-02-06 14:05:00,0.17141752
2026-02-06 14:06:00,0.16198385
2026-02-06 14:07:00,0.1674184
2026-02-06 14:08:00,0.2056499
2026-02-06 14:09:00,0.18117383
2026-02-06 14:10:00,0.19687635
2026-02-06 14:11:00,0.21688192
2026-02-06 14:12:00,0.18361959
2026-02-06 14:13:00,0.16021693
2026-02-06 14:14:00,0.09586244
2026-02-06 14:15:00,0.10729423
2026-02-06 14:16:00,0.15081257
2026-02-06 14:17:00,0.14411725
2026-02-06 14:18:00,0.15298876
2026-02-06 14:19:00,0.14503066
2026-02-06 14:20:00,0.18023421
2026-02-06 14:21:00,0.101358555
2026-02-06 14:22:00,0.16624105
2026-02-06 14:23:00,0.16020012
2026-02-06 14:24:00,0.18888415
2026-02-06 14:25:00,0.223432
2026-02-06 14:26:00,0.19203755
2026-02-06 14:27:00,0.20574145
2026-02-06 14:28:00,0.18821622
2026-02-06 14:29:00,0.20183808
2026-02-06 14:30:00,0.17909072
2026-02-06 14:31:00,0.1535389
2026-02-06 14:32:00,0.10133661
2026-02-06 14:33:00,0.1369961
2026-02-06 14:34:00,0.099782564
2026-02-06 14:35:00,0.14961666
2026-02-06 14:36:00,0.0633833
2026-02-06 14:37:00,0.15353906
2026-02-06 14:38:00,0.20011833
2026-02-06 14:39:00,0.16253912
2026-02-06 14:40:00,0.15271558
2026-02-06 14:41:00,0.16777802
2026-02-06 14:42:00,0.13305661
2026-02-06 14:43:00,0.16806386
2026-02-06 14:44:00,0.17174022
2026-02-06 14:45:00,0.12422589
2026-02-06 14:46:00,0.14440285
2026-02-06 14:47:00,0.17700927
2026-02-06 14:48:00,0.1351985
2026-02-06 14:49:00,0.105384484
2026-02-06 14:50:00,0.101785354
2026-02-06 14:51:00,0.14255518
2026-02-06 14:52:00,0.123578414
2026-02-06 14:53:00,0.13222371
2026-02-06 14:54:00,0.14527243
2026-02-06 14:55:00,0.13393195
2026-02-06 14:56:00,0.105676286
2026-02-06 14:57:00,0.085373126
2026-02-06 14:58:00,0.08263881
2026-02-06 14:59:00,0.07746562
2026-02-06 15:00:00,0.318775
2026-02-06 15:01:00,0.3041677
2026-02-06 15:02:00,0.27172345
2026-02-06 15:03:00,0.21462522
2026-02-06 15:04:00,0.22246253
2026-02-06 15:05:00,0.14430006
2026-02-06 15:06:00,0.10585009
2026-02-06 15:07:00,0.1389581
2026-02-06 15:08:00,0.1249519
2026-02-06 15:09:00,0.19650026
2026-02-06 15:10:00,0.1872695
2026-02-06 15:11:00,0.23137479
2026-02-06 15:12:00,0.22879058
2026-02-06 15:13:00,0.25060266
2026-02-06 15:14:00,0.27966437
2026-02-06 15:15:00,0.28392377
2026-02-06 15:16:00,0.2660009
2026-02-06 15:17:00,0.25986442
2026-02-06 15:18:00,0.28450182
2026-02-06 15:19:00,0.20686871
2026-02-06 15:20:00,0.25977895
2026-02-06 15:21:00,0.21817711
2026-02-06 15:22:00,0.19175915
2026-02-06 15:23:00,0.21604224
2026-02-06 15:24:00,0.21317375
2026-02-06 15:25:00,0.17113476
2026-02-06 15:26:00,0.17106168
2026-02-06 15:27:00,0.16848345
2026-02-06 15:28:00,0.16533773
2026-02-06 15:29:00,0.18453963
2026-02-06 15:30:00,0.17853603
2026-02-06 15:31:00,0.1794051
2026-02-06 15:32:00,0.19184336
2026-02-06 15:33:00,0.14677899
2026-02-06 15:34:00,0.17638457
2026-02-06 15:35:00,0.21523362
2026-02-06 15:36:00,0.18494938
2026-02-06 15:37:00,0.16817757
2026-02-06 15:38:00,0.13810618
2026-02-06 15:39:00,0.14946073
2026-02-06 15:40:00,0.162389
2026-02-06 15:41:00,0.17835276
2026-02-06 15:42:00,0.115032226
2026-02-06 15:43:00,0.13213128
2026-02-06 15:44:00,0.13024336
2026-02-06 15:45:00,0.14094561
2026-02-06 15:46:00,0.16794544
2026-02-06 15:47:00,0.15800269
2026-02-06 15:48:00,0.13086422
2026-02-06 15:49:00,0.18168475
2026-02-06 15:50:00,0.097800046
2026-02-06 15:51:00,0.08645184
2026-02-06 15:52:00,0.10339436
2026-02-06 15:53:00,0.10727339
2026-02-06 15:54:00,0.15564652
2026-02-06 15:55:00,0.121655636
2026-02-06 15:56:00,0.123785816
2026-02-06 15:57:00,0.10982684
2026-02-06 15:58:00,0.14864951
2026-02-06 15:59:00,0.13353226
2026-02-06 16:00:00,0.30059436
2026-02-06 16:01:00,0.26373357
2026-02-06 16:02:00,0.23730898
2026-02-06 16:03:00,0.19641326
2026-02-06 16:04:00,0.18705255
2026-02-06 16:05:00,0.16384953
2026-02-06 16:06:00,0.18145514
2026-02-06 16:07:00,0.24645007
2026-02-06 16:08:00,0.25346115
2026-02-06 16:09:00,0.26277918
2026-02-06 16:10:00,0.25122687
2026-02-06 16:11:00,0.24439372
2026-02-06 16:12:00,0.27972618
2026-02-06 16:13:00,0.32025322
2026-02-06 16:14:00,0.3147101
2026-02-06 16:15:00,0.20283933
2026-02-06 16:16:00,0.19777763
2026-02-06 16:17:00,0.22024733
2026-02-06 16:18:00,0.20607266
2026-02-06 16:19:00,0.2568111
2026-02-06 16:20:00,0.30237734
2026-02-06 16:21:00,0.26185146
2026-02-06 16:22:00,0.2899418
2026-02-06 16:23:00,0.21344611
2026-02-06 16:24:00,0.2311595
2026-02-06 16:25:00,0.2354644
2026-02-06 16:26:00,0.18938866
2026-02-06 16:27:00,0.18268025
2026-02-06 16:28:00,0.12904933
2026-02-06 16:29:00,0.18955448
2026-02-06 16:30:00,0.19421203
2026-02-06 16:31:00,0.17966273
2026-02-06 16:32:00,0.15717125
2026-02-06 16:33:00,0.15301788
2026-02-06 16:34:00,0.11611519
2026-02-06 16:35:00,0.11566078
2026-02-06 16:36:00,0.09777469
2026-02-06 16:37:00,0.11244599
2026-02-06 16:38:00,0.13952798
2026-02-06 16:39:00,0.09236176
2026-02-06 16:40:00,0.08550662
2026-02-06 16:41:00,0.12081995
2026-02-06 16:42:00,0.13119498
2026-02-06 16:43:00,0.094947174
2026-02-06 16:44:00,0.043123413
2026-02-06 16:45:00,0.11279007
2026-02-06 16:46:00,0.041917518
2026-02-06 16:47:00,0.08767163
2026-02-06 16:48:00,0.04700686
2026-02-06 16:49:00,0.04
2026-02-06 16:50:00,0.04
2026-02-06 16:51:00,0.04
2026-02-06 16:52:00,0.04
2026-02-06 16:53:00,0.052076094
2026-02-06 16:54:00,0.06829646
2026-02-06 16:55:00,0.04
2026-02-06 16:56:00,0.09519883
2026-02-06 16:57:00,0.05708417
2026-02-06 16:58:00,0.04
2026-02-06 16:59:00,0.04
2026-02-06 17:00:00,0.21883324
2026-02-06 17:01:00,0.27099344
2026-02-06 17:02:00,0.22830372
2026-02-06 17:03:00,0.17824963
2026-02-06 17:04:00,0.224659
2026-02-06 17:05:00,0.20970568
2026-02-06 17:06:00,0.14337578
2026-02-06 17:07:00,0.12878409
2026-02-06 17:08:00,0.14600423
2026-02-06 17:09:00,0.19063342
2026-02-06 17:10:00,0.18762554
2026-02-06 17:11:00,0.08366879
2026-02-06 17:12:00,0.10520107
2026-02-06 17:13:00,0.110039406
2026-02-06 17:14:00,0.081365325
2026-02-06 17:15:00,0.10677894
2026-02-06 17:16:00,0.12028855
2026-02-06 17:17:00,0.10868429
2026-02-06 17:18:00,0.13141902
2026-02-06 17:19:00,0.11160749
2026-02-06 17:20:00,0.14245266
2026-02-06 17:21:00,0.15555897
2026-02-06 17:22:00,0.15706517
2026-02-06 17:23:00,0.17436402
2026-02-06 17:24:00,0.15831684
2026-02-06 17:25:00,0.15785068
2026-02-06 17:26:00,0.23356465
2026-02-06 17:27:00,0.21508625
2026-02-06 17:28:00,0.17970863
2026-02-06 17:29:00,0.20529303
2026-02-06 17:30:00,0.2490196
2026-02-06 17:31:00,0.25423345
2026-02-06 17:32:00,0.25405642
2026-02-06 17:33:00,0.23660843
2026-02-06 17:34:00,0.2324597
2026-02-06 17:35:00,0.2810909
2026-02-06 17:36:00,0.25521934
2026-02-06 17:37:00,0.20437114
2026-02-06 17:38:00,0.16329685
2026-02-06 17:39:00,0.16488369
2026-02-06 17:40:00,0.15354963
2026-02-06 17:41:00,0.15470643
2026-02-06 17:42:00,0.21434744
2026-02-06 17:43:00,0.21072513
2026-02-06 17:44:00,0.20718935
2026-02-06 17:45:00,0.2343482
2026-02-06 17:46:00,0.174862
2026-02-06 17:47:00,0.16122963
2026-02-06 17:48:00,0.16535626
2026-02-06 17:49:00,0.10335213
2026-02-06 17:50:00,0.09703529
2026-02-06 17:51:00,0.117545165
2026-02-06 17:52:00,0.14162354
2026-02-06 17:53:00,0.16356158
2026-02-06 17:54:00,0.21994728
2026-02-06 17:55:00,0.21044809
2026-02-06 17:56:00,0.22790354
2026-02-06 17:57:00,0.30671048
2026-02-06 17:58:00,0.23918168
2026-02-06 17:59:00,0.22675614
2026-02-06 18:00:00,0.40028906
2026-02-06 18:01:00,0.32238388
2026-02-06 18:02:00,0.24396335
2026-02-06 18:03:00,0.17329687
2026-02-06 18:04:00,0.1304769
2026-02-06 18:05:00,0.16842908
2026-02-06 18:06:00,0.21841533
2026-02-06 18:07:00,0.19840723
2026-02-06 18:08:00,0.14194535
2026-02-06 18:09:00,0.1339849
2026-02-06 18:10:00,0.11967982
2026-02-06 18:11:00,0.08111433
2026-02-06 18:12:00,0.07825527
2026-02-06 18:13:00,0.07497739
2026-02-06 18:14:00,0.091176964
2026-02-06 18:15:00,0.096506454
2026-02-06 18:16:00,0.0634553
2026-02-06 18:17:00,0.1232097
2026-02-06 18:18:00,0.12336949
2026-02-06 18:19:00,0.17348604
2026-02-06 18:20:00,0.16089492
2026-02-06 18:21:00,0.14016901
2026-02-06 18:22:00,0.10359723
2026-02-06 18:23:00,0.10284467
2026-02-06 18:24:00,0.042613786
2026-02-06 18:25:00,0.077798314
2026-02-06 18:26:00,0.07619923
2026-02-06 18:27:00,0.05698549
2026-02-06 18:28:00,0.112094216
2026-02-06 18:29:00,0.16135994
2026-02-06 18:30:00,0.114723705
2026-02-06 18:31:00,0.12532337
2026-02-06 18:32:00,0.09505319
2026-02-06 18:33:00,0.09317708
2026-02-06 18:34:00,0.1185248
2026-02-06 18:35:00,0.11278683
2026-02-06 18:36:00,0.11874948
2026-02-06 18:37:00,0.14115137
2026-02-06 18:38:00,0.11100401
2026-02-06 18:39:00,0.13652623
2026-02-06 18:40:00,0.17207447
2026-02-06 18:41:00,0.13704336
2026-02-06 18:42:00,0.11582602
2026-02-06 18:43:00,0.13130702
2026-02-06 18:44:00,0.18134178
2026-02-06 18:45:00,0.18775669
2026-02-06 18:46:00,0.14322872
2026-02-06 18:47:00,0.12537347
2026-02-06 18:48:00,0.083794385
2026-02-06 18:49:00,0.16861226
2026-02-06 18:50:00,0.09565329
2026-02-06 18:51:00,0.12168854
2026-02-06 18:52:00,0.12023815
2026-02-06 18:53:00,0.1119689
2026-02-06 18:54:00,0.06734995
2026-02-06 18:55:00,0.06327485
2026-02-06 18:56:00,0.0807481
2026-02-06 18:57:00,0.0831204
2026-02-06 18:58:00,0.093394056
2026-02-06 18:59:00,0.106208734
2026-02-06 19:00:00,0.33835033
2026-02-06 19:01:00,0.3100539
2026-02-06 19:02:00,0.21482062
2026-02-06 19:03:00,0.18516289
2026-02-06 19:04:00,0.10860867
2026-02-06 19:05:00,0.051221278
2026-02-06 19:06:00,0.04
2026-02-06 19:07:00,0.04
2026-02-06 19:08:00,0.04060186
2026-02-06 19:09:00,0.058560327
2026-02-06 19:10:00,0.04
2026-02-06 19:11:00,0.0491611
2026-02-06 19:12:00,0.04856937
2026-02-06 19:13:00,0.04
2026-02-06 19:14:00,0.07856177
2026-02-06 19:15:00,0.09027354
2026-02-06 19:16:00,0.13562895
2026-02-06 19:17:00,0.12215817
2026-02-06 19:18:00,0.15745318
2026-02-06 19:19:00,0.1805879
2026-02-06 19:20:00,0.16910441
2026-02-06 19:21:00,0.19305147
2026-02-06 19:22:00,0.13120934
2026-02-06 19:23:00,0.21498138
2026-02-06 19:24:00,0.2626699
2026-02-06 19:25:00,0.23777464
2026-02-06 19:26:00,0.22776705
2026-02-06 19:27:00,0.1811926
2026-02-06 19:28:00,0.09925924
2026-02-06 19:29:00,0.14543585
2026-02-06 19:30:00,0.120904855
2026-02-06 19:31:00,0.12392373
2026-02-06 19:32:00,0.0644899
2026-02-06 19:33:00,0.11823514
2026-02-06 19:34:00,0.20429595
2026-02-06 19:35:00,0.21455067
2026-02-06 19:36:00,0.23541243
2026-02-06 19:37:00,0.2844794
2026-02-06 19:38:00,0.31309682
2026-02-06 19:39:00,0.26588807
2026-02-06 19:40:00,0.24383226
2026-02-06 19:41:00,0.20924392
2026-02-06 19:42:00,0.2092171
2026-02-06 19:43:00,0.17833377
2026-02-06 19:44:00,0.17067264
2026-02-06 19:45:00,0.17525667
2026-02-06 19:46:00,0.18741447
2026-02-06 19:47:00,0.19192088
2026-02-06 19:48:00,0.18775931
2026-02-06 19:49:00,0.2042375
2026-02-06 19:50:00,0.19732781
2026-02-06 19:51:00,0.15343691
2026-02-06 19:52:00,0.17544942
2026-02-06 19:53:00,0.13307077
2026-02-06 19:54:00,0.17429231
2026-02-06 19:55:00,0.18204737
2026-02-06 19:56:00,0.2766014
2026-02-06 19:57:00,0.2980718
2026-02-06 19:58:00,0.27630556
2026-02-06 19:59:00,0.23373789
2026-02-06 20:00:00,0.44802412
2026-02-06 20:01:00,0.35810518
2026-02-06 20:02:00,0.37819183
2026-02-06 20:03:00,0.33836228
2026-02-06 20:04:00,0.30610475
2026-02-06 20:05:00,0.24724844
2026-02-06 20:06:00,0.22478695
2026-02-06 20:07:00,0.15869735
2026-02-06 20:08:00,0.107455194
2026-02-06 20:09:00,0.09851651
2026-02-06 20:10:00,0.13482702
2026-02-06 20:11:00,0.08947983
2026-02-06 20:12:00,0.11116307
2026-02-06 20:13:00,0.12820128
2026-02-06 20:14:00,0.1295195
2026-02-06 20:15:00,0.1617929
2026-02-06 20:16:00,0.16782294
2026-02-06 20:17:00,0.17910647
2026-02-06 20:18:00,0.11529084
2026-02-06 20:19:00,0.04
2026-02-06 20:20:00,0.04
2026-02-06 20:21:00,0.070793
2026-02-06 20:22:00,0.11280092
2026-02-06 20:23:00,0.13610685
2026-02-06 20:24:00,0.13116017
2026-02-06 20:25:00,0.14816423
2026-02-06 20:26:00,0.12944359
2026-02-06 20:27:00,0.18310438
2026-02-06 20:28:00,0.12337722
2026-02-06 20:29:00,0.07191852
2026-02-06 20:30:00,0.04
2026-02-06 20:31:00,0.07500804
2026-02-06 20:32:00,0.072182745
2026-02-06 20:33:00,0.051696297
2026-02-06 20:34:00,0.05800568
2026-02-06 20:35:00,0.07625022
2026-02-06 20:36:00,0.12097248
2026-02-06 20:37:00,0.15469164
2026-02-06 20:38:00,0.16981503
2026-02-06 20:39:00,0.16674227
2026-02-06 20:40:00,0.12582833
2026-02-06 20:41:00,0.16606607
2026-02-06 20:42:00,0.101020165
2026-02-06 20:43:00,0.056906573
2026-02-06 20:44:00,0.15540047
2026-02-06 20:45:00,0.09604416
2026-02-06 20:46:00,0.14854325
2026-02-06 20:47:00,0.117833674
2026-02-06 20:48:00,0.10339705
2026-02-06 20:49:00,0.116107106
2026-02-06 20:50:00,0.084992446
2026-02-06 20:51:00,0.10325888
2026-02-06 20:52:00,0.14320973
2026-02-06 20:53:00,0.13484204
2026-02-06 20:54:00,0.17289793
2026-02-06 20:55:00,0.22458301
2026-02-06 20:56:00,0.19924952
2026-02-06 20:57:00,0.20503388
2026-02-06 20:58:00,0.2296649
2026-02-06 20:59:00,0.15816869
2026-02-06 21:00:00,0.39278752
2026-02-06 21:01:00,0.38541788
2026-02-06 21:02:00,0.29728895
2026-02-06 21:03:00,0.20633987
2026-02-06 21:04:00,0.16537623
2026-02-06 21:05:00,0.22091813
2026-02-06 21:06:00,0.20361485
2026-02-06 21:07:00,0.20739797
2026-02-06 21:08:00,0.16523594
2026-02-06 21:09:00,0.16070692
2026-02-06 21:10:00,0.13801669
2026-02-06 21:11:00,0.13339232
2026-02-06 21:12:00,0.17643778
2026-02-06 21:13:00,0.18472016
2026-02-06 21:14:00,0.1687778
2026-02-06 21:15:00,0.17393395
2026-02-06 21:16:00,0.20495117
2026-02-06 21:17:00,0.26678315
2026-02-06 21:18:00,0.27750278
2026-02-06 21:19:00,0.23942801
2026-02-06 21:20:00,0.23115355
2026-02-06 21:21:00,0.22017635
2026-02-06 21:22:00,0.22950801
2026-02-06 21:23:00,0.18552132
2026-02-06 21:24:00,0.13496138
2026-02-06 21:25:00,0.14618123
2026-02-06 21:26:00,0.11802431
2026-02-06 21:27:00,0.12550321
2026-02-06 21:28:00,0.14187948
2026-02-06 21:29:00,0.124124065
2026-02-06 21:30:00,0.16373575
2026-02-06 21:31:00,0.14945629
2026-02-06 21:32:00,0.17449422
2026-02-06 21:33:00,0.18143114
2026-02-06 21:34:00,0.23462664
2026-02-06 21:35:00,0.27345833
2026-02-06 21:36:00,0.29460046
2026-02-06 21:37:00,0.3080989
2026-02-06 21:38:00,0.29363072
2026-02-06 21:39:00,0.23825724
2026-02-06 21:40:00,0.21216695
2026-02-06 21:41:00,0.16291252
2026-02-06 21:42:00,0.15674894
2026-02-06 21:43:00,0.11556905
2026-02-06 21:44:00,0.1639189
2026-02-06 21:45:00,0.19776988
2026-02-06 21:46:00,0.1759557
2026-02-06 21:47:00,0.21070625
2026-02-06 21:48:00,0.21990897
2026-02-06 21:49:00,0.19220005
2026-02-06 21:50:00,0.22379526
2026-02-06 21:51:00,0.23252878
2026-02-06 21:52:00,0.20978755
2026-02-06 21:53:00,0.2870232
2026-02-06 21:54:00,0.29412395
2026-02-06 21:55:00,0.3033979
2026-02-06 21:56:00,0.33141816
2026-02-06 21:57:00,0.33484742
2026-02-06 21:58:00,0.3238658
2026-02-06 21:59:00,0.34516245
2026-02-06 22:00:00,0.57306826
2026-02-06 22:01:00,0.48698682
2026-02-06 22:02:00,0.42911866
2026-02-06 22:03:00,0.36229467
2026-02-06 22:04:00,0.3499274
2026-02-06 22:05:00,0.33393115
2026-02-06 22:06:00,0.34955367
2026-02-06 22:07:00,0.35940528
2026-02-06 22:08:00,0.3727564
2026-02-06 22:09:00,0.367977
2026-02-06 22:10:00,0.36159942
2026-02-06 22:11:00,0.40031928
2026-02-06 22:12:00,0.3953668
2026-02-06 22:13:00,0.33698454
2026-02-06 22:14:00,0.40585172
2026-02-06 22:15:00,0.36314473
2026-02-06 22:16:00,0.3656958
2026-02-06 22:17:00,0.35664234
2026-02-06 22:18:00,0.3445315
2026-02-06 22:19:00,0.40129435
2026-02-06 22:20:00,0.39301535
2026-02-06 22:21:00,0.36458966
2026-02-06 22:22:00,0.33052462
2026-02-06 22:23:00,0.32002082
2026-02-06 22:24:00,0.34499773
2026-02-06 22:25:00,0.3207246
2026-02-06 22:26:00,0.30252236
2026-02-06 22:27:00,0.28180572
2026-02-06 22:28:00,0.19434415
2026-02-06 22:29:00,0.19290373
2026-02-06 22:30:00,0.20719147
2026-02-06 22:31:00,0.23238659
2026-02-06 22:32:00,0.22305341
2026-02-06 22:33:00,0.18247677
2026-02-06 22:34:00,0.17745513
2026-02-06 22:35:00,0.14885415
2026-02-06 22:36:00,0.1744978
2026-02-06 22:37:00,0.105737634
2026-02-06 22:38:00,0.09284066
2026-02-06 22:39:00,0.10076334
2026-02-06 22:40:00,0.14556557
2026-02-06 22:41:00,0.12859467
2026-02-06 22:42:00,0.18797694
2026-02-06 22:43:00,0.16434161
2026-02-06 22:44:00,0.1928316
2026-02-06 22:45:00,0.21760158
2026-02-06 22:46:00,0.24876672
2026-02-06 22:47:00,0.3061715
2026-02-06 22:48:00,0.28463346
2026-02-06 22:49:00,0.23418339
2026-02-06 22:50:00,0.29638016
2026-02-06 22:51:00,0.285989
2026-02-06 22:52:00,0.24473199
2026-02-06 22:53:00,0.2564765
2026-02-06 22:54:00,0.27573502
2026-02-06 22:55:00,0.28898588
2026-02-06 22:56:00,0.2495666
2026-02-06 22:57:00,0.1622874
2026-02-06 22:58:00,0.14962849
2026-02-06 22:59:00,0.22324298
2026-02-06 23:00:00,0.4766778
2026-02-06 23:01:00,0.4809173
2026-02-06 23:02:00,0.42543465
2026-02-06 23:03:00,0.33649883
2026-02-06 23:04:00,0.37393457
2026-02-06 23:05:00,0.33914912
2026-02-06 23:06:00,0.3285655
2026-02-06 23:07:00,0.3655527
2026-02-06 23:08:00,0.24814634
2026-02-06 23:09:00,0.25964722
2026-02-06 23:10:00,0.23164093
2026-02-06 23:11:00,0.28357542
2026-02-06 23:12:00,0.2792514
2026-02-06 23:13:00,0.2915717
2026-02-06 23:14:00,0.24547967
2026-02-06 23:15:00,0.2698398
2026-02-06 23:16:00,0.30798724
2026-02-06 23:17:00,0.3062546
2026-02-06 23:18:00,0.33803996
2026-02-06 23:19:00,0.30838764
2026-02-06 23:20:00,0.23841104
2026-02-06 23:21:00,0.2605822
2026-02-06 23:22:00,0.27532
2026-02-06 23:23:00,0.31726012
2026-02-06 23:24:00,0.28567111
2026-02-06 23:25:00,0.24360415
2026-02-06 23:26:00,0.27027786
2026-02-06 23:27:00,0.26202577
2026-02-06 23:28:00,0.27314547
2026-02-06 23:29:00,0.32956862
2026-02-06 23:30:00,0.33268616
2026-02-06 23:31:00,0.3133123
2026-02-06 23:32:00,0.28228298
2026-02-06 23:33:00,0.26162
2026-02-06 23:34:00,0.1872352
2026-02-06 23:35:00,0.1964632
2026-02-06 23:36:00,0.14983636
2026-02-06 23:37:00,0.20680834
2026-02-06 23:38:00,0.1970066
2026-02-06 23:39:00,0.21326214
2026-02-06 23:40:00,0.2831155
2026-02-06 23:41:00,0.2483394
2026-02-06 23:42:00,0.31744847
2026-02-06 23:43:00,0.3188846
2026-02-06 23:44:00,0.27937633
2026-02-06 23:45:00,0.29023558
2026-02-06 23:46:00,0.33948573
2026-02-06 23:47:00,0.3510484
2026-02-06 23:48:00,0.34508643
2026-02-06 23:49:00,0.32502958
2026-02-06 23:50:00,0.3529628
2026-02-06 23:51:00,0.33652115
2026-02-06 23:52:00,0.32398582
2026-02-06 23:53:00,0.30519453
2026-02-06 23:54:00,0.3284492
2026-02-06 23:55:00,0.2577436
2026-02-06 23:56:00,0.3128228
2026-02-06 23:57:00,0.31057954
2026-02-06 23:58:00,0.31259137
2026-02-06 23:59:00,0.39082488
2026-02-07 00:00:00,0.5831371
2026-02-07 00:01:00,0.53806484
2026-02-07 00:02:00,0.50094444
2026-02-07 00:03:00,0.4432261
2026-02-07 00:04:00,0.39811775
2026-02-07 00:05:00,0.35889786
2026-02-07 00:06:00,0.30771026
2026-02-07 00:07:00,0.28619072
2026-02-07 00:08:00,0.2602984
2026-02-07 00:09:00,0.28387436
2026-02-07 00:10:00,0.3209961
2026-02-07 00:11:00,0.33006102
2026-02-07 00:12:00,0.25603694
2026-02-07 00:13:00,0.3206462
2026-02-07 00:14:00,0.319527
2026-02-07 00:15:00,0.31846583
2026-02-07 00:16:00,0.2850055
2026-02-07 00:17:00,0.24710585
2026-02-07 00:18:00,0.23236413
2026-02-07 00:19:00,0.24075295
2026-02-07 00:20:00,0.25093338
2026-02-07 00:21:00,0.27190304
2026-02-07 00:22:00,0.30205926
2026-02-07 00:23:00,0.36204448
2026-02-07 00:24:00,0.35644534
2026-02-07 00:25:00,0.41324458
2026-02-07 00:26:00,0.34547278
2026-02-07 00:27:00,0.3682046
2026-02-07 00:28:00,0.41319063
2026-02-07 00:29:00,0.43163392
2026-02-07 00:30:00,0.41990507
2026-02-07 00:31:00,0.45274258
2026-02-07 00:32:00,0.4629132
2026-02-07 00:33:00,0.47843048
2026-02-07 00:34:00,0.40120906
2026-02-07 00:35:00,0.42114103
2026-02-07 00:36:00,0.34067208
2026-02-07 00:37:00,0.3349022
2026-02-07 00:38:00,0.32468945
2026-02-07 00:39:00,0.2672551
2026-02-07 00:40:00,0.282149
2026-02-07 00:41:00,0.2931049
2026-02-07 00:42:00,0.3272617
2026-02-07 00:43:00,0.25148764
2026-02-07 00:44:00,0.24234866
2026-02-07 00:45:00,0.24929205
2026-02-07 00:46:00,0.24284823
2026-02-07 00:47:00,0.30286187
2026-02-07 00:48:00,0.3274471
2026-02-07 00:49:00,0.36762372
2026-02-07 00:50:00,0.36367562
2026-02-07 00:51:00,0.43183315
2026-02-07 00:52:00,0.43231517
2026-02-07 00:53:00,0.39326227
2026-02-07 00:54:00,0.36108476
2026-02-07 00:55:00,0.34142864
2026-02-07 00:56:00,0.32434976
2026-02-07 00:57:00,0.35507286
2026-02-07 00:58:00,0.35823086
2026-02-07 00:59:00,0.3542791
2026-02-07 01:00:00,0.56426865
2026-02-07 01:01:00,0.55741405
2026-02-07 01:02:00,0.44791293
2026-02-07 01:03:00,0.3671276
2026-02-07 01:04:00,0.29163963
2026-02-07 01:05:00,0.21972907
2026-02-07 01:06:00,0.24420792
2026-02-07 01:07:00,0.21325141
2026-02-07 01:08:00,0.18570508
2026-02-07 01:09:00,0.18031752
2026-02-07 01:10:00,0.20421696
2026-02-07 01:11:00,0.16903107
2026-02-07 01:12:00,0.21732989
2026-02-07 01:13:00,0.14593199
2026-02-07 01:14:00,0.21879631
2026-02-07 01:15:00,0.24884082
2026-02-07 01:16:00,0.21914122
2026-02-07 01:17:00,0.17593777
2026-02-07 01:18:00,0.20465837
2026-02-07 01:19:00,0.22638902
2026-02-07 01:20:00,0.24873456
2026-02-07 01:21:00,0.23788983
2026-02-07 01:22:00,0.29345915
2026-02-07 01:23:00,0.28898963
2026-02-07 01:24:00,0.30799553
2026-02-07 01:25:00,0.3246589
2026-02-07 01:26:00,0.33609185
2026-02-07 01:27:00,0.3351811
2026-02-07 01:28:00,0.36542746
2026-02-07 01:29:00,0.3940274
2026-02-07 01:30:00,0.35839835
2026-02-07 01:31:00,0.31884232
2026-02-07 01:32:00,0.33775902
2026-02-07 01:33:00,0.3601638
2026-02-07 01:34:00,0.36011025
2026-02-07 01:35:00,0.30798492
2026-02-07 01:36:00,0.2917393
2026-02-07 01:37:00,0.3583221
2026-02-07 01:38:00,0.31553036
2026-02-07 01:39:00,0.39329135
2026-02-07 01:40:00,0.45189863
2026-02-07 01:41:00,0.40474802
2026-02-07 01:42:00,0.3799253
2026-02-07 01:43:00,0.43447256
2026-02-07 01:44:00,0.45359454
2026-02-07 01:45:00,0.44788104
2026-02-07 01:46:00,0.36813733
2026-02-07 01:47:00,0.37374383
2026-02-07 01:48:00,0.42429182
2026-02-07 01:49:00,0.3981357
2026-02-07 01:50:00,0.42418152
2026-02-07 01:51:00,0.40637767
2026-02-07 01:52:00,0.4324166
2026-02-07 01:53:00,0.41144925
2026-02-07 01:54:00,0.3968508
2026-02-07 01:55:00,0.37225363
2026-02-07 01:56:00,0.37357038
2026-02-07 01:57:00,0.4057518
2026-02-07 01:58:00,0.35619897
2026-02-07 01:59:00,0.3543463
2026-02-07 02:00:00,0.5298623
2026-02-07 02:01:00,0.570505
2026-02-07 02:02:00,0.5469329
2026-02-07 02:03:00,0.53009474
2026-02-07 02:04:00,0.45831588
2026-02-07 02:05:00,0.44868985
2026-02-07 02:06:00,0.40014014
2026-02-07 02:07:00,0.4190201
2026-02-07 02:08:00,0.4372243
2026-02-07 02:09:00,0.39167228
2026-02-07 02:10:00,0.37055817
2026-02-07 02:11:00,0.40938106
2026-02-07 02:12:00,0.392037
2026-02-07 02:13:00,0.41382056
2026-02-07 02:14:00,0.4928785
2026-02-07 02:15:00,0.47472262
2026-02-07 02:16:00,0.46320525
2026-02-07 02:17:00,0.45671177
2026-02-07 02:18:00,0.46701553
2026-02-07 02:19:00,0.45354936
2026-02-07 02:20:00,0.4636063
2026-02-07 02:21:00,0.45723596
2026-02-07 02:22:00,0.43971
2026-02-07 02:23:00,0.39532366
2026-02-07 02:24:00,0.39243707
2026-02-07 02:25:00,0.3926272
2026-02-07 02:26:00,0.37606007
2026-02-07 02:27:00,0.38261634
2026-02-07 02:28:00,0.36809385
2026-02-07 02:29:00,0.40666148
2026-02-07 02:30:00,0.3475862
2026-02-07 02:31:00,0.34568986
2026-02-07 02:32:00,0.3601164
2026-02-07 02:33:00,0.39259204
2026-02-07 02:34:00,0.3375075
2026-02-07 02:35:00,0.34494644
2026-02-07 02:36:00,0.4001021
2026-02-07 02:37:00,0.35865438
2026-02-07 02:38:00,0.39834002
2026-02-07 02:39:00,0.39166144
2026-02-07 02:40:00,0.3718159
2026-02-07 02:41:00,0.38222706
2026-02-07 02:42:00,0.3714219
2026-02-07 02:43:00,0.36855733
2026-02-07 02:44:00,0.33055952
2026-02-07 02:45:00,0.32107806
2026-02-07 02:46:00,0.33433467
2026-02-07 02:47:00,0.33717188
2026-02-07 02:48:00,0.33412063
2026-02-07 02:49:00,0.37500513
2026-02-07 02:50:00,0.33289623
2026-02-07 02:51:00,0.3497065
2026-02-07 02:52:00,0.29628587
2026-02-07 02:53:00,0.30647153
2026-02-07 02:54:00,0.39189032
2026-02-07 02:55:00,0.4657891
2026-02-07 02:56:00,0.52079064
2026-02-07 02:57:00,0.52339983
2026-02-07 02:58:00,0.54736465
2026-02-07 02:59:00,0.5577385
2026-02-07 03:00:00,0.7278568
2026-02-07 03:01:00,0.6514886
2026-02-07 03:02:00,0.5557282
2026-02-07 03:03:00,0.54189277
2026-02-07 03:04:00,0.4374898
2026-02-07 03:05:00,0.37108645
2026-02-07 03:06:00,0.3593182
2026-02-07 03:07:00,0.36925212
2026-02-07 03:08:00,0.4342055
2026-02-07 03:09:00,0.49161792
2026-02-07 03:10:00,0.49185443
2026-02-07 03:11:00,0.48486137
2026-02-07 03:12:00,0.44329217
2026-02-07 03:13:00,0.34762785
2026-02-07 03:14:00,0.42245486
2026-02-07 03:15:00,0.39741895
2026-02-07 03:16:00,0.41443428
2026-02-07 03:17:00,0.40859437
2026-02-07 03:18:00,0.4160087
2026-02-07 03:19:00,0.39967018
2026-02-07 03:20:00,0.39668187
2026-02-07 03:21:00,0.40075153
2026-02-07 03:22:00,0.4172634
2026-02-07 03:23:00,0.42430377
2026-02-07 03:24:00,0.3698605
2026-02-07 03:25:00,0.34916157
2026-02-07 03:26:00,0.3549371
2026-02-07 03:27:00,0.36542
2026-02-07 03:28:00,0.39827582
2026-02-07 03:29:00,0.4448271
2026-02-07 03:30:00,0.39246282
2026-02-07 03:31:00,0.4095919
2026-02-07 03:32:00,0.45637307
2026-02-07 03:33:00,0.41596133
2026-02-07 03:34:00,0.40016627
2026-02-07 03:35:00,0.4549325
2026-02-07 03:36:00,0.42864892
2026-02-07 03:37:00,0.4247092
2026-02-07 03:38:00,0.45186955
2026-02-07 03:39:00,0.37390742
2026-02-07 03:40:00,0.39482093
2026-02-07 03:41:00,0.38436544
2026-02-07 03:42:00,0.3511196
2026-02-07 03:43:00,0.42376837
2026-02-07 03:44:00,0.36991784
2026-02-07 03:45:00,0.38907617
2026-02-07 03:46:00,0.35679153
2026-02-07 03:47:00,0.3608133
2026-02-07 03:48:00,0.41607332
2026-02-07 03:49:00,0.35840926
2026-02-07 03:50:00,0.38210237
2026-02-07 03:51:00,0.42693236
2026-02-07 03:52:00,0.42170817
2026-02-07 03:53:00,0.47889227
2026-02-07 03:54:00,0.49258658
2026-02-07 03:55:00,0.4921068
2026-02-07 03:56:00,0.47672194
2026-02-07 03:57:00,0.5099537
2026-02-07 03:58:00,0.5503241
2026-02-07 03:59:00,0.5022431
2026-02-07 04:00:00,0.7170444
2026-02-07 04:01:00,0.7227473
2026-02-07 04:02:00,0.61623293
2026-02-07 04:03:00,0.55593336
2026-02-07 04:04:00,0.43172988
2026-02-07 04:05:00,0.43901443
2026-02-07 04:06:00,0.43777376
2026-02-07 04:07:00,0.44441494
2026-02-07 04:08:00,0.42601874
2026-02-07 04:09:00,0.5100109
2026-02-07 04:10:00,0.41217873
2026-02-07 04:11:00,0.41206616
2026-02-07 04:12:00,0.4033989
2026-02-07 04:13:00,0.38648906
2026-02-07 04:14:00,0.44040093
2026-02-07 04:15:00,0.44544128
2026-02-07 04:16:00,0.38279772
2026-02-07 04:17:00,0.35416573
2026-02-07 04:18:00,0.41118595
2026-02-07 04:19:00,0.40963116
2026-02-07 04:20:00,0.4435909
2026-02-07 04:21:00,0.4626177
2026-02-07 04:22:00,0.40505895
2026-02-07 04:23:00,0.4343222
2026-02-07 04:24:00,0.37501806
2026-02-07 04:25:00,0.35471144
2026-02-07 04:26:00,0.3143682
2026-02-07 04:27:00,0.29671285
2026-02-07 04:28:00,0.25815082
2026-02-07 04:29:00,0.30992725
2026-02-07 04:30:00,0.36810324
2026-02-07 04:31:00,0.40303746
2026-02-07 04:32:00,0.39871404
2026-02-07 04:33:00,0.3792878
2026-02-07 04:34:00,0.41920012
2026-02-07 04:35:00,0.4334822
2026-02-07 04:36:00,0.45042035
2026-02-07 04:37:00,0.40558034
2026-02-07 04:38:00,0.4075189
2026-02-07 04:39:00,0.39495724
2026-02-07 04:40:00,0.33605513
2026-02-07 04:41:00,0.36581257
2026-02-07 04:42:00,0.41319704
2026-02-07 04:43:00,0.4498093
2026-02-07 04:44:00,0.42244205
2026-02-07 04:45:00,0.41757134
2026-02-07 04:46:00,0.39132842
2026-02-07 04:47:00,0.40580112
2026-02-07 04:48:00,0.48735586
2026-02-07 04:49:00,0.50557655
2026-02-07 04:50:00,0.49517083
2026-02-07 04:51:00,0.46250147
2026-02-07 04:52:00,0.45833752
2026-02-07 04:53:00,0.46145287
2026-02-07 04:54:00,0.48875424
2026-02-07 04:55:00,0.5253796
2026-02-07 04:56:00,0.50202656
2026-02-07 04:57:00,0.51514506
2026-02-07 04:58:00,0.4940513
2026-02-07 04:59:00,0.48154426
2026-02-07 05:00:00,0.7038105
2026-02-07 05:01:00,0.7441202
2026-02-07 05:02:00,0.6800408
2026-02-07 05:03:00,0.6286713
2026-02-07 05:04:00,0.5517225
2026-02-07 05:05:00,0.48622686
2026-02-07 05:06:00,0.4990097
2026-02-07 05:07:00,0.44641104
2026-02-07 05:08:00,0.44347316
2026-02-07 05:09:00,0.37088665
2026-02-07 05:10:00,0.3539782
2026-02-07 05:11:00,0.35067034
2026-02-07 05:12:00,0.36396128
2026-02-07 05:13:00,0.36146933
2026-02-07 05:14:00,0.36708018
2026-02-07 05:15:00,0.35731676
2026-02-07 05:16:00,0.41252413
2026-02-07 05:17:00,0.396108
2026-02-07 05:18:00,0.37427464
2026-02-07 05:19:00,0.3781396
2026-02-07 05:20:00,0.36172184
2026-02-07 05:21:00,0.4581019
2026-02-07 05:22:00,0.45870885
2026-02-07 05:23:00,0.51491
2026-02-07 05:24:00,0.51229227
2026-02-07 05:25:00,0.53377146
2026-02-07 05:26:00,0.50181556
2026-02-07 05:27:00,0.51626104
2026-02-07 05:28:00,0.49009532
2026-02-07 05:29:00,0.4536941
2026-02-07 05:30:00,0.46641278
2026-02-07 05:31:00,0.56247365
2026-02-07 05:32:00,0.57163984
2026-02-07 05:33:00,0.5416713
2026-02-07 05:34:00,0.49395654
2026-02-07 05:35:00,0.5205797
2026-02-07 05:36:00,0.55750775
2026-02-07 05:37:00,0.5701802
2026-02-07 05:38:00,0.5739427
2026-02-07 05:39:00,0.61015564
2026-02-07 05:40:00,0.6143904
2026-02-07 05:41:00,0.60121375
2026-02-07 05:42:00,0.56855786
2026-02-07 05:43:00,0.57079124
2026-02-07 05:44:00,0.5506927
2026-02-07 05:45:00,0.59985834
2026-02-07 05:46:00,0.58900064
2026-02-07 05:47:00,0.5932451
2026-02-07 05:48:00,0.58029073
2026-02-07 05:49:00,0.54287887
2026-02-07 05:50:00,0.50229585
2026-02-07 05:51:00,0.43165684
2026-02-07 05:52:00,0.41314533
2026-02-07 05:53:00,0.44402257
2026-02-07 05:54:00,0.47076803
2026-02-07 05:55:00,0.50357753
2026-02-07 05:56:00,0.4669267
2026-02-07 05:57:00,0.48104653
2026-02-07 05:58:00,0.45456412
2026-02-07 05:59:00,0.4529455
2026-02-07 06:00:00,0.63955474
2026-02-07 06:01:00,0.57910305
2026-02-07 06:02:00,0.47334507
2026-02-07 06:03:00,0.37886655
2026-02-07 06:04:00,0.3344252
2026-02-07 06:05:00,0.37945807
2026-02-07 06:06:00,0.37674507
2026-02-07 06:07:00,0.4190229
2026-02-07 06:08:00,0.41593218
2026-02-07 06:09:00,0.4184139
2026-02-07 06:10:00,0.35090747
2026-02-07 06:11:00,0.3750764
2026-02-07 06:12:00,0.426344
2026-02-07 06:13:00,0.43147653
2026-02-07 06:14:00,0.49575865
2026-02-07 06:15:00,0.47050557
2026-02-07 06:16:00,0.4739518
2026-02-07 06:17:00,0.4699573
2026-02-07 06:18:00,0.45846787
2026-02-07 06:19:00,0.42609113
2026-02-07 06:20:00,0.4256287
2026-02-07 06:21:00,0.42355475
2026-02-07 06:22:00,0.39292845
2026-02-07 06:23:00,0.41745
2026-02-07 06:24:00,0.3751157
2026-02-07 06:25:00,0.41936988
2026-02-07 06:26:00,0.36811918
2026-02-07 06:27:00,0.39343908
2026-02-07 06:28:00,0.448852
2026-02-07 06:29:00,0.431916
2026-02-07 06:30:00,0.4056574
2026-02-07 06:31:00,0.3671317
2026-02-07 06:32:00,0.40717214
2026-02-07 06:33:00,0.4201085
2026-02-07 06:34:00,0.41870505
2026-02-07 06:35:00,0.42772382
2026-02-07 06:36:00,0.40848613
2026-02-07 06:37:00,0.35670388
2026-02-07 06:38:00,0.36432165
2026-02-07 06:39:00,0.44410515
2026-02-07 06:40:00,0.43432006
2026-02-07 06:41:00,0.47662985
2026-02-07 06:42:00,0.5136573
2026-02-07 06:43:00,0.49653012
2026-02-07 06:44:00,0.48923242
2026-02-07 06:45:00,0.4548667
2026-02-07 06:46:00,0.44365692
2026-02-07 06:47:00,0.48367953
2026-02-07 06:48:00,0.4746846
2026-02-07 06:49:00,0.47577095
2026-02-07 06:50:00,0.52532744
2026-02-07 06:51:00,0.52736723
2026-02-07 06:52:00,0.46782702
2026-02-07 06:53:00,0.41259223
2026-02-07 06:54:00,0.35697037
2026-02-07 06:55:00,0.40111786
2026-02-07 06:56:00,0.36417577
2026-02-07 06:57:00,0.34232974
2026-02-07 06:58:00,0.35745126
2026-02-07 06:59:00,0.3517915
2026-02-07 07:00:00,0.6177101
2026-02-07 07:01:00,0.5892015
2026-02-07 07:02:00,0.49991986
2026-02-07 07:03:00,0.44160104
2026-02-07 07:04:00,0.40520912
2026-02-07 07:05:00,0.40926328
2026-02-07 07:06:00,0.39727852
2026-02-07 07:07:00,0.36597747
2026-02-07 07:08:00,0.39969313
2026-02-07 07:09:00,0.42045897
2026-02-07 07:10:00,0.43121335
2026-02-07 07:11:00,0.43256575
2026-02-07 07:12:00,0.44200724
2026-02-07 07:13:00,0.43514863
2026-02-07 07:14:00,0.42203233
2026-02-07 07:15:00,0.39587557
2026-02-07 07:16:00,0.39191562
2026-02-07 07:17:00,0.47337893
2026-02-07 07:18:00,0.48211813
2026-02-07 07:19:00,0.42434654
2026-02-07 07:20:00,0.43991065
2026-02-07 07:21:00,0.43453565
2026-02-07 07:22:00,0.4277025
2026-02-07 07:23:00,0.42643544
2026-02-07 07:24:00,0.45234132
2026-02-07 07:25:00,0.43974748
2026-02-07 07:26:00,0.42066982
2026-02-07 07:27:00,0.43345645
2026-02-07 07:28:00,0.4857709
2026-02-07 07:29:00,0.46943972
2026-02-07 07:30:00,0.48251572
2026-02-07 07:31:00,0.48307082
2026-02-07 07:32:00,0.4919926
2026-02-07 07:33:00,0.44680735
2026-02-07 07:34:00,0.43237972
2026-02-07 07:35:00,0.39759153
2026-02-07 07:36:00,0.37444746
2026-02-07 07:37:00,0.42025968
2026-02-07 07:38:00,0.39701775
2026-02-07 07:39:00,0.38427588
2026-02-07 07:40:00,0.38835362
2026-02-07 07:41:00,0.45281035
2026-02-07 07:42:00,0.3622439
2026-02-07 07:43:00,0.31375396
2026-02-07 07:44:00,0.36550704
2026-02-07 07:45:00,0.41120118
2026-02-07 07:46:00,0.48264036
2026-02-07 07:47:00,0.45175746
2026-02-07 07:48:00,0.46357054
2026-02-07 07:49:00,0.41724762
2026-02-07 07:50:00,0.42519537
2026-02-07 07:51:00,0.40250072
2026-02-07 07:52:00,0.42796534
2026-02-07 07:53:00,0.40304595
2026-02-07 07:54:00,0.38307294
2026-02-07 07:55:00,0.38681507
2026-02-07 07:56:00,0.38463333
2026-02-07 07:57:00,0.38097185
2026-02-07 07:58:00,0.41903174
2026-02-07 07:59:00,0.35363397
2026-02-07 08:00:00,0.55152065
2026-02-07 08:01:00,0.5363245
2026-02-07 08:02:00,0.49950472
2026-02-07 08:03:00,0.47186404
2026-02-07 08:04:00,0.47147846
2026-02-07 08:05:00,0.4782967
2026-02-07 08:06:00,0.54806477
2026-02-07 08:07:00,0.5051059
2026-02-07 08:08:00,0.5087352
2026-02-07 08:09:00,0.49861455
2026-02-07 08:10:00,0.4345455
2026-02-07 08:11:00,0.46154553
2026-02-07 08:12:00,0.49499828
2026-02-07 08:13:00,0.53849936
2026-02-07 08:14:00,0.5737751
2026-02-07 08:15:00,0.544476
2026-02-07 08:16:00,0.5182824
2026-02-07 08:17:00,0.6042849
2026-02-07 08:18:00,0.6065535
2026-02-07 08:19:00,0.5868411
2026-02-07 08:20:00,0.6028134
2026-02-07 08:21:00,0.51918805
2026-02-07 08:22:00,0.48817217
2026-02-07 08:23:00,0.5445272
2026-02-07 08:24:00,0.52370393
2026-02-07 08:25:00,0.56149673
2026-02-07 08:26:00,0.58620614
2026-02-07 08:27:00,0.595983
2026-02-07 08:28:00,0.5336424
2026-02-07 08:29:00,0.5559657
2026-02-07 08:30:00,0.51515025
2026-02-07 08:31:00,0.5749627
2026-02-07 08:32:00,0.5370614
2026-02-07 08:33:00,0.6064522
2026-02-07 08:34:00,0.58468604
2026-02-07 08:35:00,0.54966277
2026-02-07 08:36:00,0.5323566
2026-02-07 08:37:00,0.4826088
2026-02-07 08:38:00,0.47819883
2026-02-07 08:39:00,0.45811117
2026-02-07 08:40:00,0.434153
2026-02-07 08:41:00,0.37886825
2026-02-07 08:42:00,0.43184778
2026-02-07 08:43:00,0.45504677
2026-02-07 08:44:00,0.51348764
2026-02-07 08:45:00,0.5197019
2026-02-07 08:46:00,0.45173523
2026-02-07 08:47:00,0.42804533
2026-02-07 08:48:00,0.36774707
2026-02-07 08:49:00,0.3664229
2026-02-07 08:50:00,0.30551374
2026-02-07 08:51:00,0.3536159
2026-02-07 08:52:00,0.3515157
2026-02-07 08:53:00,0.40013826
2026-02-07 08:54:00,0.44045332
2026-02-07 08:55:00,0.45687777
2026-02-07 08:56:00,0.47210273
2026-02-07 08:57:00,0.47099078
2026-02-07 08:58:00,0.36964422
2026-02-07 08:59:00,0.38076246
2026-02-07 09:00:00,0.58700573
2026-02-07 09:01:00,0.5288918
2026-02-07 09:02:00,0.44493136
2026-02-07 09:03:00,0.41732204
2026-02-07 09:04:00,0.36103123
2026-02-07 09:05:00,0.25828713
2026-02-07 09:06:00,0.2419195
2026-02-07 09:07:00,0.21311429
2026-02-07 09:08:00,0.2885418
2026-02-07 09:09:00,0.26193374
2026-02-07 09:10:00,0.27929544
2026-02-07 09:11:00,0.23405427
2026-02-07 09:12:00,0.27922687
2026-02-07 09:13:00,0.34398657
2026-02-07 09:14:00,0.31883726
2026-02-07 09:15:00,0.3700898
2026-02-07 09:16:00,0.34130943
2026-02-07 09:17:00,0.3825628
2026-02-07 09:18:00,0.36188468
2026-02-07 09:19:00,0.3360402
2026-02-07 09:20:00,0.38263783
2026-02-07 09:21:00,0.37984592
2026-02-07 09:22:00,0.43982273
2026-02-07 09:23:00,0.41409695
2026-02-07 09:24:00,0.37419534
2026-02-07 09:25:00,0.37404957
2026-02-07 09:26:00,0.38490498
2026-02-07 09:27:00,0.4023461
2026-02-07 09:28:00,0.39939097
2026-02-07 09:29:00,0.37246433
2026-02-07 09:30:00,0.4130123
2026-02-07 09:31:00,0.4011911
2026-02-07 09:32:00,0.33145264
2026-02-07 09:33:00,0.32487023
2026-02-07 09:34:00,0.30415648
2026-02-07 09:35:00,0.30450824
2026-02-07 09:36:00,0.3214102
2026-02-07 09:37:00,0.32980844
2026-02-07 09:38:00,0.32861567
2026-02-07 09:39:00,0.37800565
2026-02-07 09:40:00,0.3779971
2026-02-07 09:41:00,0.2957946
2026-02-07 09:42:00,0.29632837
2026-02-07 09:43:00,0.34163067
2026-02-07 09:44:00,0.3100699
2026-02-07 09:45:00,0.31440505
2026-02-07 09:46:00,0.3078827
2026-02-07 09:47:00,0.3337884
2026-02-07 09:48:00,0.32843602
2026-02-07 09:49:00,0.40563807
2026-02-07 09:50:00,0.45135367
2026-02-07 09:51:00,0.4504254
2026-02-07 09:52:00,0.46301532
2026-02-07 09:53:00,0.47763246
2026-02-07 09:54:00,0.45233637
2026-02-07 09:55:00,0.43837425
2026-02-07 09:56:00,0.4198054
2026-02-07 09:57:00,0.45357823
2026-02-07 09:58:00,0.4653031
2026-02-07 09:59:00,0.4663971
2026-02-07 10:00:00,0.6171562
2026-02-07 10:01:00,0.54873616
2026-02-07 10:02:00,0.4310246
2026-02-07 10:03:00,0.41069296
2026-02-07 10:04:00,0.4079646
2026-02-07 10:05:00,0.36959705
2026-02-07 10:06:00,0.31793454
2026-02-07 10:07:00,0.3033567
2026-02-07 10:08:00,0.3539483
2026-02-07 10:09:00,0.4078742
2026-02-07 10:10:00,0.3990713
2026-02-07 10:11:00,0.34311223
2026-02-07 10:12:00,0.3448191
2026-02-07 10:13:00,0.32699114
2026-02-07 10:14:00,0.2527652
2026-02-07 10:15:00,0.28019455
2026-02-07 10:16:00,0.2992978
2026-02-07 10:17:00,0.25594544
2026-02-07 10:18:00,0.28968513
2026-02-07 10:19:00,0.25994992
2026-02-07 10:20:00,0.2659481
2026-02-07 10:21:00,0.35061005
2026-02-07 10:22:00,0.31411386
2026-02-07 10:23:00,0.30194628
2026-02-07 10:24:00,0.2974829
2026-02-07 10:25:00,0.26834828
2026-02-07 10:26:00,0.30547014
2026-02-07 10:27:00,0.26321688
2026-02-07 10:28:00,0.24910583
2026-02-07 10:29:00,0.25723526
2026-02-07 10:30:00,0.232845
2026-02-07 10:31:00,0.23415047
2026-02-07 10:32:00,0.23985307
2026-02-07 10:33:00,0.25857833
2026-02-07 10:34:00,0.2826362
2026-02-07 10:35:00,0.2724719
2026-02-07 10:36:00,0.29247907
2026-02-07 10:37:00,0.29209748
2026-02-07 10:38:00,0.28977293
2026-02-07 10:39:00,0.27395752
2026-02-07 10:40:00,0.25796542
2026-02-07 10:41:00,0.25718197
2026-02-07 10:42:00,0.2466888
2026-02-07 10:43:00,0.25568736
2026-02-07 10:44:00,0.26055363
2026-02-07 10:45:00,0.2641751
2026-02-07 10:46:00,0.20857127
2026-02-07 10:47:00,0.27313885
2026-02-07 10:48:00,0.2821966
2026-02-07 10:49:00,0.24934235
2026-02-07 10:50:00,0.2493397
2026-02-07 10:51:00,0.25597072
2026-02-07 10:52:00,0.21063657
2026-02-07 10:53:00,0.20603946
2026-02-07 10:54:00,0.19409488
2026-02-07 10:55:00,0.20325159
2026-02-07 10:56:00,0.21218736
2026-02-07 10:57:00,0.21833314
2026-02-07 10:58:00,0.22964768
2026-02-07 10:59:00,0.2058189
2026-02-07 11:00:00,0.3853982
2026-02-07 11:01:00,0.3623668
2026-02-07 11:02:00,0.32589656
2026-02-07 11:03:00,0.3408191
2026-02-07 11:04:00,0.26861367
2026-02-07 11:05:00,0.26396504
2026-02-07 11:06:00,0.316031
2026-02-07 11:07:00,0.3742489
2026-02-07 11:08:00,0.41567147
2026-02-07 11:09:00,0.41303128
2026-02-07 11:10:00,0.3708812
2026-02-07 11:11:00,0.4273244
2026-02-07 11:12:00,0.3908158
2026-02-07 11:13:00,0.35444257
2026-02-07 11:14:00,0.39305148
2026-02-07 11:15:00,0.34104383
2026-02-07 11:16:00,0.3293523
2026-02-07 11:17:00,0.30839136
2026-02-07 11:18:00,0.263817
2026-02-07 11:19:00,0.3040141
2026-02-07 11:20:00,0.3492448
2026-02-07 11:21:00,0.37535402
2026-02-07 11:22:00,0.386093
2026-02-07 11:23:00,0.38687012
2026-02-07 11:24:00,0.39574262
2026-02-07 11:25:00,0.38636234
2026-02-07 11:26:00,0.3359155
2026-02-07 11:27:00,0.29838696
2026-02-07 11:28:00,0.23227851
2026-02-07 11:29:00,0.26522925
2026-02-07 11:30:00,0.26096785
2026-02-07 11:31:00,0.29975364
2026-02-07 11:32:00,0.30568892
2026-02-07 11:33:00,0.2697556
2026-02-07 11:34:00,0.26926666
2026-02-07 11:35:00,0.25635585
2026-02-07 11:36:00,0.28521547
2026-02-07 11:37:00,0.24890202
2026-02-07 11:38:00,0.26114675
2026-02-07 11:39:00,0.24732378
2026-02-07 11:40:00,0.2887789
2026-02-07 11:41:00,0.2906609
2026-02-07 11:42:00,0.32492325
2026-02-07 11:43:00,0.29918388
2026-02-07 11:44:00,0.26456696
2026-02-07 11:45:00,0.28997707
2026-02-07 11:46:00,0.30557406
2026-02-07 11:47:00,0.3228434
2026-02-07 11:48:00,0.3610483
2026-02-07 11:49:00,0.35711348
2026-02-07 11:50:00,0.36103603
2026-02-07 11:51:00,0.32798898
2026-02-07 11:52:00,0.34819114
2026-02-07 11:53:00,0.27979115
2026-02-07 11:54:00,0.38441497
2026-02-07 11:55:00,0.292654
2026-02-07 11:56:00,0.25652054
2026-02-07 11:57:00,0.24152051
2026-02-07 11:58:00,0.2507306
2026-02-07 11:59:00,0.34008172
2026-02-07 12:00:00,0.58416665
2026-02-07 12:01:00,0.5590064
2026-02-07 12:02:00,0.52222365
2026-02-07 12:03:00,0.45453754
2026-02-07 12:04:00,0.36983332
2026-02-07 12:05:00,0.30647728
2026-02-07 12:06:00,0.30270997
2026-02-07 12:07:00,0.32509857
2026-02-07 12:08:00,0.28635335
2026-02-07 12:09:00,0.2909872
2026-02-07 12:10:00,0.35376915
2026-02-07 12:11:00,0.29122335
2026-02-07 12:12:00,0.3415243
2026-02-07 12:13:00,0.36014378
2026-02-07 12:14:00,0.34264892
2026-02-07 12:15:00,0.29652092
2026-02-07 12:16:00,0.32837796
2026-02-07 12:17:00,0.3154545
2026-02-07 12:18:00,0.34308398
2026-02-07 12:19:00,0.28153366
2026-02-07 12:20:00,0.26900303
2026-02-07 12:21:00,0.2441327
2026-02-07 12:22:00,0.26573002
2026-02-07 12:23:00,0.23919396
2026-02-07 12:24:00,0.25425133
2026-02-07 12:25:00,0.1806875
2026-02-07 12:26:00,0.19842182
2026-02-07 12:27:00,0.24273004
2026-02-07 12:28:00,0.2589883
2026-02-07 12:29:00,0.26572105
2026-02-07 12:30:00,0.30825976
2026-02-07 12:31:00,0.3498252
2026-02-07 12:32:00,0.35503596
2026-02-07 12:33:00,0.3433097
2026-02-07 12:34:00,0.3011215
2026-02-07 12:35:00,0.29092374
2026-02-07 12:36:00,0.28153613
2026-02-07 12:37:00,0.24559802
2026-02-07 12:38:00,0.2926162
2026-02-07 12:39:00,0.41561717
2026-02-07 12:40:00,0.4125592
2026-02-07 12:41:00,0.4357862
2026-02-07 12:42:00,0.38143936
2026-02-07 12:43:00,0.3747684
2026-02-07 12:44:00,0.44452098
2026-02-07 12:45:00,0.37784797
2026-02-07 12:46:00,0.36214954
2026-02-07 12:47:00,0.29608288
2026-02-07 12:48:00,0.27053124
2026-02-07 12:49:00,0.2977553
2026-02-07 12:50:00,0.3325331
2026-02-07 12:51:00,0.3247868
2026-02-07 12:52:00,0.3082389
2026-02-07 12:53:00,0.2985669
2026-02-07 12:54:00,0.34675565
2026-02-07 12:55:00,0.32864878
2026-02-07 12:56:00,0.325039
2026-02-07 12:57:00,0.29903397
2026-02-07 12:58:00,0.27906936
2026-02-07 12:59:00,0.23376825
2026-02-07 13:00:00,0.4824034
2026-02-07 13:01:00,0.43853205
2026-02-07 13:02:00,0.40881217
2026-02-07 13:03:00,0.3289795
2026-02-07 13:04:00,0.295249
2026-02-07 13:05:00,0.22526939
2026-02-07 13:06:00,0.23724544
2026-02-07 13:07:00,0.34715253
2026-02-07 13:08:00,0.40458733
2026-02-07 13:09:00,0.37265486
2026-02-07 13:10:00,0.3580556
2026-02-07 13:11:00,0.33816203
2026-02-07 13:12:00,0.31548405
2026-02-07 13:13:00,0.3714697
2026-02-07 13:14:00,0.32083297
2026-02-07 13:15:00,0.33669615
2026-02-07 13:16:00,0.2728591
2026-02-07 13:17:00,0.26183945
2026-02-07 13:18:00,0.29186293
2026-02-07 13:19:00,0.30237058
2026-02-07 13:20:00,0.30550367
2026-02-07 13:21:00,0.33482027
2026-02-07 13:22:00,0.30738652
2026-02-07 13:23:00,0.32552335
2026-02-07 13:24:00,0.29532796
2026-02-07 13:25:00,0.25544488
2026-02-07 13:26:00,0.2208267
2026-02-07 13:27:00,0.19592698
2026-02-07 13:28:00,0.18360531
2026-02-07 13:29:00,0.16803694
2026-02-07 13:30:00,0.18622419
2026-02-07 13:31:00,0.16484614
2026-02-07 13:32:00,0.1416587
2026-02-07 13:33:00,0.13200362
2026-02-07 13:34:00,0.13092102
2026-02-07 13:35:00,0.16119942
2026-02-07 13:36:00,0.16937384
2026-02-07 13:37:00,0.19427899
2026-02-07 13:38:00,0.17233111
2026-02-07 13:39:00,0.14762582
2026-02-07 13:40:00,0.20179011
2026-02-07 13:41:00,0.16191404
2026-02-07 13:42:00,0.16732635
2026-02-07 13:43:00,0.24355578
2026-02-07 13:44:00,0.2145336
2026-02-07 13:45:00,0.20280464
2026-02-07 13:46:00,0.25034192
2026-02-07 13:47:00,0.23127908
2026-02-07 13:48:00,0.2889591
2026-02-07 13:49:00,0.28086296
2026-02-07 13:50:00,0.28263038
2026-02-07 13:51:00,0.2949414
2026-02-07 13:52:00,0.37427038
2026-02-07 13:53:00,0.29550767
2026-02-07 13:54:00,0.32026294
2026-02-07 13:55:00,0.31101456
2026-02-07 13:56:00,0.3169028
2026-02-07 13:57:00,0.29694968
2026-02-07 13:58:00,0.2421978
2026-02-07 13:59:00,0.23067833
2026-02-07 14:00:00,0.44128036
2026-02-07 14:01:00,0.42003924
2026-02-07 14:02:00,0.39530647
2026-02-07 14:03:00,0.32626447
2026-02-07 14:04:00,0.23004904
2026-02-07 14:05:00,0.22345224
2026-02-07 14:06:00,0.27058288
2026-02-07 14:07:00,0.2004538
2026-02-07 14:08:00,0.22664516
2026-02-07 14:09:00,0.19690977
2026-02-07 14:10:00,0.19892788
2026-02-07 14:11:00,0.19458313
2026-02-07 14:12:00,0.2589857
2026-02-07 14:13:00,0.21583988
2026-02-07 14:14:00,0.1979658
2026-02-07 14:15:00,0.23300034
2026-02-07 14:16:00,0.22595206
2026-02-07 14:17:00,0.18067254
2026-02-07 14:18:00,0.10827431
2026-02-07 14:19:00,0.11366068
2026-02-07 14:20:00,0.18016185
2026-02-07 14:21:00,0.2019863
2026-02-07 14:22:00,0.17713249
2026-02-07 14:23:00,0.13861118
2026-02-07 14:24:00,0.12278969
2026-02-07 14:25:00,0.11514146
2026-02-07 14:26:00,0.13844769
2026-02-07 14:27:00,0.14159504
2026-02-07 14:28:00,0.1319933
2026-02-07 14:29:00,0.10765993
2026-02-07 14:30:00,0.17857869
2026-02-07 14:31:00,0.19188884
2026-02-07 14:32:00,0.12318252
2026-02-07 14:33:00,0.14494821
2026-02-07 14:34:00,0.105034865
2026-02-07 14:35:00,0.16592996
2026-02-07 14:36:00,0.19568081
2026-02-07 14:37:00,0.2813225
2026-02-07 14:38:00,0.29946417
2026-02-07 14:39:00,0.21045049
2026-02-07 14:40:00,0.21696538
2026-02-07 14:41:00,0.22763821
2026-02-07 14:42:00,0.22915067
2026-02-07 14:43:00,0.20132102
2026-02-07 14:44:00,0.22630696
2026-02-07 14:45:00,0.29983464
2026-02-07 14:46:00,0.2980831
2026-02-07 14:47:00,0.27650693
2026-02-07 14:48:00,0.22572967
2026-02-07 14:49:00,0.22391514
2026-02-07 14:50:00,0.21842037
2026-02-07 14:51:00,0.25618693
2026-02-07 14:52:00,0.19598159
2026-02-07 14:53:00,0.19650133
2026-02-07 14:54:00,0.20866072
2026-02-07 14:55:00,0.15484177
2026-02-07 14:56:00,0.12807634
2026-02-07 14:57:00,0.16258153
2026-02-07 14:58:00,0.10953215
2026-02-07 14:59:00,0.12336971
2026-02-07 15:00:00,0.35783818
2026-02-07 15:01:00,0.36775726
2026-02-07 15:02:00,0.27921683
2026-02-07 15:03:00,0.19617425
2026-02-07 15:04:00,0.14766462
2026-02-07 15:05:00,0.07177195
2026-02-07 15:06:00,0.18457268
2026-02-07 15:07:00,0.25470462
2026-02-07 15:08:00,0.30255365
2026-02-07 15:09:00,0.25769672
2026-02-07 15:10:00,0.27791244
2026-02-07 15:11:00,0.30715424
2026-02-07 15:12:00,0.31703797
2026-02-07 15:13:00,0.2725788
2026-02-07 15:14:00,0.28303552
2026-02-07 15:15:00,0.30162778
2026-02-07 15:16:00,0.2672777
2026-02-07 15:17:00,0.21630298
2026-02-07 15:18:00,0.2199503
2026-02-07 15:19:00,0.19314833
2026-02-07 15:20:00,0.25181827
2026-02-07 15:21:00,0.2268501
2026-02-07 15:22:00,0.19287302
2026-02-07 15:23:00,0.14013045
2026-02-07 15:24:00,0.12902294
2026-02-07 15:25:00,0.08348756
2026-02-07 15:26:00,0.10083502
2026-02-07 15:27:00,0.12145869
2026-02-07 15:28:00,0.19164354
2026-02-07 15:29:00,0.18209904
2026-02-07 15:30:00,0.19126634
2026-02-07 15:31:00,0.1563722
2026-02-07 15:32:00,0.16679041
2026-02-07 15:33:00,0.1464341
2026-02-07 15:34:00,0.14290518
2026-02-07 15:35:00,0.1786635
2026-02-07 15:36:00,0.13993867
2026-02-07 15:37:00,0.17138429
2026-02-07 15:38:00,0.1562963
2026-02-07 15:39:00,0.14712547
2026-02-07 15:40:00,0.10147027
2026-02-07 15:41:00,0.13252929
2026-02-07 15:42:00,0.14848489
2026-02-07 15:43:00,0.17761753
2026-02-07 15:44:00,0.13261567
2026-02-07 15:45:00,0.20951948
2026-02-07 15:46:00,0.22950155
2026-02-07 15:47:00,0.24670605
2026-02-07 15:48:00,0.22291152
2026-02-07 15:49:00,0.22451834
2026-02-07 15:50:00,0.2003169
2026-02-07 15:51:00,0.23376076
2026-02-07 15:52:00,0.21369031
2026-02-07 15:53:00,0.2694936
2026-02-07 15:54:00,0.25302804
2026-02-07 15:55:00,0.23646486
2026-02-07 15:56:00,0.14077736
2026-02-07 15:57:00,0.17381129
2026-02-07 15:58:00,0.17934357
2026-02-07 15:59:00,0.19849937
2026-02-07 16:00:00,0.46945757
2026-02-07 16:01:00,0.44694376
2026-02-07 16:02:00,0.4196801
2026-02-07 16:03:00,0.32962725
2026-02-07 16:04:00,0.2599001
2026-02-07 16:05:00,0.23366235
2026-02-07 16:06:00,0.24343437
2026-02-07 16:07:00,0.1656029
2026-02-07 16:08:00,0.21556288
2026-02-07 16:09:00,0.14425163
2026-02-07 16:10:00,0.14139028
2026-02-07 16:11:00,0.1339673
2026-02-07 16:12:00,0.18615411
2026-02-07 16:13:00,0.2281529
2026-02-07 16:14:00,0.22357589
2026-02-07 16:15:00,0.20497014
2026-02-07 16:16:00,0.2647636
2026-02-07 16:17:00,0.29910323
2026-02-07 16:18:00,0.31138828
2026-02-07 16:19:00,0.27414
2026-02-07 16:20:00,0.25936735
2026-02-07 16:21:00,0.19312084
2026-02-07 16:22:00,0.21188198
2026-02-07 16:23:00,0.18337506
2026-02-07 16:24:00,0.20162654
2026-02-07 16:25:00,0.20325045
2026-02-07 16:26:00,0.23609324
2026-02-07 16:27:00,0.19590802
2026-02-07 16:28:00,0.21870978
2026-02-07 16:29:00,0.24415013
2026-02-07 16:30:00,0.2384859
2026-02-07 16:31:00,0.21354826
2026-02-07 16:32:00,0.10730141
2026-02-07 16:33:00,0.105081394
2026-02-07 16:34:00,0.1016911
2026-02-07 16:35:00,0.14684568
2026-02-07 16:36:00,0.21284632
2026-02-07 16:37:00,0.2166484
2026-02-07 16:38:00,0.17867862
2026-02-07 16:39:00,0.19786295
2026-02-07 16:40:00,0.15697816
2026-02-07 16:41:00,0.130678
2026-02-07 16:42:00,0.15525198
2026-02-07 16:43:00,0.16758038
2026-02-07 16:44:00,0.1831142
2026-02-07 16:45:00,0.26879305
2026-02-07 16:46:00,0.29392624
2026-02-07 16:47:00,0.2988945
2026-02-07 16:48:00,0.3160819
2026-02-07 16:49:00,0.21020211
2026-02-07 16:50:00,0.15223366
2026-02-07 16:51:00,0.16480021
2026-02-07 16:52:00,0.1204709
2026-02-07 16:53:00,0.14151756
2026-02-07 16:54:00,0.12711632
2026-02-07 16:55:00,0.13279074
2026-02-07 16:56:00,0.16925079
2026-02-07 16:57:00,0.1712386
2026-02-07 16:58:00,0.1730723
2026-02-07 16:59:00,0.1687788
2026-02-07 17:00:00,0.338501
2026-02-07 17:01:00,0.27675632
2026-02-07 17:02:00,0.24588026
2026-02-07 17:03:00,0.1760726
2026-02-07 17:04:00,0.15947624
2026-02-07 17:05:00,0.18658449
2026-02-07 17:06:00,0.17950359
2026-02-07 17:07:00,0.15472534
2026-02-07 17:08:00,0.12308582
2026-02-07 17:09:00,0.0801487
2026-02-07 17:10:00,0.063377224
2026-02-07 17:11:00,0.13750094
2026-02-07 17:12:00,0.10949668
2026-02-07 17:13:00,0.18936162
2026-02-07 17:14:00,0.15206458
2026-02-07 17:15:00,0.09506337
2026-02-07 17:16:00,0.08819001
2026-02-07 17:17:00,0.07910026
2026-02-07 17:18:00,0.08841042
2026-02-07 17:19:00,0.12732972
2026-02-07 17:20:00,0.08437181
2026-02-07 17:21:00,0.05308378
2026-02-07 17:22:00,0.047276936
2026-02-07 17:23:00,0.056821775
2026-02-07 17:24:00,0.102830894
2026-02-07 17:25:00,0.16438228
2026-02-07 17:26:00,0.12365087
2026-02-07 17:27:00,0.12634078
2026-02-07 17:28:00,0.1708987
2026-02-07 17:29:00,0.12904795
2026-02-07 17:30:00,0.14300933
2026-02-07 17:31:00,0.15483452
2026-02-07 17:32:00,0.16601893
2026-02-07 17:33:00,0.12628348
2026-02-07 17:34:00,0.115316175
2026-02-07 17:35:00,0.04
2026-02-07 17:36:00,0.04
2026-02-07 17:37:00,0.087621786
2026-02-07 17:38:00,0.15407777
2026-02-07 17:39:00,0.15359074
2026-02-07 17:40:00,0.14398387
2026-02-07 17:41:00,0.12681317
2026-02-07 17:42:00,0.14495794
2026-02-07 17:43:00,0.09862273
2026-02-07 17:44:00,0.14983371
2026-02-07 17:45:00,0.112735376
2026-02-07 17:46:00,0.07882767
2026-02-07 17:47:00,0.10537827
2026-02-07 17:48:00,0.12709393
2026-02-07 17:49:00,0.10672275
2026-02-07 17:50:00,0.14592126
2026-02-07 17:51:00,0.15855885
2026-02-07 17:52:00,0.15145138
2026-02-07 17:53:00,0.16441521
2026-02-07 17:54:00,0.15503927
2026-02-07 17:55:00,0.16924803
2026-02-07 17:56:00,0.21645214
2026-02-07 17:57:00,0.24233861
2026-02-07 17:58:00,0.21542022
2026-02-07 17:59:00,0.16546272
2026-02-07 18:00:00,0.42390326
2026-02-07 18:01:00,0.43016762
2026-02-07 18:02:00,0.3774768
2026-02-07 18:03:00,0.3016526
2026-02-07 18:04:00,0.312909
2026-02-07 18:05:00,0.30963174
2026-02-07 18:06:00,0.25657257
2026-02-07 18:07:00,0.23456521
2026-02-07 18:08:00,0.25013185
2026-02-07 18:09:00,0.22371054
2026-02-07 18:10:00,0.23040238
2026-02-07 18:11:00,0.22328644
2026-02-07 18:12:00,0.18629947
2026-02-07 18:13:00,0.1827711
2026-02-07 18:14:00,0.19893709
2026-02-07 18:15:00,0.25338098
2026-02-07 18:16:00,0.2619265
2026-02-07 18:17:00,0.26896313
2026-02-07 18:18:00,0.2336362
2026-02-07 18:19:00,0.25633493
2026-02-07 18:20:00,0.21476825
2026-02-07 18:21:00,0.2650743
2026-02-07 18:22:00,0.28160554
2026-02-07 18:23:00,0.22271037
2026-02-07 18:24:00,0.2489581
2026-02-07 18:25:00,0.2584623
2026-02-07 18:26:00,0.25403452
2026-02-07 18:27:00,0.2008592
2026-02-07 18:28:00,0.2688513
2026-02-07 18:29:00,0.26635766
2026-02-07 18:30:00,0.27944222
2026-02-07 18:31:00,0.2761664
2026-02-07 18:32:00,0.31816992
2026-02-07 18:33:00,0.31267384
2026-02-07 18:34:00,0.30835876
2026-02-07 18:35:00,0.32660672
2026-02-07 18:36:00,0.32821754
2026-02-07 18:37:00,0.25882897
2026-02-07 18:38:00,0.20823637
2026-02-07 18:39:00,0.15929791
2026-02-07 18:40:00,0.16722503
2026-02-07 18:41:00,0.18583971
2026-02-07 18:42:00,0.15173073
2026-02-07 18:43:00,0.13627927
2026-02-07 18:44:00,0.19581039
2026-02-07 18:45:00,0.22390509
2026-02-07 18:46:00,0.22976363
2026-02-07 18:47:00,0.28667223
2026-02-07 18:48:00,0.25439325
2026-02-07 18:49:00,0.21605228
2026-02-07 18:50:00,0.17970729
2026-02-07 18:51:00,0.22054331
2026-02-07 18:52:00,0.22319558
2026-02-07 18:53:00,0.18938753
2026-02-07 18:54:00,0.20637468
2026-02-07 18:55:00,0.28796074
2026-02-07 18:56:00,0.23946026
2026-02-07 18:57:00,0.27522376
2026-02-07 18:58:00,0.24104728
2026-02-07 18:59:00,0.24158639
2026-02-07 19:00:00,0.48557076
2026-02-07 19:01:00,0.47038633
2026-02-07 19:02:00,0.42491627
2026-02-07 19:03:00,0.42813605
2026-02-07 19:04:00,0.38164765
2026-02-07 19:05:00,0.3329432
2026-02-07 19:06:00,0.31276655
2026-02-07 19:07:00,0.30928588
2026-02-07 19:08:00,0.30921268
2026-02-07 19:09:00,0.3366665
2026-02-07 19:10:00,0.29073206
2026-02-07 19:11:00,0.2704851
2026-02-07 19:12:00,0.26074272
2026-02-07 19:13:00,0.2478362
2026-02-07 19:14:00,0.2516326
2026-02-07 19:15:00,0.2567215
2026-02-07 19:16:00,0.24009384
2026-02-07 19:17:00,0.24255589
2026-02-07 19:18:00,0.24378976
2026-02-07 19:19:00,0.2415784
2026-02-07 19:20:00,0.22129649
2026-02-07 19:21:00,0.22446352
2026-02-07 19:22:00,0.16152117
2026-02-07 19:23:00,0.21583767
2026-02-07 19:24:00,0.22265646
2026-02-07 19:25:00,0.20132172
2026-02-07 19:26:00,0.22689654
2026-02-07 19:27:00,0.17908259
2026-02-07 19:28:00,0.13714875
2026-02-07 19:29:00,0.0827817
2026-02-07 19:30:00,0.04
2026-02-07 19:31:00,0.04
2026-02-07 19:32:00,0.07325052
2026-02-07 19:33:00,0.0866738
2026-02-07 19:34:00,0.12262029
2026-02-07 19:35:00,0.12630385
2026-02-07 19:36:00,0.12574023
2026-02-07 19:37:00,0.1443358
2026-02-07 19:38:00,0.12164301
2026-02-07 19:39:00,0.14967217
2026-02-07 19:40:00,0.13257903
2026-02-07 19:41:00,0.11335919
2026-02-07 19:42:00,0.09979268
2026-02-07 19:43:00,0.12335782
2026-02-07 19:44:00,0.14772741
2026-02-07 19:45:00,0.16257818
2026-02-07 19:46:00,0.12715371
2026-02-07 19:47:00,0.13568018
2026-02-07 19:48:00,0.0965546
2026-02-07 19:49:00,0.16523792
2026-02-07 19:50:00,0.18897466
2026-02-07 19:51:00,0.20577872
2026-02-07 19:52:00,0.1722605
2026-02-07 19:53:00,0.20541638
2026-02-07 19:54:00,0.1627925
2026-02-07 19:55:00,0.1287266
2026-02-07 19:56:00,0.13565196
2026-02-07 19:57:00,0.1515001
2026-02-07 19:58:00,0.123085804
2026-02-07 19:59:00,0.14092836
2026-02-07 20:00:00,0.3375085
2026-02-07 20:01:00,0.32025516
2026-02-07 20:02:00,0.25942463
2026-02-07 20:03:00,0.18591835
2026-02-07 20:04:00,0.1508673
2026-02-07 20:05:00,0.07843764
2026-02-07 20:06:00,0.058531877
2026-02-07 20:07:00,0.13874578
2026-02-07 20:08:00,0.16993465
2026-02-07 20:09:00,0.12018051
2026-02-07 20:10:00,0.09916388
2026-02-07 20:11:00,0.10212904
2026-02-07 20:12:00,0.12651098
2026-02-07 20:13:00,0.13926451
2026-02-07 20:14:00,0.04
2026-02-07 20:15:00,0.04257791
2026-02-07 20:16:00,0.051417515
2026-02-07 20:17:00,0.04
2026-02-07 20:18:00,0.04
2026-02-07 20:19:00,0.087268785
2026-02-07 20:20:00,0.07668645
2026-02-07 20:21:00,0.04
2026-02-07 20:22:00,0.083865605
2026-02-07 20:23:00,0.058645766
2026-02-07 20:24:00,0.06741297
2026-02-07 20:25:00,0.076243386
2026-02-07 20:26:00,0.10667008
2026-02-07 20:27:00,0.12543797
2026-02-07 20:28:00,0.112782076
2026-02-07 20:29:00,0.11508961
2026-02-07 20:30:00,0.13131389
2026-02-07 20:31:00,0.11403804
2026-02-07 20:32:00,0.08874291
2026-02-07 20:33:00,0.05034258
2026-02-07 20:34:00,0.12318644
2026-02-07 20:35:00,0.07669378
2026-02-07 20:36:00,0.08076855
2026-02-07 20:37:00,0.1654235
2026-02-07 20:38:00,0.1472255
2026-02-07 20:39:00,0.1713951
2026-02-07 20:40:00,0.17526881
2026-02-07 20:41:00,0.22075601
2026-02-07 20:42:00,0.16210094
2026-02-07 20:43:00,0.13106054
2026-02-07 20:44:00,0.1663358
2026-02-07 20:45:00,0.16736117
2026-02-07 20:46:00,0.23089664
2026-02-07 20:47:00,0.19760528
2026-02-07 20:48:00,0.13904738
2026-02-07 20:49:00,0.09116559
2026-02-07 20:50:00,0.100338146
2026-02-07 20:51:00,0.11604732
2026-02-07 20:52:00,0.2090075
2026-02-07 20:53:00,0.19640407
2026-02-07 20:54:00,0.18739685
2026-02-07 20:55:00,0.17578897
2026-02-07 20:56:00,0.12729135
2026-02-07 20:57:00,0.12307777
2026-02-07 20:58:00,0.12066558
2026-02-07 20:59:00,0.11121815
2026-02-07 21:00:00,0.39063847
2026-02-07 21:01:00,0.41784564
2026-02-07 21:02:00,0.33004487
2026-02-07 21:03:00,0.27546751
2026-02-07 21:04:00,0.23235747
2026-02-07 21:05:00,0.2832682
2026-02-07 21:06:00,0.23136279
2026-02-07 21:07:00,0.21862169
2026-02-07 21:08:00,0.14059399
2026-02-07 21:09:00,0.14778477
2026-02-07 21:10:00,0.14107354
2026-02-07 21:11:00,0.09532684
2026-02-07 21:12:00,0.16371897
2026-02-07 21:13:00,0.17099592
2026-02-07 21:14:00,0.20576069
2026-02-07 21:15:00,0.24270952
2026-02-07 21:16:00,0.23013431
2026-02-07 21:17:00,0.21746625
2026-02-07 21:18:00,0.2066578
2026-02-07 21:19:00,0.14829254
2026-02-07 21:20:00,0.14812845
2026-02-07 21:21:00,0.17811182
2026-02-07 21:22:00,0.20901902
2026-02-07 21:23:00,0.18671066
2026-02-07 21:24:00,0.10948031
2026-02-07 21:25:00,0.12231808
2026-02-07 21:26:00,0.12813924
2026-02-07 21:27:00,0.1337451
2026-02-07 21:28:00,0.108233005
2026-02-07 21:29:00,0.11501481
2026-02-07 21:30:00,0.13120139
2026-02-07 21:31:00,0.16853514
2026-02-07 21:32:00,0.17345648
2026-02-07 21:33:00,0.15007442
2026-02-07 21:34:00,0.14700338
2026-02-07 21:35:00,0.16857742
2026-02-07 21:36:00,0.20458232
2026-02-07 21:37:00,0.1352356
2026-02-07 21:38:00,0.08747833
2026-02-07 21:39:00,0.21671171
2026-02-07 21:40:00,0.057160176
2026-02-07 21:41:00,0.076029174
2026-02-07 21:42:00,0.089448646
2026-02-07 21:43:00,0.1313669
2026-02-07 21:44:00,0.1803841
2026-02-07 21:45:00,0.18416066
2026-02-07 21:46:00,0.23831743
2026-02-07 21:47:00,0.23468016
2026-02-07 21:48:00,0.2398256
2026-02-07 21:49:00,0.19917402
2026-02-07 21:50:00,0.1520718
2026-02-07 21:51:00,0.124008186
2026-02-07 21:52:00,0.09283904
2026-02-07 21:53:00,0.163471
2026-02-07 21:54:00,0.18524383
2026-02-07 21:55:00,0.2412262
2026-02-07 21:56:00,0.24666515
2026-02-07 21:57:00,0.22422932
2026-02-07 21:58:00,0.19831762
2026-02-07 21:59:00,0.20702234
2026-02-07 22:00:00,0.4587211
2026-02-07 22:01:00,0.40939042
2026-02-07 22:02:00,0.304206
2026-02-07 22:03:00,0.2177454
2026-02-07 22:04:00,0.18986747
2026-02-07 22:05:00,0.13072765
2026-02-07 22:06:00,0.08722732
2026-02-07 22:07:00,0.122106574
2026-02-07 22:08:00,0.14408714
2026-02-07 22:09:00,0.19589064
2026-02-07 22:10:00,0.24308254
2026-02-07 22:11:00,0.2674103
2026-02-07 22:12:00,0.23802981
2026-02-07 22:13:00,0.18459176
2026-02-07 22:14:00,0.17607345
2026-02-07 22:15:00,0.18854614
2026-02-07 22:16:00,0.25111046
2026-02-07 22:17:00,0.31330112
2026-02-07 22:18:00,0.32423082
2026-02-07 22:19:00,0.34803572
2026-02-07 22:20:00,0.32494405
2026-02-07 22:21:00,0.35030013
2026-02-07 22:22:00,0.33458653
2026-02-07 22:23:00,0.26137128
2026-02-07 22:24:00,0.25884834
2026-02-07 22:25:00,0.2430115
2026-02-07 22:26:00,0.2442567
2026-02-07 22:27:00,0.22409728
2026-02-07 22:28:00,0.20411016
2026-02-07 22:29:00,0.18924333
2026-02-07 22:30:00,0.1615182
2026-02-07 22:31:00,0.18727495
2026-02-07 22:32:00,0.16504176
2026-02-07 22:33:00,0.2185743
2026-02-07 22:34:00,0.17801604
2026-02-07 22:35:00,0.18672553
2026-02-07 22:36:00,0.21763994
2026-02-07 22:37:00,0.19326115
2026-02-07 22:38:00,0.15946123
2026-02-07 22:39:00,0.17155525
2026-02-07 22:40:00,0.16051866
2026-02-07 22:41:00,0.16956314
2026-02-07 22:42:00,0.1956117
2026-02-07 22:43:00,0.17759877
2026-02-07 22:44:00,0.17602763
2026-02-07 22:45:00,0.2389247
2026-02-07 22:46:00,0.23854055
2026-02-07 22:47:00,0.23545176
2026-02-07 22:48:00,0.28626385
2026-02-07 22:49:00,0.2847459
2026-02-07 22:50:00,0.3152178
2026-02-07 22:51:00,0.31677523
2026-02-07 22:52:00,0.29537562
2026-02-07 22:53:00,0.28178555
2026-02-07 22:54:00,0.2526636
2026-02-07 22:55:00,0.2357144
2026-02-07 22:56:00,0.23447488
2026-02-07 22:57:00,0.21606548
2026-02-07 22:58:00,0.22819626
2026-02-07 22:59:00,0.2953243
2026-02-07 23:00:00,0.53502303
2026-02-07 23:01:00,0.48717004
2026-02-07 23:02:00,0.4109047
2026-02-07 23:03:00,0.35172763
2026-02-07 23:04:00,0.33942524
2026-02-07 23:05:00,0.314049
2026-02-07 23:06:00,0.3719932
2026-02-07 23:07:00,0.32804686
2026-02-07 23:08:00,0.38085282
2026-02-07 23:09:00,0.35352114
2026-02-07 23:10:00,0.3050396
2026-02-07 23:11:00,0.3031613
2026-02-07 23:12:00,0.2895156
2026-02-07 23:13:00,0.3171
2026-02-07 23:14:00,0.30619735
2026-02-07 23:15:00,0.29626575
2026-02-07 23:16:00,0.27291995
2026-02-07 23:17:00,0.25155434
2026-02-07 23:18:00,0.23687655
2026-02-07 23:19:00,0.23468792
2026-02-07 23:20:00,0.24173707
2026-02-07 23:21:00,0.2314081
2026-02-07 23:22:00,0.18973362
2026-02-07 23:23:00,0.15878391
2026-02-07 23:24:00,0.17995134
2026-02-07 23:25:00,0.16263992
2026-02-07 23:26:00,0.16155389
2026-02-07 23:27:00,0.20260617
2026-02-07 23:28:00,0.16481298
2026-02-07 23:29:00,0.20487607
2026-02-07 23:30:00,0.21503484
2026-02-07 23:31:00,0.26804763
2026-02-07 23:32:00,0.23160593
2026-02-07 23:33:00,0.2897081
2026-02-07 23:34:00,0.32239172
2026-02-07 23:35:00,0.33794388
2026-02-07 23:36:00,0.35348088
2026-02-07 23:37:00,0.3861924
2026-02-07 23:38:00,0.33104938
2026-02-07 23:39:00,0.38367856
2026-02-07 23:40:00,0.3668608
2026-02-07 23:41:00,0.3210047
2026-02-07 23:42:00,0.29669887
2026-02-07 23:43:00,0.34953412
2026-02-07 23:44:00,0.371032
2026-02-07 23:45:00,0.33575886
2026-02-07 23:46:00,0.30419502
2026-02-07 23:47:00,0.27465495
2026-02-07 23:48:00,0.27278087
2026-02-07 23:49:00,0.32679054
2026-02-07 23:50:00,0.3343269
2026-02-07 23:51:00,0.2999008
2026-02-07 23:52:00,0.30610874
2026-02-07 23:53:00,0.33374214
2026-02-07 23:54:00,0.30461705
2026-02-07 23:55:00,0.20677875
2026-02-07 23:56:00,0.18768212
2026-02-07 23:57:00,0.22592288
2026-02-07 23:58:00,0.30427662
2026-02-07 23:59:00,0.37100005
2026-02-08 00:00:00,0.51994914
2026-02-08 00:01:00,0.5024333
2026-02-08 00:02:00,0.39560357
2026-02-08 00:03:00,0.24822281
2026-02-08 00:04:00,0.21810922
2026-02-08 00:05:00,0.19871043
2026-02-08 00:06:00,0.28831443
2026-02-08 00:07:00,0.23770827
2026-02-08 00:08:00,0.1919433
2026-02-08 00:09:00,0.2476464
2026-02-08 00:10:00,0.2416558
2026-02-08 00:11:00,0.2092183
2026-02-08 00:12:00,0.19222581
2026-02-08 00:13:00,0.21538134
2026-02-08 00:14:00,0.17583741
2026-02-08 00:15:00,0.17610188
2026-02-08 00:16:00,0.1714861
2026-02-08 00:17:00,0.18244274
2026-02-08 00:18:00,0.18532948
2026-02-08 00:19:00,0.16713639
2026-02-08 00:20:00,0.23137988
2026-02-08 00:21:00,0.22212331
2026-02-08 00:22:00,0.17606132
2026-02-08 00:23:00,0.18109857
2026-02-08 00:24:00,0.20022964
2026-02-08 00:25:00,0.18892583
2026-02-08 00:26:00,0.18089549
2026-02-08 00:27:00,0.21443127
2026-02-08 00:28:00,0.24185884
2026-02-08 00:29:00,0.25548834
2026-02-08 00:30:00,0.2614319
2026-02-08 00:31:00,0.19701616
2026-02-08 00:32:00,0.16339579
2026-02-08 00:33:00,0.18402757
2026-02-08 00:34:00,0.24192813
2026-02-08 00:35:00,0.21997201
2026-02-08 00:36:00,0.24996656
2026-02-08 00:37:00,0.27241918
2026-02-08 00:38:00,0.2090478
2026-02-08 00:39:00,0.17580387
2026-02-08 00:40:00,0.14591439
2026-02-08 00:41:00,0.1613044
2026-02-08 00:42:00,0.17643438
2026-02-08 00:43:00,0.20732352
2026-02-08 00:44:00,0.26225588
2026-02-08 00:45:00,0.27467442
2026-02-08 00:46:00,0.30032003
2026-02-08 00:47:00,0.3021424
2026-02-08 00:48:00,0.28630495
2026-02-08 00:49:00,0.3034575
2026-02-08 00:50:00,0.30809513
2026-02-08 00:51:00,0.3009314
2026-02-08 00:52:00,0.27871156
2026-02-08 00:53:00,0.2826724
2026-02-08 00:54:00,0.28303725
2026-02-08 00:55:00,0.2936619
2026-02-08 00:56:00,0.2652541
2026-02-08 00:57:00,0.30778447
2026-02-08 00:58:00,0.3618347
2026-02-08 00:59:00,0.37311438
2026-02-08 01:00:00,0.6473884
2026-02-08 01:01:00,0.63012683
2026-02-08 01:02:00,0.5300925
2026-02-08 01:03:00,0.4083112
2026-02-08 01:04:00,0.40300214
2026-02-08 01:05:00,0.39195073
2026-02-08 01:06:00,0.36085537
2026-02-08 01:07:00,0.38402858
2026-02-08 01:08:00,0.39646795
2026-02-08 01:09:00,0.42951003
2026-02-08 01:10:00,0.39228874
2026-02-08 01:11:00,0.40516987
2026-02-08 01:12:00,0.44135162
2026-02-08 01:13:00,0.4094517
2026-02-08 01:14:00,0.4262173
2026-02-08 01:15:00,0.42287976
2026-02-08 01:16:00,0.4516204
2026-02-08 01:17:00,0.41618416
2026-02-08 01:18:00,0.33568957
2026-02-08 01:19:00,0.3048436
2026-02-08 01:20:00,0.22038625
2026-02-08 01:21:00,0.23925133
2026-02-08 01:22:00,0.21933666
2026-02-08 01:23:00,0.29134354
2026-02-08 01:24:00,0.29183045
2026-02-08 01:25:00,0.21654582
2026-02-08 01:26:00,0.23187722
2026-02-08 01:27:00,0.24621257
2026-02-08 01:28:00,0.24457477
2026-02-08 01:29:00,0.27992222
2026-02-08 01:30:00,0.23761998
2026-02-08 01:31:00,0.33043763
2026-02-08 01:32:00,0.29628447
2026-02-08 01:33:00,0.31737146
2026-02-08 01:34:00,0.37865517
2026-02-08 01:35:00,0.40100238
2026-02-08 01:36:00,0.3795713
2026-02-08 01:37:00,0.34146926
2026-02-08 01:38:00,0.32348946
2026-02-08 01:39:00,0.32566908
2026-02-08 01:40:00,0.35729364
2026-02-08 01:41:00,0.29960454
2026-02-08 01:42:00,0.31256485
2026-02-08 01:43:00,0.31395864
2026-02-08 01:44:00,0.2811198
2026-02-08 01:45:00,0.31601048
2026-02-08 01:46:00,0.3697811
2026-02-08 01:47:00,0.39542857
2026-02-08 01:48:00,0.42536202
2026-02-08 01:49:00,0.45028877
2026-02-08 01:50:00,0.42582107
2026-02-08 01:51:00,0.41227204
2026-02-08 01:52:00,0.43199584
2026-02-08 01:53:00,0.4554328
2026-02-08 01:54:00,0.4592608
2026-02-08 01:55:00,0.4724021
2026-02-08 01:56:00,0.47133997
2026-02-08 01:57:00,0.468033
2026-02-08 01:58:00,0.3745496
2026-02-08 01:59:00,0.36201543
2026-02-08 02:00:00,0.5837456
2026-02-08 02:01:00,0.51715094
2026-02-08 02:02:00,0.48016945
2026-02-08 02:03:00,0.41090012
2026-02-08 02:04:00,0.4185032
2026-02-08 02:05:00,0.4260148
2026-02-08 02:06:00,0.44959885
2026-02-08 02:07:00,0.419995
2026-02-08 02:08:00,0.38930893
2026-02-08 02:09:00,0.38627473
2026-02-08 02:10:00,0.3702816
2026-02-08 02:11:00,0.35531953
2026-02-08 02:12:00,0.35272467
2026-02-08 02:13:00,0.32675278
2026-02-08 02:14:00,0.33391842
2026-02-08 02:15:00,0.37686893
2026-02-08 02:16:00,0.37333143
2026-02-08 02:17:00,0.32981884
2026-02-08 02:18:00,0.38933685
2026-02-08 02:19:00,0.3510221
2026-02-08 02:20:00,0.35571986
2026-02-08 02:21:00,0.30560324
2026-02-08 02:22:00,0.27047947
2026-02-08 02:23:00,0.29246917
2026-02-08 02:24:00,0.34875938
2026-02-08 02:25:00,0.36507568
2026-02-08 02:26:00,0.42245615
2026-02-08 02:27:00,0.40135047
2026-02-08 02:28:00,0.40004376
2026-02-08 02:29:00,0.45023105
2026-02-08 02:30:00,0.45870325
2026-02-08 02:31:00,0.4572871
2026-02-08 02:32:00,0.3985132
2026-02-08 02:33:00,0.37195173
2026-02-08 02:34:00,0.3759085
2026-02-08 02:35:00,0.3615446
2026-02-08 02:36:00,0.34334508
2026-02-08 02:37:00,0.36600986
2026-02-08 02:38:00,0.3348711
2026-02-08 02:39:00,0.3509719
2026-02-08 02:40:00,0.38090226
2026-02-08 02:41:00,0.41151524
2026-02-08 02:42:00,0.33665147
2026-02-08 02:43:00,0.2942765
2026-02-08 02:44:00,0.27216277
2026-02-08 02:45:00,0.3041647
2026-02-08 02:46:00,0.2566247
2026-02-08 02:47:00,0.253382
2026-02-08 02:48:00,0.24699882
2026-02-08 02:49:00,0.29251212
2026-02-08 02:50:00,0.31998444
2026-02-08 02:51:00,0.3283377
2026-02-08 02:52:00,0.3767821
2026-02-08 02:53:00,0.40489197
2026-02-08 02:54:00,0.45375904
2026-02-08 02:55:00,0.52022785
2026-02-08 02:56:00,0.5494281
2026-02-08 02:57:00,0.45990962
2026-02-08 02:58:00,0.41863006
2026-02-08 02:59:00,0.406133
2026-02-08 03:00:00,0.6236337
2026-02-08 03:01:00,0.6012178
2026-02-08 03:02:00,0.5068587
2026-02-08 03:03:00,0.43341658
2026-02-08 03:04:00,0.4611272
2026-02-08 03:05:00,0.42842895
2026-02-08 03:06:00,0.4906324
2026-02-08 03:07:00,0.45175844
2026-02-08 03:08:00,0.44665718
2026-02-08 03:09:00,0.48261505
2026-02-08 03:10:00,0.45516786
2026-02-08 03:11:00,0.49560425
2026-02-08 03:12:00,0.41064125
2026-02-08 03:13:00,0.40952218
2026-02-08 03:14:00,0.40752146
2026-02-08 03:15:00,0.40695262
2026-02-08 03:16:00,0.43454194
2026-02-08 03:17:00,0.36129442
2026-02-08 03:18:00,0.35053095
2026-02-08 03:19:00,0.36017504
2026-02-08 03:20:00,0.39777812
2026-02-08 03:21:00,0.4373121
2026-02-08 03:22:00,0.40137175
2026-02-08 03:23:00,0.37994608
2026-02-08 03:24:00,0.43271258
2026-02-08 03:25:00,0.46898305
2026-02-08 03:26:00,0.3794677
2026-02-08 03:27:00,0.3488467
2026-02-08 03:28:00,0.32082236
2026-02-08 03:29:00,0.32641348
2026-02-08 03:30:00,0.34152666
2026-02-08 03:31:00,0.2970096
2026-02-08 03:32:00,0.33265793
2026-02-08 03:33:00,0.37059775
2026-02-08 03:34:00,0.3468573
2026-02-08 03:35:00,0.36480063
2026-02-08 03:36:00,0.36080563
2026-02-08 03:37:00,0.36994532
2026-02-08 03:38:00,0.38891685
2026-02-08 03:39:00,0.42906046
2026-02-08 03:40:00,0.48135722
2026-02-08 03:41:00,0.518375
2026-02-08 03:42:00,0.53111255
2026-02-08 03:43:00,0.5363579
2026-02-08 03:44:00,0.5210563
2026-02-08 03:45:00,0.47636396
2026-02-08 03:46:00,0.5079354
2026-02-08 03:47:00,0.52300256
2026-02-08 03:48:00,0.45861557
2026-02-08 03:49:00,0.45788422
2026-02-08 03:50:00,0.42709535
2026-02-08 03:51:00,0.43166018
2026-02-08 03:52:00,0.42648652
2026-02-08 03:53:00,0.40890375
2026-02-08 03:54:00,0.3873788
2026-02-08 03:55:00,0.3734001
2026-02-08 03:56:00,0.4386486
2026-02-08 03:57:00,0.4400677
2026-02-08 03:58:00,0.42919654
2026-02-08 03:59:00,0.37519708
2026-02-08 04:00:00,0.62890303
2026-02-08 04:01:00,0.6205232
2026-02-08 04:02:00,0.55709887
2026-02-08 04:03:00,0.49161002
2026-02-08 04:04:00,0.4280356
2026-02-08 04:05:00,0.39303112
2026-02-08 04:06:00,0.42226377
2026-02-08 04:07:00,0.44257188
2026-02-08 04:08:00,0.46212465
2026-02-08 04:09:00,0.3946019
2026-02-08 04:10:00,0.3676213
2026-02-08 04:11:00,0.36397913
2026-02-08 04:12:00,0.37127244
2026-02-08 04:13:00,0.347385
2026-02-08 04:14:00,0.31258944
2026-02-08 04:15:00,0.3697922
2026-02-08 04:16:00,0.36583486
2026-02-08 04:17:00,0.336147
2026-02-08 04:18:00,0.3843209
2026-02-08 04:19:00,0.36946982
2026-02-08 04:20:00,0.33703592
2026-02-08 04:21:00,0.32953703
2026-02-08 04:22:00,0.29329157
2026-02-08 04:23:00,0.27608493
2026-02-08 04:24:00,0.36084569
2026-02-08 04:25:00,0.36240456
2026-02-08 04:26:00,0.33380657
2026-02-08 04:27:00,0.35743383
2026-02-08 04:28:00,0.36920843
2026-02-08 04:29:00,0.32492745
2026-02-08 04:30:00,0.3944239
2026-02-08 04:31:00,0.4516313
2026-02-08 04:32:00,0.4309632
2026-02-08 04:33:00,0.43303552
2026-02-08 04:34:00,0.46749946
2026-02-08 04:35:00,0.49763393
2026-02-08 04:36:00,0.47572908
2026-02-08 04:37:00,0.50248766
2026-02-08 04:38:00,0.5376334
2026-02-08 04:39:00,0.52092546
2026-02-08 04:40:00,0.4452086
2026-02-08 04:41:00,0.49426106
2026-02-08 04:42:00,0.48611417
2026-02-08 04:43:00,0.5095829
2026-02-08 04:44:00,0.48719448
2026-02-08 04:45:00,0.46141645
2026-02-08 04:46:00,0.43850094
2026-02-08 04:47:00,0.43376377
2026-02-08 04:48:00,0.49107048
2026-02-08 04:49:00,0.5205855
2026-02-08 04:50:00,0.44951263
2026-02-08 04:51:00,0.42763692
2026-02-08 04:52:00,0.44084397
2026-02-08 04:53:00,0.43368238
2026-02-08 04:54:00,0.4428604
2026-02-08 04:55:00,0.46880874
2026-02-08 04:56:00,0.4857892
2026-02-08 04:57:00,0.4667561
2026-02-08 04:58:00,0.45074317
2026-02-08 04:59:00,0.44777668
2026-02-08 05:00:00,0.62439305
2026-02-08 05:01:00,0.56690526
2026-02-08 05:02:00,0.49633113
2026-02-08 05:03:00,0.4494585
2026-02-08 05:04:00,0.40736255
2026-02-08 05:05:00,0.45277983
2026-02-08 05:06:00,0.45903486
2026-02-08 05:07:00,0.4386869
2026-02-08 05:08:00,0.35781556
2026-02-08 05:09:00,0.3383997
2026-02-08 05:10:00,0.3424728
2026-02-08 05:11:00,0.29825735
2026-02-08 05:12:00,0.36857104
2026-02-08 05:13:00,0.3880872
2026-02-08 05:14:00,0.40213293
2026-02-08 05:15:00,0.42489302
2026-02-08 05:16:00,0.4564565
2026-02-08 05:17:00,0.39688843
2026-02-08 05:18:00,0.4024636
2026-02-08 05:19:00,0.37685567
2026-02-08 05:20:00,0.3904235
2026-02-08 05:21:00,0.4302502
2026-02-08 05:22:00,0.39795658
2026-02-08 05:23:00,0.4271456
2026-02-08 05:24:00,0.4340078
2026-02-08 05:25:00,0.46932825
2026-02-08 05:26:00,0.4639638
2026-02-08 05:27:00,0.4152591
2026-02-08 05:28:00,0.4647787
2026-02-08 05:29:00,0.42394286
2026-02-08 05:30:00,0.43052042
2026-02-08 05:31:00,0.43992764
2026-02-08 05:32:00,0.39457747
2026-02-08 05:33:00,0.42041615
2026-02-08 05:34:00,0.47145665
2026-02-08 05:35:00,0.47873995
2026-02-08 05:36:00,0.472203
2026-02-08 05:37:00,0.4662716
2026-02-08 05:38:00,0.48400453
2026-02-08 05:39:00,0.4841988
2026-02-08 05:40:00,0.4683462
2026-02-08 05:41:00,0.51322645
2026-02-08 05:42:00,0.46502525
2026-02-08 05:43:00,0.43491295
2026-02-08 05:44:00,0.40730134
2026-02-08 05:45:00,0.42376253
2026-02-08 05:46:00,0.42369986
2026-02-08 05:47:00,0.45306197
2026-02-08 05:48:00,0.43678755
2026-02-08 05:49:00,0.4130715
2026-02-08 05:50:00,0.4110312
2026-02-08 05:51:00,0.4029173
2026-02-08 05:52:00,0.35938188
2026-02-08 05:53:00,0.40564063
2026-02-08 05:54:00,0.38243788
2026-02-08 05:55:00,0.413276
2026-02-08 05:56:00,0.4136284
2026-02-08 05:57:00,0.45192984
2026-02-08 05:58:00,0.4686006
2026-02-08 05:59:00,0.38213488
2026-02-08 06:00:00,0.6927412
2026-02-08 06:01:00,0.656528
2026-02-08 06:02:00,0.6140302
2026-02-08 06:03:00,0.48014256
2026-02-08 06:04:00,0.45190352
2026-02-08 06:05:00,0.47617596
2026-02-08 06:06:00,0.44960997
2026-02-08 06:07:00,0.4857312
2026-02-08 06:08:00,0.49534562
2026-02-08 06:09:00,0.47218865
2026-02-08 06:10:00,0.50691545
2026-02-08 06:11:00,0.50660765
2026-02-08 06:12:00,0.42650914
2026-02-08 06:13:00,0.41717327
2026-02-08 06:14:00,0.38299686
2026-02-08 06:15:00,0.38212216
2026-02-08 06:16:00,0.36716613
2026-02-08 06:17:00,0.35178718
2026-02-08 06:18:00,0.29748106
2026-02-08 06:19:00,0.3282732
2026-02-08 06:20:00,0.27045068
2026-02-08 06:21:00,0.24696216
2026-02-08 06:22:00,0.1754055
2026-02-08 06:23:00,0.21322599
2026-02-08 06:24:00,0.2628446
2026-02-08 06:25:00,0.3733524
2026-02-08 06:26:00,0.3803717
2026-02-08 06:27:00,0.44054735
2026-02-08 06:28:00,0.4375612
2026-02-08 06:29:00,0.409592
2026-02-08 06:30:00,0.44945106
2026-02-08 06:31:00,0.46106082
2026-02-08 06:32:00,0.46694475
2026-02-08 06:33:00,0.4381261
2026-02-08 06:34:00,0.45185372
2026-02-08 06:35:00,0.45019764
2026-02-08 06:36:00,0.49335524
2026-02-08 06:37:00,0.4804355
2026-02-08 06:38:00,0.46615344
2026-02-08 06:39:00,0.4839079
2026-02-08 06:40:00,0.47869053
2026-02-08 06:41:00,0.4603066
2026-02-08 06:42:00,0.46965104
2026-02-08 06:43:00,0.5074372
2026-02-08 06:44:00,0.48495787
2026-02-08 06:45:00,0.5276121
2026-02-08 06:46:00,0.4632363
2026-02-08 06:47:00,0.47113988
2026-02-08 06:48:00,0.43436912
2026-02-08 06:49:00,0.46676484
2026-02-08 06:50:00,0.50769603
2026-02-08 06:51:00,0.47781515
2026-02-08 06:52:00,0.47272438
2026-02-08 06:53:00,0.36593115
2026-02-08 06:54:00,0.36363602
2026-02-08 06:55:00,0.38305938
2026-02-08 06:56:00,0.35263178
2026-02-08 06:57:00,0.44108078
2026-02-08 06:58:00,0.41623905
2026-02-08 06:59:00,0.3978689
2026-02-08 07:00:00,0.6547936
2026-02-08 07:01:00,0.5631444
2026-02-08 07:02:00,0.4973404
2026-02-08 07:03:00,0.3826004
2026-02-08 07:04:00,0.29392073
2026-02-08 07:05:00,0.25884447
2026-02-08 07:06:00,0.31444836
2026-02-08 07:07:00,0.34792554
2026-02-08 07:08:00,0.33727723
2026-02-08 07:09:00,0.3669305
2026-02-08 07:10:00,0.38568527
2026-02-08 07:11:00,0.3319352
2026-02-08 07:12:00,0.31221512
2026-02-08 07:13:00,0.2974433
2026-02-08 07:14:00,0.32304358
2026-02-08 07:15:00,0.27775222
2026-02-08 07:16:00,0.24324577
2026-02-08 07:17:00,0.19177826
2026-02-08 07:18:00,0.2501405
2026-02-08 07:19:00,0.27919555
2026-02-08 07:20:00,0.2837267
2026-02-08 07:21:00,0.27810636
2026-02-08 07:22:00,0.26285726
2026-02-08 07:23:00,0.3248272
2026-02-08 07:24:00,0.29364842
2026-02-08 07:25:00,0.28361383
2026-02-08 07:26:00,0.26831576
2026-02-08 07:27:00,0.2782335
2026-02-08 07:28:00,0.28883836
2026-02-08 07:29:00,0.29583982
2026-02-08 07:30:00,0.1859461
2026-02-08 07:31:00,0.1716269
2026-02-08 07:32:00,0.19401897
2026-02-08 07:33:00,0.2447006
2026-02-08 07:34:00,0.25456834
2026-02-08 07:35:00,0.20586142
2026-02-08 07:36:00,0.2551437
2026-02-08 07:37:00,0.280617
2026-02-08 07:38:00,0.2640497
2026-02-08 07:39:00,0.29440492
2026-02-08 07:40:00,0.3347141
2026-02-08 07:41:00,0.39777824
2026-02-08 07:42:00,0.37720916
2026-02-08 07:43:00,0.36916572
2026-02-08 07:44:00,0.40678796
2026-02-08 07:45:00,0.42432567
2026-02-08 07:46:00,0.44335136
2026-02-08 07:47:00,0.4236713
2026-02-08 07:48:00,0.42206424
2026-02-08 07:49:00,0.41465807
2026-02-08 07:50:00,0.3914536
2026-02-08 07:51:00,0.39692804
2026-02-08 07:52:00,0.3778315
2026-02-08 07:53:00,0.40995497
2026-02-08 07:54:00,0.40877962
2026-02-08 07:55:00,0.4365307
2026-02-08 07:56:00,0.49605554
2026-02-08 07:57:00,0.5157132
2026-02-08 07:58:00,0.4855764
2026-02-08 07:59:00,0.43608975
2026-02-08 08:00:00,0.6482933
2026-02-08 08:01:00,0.63020885
2026-02-08 08:02:00,0.5298666
2026-02-08 08:03:00,0.47503155
2026-02-08 08:04:00,0.4501949
2026-02-08 08:05:00,0.40734285
2026-02-08 08:06:00,0.4185356
2026-02-08 08:07:00,0.42468104
2026-02-08 08:08:00,0.38766843
2026-02-08 08:09:00,0.38611624
2026-02-08 08:10:00,0.39474627
2026-02-08 08:11:00,0.3656339
2026-02-08 08:12:00,0.39829773
2026-02-08 08:13:00,0.40985355
2026-02-08 08:14:00,0.42411488
2026-02-08 08:15:00,0.44597387
2026-02-08 08:16:00,0.4244264
2026-02-08 08:17:00,0.36902004
2026-02-08 08:18:00,0.33421826
2026-02-08 08:19:00,0.3522994
2026-02-08 08:20:00,0.3702203
2026-02-08 08:21:00,0.35383123
2026-02-08 08:22:00,0.35366622
2026-02-08 08:23:00,0.36945608
2026-02-08 08:24:00,0.37376532
2026-02-08 08:25:00,0.40621313
2026-02-08 08:26:00,0.42260262
2026-02-08 08:27:00,0.34202313
2026-02-08 08:28:00,0.39959645
2026-02-08 08:29:00,0.4430994
2026-02-08 08:30:00,0.4389513
2026-02-08 08:31:00,0.4501161
2026-02-08 08:32:00,0.4895402
2026-02-08 08:33:00,0.45132822
2026-02-08 08:34:00,0.4290325
2026-02-08 08:35:00,0.44676954
2026-02-08 08:36:00,0.47616926
2026-02-08 08:37:00,0.39481536
2026-02-08 08:38:00,0.4029177
2026-02-08 08:39:00,0.43800554
2026-02-08 08:40:00,0.41226658
2026-02-08 08:41:00,0.42801645
2026-02-08 08:42:00,0.41526923
2026-02-08 08:43:00,0.38589233
2026-02-08 08:44:00,0.36763245
2026-02-08 08:45:00,0.338662
2026-02-08 08:46:00,0.3459878
2026-02-08 08:47:00,0.35777265
2026-02-08 08:48:00,0.380173
2026-02-08 08:49:00,0.35470363
2026-02-08 08:50:00,0.4009487
2026-02-08 08:51:00,0.41267282
2026-02-08 08:52:00,0.4494813
2026-02-08 08:53:00,0.41750503
2026-02-08 08:54:00,0.3930864
2026-02-08 08:55:00,0.3558971
2026-02-08 08:56:00,0.37542018
2026-02-08 08:57:00,0.46282703
2026-02-08 08:58:00,0.44802046
2026-02-08 08:59:00,0.4255805
2026-02-08 09:00:00,0.6298022
2026-02-08 09:01:00,0.598175
2026-02-08 09:02:00,0.48509365
2026-02-08 09:03:00,0.47222647
2026-02-08 09:04:00,0.44751576
2026-02-08 09:05:00,0.4152422
2026-02-08 09:06:00,0.44121772
2026-02-08 09:07:00,0.4901735
2026-02-08 09:08:00,0.4772796
2026-02-08 09:09:00,0.45471984
2026-02-08 09:10:00,0.41134983
2026-02-08 09:11:00,0.44520935
2026-02-08 09:12:00,0.3853721
2026-02-08 09:13:00,0.37573418
2026-02-08 09:14:00,0.36256954
2026-02-08 09:15:00,0.42868432
2026-02-08 09:16:00,0.4157696
2026-02-08 09:17:00,0.42667294
2026-02-08 09:18:00,0.4378289
2026-02-08 09:19:00,0.42459103
2026-02-08 09:20:00,0.36946034
2026-02-08 09:21:00,0.2857706
2026-02-08 09:22:00,0.33017322
2026-02-08 09:23:00,0.31280228
2026-02-08 09:24:00,0.35930714
2026-02-08 09:25:00,0.37432578
2026-02-08 09:26:00,0.42158172
2026-02-08 09:27:00,0.65027803
2026-02-08 09:28:00,0.45250908
2026-02-08 09:29:00,0.40197137
2026-02-08 09:30:00,0.37319627
2026-02-08 09:31:00,0.42818943
2026-02-08 09:32:00,0.4108787
2026-02-08 09:33:00,0.3394793
2026-02-08 09:34:00,0.24903704
2026-02-08 09:35:00,0.3098119
2026-02-08 09:36:00,0.31022897
2026-02-08 09:37:00,0.23150554
2026-02-08 09:38:00,0.21960863
2026-02-08 09:39:00,0.22276536
2026-02-08 09:40:00,0.22076072
2026-02-08 09:41:00,0.19302435
2026-02-08 09:42:00,0.15990093
2026-02-08 09:43:00,0.13471068
2026-02-08 09:44:00,0.16435093
2026-02-08 09:45:00,0.18020959
2026-02-08 09:46:00,0.20776278
2026-02-08 09:47:00,0.21333574
2026-02-08 09:48:00,0.20870805
2026-02-08 09:49:00,0.24144506
2026-02-08 09:50:00,0.25610396
2026-02-08 09:51:00,0.20144884
2026-02-08 09:52:00,0.2252012
2026-02-08 09:53:00,0.20735446
2026-02-08 09:54:00,0.25320742
2026-02-08 09:55:00,0.26655
2026-02-08 09:56:00,0.2344146
2026-02-08 09:57:00,0.25845835
2026-02-08 09:58:00,0.28245148
2026-02-08 09:59:00,0.31993854
2026-02-08 10:00:00,0.5117121
2026-02-08 10:01:00,0.4696497
2026-02-08 10:02:00,0.4033179
2026-02-08 10:03:00,0.34564894
2026-02-08 10:04:00,0.28776047
2026-02-08 10:05:00,0.2900634
2026-02-08 10:06:00,0.30940965
2026-02-08 10:07:00,0.26891607
2026-02-08 10:08:00,0.24227968
2026-02-08 10:09:00,0.23622695
2026-02-08 10:10:00,0.25252306
2026-02-08 10:11:00,0.29290313
2026-02-08 10:12:00,0.32286876
2026-02-08 10:13:00,0.367063
2026-02-08 10:14:00,0.3363255
2026-02-08 10:15:00,0.30340472
2026-02-08 10:16:00,0.24847642
2026-02-08 10:17:00,0.2669055
2026-02-08 10:18:00,0.28956932
2026-02-08 10:19:00,0.3587468
2026-02-08 10:20:00,0.3681246
2026-02-08 10:21:00,0.38821593
2026-02-08 10:22:00,0.40769893
2026-02-08 10:23:00,0.38427913
2026-02-08 10:24:00,0.39207056
2026-02-08 10:25:00,0.35288286
2026-02-08 10:26:00,0.3507312
2026-02-08 10:27:00,0.3403461
2026-02-08 10:28:00,0.30011
2026-02-08 10:29:00,0.3438608
2026-02-08 10:30:00,0.34177274
2026-02-08 10:31:00,0.31914642
2026-02-08 10:32:00,0.34060836
2026-02-08 10:33:00,0.31101337
2026-02-08 10:34:00,0.3293111
2026-02-08 10:35:00,0.34361523
2026-02-08 10:36:00,0.34566587
2026-02-08 10:37:00,0.29073
2026-02-08 10:38:00,0.21037915
2026-02-08 10:39:00,0.15960367
2026-02-08 10:40:00,0.16989996
2026-02-08 10:41:00,0.10546738
2026-02-08 10:42:00,0.11915541
2026-02-08 10:43:00,0.12923221
2026-02-08 10:44:00,0.19285363
2026-02-08 10:45:00,0.23641457
2026-02-08 10:46:00,0.21487777
2026-02-08 10:47:00,0.24236822
2026-02-08 10:48:00,0.22558317
2026-02-08 10:49:00,0.18777996
2026-02-08 10:50:00,0.21507035
2026-02-08 10:51:00,0.23996218
2026-02-08 10:52:00,0.2235479
2026-02-08 10:53:00,0.28160098
2026-02-08 10:54:00,0.27189443
2026-02-08 10:55:00,0.2779061
2026-02-08 10:56:00,0.29288447
2026-02-08 10:57:00,0.32255423
2026-02-08 10:58:00,0.34463304
2026-02-08 10:59:00,0.31780788
2026-02-08 11:00:00,0.5259635
2026-02-08 11:01:00,0.4901751
2026-02-08 11:02:00,0.3959026
2026-02-08 11:03:00,0.34282678
2026-02-08 11:04:00,0.35934275
2026-02-08 11:05:00,0.28441355
2026-02-08 11:06:00,0.34149513
2026-02-08 11:07:00,0.32092977
2026-02-08 11:08:00,0.31680524
2026-02-08 11:09:00,0.27039587
2026-02-08 11:10:00,0.31055778
2026-02-08 11:11:00,0.34973234
2026-02-08 11:12:00,0.31135046
2026-02-08 11:13:00,0.32214254
2026-02-08 11:14:00,0.40410593
2026-02-08 11:15:00,0.4206813
2026-02-08 11:16:00,0.4392286
2026-02-08 11:17:00,0.35303265
2026-02-08 11:18:00,0.3788612
2026-02-08 11:19:00,0.3562311
2026-02-08 11:20:00,0.31948182
2026-02-08 11:21:00,0.32605836
2026-02-08 11:22:00,0.37778512
2026-02-08 11:23:00,0.3488233
2026-02-08 11:24:00,0.3154517
2026-02-08 11:25:00,0.2834076
2026-02-08 11:26:00,0.28990376
2026-02-08 11:27:00,0.30630895
2026-02-08 11:28:00,0.31118417
2026-02-08 11:29:00,0.2843368
2026-02-08 11:30:00,0.28140724
2026-02-08 11:31:00,0.3142806
2026-02-08 11:32:00,0.24841598
2026-02-08 11:33:00,0.20929657
2026-02-08 11:34:00,0.17927791
2026-02-08 11:35:00,0.1436133
2026-02-08 11:36:00,0.15706429
2026-02-08 11:37:00,0.2786311
2026-02-08 11:38:00,0.29585665
2026-02-08 11:39:00,0.31501442
2026-02-08 11:40:00,0.26296058
2026-02-08 11:41:00,0.25231475
2026-02-08 11:42:00,0.22958794
2026-02-08 11:43:00,0.17525624
2026-02-08 11:44:00,0.18520036
2026-02-08 11:45:00,0.15674682
2026-02-08 11:46:00,0.23386686
2026-02-08 11:47:00,0.24406457
2026-02-08 11:48:00,0.16061257
2026-02-08 11:49:00,0.21901074
2026-02-08 11:50:00,0.25711814
2026-02-08 11:51:00,0.22223344
2026-02-08 11:52:00,0.22287427
2026-02-08 11:53:00,0.25064713
2026-02-08 11:54:00,0.23701337
2026-02-08 11:55:00,0.22561038
2026-02-08 11:56:00,0.2435162
2026-02-08 11:57:00,0.16921267
2026-02-08 11:58:00,0.13706863
2026-02-08 11:59:00,0.17239386
2026-02-08 12:00:00,0.42744836
2026-02-08 12:01:00,0.40751132
2026-02-08 12:02:00,0.32693088
2026-02-08 12:03:00,0.26350373
2026-02-08 12:04:00,0.20662078
2026-02-08 12:05:00,0.1569123
2026-02-08 12:06:00,0.14616895
2026-02-08 12:07:00,0.1235404
2026-02-08 12:08:00,0.11654399
2026-02-08 12:09:00,0.05769444
2026-02-08 12:10:00,0.10805021
2026-02-08 12:11:00,0.14781554
2026-02-08 12:12:00,0.14165173
2026-02-08 12:13:00,0.19287233
2026-02-08 12:14:00,0.14858328
2026-02-08 12:15:00,0.13224375
2026-02-08 12:16:00,0.15172285
2026-02-08 12:17:00,0.16108339
2026-02-08 12:18:00,0.15367909
2026-02-08 12:19:00,0.12596829
2026-02-08 12:20:00,0.1571821
2026-02-08 12:21:00,0.20365083
2026-02-08 12:22:00,0.23476359
2026-02-08 12:23:00,0.17135173
2026-02-08 12:24:00,0.18282558
2026-02-08 12:25:00,0.22047177
2026-02-08 12:26:00,0.17239647
2026-02-08 12:27:00,0.2791661
2026-02-08 12:28:00,0.31430158
2026-02-08 12:29:00,0.27562806
2026-02-08 12:30:00,0.34528702
2026-02-08 12:31:00,0.34716263
2026-02-08 12:32:00,0.25172573
2026-02-08 12:33:00,0.24419945
2026-02-08 12:34:00,0.24959417
2026-02-08 12:35:00,0.29837853
2026-02-08 12:36:00,0.27173373
2026-02-08 12:37:00,0.18368913
2026-02-08 12:38:00,0.1680677
2026-02-08 12:39:00,0.17978647
2026-02-08 12:40:00,0.17043923
2026-02-08 12:41:00,0.102147035
2026-02-08 12:42:00,0.13244255
2026-02-08 12:43:00,0.100362785
2026-02-08 12:44:00,0.1401838
2026-02-08 12:45:00,0.04
2026-02-08 12:46:00,0.04
2026-02-08 12:47:00,0.043574467
2026-02-08 12:48:00,0.09537681
2026-02-08 12:49:00,0.089840285
2026-02-08 12:50:00,0.14571849
2026-02-08 12:51:00,0.19164333
2026-02-08 12:52:00,0.15974334
2026-02-08 12:53:00,0.114360735
2026-02-08 12:54:00,0.16953328
2026-02-08 12:55:00,0.17635949
2026-02-08 12:56:00,0.20291537
2026-02-08 12:57:00,0.15834752
2026-02-08 12:58:00,0.13640782
2026-02-08 12:59:00,0.1916116
2026-02-08 13:00:00,0.39760196
2026-02-08 13:01:00,0.43018228
2026-02-08 13:02:00,0.36275566
2026-02-08 13:03:00,0.28983653
2026-02-08 13:04:00,0.30280983
2026-02-08 13:05:00,0.25186202
2026-02-08 13:06:00,0.228268
2026-02-08 13:07:00,0.16023201
2026-02-08 13:08:00,0.17622004
2026-02-08 13:09:00,0.12298941
2026-02-08 13:10:00,0.17377038
2026-02-08 13:11:00,0.18300076
2026-02-08 13:12:00,0.23289298
2026-02-08 13:13:00,0.21869437
2026-02-08 13:14:00,0.21272995
2026-02-08 13:15:00,0.2463178
2026-02-08 13:16:00,0.21535599
2026-02-08 13:17:00,0.2222382
2026-02-08 13:18:00,0.26023996
2026-02-08 13:19:00,0.2463717
2026-02-08 13:20:00,0.22970751
2026-02-08 13:21:00,0.27730635
2026-02-08 13:22:00,0.25557503
2026-02-08 13:23:00,0.29465756
2026-02-08 13:24:00,0.35892636
2026-02-08 13:25:00,0.30274934
2026-02-08 13:26:00,0.32665402
2026-02-08 13:27:00,0.32726565
2026-02-08 13:28:00,0.40307096
2026-02-08 13:29:00,0.44059956
2026-02-08 13:30:00,0.40438366
2026-02-08 13:31:00,0.2753955
2026-02-08 13:32:00,0.28211203
2026-02-08 13:33:00,0.21897168
2026-02-08 13:34:00,0.22944425
2026-02-08 13:35:00,0.2484972
2026-02-08 13:36:00,0.31844634
2026-02-08 13:37:00,0.25601202
2026-02-08 13:38:00,0.24822402
2026-02-08 13:39:00,0.25749505
2026-02-08 13:40:00,0.28277534
2026-02-08 13:41:00,0.26775244
2026-02-08 13:42:00,0.32198337
2026-02-08 13:43:00,0.35965133
2026-02-08 13:44:00,0.3431907
2026-02-08 13:45:00,0.37949234
2026-02-08 13:46:00,0.37180233
2026-02-08 13:47:00,0.43481064
2026-02-08 13:48:00,0.347897
2026-02-08 13:49:00,0.32966226
2026-02-08 13:50:00,0.34093645
2026-02-08 13:51:00,0.32148272
2026-02-08 13:52:00,0.27981415
2026-02-08 13:53:00,0.25378558
2026-02-08 13:54:00,0.1853006
2026-02-08 13:55:00,0.14961831
2026-02-08 13:56:00,0.2451451
2026-02-08 13:57:00,0.23603666
2026-02-08 13:58:00,0.23407567
2026-02-08 13:59:00,0.23082407
2026-02-08 14:00:00,0.4621094
2026-02-08 14:01:00,0.4450687
2026-02-08 14:02:00,0.41238937
2026-02-08 14:03:00,0.36288828
2026-02-08 14:04:00,0.33306876
2026-02-08 14:05:00,0.29434484
2026-02-08 14:06:00,0.31881216
2026-02-08 14:07:00,0.28238094
2026-02-08 14:08:00,0.21250564
2026-02-08 14:09:00,0.167705
2026-02-08 14:10:00,0.19499588
2026-02-08 14:11:00,0.19198981
2026-02-08 14:12:00,0.18192473
2026-02-08 14:13:00,0.21449405
2026-02-08 14:14:00,0.19634035
2026-02-08 14:15:00,0.19329447
2026-02-08 14:16:00,0.20918752
2026-02-08 14:17:00,0.20090504
2026-02-08 14:18:00,0.18392572
2026-02-08 14:19:00,0.2184499
2026-02-08 14:20:00,0.16851176
2026-02-08 14:21:00,0.16602129
2026-02-08 14:22:00,0.16038588
2026-02-08 14:23:00,0.19680102
2026-02-08 14:24:00,0.09873102
2026-02-08 14:25:00,0.19324306
2026-02-08 14:26:00,0.19945346
2026-02-08 14:27:00,0.14597538
2026-02-08 14:28:00,0.16545418
2026-02-08 14:29:00,0.19066691
2026-02-08 14:30:00,0.19792464
2026-02-08 14:31:00,0.19848438
2026-02-08 14:32:00,0.18320729
2026-02-08 14:33:00,0.22026062
2026-02-08 14:34:00,0.21040393
2026-02-08 14:35:00,0.17103028
2026-02-08 14:36:00,0.20545273
2026-02-08 14:37:00,0.2473509
2026-02-08 14:38:00,0.2580767
2026-02-08 14:39:00,0.2843549
2026-02-08 14:40:00,0.2995541
2026-02-08 14:41:00,0.30048886
2026-02-08 14:42:00,0.27756885
2026-02-08 14:43:00,0.2706581
2026-02-08 14:44:00,0.27954608
2026-02-08 14:45:00,0.24475831
2026-02-08 14:46:00,0.27019975
2026-02-08 14:47:00,0.29948756
2026-02-08 14:48:00,0.2843376
2026-02-08 14:49:00,0.337906
2026-02-08 14:50:00,0.28347042
2026-02-08 14:51:00,0.23848729
2026-02-08 14:52:00,0.22933288
2026-02-08 14:53:00,0.22109668
2026-02-08 14:54:00,0.14212993
2026-02-08 14:55:00,0.1374282
2026-02-08 14:56:00,0.14311284
2026-02-08 14:57:00,0.17437153
2026-02-08 14:58:00,0.20110737
2026-02-08 14:59:00,0.21023192
2026-02-08 15:00:00,0.42288178
2026-02-08 15:01:00,0.31610724
2026-02-08 15:02:00,0.25007892
2026-02-08 15:03:00,0.22817415
2026-02-08 15:04:00,0.15539831
2026-02-08 15:05:00,0.100421906
2026-02-08 15:06:00,0.09110299
2026-02-08 15:07:00,0.123395115
2026-02-08 15:08:00,0.16033834
2026-02-08 15:09:00,0.1494354
2026-02-08 15:10:00,0.17514446
2026-02-08 15:11:00,0.13190775
2026-02-08 15:12:00,0.17045532
2026-02-08 15:13:00,0.14241648
2026-02-08 15:14:00,0.16286297
2026-02-08 15:15:00,0.13466474
2026-02-08 15:16:00,0.12953654
2026-02-08 15:17:00,0.21081714
2026-02-08 15:18:00,0.16585319
2026-02-08 15:19:00,0.18761209
2026-02-08 15:20:00,0.15004048
2026-02-08 15:21:00,0.14304356
2026-02-08 15:22:00,0.11903566
2026-02-08 15:23:00,0.14168598
2026-02-08 15:24:00,0.17155926
2026-02-08 15:25:00,0.1409294
2026-02-08 15:26:00,0.17968024
2026-02-08 15:27:00,0.12944867
2026-02-08 15:28:00,0.19155432
2026-02-08 15:29:00,0.18387602
2026-02-08 15:30:00,0.15969753
2026-02-08 15:31:00,0.21882282
2026-02-08 15:32:00,0.22487795
2026-02-08 15:33:00,0.20589012
2026-02-08 15:34:00,0.2083911
2026-02-08 15:35:00,0.16069266
2026-02-08 15:36:00,0.19673534
2026-02-08 15:37:00,0.13839625
2026-02-08 15:38:00,0.14423823
2026-02-08 15:39:00,0.14933677
2026-02-08 15:40:00,0.20442662
2026-02-08 15:41:00,0.20463026
2026-02-08 15:42:00,0.17228028
2026-02-08 15:43:00,0.13200234
2026-02-08 15:44:00,0.13750759
2026-02-08 15:45:00,0.12237514
2026-02-08 15:46:00,0.105970465
2026-02-08 15:47:00,0.08189678
2026-02-08 15:48:00,0.04
2026-02-08 15:49:00,0.07235
2026-02-08 15:50:00,0.116672195
2026-02-08 15:51:00,0.108908
2026-02-08 15:52:00,0.2048597
2026-02-08 15:53:00,0.28952888
2026-02-08 15:54:00,0.27474934
2026-02-08 15:55:00,0.2348147
2026-02-08 15:56:00,0.20205589
2026-02-08 15:57:00,0.21951121
2026-02-08 15:58:00,0.25172842
2026-02-08 15:59:00,0.19119924
2026-02-08 16:00:00,0.41833884
2026-02-08 16:01:00,0.37245694
2026-02-08 16:02:00,0.32922083
2026-02-08 16:03:00,0.27155417
2026-02-08 16:04:00,0.26419345
2026-02-08 16:05:00,0.30317912
2026-02-08 16:06:00,0.24497642
2026-02-08 16:07:00,0.2062608
2026-02-08 16:08:00,0.16868281
2026-02-08 16:09:00,0.115770884
2026-02-08 16:10:00,0.13271736
2026-02-08 16:11:00,0.1765672
2026-02-08 16:12:00,0.16205326
2026-02-08 16:13:00,0.1265349
2026-02-08 16:14:00,0.15405631
2026-02-08 16:15:00,0.14269617
2026-02-08 16:16:00,0.22876282
2026-02-08 16:17:00,0.20903076
2026-02-08 16:18:00,0.14208551
2026-02-08 16:19:00,0.1116537
2026-02-08 16:20:00,0.11049824
2026-02-08 16:21:00,0.12134542
2026-02-08 16:22:00,0.17104582
2026-02-08 16:23:00,0.13614649
2026-02-08 16:24:00,0.10247384
2026-02-08 16:25:00,0.121587105
2026-02-08 16:26:00,0.18304901
2026-02-08 16:27:00,0.1819787
2026-02-08 16:28:00,0.17544317
2026-02-08 16:29:00,0.12341392
2026-02-08 16:30:00,0.066538945
2026-02-08 16:31:00,0.093905136
2026-02-08 16:32:00,0.09136538
2026-02-08 16:33:00,0.13874936
2026-02-08 16:34:00,0.18887195
2026-02-08 16:35:00,0.2498793
2026-02-08 16:36:00,0.2280197
2026-02-08 16:37:00,0.22484274
2026-02-08 16:38:00,0.18564503
2026-02-08 16:39:00,0.19644293
2026-02-08 16:40:00,0.117418654
2026-02-08 16:41:00,0.0983698
2026-02-08 16:42:00,0.093775555
2026-02-08 16:43:00,0.13345528
2026-02-08 16:44:00,0.117756076
2026-02-08 16:45:00,0.1382772
2026-02-08 16:46:00,0.14781651
2026-02-08 16:47:00,0.12708806
2026-02-08 16:48:00,0.054034136
2026-02-08 16:49:00,0.04
2026-02-08 16:50:00,0.04
2026-02-08 16:51:00,0.054470755
2026-02-08 16:52:00,0.04
2026-02-08 16:53:00,0.04
2026-02-08 16:54:00,0.04
2026-02-08 16:55:00,0.04
2026-02-08 16:56:00,0.06260684
2026-02-08 16:57:00,0.08756542
2026-02-08 16:58:00,0.14503762
2026-02-08 16:59:00,0.13985075
2026-02-08 17:00:00,0.3056453
2026-02-08 17:01:00,0.2569452
2026-02-08 17:02:00,0.15551959
2026-02-08 17:03:00,0.04
2026-02-08 17:04:00,0.04
2026-02-08 17:05:00,0.06545611
2026-02-08 17:06:00,0.04
2026-02-08 17:07:00,0.04
2026-02-08 17:08:00,0.05515846
2026-02-08 17:09:00,0.11742695
2026-02-08 17:10:00,0.18124947
2026-02-08 17:11:00,0.14878479
2026-02-08 17:12:00,0.1721463
2026-02-08 17:13:00,0.16204944
2026-02-08 17:14:00,0.14076805
2026-02-08 17:15:00,0.12775895
2026-02-08 17:16:00,0.11398366
2026-02-08 17:17:00,0.14890835
2026-02-08 17:18:00,0.1390959
2026-02-08 17:19:00,0.16656257
2026-02-08 17:20:00,0.12249945
2026-02-08 17:21:00,0.11791943
2026-02-08 17:22:00,0.13584304
2026-02-08 17:23:00,0.18667836
2026-02-08 17:24:00,0.21547584
2026-02-08 17:25:00,0.20639119
2026-02-08 17:26:00,0.16840984
2026-02-08 17:27:00,0.21084832
2026-02-08 17:28:00,0.23896803
2026-02-08 17:29:00,0.22065209
2026-02-08 17:30:00,0.20007654
2026-02-08 17:31:00,0.18194954
2026-02-08 17:32:00,0.20684291
2026-02-08 17:33:00,0.20807719
2026-02-08 17:34:00,0.21624525
2026-02-08 17:35:00,0.20446871
2026-02-08 17:36:00,0.16972673
2026-02-08 17:37:00,0.16339263
2026-02-08 17:38:00,0.18734023
2026-02-08 17:39:00,0.20468281
2026-02-08 17:40:00,0.18748333
2026-02-08 17:41:00,0.14351681
2026-02-08 17:42:00,0.09793511
2026-02-08 17:43:00,0.1547631
2026-02-08 17:44:00,0.1191828
2026-02-08 17:45:00,0.14865956
2026-02-08 17:46:00,0.14344817
2026-02-08 17:47:00,0.19443493
2026-02-08 17:48:00,0.25825602
2026-02-08 17:49:00,0.25402617
2026-02-08 17:50:00,0.21013118
2026-02-08 17:51:00,0.22151089
2026-02-08 17:52:00,0.19987822
2026-02-08 17:53:00,0.19266136
2026-02-08 17:54:00,0.19326738
2026-02-08 17:55:00,0.16368052
2026-02-08 17:56:00,0.18718886
2026-02-08 17:57:00,0.23459686
2026-02-08 17:58:00,0.19250067
2026-02-08 17:59:00,0.15599626
2026-02-08 18:00:00,0.29695123
2026-02-08 18:01:00,0.30884647
2026-02-08 18:02:00,0.2849651
2026-02-08 18:03:00,0.25319824
2026-02-08 18:04:00,0.153054
2026-02-08 18:05:00,0.14580335
2026-02-08 18:06:00,0.15150654
2026-02-08 18:07:00,0.14019613
2026-02-08 18:08:00,0.13324828
2026-02-08 18:09:00,0.10970852
2026-02-08 18:10:00,0.10796776
2026-02-08 18:11:00,0.07254978
2026-02-08 18:12:00,0.04
2026-02-08 18:13:00,0.046697762
2026-02-08 18:14:00,0.04
2026-02-08 18:15:00,0.07491923
2026-02-08 18:16:00,0.07920833
2026-02-08 18:17:00,0.12716667
2026-02-08 18:18:00,0.050732486
2026-02-08 18:19:00,0.06211242
2026-02-08 18:20:00,0.07804377
2026-02-08 18:21:00,0.09811532
2026-02-08 18:22:00,0.07525632
2026-02-08 18:23:00,0.12273316
2026-02-08 18:24:00,0.1422019
2026-02-08 18:25:00,0.15625238
2026-02-08 18:26:00,0.14870511
2026-02-08 18:27:00,0.14555699
2026-02-08 18:28:00,0.14278215
2026-02-08 18:29:00,0.12515737
2026-02-08 18:30:00,0.14133675
2026-02-08 18:31:00,0.15996186
2026-02-08 18:32:00,0.13062161
2026-02-08 18:33:00,0.08334716
2026-02-08 18:34:00,0.077859916
2026-02-08 18:35:00,0.1497756
2026-02-08 18:36:00,0.11074833
2026-02-08 18:37:00,0.1509267
2026-02-08 18:38:00,0.16390732
2026-02-08 18:39:00,0.18973243
2026-02-08 18:40:00,0.20469896
2026-02-08 18:41:00,0.16617426
2026-02-08 18:42:00,0.1849894
2026-02-08 18:43:00,0.19803733
2026-02-08 18:44:00,0.20070024
2026-02-08 18:45:00,0.18651721
2026-02-08 18:46:00,0.15599762
2026-02-08 18:47:00,0.1207847
2026-02-08 18:48:00,0.11235872
2026-02-08 18:49:00,0.1137413
2026-02-08 18:50:00,0.08288532
2026-02-08 18:51:00,0.052796464
2026-02-08 18:52:00,0.07241613
2026-02-08 18:53:00,0.11349023
2026-02-08 18:54:00,0.15952276
2026-02-08 18:55:00,0.14428848
2026-02-08 18:56:00,0.05567677
2026-02-08 18:57:00,0.069967076
2026-02-08 18:58:00,0.13776478
2026-02-08 18:59:00,0.09900218
2026-02-08 19:00:00,0.3292175
2026-02-08 19:01:00,0.28925326
2026-02-08 19:02:00,0.22986884
2026-02-08 19:03:00,0.172916
2026-02-08 19:04:00,0.11471023
2026-02-08 19:05:00,0.10421072
2026-02-08 19:06:00,0.122769505
2026-02-08 19:07:00,0.09750043
2026-02-08 19:08:00,0.11809592
2026-02-08 19:09:00,0.14966613
2026-02-08 19:10:00,0.21558817
2026-02-08 19:11:00,0.16697572
2026-02-08 19:12:00,0.19949244
2026-02-08 19:13:00,0.19555596
2026-02-08 19:14:00,0.2300552
2026-02-08 19:15:00,0.18615232
2026-02-08 19:16:00,0.1910971
2026-02-08 19:17:00,0.082597226
2026-02-08 19:18:00,0.11278042
2026-02-08 19:19:00,0.08985939
2026-02-08 19:20:00,0.15492634
2026-02-08 19:21:00,0.10429673
2026-02-08 19:22:00,0.107411385
2026-02-08 19:23:00,0.08283042
2026-02-08 19:24:00,0.06670694
2026-02-08 19:25:00,0.14252703
2026-02-08 19:26:00,0.1353623
2026-02-08 19:27:00,0.17896569
2026-02-08 19:28:00,0.13957497
2026-02-08 19:29:00,0.13875838
2026-02-08 19:30:00,0.16939618
2026-02-08 19:31:00,0.12310861
2026-02-08 19:32:00,0.070020854
2026-02-08 19:33:00,0.07135282
2026-02-08 19:34:00,0.05565574
2026-02-08 19:35:00,0.08634911
2026-02-08 19:36:00,0.13663143
2026-02-08 19:37:00,0.13111182
2026-02-08 19:38:00,0.14961678
2026-02-08 19:39:00,0.12345743
2026-02-08 19:40:00,0.14415495
2026-02-08 19:41:00,0.14444855
2026-02-08 19:42:00,0.16115107
2026-02-08 19:43:00,0.16559309
2026-02-08 19:44:00,0.20286311
2026-02-08 19:45:00,0.20445906
2026-02-08 19:46:00,0.26009378
2026-02-08 19:47:00,0.2354595
2026-02-08 19:48:00,0.26144427
2026-02-08 19:49:00,0.22907215
2026-02-08 19:50:00,0.18314412
2026-02-08 19:51:00,0.13668221
2026-02-08 19:52:00,0.18947403
2026-02-08 19:53:00,0.20324494
2026-02-08 19:54:00,0.11599958
2026-02-08 19:55:00,0.15161064
2026-02-08 19:56:00,0.086394615
2026-02-08 19:57:00,0.10935621
2026-02-08 19:58:00,0.041522317
2026-02-08 19:59:00,0.081093416
2026-02-08 20:00:00,0.29128748
2026-02-08 20:01:00,0.32984817
2026-02-08 20:02:00,0.24669147
2026-02-08 20:03:00,0.22601749
2026-02-08 20:04:00,0.20511985
2026-02-08 20:05:00,0.15995033
2026-02-08 20:06:00,0.15195762
2026-02-08 20:07:00,0.114099644
2026-02-08 20:08:00,0.089480534
2026-02-08 20:09:00,0.08288131
2026-02-08 20:10:00,0.15863368
2026-02-08 20:11:00,0.16903913
2026-02-08 20:12:00,0.16815346
2026-02-08 20:13:00,0.19486183
2026-02-08 20:14:00,0.16948044
2026-02-08 20:15:00,0.13629548
2026-02-08 20:16:00,0.14124857
2026-02-08 20:17:00,0.11586808
2026-02-08 20:18:00,0.11975409
2026-02-08 20:19:00,0.14592603
2026-02-08 20:20:00,0.11264987
2026-02-08 20:21:00,0.12133438
2026-02-08 20:22:00,0.13746786
2026-02-08 20:23:00,0.10635792
2026-02-08 20:24:00,0.16105926
2026-02-08 20:25:00,0.13699247
2026-02-08 20:26:00,0.1716889
2026-02-08 20:27:00,0.22768809
2026-02-08 20:28:00,0.20359395
2026-02-08 20:29:00,0.25055456
2026-02-08 20:30:00,0.22466594
2026-02-08 20:31:00,0.24442413
2026-02-08 20:32:00,0.14987448
2026-02-08 20:33:00,0.09044306
2026-02-08 20:34:00,0.14311247
2026-02-08 20:35:00,0.11218371
2026-02-08 20:36:00,0.09068038
2026-02-08 20:37:00,0.09399577
2026-02-08 20:38:00,0.13460927
2026-02-08 20:39:00,0.16108282
2026-02-08 20:40:00,0.13153662
2026-02-08 20:41:00,0.15838972
2026-02-08 20:42:00,0.17236216
2026-02-08 20:43:00,0.11870836
2026-02-08 20:44:00,0.08830137
2026-02-08 20:45:00,0.1024915
2026-02-08 20:46:00,0.08311521
2026-02-08 20:47:00,0.05292297
2026-02-08 20:48:00,0.04
2026-02-08 20:49:00,0.04
2026-02-08 20:50:00,0.04190253
2026-02-08 20:51:00,0.0736757
2026-02-08 20:52:00,0.10523929
2026-02-08 20:53:00,0.12376887
2026-02-08 20:54:00,0.12711978
2026-02-08 20:55:00,0.16279162
2026-02-08 20:56:00,0.18808357
2026-02-08 20:57:00,0.17773078
2026-02-08 20:58:00,0.18275557
2026-02-08 20:59:00,0.24550068
2026-02-08 21:00:00,0.42853758
2026-02-08 21:01:00,0.32349464
2026-02-08 21:02:00,0.3006902
2026-02-08 21:03:00,0.20016368
2026-02-08 21:04:00,0.18649702
2026-02-08 21:05:00,0.2426993
2026-02-08 21:06:00,0.2207287
2026-02-08 21:07:00,0.2104109
2026-02-08 21:08:00,0.20708297
2026-02-08 21:09:00,0.21627483
2026-02-08 21:10:00,0.1959395
2026-02-08 21:11:00,0.19881898
2026-02-08 21:12:00,0.18159302
2026-02-08 21:13:00,0.21045355
2026-02-08 21:14:00,0.183757
2026-02-08 21:15:00,0.22761941
2026-02-08 21:16:00,0.248692
2026-02-08 21:17:00,0.25201035
2026-02-08 21:18:00,0.20116442
2026-02-08 21:19:00,0.20854114
2026-02-08 21:20:00,0.22076994
2026-02-08 21:21:00,0.25166997
2026-02-08 21:22:00,0.21939464
2026-02-08 21:23:00,0.21719234
2026-02-08 21:24:00,0.19372536
2026-02-08 21:25:00,0.15632936
2026-02-08 21:26:00,0.158213
2026-02-08 21:27:00,0.12829942
2026-02-08 21:28:00,0.15872687
2026-02-08 21:29:00,0.19425943
2026-02-08 21:30:00,0.226326
2026-02-08 21:31:00,0.23868275
2026-02-08 21:32:00,0.20596105
2026-02-08 21:33:00,0.23430929
2026-02-08 21:34:00,0.20163901
2026-02-08 21:35:00,0.24743745
2026-02-08 21:36:00,0.28735134
2026-02-08 21:37:00,0.30960277
2026-02-08 21:38:00,0.31920585
2026-02-08 21:39:00,0.27141732
2026-02-08 21:40:00,0.25215876
2026-02-08 21:41:00,0.20460358
2026-02-08 21:42:00,0.21642357
2026-02-08 21:43:00,0.24125257
2026-02-08 21:44:00,0.2467929
2026-02-08 21:45:00,0.23371361
2026-02-08 21:46:00,0.21015045
2026-02-08 21:47:00,0.2218457
2026-02-08 21:48:00,0.24217951
2026-02-08 21:49:00,0.29524118
2026-02-08 21:50:00,0.29891053
2026-02-08 21:51:00,0.2631161
2026-02-08 21:52:00,0.20575672
2026-02-08 21:53:00,0.16674437
2026-02-08 21:54:00,0.1749106
2026-02-08 21:55:00,0.19796133
2026-02-08 21:56:00,0.17921014
2026-02-08 21:57:00,0.14805593
2026-02-08 21:58:00,0.20895986
2026-02-08 21:59:00,0.23642464
2026-02-08 22:00:00,0.47705987
2026-02-08 22:01:00,0.4161317
2026-02-08 22:02:00,0.3246436
2026-02-08 22:03:00,0.23357283
2026-02-08 22:04:00,0.1523828
2026-02-08 22:05:00,0.14775129
2026-02-08 22:06:00,0.13988681
2026-02-08 22:07:00,0.1204857
2026-02-08 22:08:00,0.15742135
2026-02-08 22:09:00,0.19171277
2026-02-08 22:10:00,0.22696708
2026-02-08 22:11:00,0.23231581
2026-02-08 22:12:00,0.24147391
2026-02-08 22:13:00,0.2782518
2026-02-08 22:14:00,0.27180827
2026-02-08 22:15:00,0.3067572
2026-02-08 22:16:00,0.29251957
2026-02-08 22:17:00,0.3364002
2026-02-08 22:18:00,0.330541
2026-02-08 22:19:00,0.317996
2026-02-08 22:20:00,0.26303855
2026-02-08 22:21:00,0.2436476
2026-02-08 22:22:00,0.22974361
2026-02-08 22:23:00,0.22595052
2026-02-08 22:24:00,0.23009832
2026-02-08 22:25:00,0.24122001
2026-02-08 22:26:00,0.24313089
2026-02-08 22:27:00,0.27228877
2026-02-08 22:28:00,0.21166608
2026-02-08 22:29:00,0.19203773
2026-02-08 22:30:00,0.14074527
2026-02-08 22:31:00,0.15904847
2026-02-08 22:32:00,0.1500829
2026-02-08 22:33:00,0.1251779
2026-02-08 22:34:00,0.12566337
2026-02-08 22:35:00,0.09619175
2026-02-08 22:36:00,0.13682485
2026-02-08 22:37:00,0.15416189
2026-02-08 22:38:00,0.17871815
2026-02-08 22:39:00,0.21527748
2026-02-08 22:40:00,0.175916
2026-02-08 22:41:00,0.14847435
2026-02-08 22:42:00,0.194367
2026-02-08 22:43:00,0.260315
2026-02-08 22:44:00,0.2577711
2026-02-08 22:45:00,0.28912503
2026-02-08 22:46:00,0.2753818
2026-02-08 22:47:00,0.31041968
2026-02-08 22:48:00,0.30009848
2026-02-08 22:49:00,0.25098845
2026-02-08 22:50:00,0.23271175
2026-02-08 22:51:00,0.19920489
2026-02-08 22:52:00,0.18302827
2026-02-08 22:53:00,0.24141775
2026-02-08 22:54:00,0.26057047
2026-02-08 22:55:00,0.3110255
2026-02-08 22:56:00,0.30351305
2026-02-08 22:57:00,0.24434794
2026-02-08 22:58:00,0.23078857
2026-02-08 22:59:00,0.2293571
2026-02-08 23:00:00,0.4413964
2026-02-08 23:01:00,0.37764725
2026-02-08 23:02:00,0.30442986
2026-02-08 23:03:00,0.24708445
2026-02-08 23:04:00,0.15867218
2026-02-08 23:05:00,0.19798079
2026-02-08 23:06:00,0.16350658
2026-02-08 23:07:00,0.21453115
2026-02-08 23:08:00,0.23588684
2026-02-08 23:09:00,0.22851534
2026-02-08 23:10:00,0.17036562
2026-02-08 23:11:00,0.18157478
2026-02-08 23:12:00,0.18569224
2026-02-08 23:13:00,0.25167546
2026-02-08 23:14:00,0.24999031
2026-02-08 23:15:00,0.2796616
2026-02-08 23:16:00,0.29300088
2026-02-08 23:17:00,0.29105148
2026-02-08 23:18:00,0.32691488
2026-02-08 23:19:00,0.3119831
2026-02-08 23:20:00,0.23775451
2026-02-08 23:21:00,0.18621458
2026-02-08 23:22:00,0.18810046
2026-02-08 23:23:00,0.10939323
2026-02-08 23:24:00,0.15635407
2026-02-08 23:25:00,0.19213513
2026-02-08 23:26:00,0.15795751
2026-02-08 23:27:00,0.1196291
2026-02-08 23:28:00,0.18138362
2026-02-08 23:29:00,0.13153501
2026-02-08 23:30:00,0.115273565
2026-02-08 23:31:00,0.12066343
2026-02-08 23:32:00,0.11852348
2026-02-08 23:33:00,0.093122564
2026-02-08 23:34:00,0.13391195
2026-02-08 23:35:00,0.12517738
2026-02-08 23:36:00,0.12423864
2026-02-08 23:37:00,0.12405576
2026-02-08 23:38:00,0.15405883
2026-02-08 23:39:00,0.13904765
2026-02-08 23:40:00,0.11790822
2026-02-08 23:41:00,0.14212605
2026-02-08 23:42:00,0.18098524
2026-02-08 23:43:00,0.18965667
2026-02-08 23:44:00,0.18922342
2026-02-08 23:45:00,0.20146039
2026-02-08 23:46:00,0.24967721
2026-02-08 23:47:00,0.27872127
2026-02-08 23:48:00,0.2814663
2026-02-08 23:49:00,0.33710846
2026-02-08 23:50:00,0.3748946
2026-02-08 23:51:00,0.325544
2026-02-08 23:52:00,0.279542
2026-02-08 23:53:00,0.27330694
2026-02-08 23:54:00,0.2584835
2026-02-08 23:55:00,0.23088819
2026-02-08 23:56:00,0.22209498
2026-02-08 23:57:00,0.18997146
2026-02-08 23:58:00,0.20527111
2026-02-08 23:59:00,0.21350476
2026-02-09 00:00:00,0.4727044
2026-02-09 00:01:00,0.45007154
2026-02-09 00:02:00,0.43148568
2026-02-09 00:03:00,0.37834853
2026-02-09 00:04:00,0.35228658
2026-02-09 00:05:00,0.37094617
2026-02-09 00:06:00,0.34053934
2026-02-09 00:07:00,0.3620287
2026-02-09 00:08:00,0.3369205
2026-02-09 00:09:00,0.3507122
2026-02-09 00:10:00,0.36707512
2026-02-09 00:11:00,0.3122614
2026-02-09 00:12:00,0.25177592
2026-02-09 00:13:00,0.26234183
2026-02-09 00:14:00,0.24090904
2026-02-09 00:15:00,0.2227512
2026-02-09 00:16:00,0.29050034
2026-02-09 00:17:00,0.28354502
2026-02-09 00:18:00,0.28887147
2026-02-09 00:19:00,0.2769366
2026-02-09 00:20:00,0.289623
2026-02-09 00:21:00,0.28800592
2026-02-09 00:22:00,0.25654635
2026-02-09 00:23:00,0.3113021
2026-02-09 00:24:00,0.34342492
2026-02-09 00:25:00,0.32499823
2026-02-09 00:26:00,0.2987514
2026-02-09 00:27:00,0.3103739
2026-02-09 00:28:00,0.27087915
2026-02-09 00:29:00,0.33161107
2026-02-09 00:30:00,0.35431585
2026-02-09 00:31:00,0.31334335
2026-02-09 00:32:00,0.3340745
2026-02-09 00:33:00,0.31841263
2026-02-09 00:34:00,0.30034295
2026-02-09 00:35:00,0.31192455
2026-02-09 00:36:00,0.3336943
2026-02-09 00:37:00,0.32555446
2026-02-09 00:38:00,0.27441204
2026-02-09 00:39:00,0.26540276
2026-02-09 00:40:00,0.33389583
2026-02-09 00:41:00,0.40508696
2026-02-09 00:42:00,0.35600328
2026-02-09 00:43:00,0.3812601
2026-02-09 00:44:00,0.3612002
2026-02-09 00:45:00,0.38966328
2026-02-09 00:46:00,0.37063777
2026-02-09 00:47:00,0.297213
2026-02-09 00:48:00,0.23248494
2026-02-09 00:49:00,0.18721142
2026-02-09 00:50:00,0.29154587
2026-02-09 00:51:00,0.28659162
2026-02-09 00:52:00,0.27059746
2026-02-09 00:53:00,0.3076305
2026-02-09 00:54:00,0.30041245
2026-02-09 00:55:00,0.35564834
2026-02-09 00:56:00,0.32247204
2026-02-09 00:57:00,0.3133546
2026-02-09 00:58:00,0.31507865
2026-02-09 00:59:00,0.23543091
2026-02-09 01:00:00,0.5259109
2026-02-09 01:01:00,0.4937248
2026-02-09 01:02:00,0.42518204
2026-02-09 01:03:00,0.3778515
2026-02-09 01:04:00,0.36019793
2026-02-09 01:05:00,0.3700585
2026-02-09 01:06:00,0.32667428
2026-02-09 01:07:00,0.32082
2026-02-09 01:08:00,0.3462774
2026-02-09 01:09:00,0.33876738
2026-02-09 01:10:00,0.33242813
2026-02-09 01:11:00,0.30322078
2026-02-09 01:12:00,0.26181614
2026-02-09 01:13:00,0.32743892
2026-02-09 01:14:00,0.31227842
2026-02-09 01:15:00,0.3361615
2026-02-09 01:16:00,0.30358404
2026-02-09 01:17:00,0.26602688
2026-02-09 01:18:00,0.28303537
2026-02-09 01:19:00,0.22288969
2026-02-09 01:20:00,0.15897508
2026-02-09 01:21:00,0.20016445
2026-02-09 01:22:00,0.21027403
2026-02-09 01:23:00,0.2931478
2026-02-09 01:24:00,0.29806986
2026-02-09 01:25:00,0.2680083
2026-02-09 01:26:00,0.29244742
2026-02-09 01:27:00,0.3460015
2026-02-09 01:28:00,0.3580872
2026-02-09 01:29:00,0.34070632
2026-02-09 01:30:00,0.36641923
2026-02-09 01:31:00,0.33982822
2026-02-09 01:32:00,0.3425574
2026-02-09 01:33:00,0.3337983
2026-02-09 01:34:00,0.37046897
2026-02-09 01:35:00,0.37196645
2026-02-09 01:36:00,0.29482242
2026-02-09 01:37:00,0.28519055
2026-02-09 01:38:00,0.24663575
2026-02-09 01:39:00,0.2953263
2026-02-09 01:40:00,0.28230834
2026-02-09 01:41:00,0.33031818
2026-02-09 01:42:00,0.32859465
2026-02-09 01:43:00,0.30764738
2026-02-09 01:44:00,0.31017843
2026-02-09 01:45:00,0.29661176
2026-02-09 01:46:00,0.30099705
2026-02-09 01:47:00,0.33034799
2026-02-09 01:48:00,0.33329767
2026-02-09 01:49:00,0.32241747
2026-02-09 01:50:00,0.27535352
2026-02-09 01:51:00,0.34011772
2026-02-09 01:52:00,0.36736915
2026-02-09 01:53:00,0.34196737
2026-02-09 01:54:00,0.33722204
2026-02-09 01:55:00,0.31220457
2026-02-09 01:56:00,0.29718384
2026-02-09 01:57:00,0.24086685
2026-02-09 01:58:00,0.26878026
2026-02-09 01:59:00,0.25878346
2026-02-09 02:00:00,0.49274868
2026-02-09 02:01:00,0.4212354
2026-02-09 02:02:00,0.34269735
2026-02-09 02:03:00,0.32486218
2026-02-09 02:04:00,0.29661968
2026-02-09 02:05:00,0.34342945
2026-02-09 02:06:00,0.31118962
2026-02-09 02:07:00,0.37032077
2026-02-09 02:08:00,0.401086
2026-02-09 02:09:00,0.4242596
2026-02-09 02:10:00,0.4697019
2026-02-09 02:11:00,0.45144063
2026-02-09 02:12:00,0.3911662
2026-02-09 02:13:00,0.36153913
2026-02-09 02:14:00,0.3380408
2026-02-09 02:15:00,0.33094835
2026-02-09 02:16:00,0.29587784
2026-02-09 02:17:00,0.2867232
2026-02-09 02:18:00,0.32101077
2026-02-09 02:19:00,0.31659454
2026-02-09 02:20:00,0.3890804
2026-02-09 02:21:00,0.36287227
2026-02-09 02:22:00,0.35436848
2026-02-09 02:23:00,0.2723421
2026-02-09 02:24:00,0.30513385
2026-02-09 02:25:00,0.2985348
2026-02-09 02:26:00,0.32700384
2026-02-09 02:27:00,0.3417649
2026-02-09 02:28:00,0.2907727
2026-02-09 02:29:00,0.34259114
2026-02-09 02:30:00,0.33352304
2026-02-09 02:31:00,0.31267557
2026-02-09 02:32:00,0.30777085
2026-02-09 02:33:00,0.3336526
2026-02-09 02:34:00,0.32517815
2026-02-09 02:35:00,0.3808104
2026-02-09 02:36:00,0.33997115
2026-02-09 02:37:00,0.37186462
2026-02-09 02:38:00,0.38991675
2026-02-09 02:39:00,0.430082
2026-02-09 02:40:00,0.43642107
2026-02-09 02:41:00,0.4078506
2026-02-09 02:42:00,0.44542047
2026-02-09 02:43:00,0.42881024
2026-02-09 02:44:00,0.4118833
2026-02-09 02:45:00,0.38663787
2026-02-09 02:46:00,0.38688925
2026-02-09 02:47:00,0.35457864
2026-02-09 02:48:00,0.32609957
2026-02-09 02:49:00,0.34929806
2026-02-09 02:50:00,0.39055344
2026-02-09 02:51:00,0.4059809
2026-02-09 02:52:00,0.38540715
2026-02-09 02:53:00,0.40132314
2026-02-09 02:54:00,0.40647227
2026-02-09 02:55:00,0.4221123
2026-02-09 02:56:00,0.40992326
2026-02-09 02:57:00,0.3778577
2026-02-09 02:58:00,0.36414713
2026-02-09 02:59:00,0.42259684
2026-02-09 03:00:00,0.6701897
2026-02-09 03:01:00,0.6793032
2026-02-09 03:02:00,0.6318295
2026-02-09 03:03:00,0.56532973
2026-02-09 03:04:00,0.50216717
2026-02-09 03:05:00,0.5357632
2026-02-09 03:06:00,0.5401629
2026-02-09 03:07:00,0.47358122
2026-02-09 03:08:00,0.44208372
2026-02-09 03:09:00,0.39165267
2026-02-09 03:10:00,0.35119882
2026-02-09 03:11:00,0.37233454
2026-02-09 03:12:00,0.33800772
2026-02-09 03:13:00,0.42094925
2026-02-09 03:14:00,0.46185112
2026-02-09 03:15:00,0.3863702
2026-02-09 03:16:00,0.36661527
2026-02-09 03:17:00,0.38158754
2026-02-09 03:18:00,0.35711622
2026-02-09 03:19:00,0.35085133
2026-02-09 03:20:00,0.36015317
2026-02-09 03:21:00,0.39417636
2026-02-09 03:22:00,0.36424395
2026-02-09 03:23:00,0.36221895
2026-02-09 03:24:00,0.38127708
2026-02-09 03:25:00,0.38547543
2026-02-09 03:26:00,0.34191996
2026-02-09 03:27:00,0.3005273
2026-02-09 03:28:00,0.28485042
2026-02-09 03:29:00,0.30610037
2026-02-09 03:30:00,0.24762994
2026-02-09 03:31:00,0.32716244
2026-02-09 03:32:00,0.36356634
2026-02-09 03:33:00,0.32013974
2026-02-09 03:34:00,0.27569687
2026-02-09 03:35:00,0.30866525
2026-02-09 03:36:00,0.32447016
2026-02-09 03:37:00,0.31102106
2026-02-09 03:38:00,0.334987
2026-02-09 03:39:00,0.36038175
2026-02-09 03:40:00,0.38111228
2026-02-09 03:41:00,0.45953304
2026-02-09 03:42:00,0.4817375
2026-02-09 03:43:00,0.429613
2026-02-09 03:44:00,0.412414
2026-02-09 03:45:00,0.37346524
2026-02-09 03:46:00,0.282759
2026-02-09 03:47:00,0.23866355
2026-02-09 03:48:00,0.28116512
2026-02-09 03:49:00,0.27551788
2026-02-09 03:50:00,0.27867123
2026-02-09 03:51:00,0.3297691
2026-02-09 03:52:00,0.3989698
2026-02-09 03:53:00,0.35553992
2026-02-09 03:54:00,0.37274745
2026-02-09 03:55:00,0.41812152
2026-02-09 03:56:00,0.5129737
2026-02-09 03:57:00,0.58159816
2026-02-09 03:58:00,0.5853698
2026-02-09 03:59:00,0.54798806
2026-02-09 04:00:00,0.72774184
2026-02-09 04:01:00,0.6155718
2026-02-09 04:02:00,0.5870709
2026-02-09 04:03:00,0.5340492
2026-02-09 04:04:00,0.49103802
2026-02-09 04:05:00,0.43680876
2026-02-09 04:06:00,0.42548966
2026-02-09 04:07:00,0.43927455
2026-02-09 04:08:00,0.370886
2026-02-09 04:09:00,0.38682446
2026-02-09 04:10:00,0.38853008
2026-02-09 04:11:00,0.37389544
2026-02-09 04:12:00,0.33756778
2026-02-09 04:13:00,0.35608366
2026-02-09 04:14:00,0.36893526
2026-02-09 04:15:00,0.4183964
2026-02-09 04:16:00,0.473001
2026-02-09 04:17:00,0.4824702
2026-02-09 04:18:00,0.471488
2026-02-09 04:19:00,0.44213542
2026-02-09 04:20:00,0.3159194
2026-02-09 04:21:00,0.33526355
2026-02-09 04:22:00,0.35976198
2026-02-09 04:23:00,0.3771652
2026-02-09 04:24:00,0.43012735
2026-02-09 04:25:00,0.4344265
2026-02-09 04:26:00,0.4596068
2026-02-09 04:27:00,0.4845606
2026-02-09 04:28:00,0.4211772
2026-02-09 04:29:00,0.44992182
2026-02-09 04:30:00,0.4205222
2026-02-09 04:31:00,0.4122873
2026-02-09 04:32:00,0.37812033
2026-02-09 04:33:00,0.4163034
2026-02-09 04:34:00,0.3860107
2026-02-09 04:35:00,0.41073436
2026-02-09 04:36:00,0.4097053
2026-02-09 04:37:00,0.4173696
2026-02-09 04:38:00,0.40336183
2026-02-09 04:39:00,0.41935277
2026-02-09 04:40:00,0.46080744
2026-02-09 04:41:00,0.41275623
2026-02-09 04:42:00,0.36853293
2026-02-09 04:43:00,0.45906332
2026-02-09 04:44:00,0.43875954
2026-02-09 04:45:00,0.47399703
2026-02-09 04:46:00,0.46825194
2026-02-09 04:47:00,0.42416564
2026-02-09 04:48:00,0.47437808
2026-02-09 04:49:00,0.5497203
2026-02-09 04:50:00,0.5402797
2026-02-09 04:51:00,0.603685
2026-02-09 04:52:00,0.58929294
2026-02-09 04:53:00,0.59069306
2026-02-09 04:54:00,0.5939603
2026-02-09 04:55:00,0.53661966
2026-02-09 04:56:00,0.487553
2026-02-09 04:57:00,0.50854677
2026-02-09 04:58:00,0.45549026
2026-02-09 04:59:00,0.4594497
2026-02-09 05:00:00,0.6275764
2026-02-09 05:01:00,0.56903464
2026-02-09 05:02:00,0.52271444
2026-02-09 05:03:00,0.44398808
2026-02-09 05:04:00,0.46882492
2026-02-09 05:05:00,0.42147574
2026-02-09 05:06:00,0.425465
2026-02-09 05:07:00,0.44909593
2026-02-09 05:08:00,0.44111347
2026-02-09 05:09:00,0.4821642
2026-02-09 05:10:00,0.52524626
2026-02-09 05:11:00,0.5173061
2026-02-09 05:12:00,0.47010165
2026-02-09 05:13:00,0.43209985
2026-02-09 05:14:00,0.47333613
2026-02-09 05:15:00,0.46446505
2026-02-09 05:16:00,0.49635762
2026-02-09 05:17:00,0.4875073
2026-02-09 05:18:00,0.4755451
2026-02-09 05:19:00,0.47644702
2026-02-09 05:20:00,0.4897227
2026-02-09 05:21:00,0.43488333
2026-02-09 05:22:00,0.41634536
2026-02-09 05:23:00,0.37871775
2026-02-09 05:24:00,0.39132866
2026-02-09 05:25:00,0.39138815
2026-02-09 05:26:00,0.33418995
2026-02-09 05:27:00,0.29903242
2026-02-09 05:28:00,0.24559854
2026-02-09 05:29:00,0.2531015
2026-02-09 05:30:00,0.26881558
2026-02-09 05:31:00,0.29480094
2026-02-09 05:32:00,0.26038966
2026-02-09 05:33:00,0.25604206
2026-02-09 05:34:00,0.27977368
2026-02-09 05:35:00,0.34223187
2026-02-09 05:36:00,0.36825368
2026-02-09 05:37:00,0.33980957
2026-02-09 05:38:00,0.30586275
2026-02-09 05:39:00,0.3506425
2026-02-09 05:40:00,0.4020336
2026-02-09 05:41:00,0.38109657
2026-02-09 05:42:00,0.42498752
2026-02-09 05:43:00,0.3700807
2026-02-09 05:44:00,0.42001823
2026-02-09 05:45:00,0.42170745
2026-02-09 05:46:00,0.4663375
2026-02-09 05:47:00,0.4654955
2026-02-09 05:48:00,0.4438261
2026-02-09 05:49:00,0.4380647
2026-02-09 05:50:00,0.5406812
2026-02-09 05:51:00,0.5695451
2026-02-09 05:52:00,0.5295225
2026-02-09 05:53:00,0.5471766
2026-02-09 05:54:00,0.5189894
2026-02-09 05:55:00,0.52950495
2026-02-09 05:56:00,0.53721446
2026-02-09 05:57:00,0.48443577
2026-02-09 05:58:00,0.46366215
2026-02-09 05:59:00,0.40272406
2026-02-09 06:00:00,0.59897685
2026-02-09 06:01:00,0.5624773
2026-02-09 06:02:00,0.5102416
2026-02-09 06:03:00,0.42281032
2026-02-09 06:04:00,0.37691545
2026-02-09 06:05:00,0.39614788
2026-02-09 06:06:00,0.40521765
2026-02-09 06:07:00,0.4667406
2026-02-09 06:08:00,0.4449331
2026-02-09 06:09:00,0.38625517
2026-02-09 06:10:00,0.4651828
2026-02-09 06:11:00,0.35950753
2026-02-09 06:12:00,0.4115077
2026-02-09 06:13:00,0.4160394
2026-02-09 06:14:00,0.4567397
2026-02-09 06:15:00,0.4841885
2026-02-09 06:16:00,0.45336926
2026-02-09 06:17:00,0.42764574
2026-02-09 06:18:00,0.41748428
2026-02-09 06:19:00,0.360819
2026-02-09 06:20:00,0.3682889
2026-02-09 06:21:00,0.40194023
2026-02-09 06:22:00,0.41165066
2026-02-09 06:23:00,0.39523196
2026-02-09 06:24:00,0.44719663
2026-02-09 06:25:00,0.4436813
2026-02-09 06:26:00,0.48530966
2026-02-09 06:27:00,0.45067698
2026-02-09 06:28:00,0.4669315
2026-02-09 06:29:00,0.4697007
2026-02-09 06:30:00,0.4304751
2026-02-09 06:31:00,0.38181067
2026-02-09 06:32:00,0.4296233
2026-02-09 06:33:00,0.39629918
2026-02-09 06:34:00,0.3590228
2026-02-09 06:35:00,0.3608492
2026-02-09 06:36:00,0.393529
2026-02-09 06:37:00,0.3835841
2026-02-09 06:38:00,0.43917373
2026-02-09 06:39:00,0.44642708
2026-02-09 06:40:00,0.4378582
2026-02-09 06:41:00,0.4251814
2026-02-09 06:42:00,0.42390704
2026-02-09 06:43:00,0.45060796
2026-02-09 06:44:00,0.44559342
2026-02-09 06:45:00,0.44683188
2026-02-09 06:46:00,0.43942124
2026-02-09 06:47:00,0.42317218
2026-02-09 06:48:00,0.47608104
2026-02-09 06:49:00,0.42573723
2026-02-09 06:50:00,0.46954945
2026-02-09 06:51:00,0.42603156
2026-02-09 06:52:00,0.4266533
2026-02-09 06:53:00,0.33609062
2026-02-09 06:54:00,0.32481316
2026-02-09 06:55:00,0.38069022
2026-02-09 06:56:00,0.35707262
2026-02-09 06:57:00,0.37870362
2026-02-09 06:58:00,0.3396838
2026-02-09 06:59:00,0.362245
2026-02-09 07:00:00,0.6587212
2026-02-09 07:01:00,0.6412098
2026-02-09 07:02:00,0.5229564
2026-02-09 07:03:00,0.5147256
2026-02-09 07:04:00,0.53091675
2026-02-09 07:05:00,0.50602496
2026-02-09 07:06:00,0.48932537
2026-02-09 07:07:00,0.5341429
2026-02-09 07:08:00,0.5067208
2026-02-09 07:09:00,0.5806889
2026-02-09 07:10:00,0.5916989
2026-02-09 07:11:00,0.5598022
2026-02-09 07:12:00,0.5192656
2026-02-09 07:13:00,0.45170212
2026-02-09 07:14:00,0.42971885
2026-02-09 07:15:00,0.41274437
2026-02-09 07:16:00,0.38061655
2026-02-09 07:17:00,0.41754687
2026-02-09 07:18:00,0.38879985
2026-02-09 07:19:00,0.46202073
2026-02-09 07:20:00,0.4465979
2026-02-09 07:21:00,0.49335447
2026-02-09 07:22:00,0.45127076
2026-02-09 07:23:00,0.45418623
2026-02-09 07:24:00,0.430745
2026-02-09 07:25:00,0.4818953
2026-02-09 07:26:00,0.42354158
2026-02-09 07:27:00,0.43285748
2026-02-09 07:28:00,0.4497698
2026-02-09 07:29:00,0.48184174
2026-02-09 07:30:00,0.47016993
2026-02-09 07:31:00,0.5359252
2026-02-09 07:32:00,0.52832615
2026-02-09 07:33:00,0.51382875
2026-02-09 07:34:00,0.51671
2026-02-09 07:35:00,0.47806087
2026-02-09 07:36:00,0.49228388
2026-02-09 07:37:00,0.44148138
2026-02-09 07:38:00,0.4161349
2026-02-09 07:39:00,0.37648132
2026-02-09 07:40:00,0.31059712
2026-02-09 07:41:00,0.36538276
2026-02-09 07:42:00,0.34630185
2026-02-09 07:43:00,0.35091022
2026-02-09 07:44:00,0.33672664
2026-02-09 07:45:00,0.33534068
2026-02-09 07:46:00,0.3694251
2026-02-09 07:47:00,0.33060923
2026-02-09 07:48:00,0.39776883
2026-02-09 07:49:00,0.42120895
2026-02-09 07:50:00,0.38536555
2026-02-09 07:51:00,0.37542132
2026-02-09 07:52:00,0.3825502
2026-02-09 07:53:00,0.43430278
2026-02-09 07:54:00,0.44153106
2026-02-09 07:55:00,0.43755358
2026-02-09 07:56:00,0.42280427
2026-02-09 07:57:00,0.5124556
2026-02-09 07:58:00,0.4552639
2026-02-09 07:59:00,0.40952727
2026-02-09 08:00:00,0.6526938
2026-02-09 08:01:00,0.5741848
2026-02-09 08:02:00,0.5271767
2026-02-09 08:03:00,0.4499763
2026-02-09 08:04:00,0.42902824
2026-02-09 08:05:00,0.35951188
2026-02-09 08:06:00,0.3065589
2026-02-09 08:07:00,0.3541774
2026-02-09 08:08:00,0.34673595
2026-02-09 08:09:00,0.341189
2026-02-09 08:10:00,0.31569248
2026-02-09 08:11:00,0.40228698
2026-02-09 08:12:00,0.38202113
2026-02-09 08:13:00,0.34668165
2026-02-09 08:14:00,0.30325297
2026-02-09 08:15:00,0.30981338
2026-02-09 08:16:00,0.36137825
2026-02-09 08:17:00,0.40454447
2026-02-09 08:18:00,0.38115355
2026-02-09 08:19:00,0.4149843
2026-02-09 08:20:00,0.37500018
2026-02-09 08:21:00,0.37503412
2026-02-09 08:22:00,0.41372147
2026-02-09 08:23:00,0.4138536
2026-02-09 08:24:00,0.42144987
2026-02-09 08:25:00,0.50081164
2026-02-09 08:26:00,0.47426972
2026-02-09 08:27:00,0.44555417
2026-02-09 08:28:00,0.4196156
2026-02-09 08:29:00,0.37525243
2026-02-09 08:30:00,0.38165975
2026-02-09 08:31:00,0.3355086
2026-02-09 08:32:00,0.36091456
2026-02-09 08:33:00,0.3382786
2026-02-09 08:34:00,0.34041616
2026-02-09 08:35:00,0.38895446
2026-02-09 08:36:00,0.46922925
2026-02-09 08:37:00,0.50085455
2026-02-09 08:38:00,0.4760696
2026-02-09 08:39:00,0.48116872
2026-02-09 08:40:00,0.40406665
2026-02-09 08:41:00,0.38383606
2026-02-09 08:42:00,0.34558326
2026-02-09 08:43:00,0.34602934
2026-02-09 08:44:00,0.35205272
2026-02-09 08:45:00,0.3338924
2026-02-09 08:46:00,0.30034858
2026-02-09 08:47:00,0.29433993
2026-02-09 08:48:00,0.28665984
2026-02-09 08:49:00,0.30284882
2026-02-09 08:50:00,0.3019119
2026-02-09 08:51:00,0.34138316
2026-02-09 08:52:00,0.30220985
2026-02-09 08:53:00,0.30260074
2026-02-09 08:54:00,0.3359528
2026-02-09 08:55:00,0.3694109
2026-02-09 08:56:00,0.37372467
2026-02-09 08:57:00,0.37760964
2026-02-09 08:58:00,0.29597324
2026-02-09 08:59:00,0.28220186
2026-02-09 09:00:00,0.49272722
2026-02-09 09:01:00,0.48325804
2026-02-09 09:02:00,0.45149124
2026-02-09 09:03:00,0.44808704
2026-02-09 09:04:00,0.37567684
2026-02-09 09:05:00,0.3227778
2026-02-09 09:06:00,0.26547852
2026-02-09 09:07:00,0.3254729
2026-02-09 09:08:00,0.2980957
2026-02-09 09:09:00,0.3261806
2026-02-09 09:10:00,0.3831445
2026-02-09 09:11:00,0.39189374
2026-02-09 09:12:00,0.3651417
2026-02-09 09:13:00,0.3952342
2026-02-09 09:14:00,0.40968424
2026-02-09 09:15:00,0.38588554
2026-02-09 09:16:00,0.32425395
2026-02-09 09:17:00,0.3652065
2026-02-09 09:18:00,0.34276766
2026-02-09 09:19:00,0.33737478
2026-02-09 09:20:00,0.3351395
2026-02-09 09:21:00,0.30080348
2026-02-09 09:22:00,0.31388977
2026-02-09 09:23:00,0.26138648
2026-02-09 09:24:00,0.23803549
2026-02-09 09:25:00,0.23410235
2026-02-09 09:26:00,0.25529242
2026-02-09 09:27:00,0.31006464
2026-02-09 09:28:00,0.30304104
2026-02-09 09:29:00,0.32153413
2026-02-09 09:30:00,0.30189237
2026-02-09 09:31:00,0.38477835
2026-02-09 09:32:00,0.3557787
2026-02-09 09:33:00,0.39686906
2026-02-09 09:34:00,0.32373542
2026-02-09 09:35:00,0.36503586
2026-02-09 09:36:00,0.34289244
2026-02-09 09:37:00,0.35076997
2026-02-09 09:38:00,0.33884382
2026-02-09 09:39:00,0.3328489
2026-02-09 09:40:00,0.3458829
2026-02-09 09:41:00,0.29568034
2026-02-09 09:42:00,0.2593668
2026-02-09 09:43:00,0.32386693
2026-02-09 09:44:00,0.32394052
2026-02-09 09:45:00,0.35382405
2026-02-09 09:46:00,0.3085584
2026-02-09 09:47:00,0.34997177
2026-02-09 09:48:00,0.36490217
2026-02-09 09:49:00,0.2982248
2026-02-09 09:50:00,0.34794822
2026-02-09 09:51:00,0.3719051
2026-02-09 09:52:00,0.3468201
2026-02-09 09:53:00,0.35059237
2026-02-09 09:54:00,0.28070623
2026-02-09 09:55:00,0.26815253
2026-02-09 09:56:00,0.2384856
2026-02-09 09:57:00,0.2628797
2026-02-09 09:58:00,0.30401927
2026-02-09 09:59:00,0.24078073
2026-02-09 10:00:00,0.49303702
2026-02-09 10:01:00,0.5011379
2026-02-09 10:02:00,0.46746108
2026-02-09 10:03:00,0.46354237
2026-02-09 10:04:00,0.475595
2026-02-09 10:05:00,0.4517239
2026-02-09 10:06:00,0.41917837
2026-02-09 10:07:00,0.43211854
2026-02-09 10:08:00,0.39521345
2026-02-09 10:09:00,0.4000189
2026-02-09 10:10:00,0.3879755
2026-02-09 10:11:00,0.37744626
2026-02-09 10:12:00,0.37079808
2026-02-09 10:13:00,0.3780417
2026-02-09 10:14:00,0.40617794
2026-02-09 10:15:00,0.39436913
2026-02-09 10:16:00,0.37029356
2026-02-09 10:17:00,0.39062905
2026-02-09 10:18:00,0.4352005
2026-02-09 10:19:00,0.40222555
2026-02-09 10:20:00,0.3946133
2026-02-09 10:21:00,0.33806652
2026-02-09 10:22:00,0.31909385
2026-02-09 10:23:00,0.3124217
2026-02-09 10:24:00,0.35186958
2026-02-09 10:25:00,0.40571195
2026-02-09 10:26:00,0.4449685
2026-02-09 10:27:00,0.43864328
2026-02-09 10:28:00,0.44390324
2026-02-09 10:29:00,0.4119141
2026-02-09 10:30:00,0.4528758
2026-02-09 10:31:00,0.46228048
2026-02-09 10:32:00,0.46896753
2026-02-09 10:33:00,0.4406049
2026-02-09 10:34:00,0.39870405
2026-02-09 10:35:00,0.35606667
2026-02-09 10:36:00,0.2964763
2026-02-09 10:37:00,0.3353338
2026-02-09 10:38:00,0.3151859
2026-02-09 10:39:00,0.34878078
2026-02-09 10:40:00,0.33689904
2026-02-09 10:41:00,0.3309263
2026-02-09 10:42:00,0.3206592
2026-02-09 10:43:00,0.30276486
2026-02-09 10:44:00,0.29948774
2026-02-09 10:45:00,0.26606196
2026-02-09 10:46:00,0.25560972
2026-02-09 10:47:00,0.32683498
2026-02-09 10:48:00,0.2943769
2026-02-09 10:49:00,0.2580232
2026-02-09 10:50:00,0.2831649
2026-02-09 10:51:00,0.29563227
2026-02-09 10:52:00,0.33378184
2026-02-09 10:53:00,0.42158318
2026-02-09 10:54:00,0.3135574
2026-02-09 10:55:00,0.2798365
2026-02-09 10:56:00,0.28139737
2026-02-09 10:57:00,0.30931246
2026-02-09 10:58:00,0.32188815
2026-02-09 10:59:00,0.319438
2026-02-09 11:00:00,0.5548608
2026-02-09 11:01:00,0.5151173
2026-02-09 11:02:00,0.44688365
2026-02-09 11:03:00,0.4222059
2026-02-09 11:04:00,0.38420725
2026-02-09 11:05:00,0.39704385
2026-02-09 11:06:00,0.33073506
2026-02-09 11:07:00,0.3158747
2026-02-09 11:08:00,0.3476614
2026-02-09 11:09:00,0.33080035
2026-02-09 11:10:00,0.2549245
2026-02-09 11:11:00,0.27187163
2026-02-09 11:12:00,0.32695526
2026-02-09 11:13:00,0.29314148
2026-02-09 11:14:00,0.31061098
2026-02-09 11:15:00,0.32335714
2026-02-09 11:16:00,0.31486696
2026-02-09 11:17:00,0.33121458
2026-02-09 11:18:00,0.35050654
2026-02-09 11:19:00,0.41157937
2026-02-09 11:20:00,0.39970613
2026-02-09 11:21:00,0.42913428
2026-02-09 11:22:00,0.42033604
2026-02-09 11:23:00,0.34605035
2026-02-09 11:24:00,0.37636006
2026-02-09 11:25:00,0.33942452
2026-02-09 11:26:00,0.36861727
2026-02-09 11:27:00,0.34564924
2026-02-09 11:28:00,0.3723401
2026-02-09 11:29:00,0.37722072
2026-02-09 11:30:00,0.34218422
2026-02-09 11:31:00,0.33910435
2026-02-09 11:32:00,0.30956534
2026-02-09 11:33:00,0.33749655
2026-02-09 11:34:00,0.35898027
2026-02-09 11:35:00,0.43133095
2026-02-09 11:36:00,0.3762758
2026-02-09 11:37:00,0.35095507
2026-02-09 11:38:00,0.3485487
2026-02-09 11:39:00,0.33687326
2026-02-09 11:40:00,0.3664995
2026-02-09 11:41:00,0.38458514
2026-02-09 11:42:00,0.38219786
2026-02-09 11:43:00,0.4160861
2026-02-09 11:44:00,0.4337882
2026-02-09 11:45:00,0.41453257
2026-02-09 11:46:00,0.39574042
2026-02-09 11:47:00,0.34769085
2026-02-09 11:48:00,0.30317262
2026-02-09 11:49:00,0.27898127
2026-02-09 11:50:00,0.24506612
2026-02-09 11:51:00,0.2262909
2026-02-09 11:52:00,0.24699722
2026-02-09 11:53:00,0.24761917
2026-02-09 11:54:00,0.2686613
2026-02-09 11:55:00,0.23931313
2026-02-09 11:56:00,0.23457177
2026-02-09 11:57:00,0.2170002
2026-02-09 11:58:00,0.16801567
2026-02-09 11:59:00,0.18035462
2026-02-09 12:00:00,0.3541563
2026-02-09 12:01:00,0.40992108
2026-02-09 12:02:00,0.38040003
2026-02-09 12:03:00,0.42830738
2026-02-09 12:04:00,0.40180808
2026-02-09 12:05:00,0.40592375
2026-02-09 12:06:00,0.4425052
2026-02-09 12:07:00,0.32776153
2026-02-09 12:08:00,0.23544648
2026-02-09 12:09:00,0.28449744
2026-02-09 12:10:00,0.27508625
2026-02-09 12:11:00,0.29816788
2026-02-09 12:12:00,0.3281445
2026-02-09 12:13:00,0.3558314
2026-02-09 12:14:00,0.35725754
2026-02-09 12:15:00,0.3958047
2026-02-09 12:16:00,0.39954865
2026-02-09 12:17:00,0.35602462
2026-02-09 12:18:00,0.3245594
2026-02-09 12:19:00,0.30224064
2026-02-09 12:20:00,0.33088514
2026-02-09 12:21:00,0.31388757
2026-02-09 12:22:00,0.30256063
2026-02-09 12:23:00,0.34416968
2026-02-09 12:24:00,0.37511402
2026-02-09 12:25:00,0.3755703
2026-02-09 12:26:00,0.3776718
2026-02-09 12:27:00,0.41288716
2026-02-09 12:28:00,0.40385205
2026-02-09 12:29:00,0.37434486
2026-02-09 12:30:00,0.36688697
2026-02-09 12:31:00,0.3207467
2026-02-09 12:32:00,0.34762284
2026-02-09 12:33:00,0.3148872
2026-02-09 12:34:00,0.34250805
2026-02-09 12:35:00,0.38461724
2026-02-09 12:36:00,0.39256734
2026-02-09 12:37:00,0.33395734
2026-02-09 12:38:00,0.279513
2026-02-09 12:39:00,0.26568383
2026-02-09 12:40:00,0.28087038
2026-02-09 12:41:00,0.24065104
2026-02-09 12:42:00,0.256949
2026-02-09 12:43:00,0.25522763
2026-02-09 12:44:00,0.24364614
2026-02-09 12:45:00,0.16720444
2026-02-09 12:46:00,0.19306722
2026-02-09 12:47:00,0.28333226
2026-02-09 12:48:00,0.23187205
2026-02-09 12:49:00,0.29801568
2026-02-09 12:50:00,0.30985585
2026-02-09 12:51:00,0.23963864
2026-02-09 12:52:00,0.27754122
2026-02-09 12:53:00,0.24335146
2026-02-09 12:54:00,0.28550354
2026-02-09 12:55:00,0.32269886
2026-02-09 12:56:00,0.34592327
2026-02-09 12:57:00,0.36543503
2026-02-09 12:58:00,0.3332336
2026-02-09 12:59:00,0.32588184
2026-02-09 13:00:00,0.5472718
2026-02-09 13:01:00,0.45880127
2026-02-09 13:02:00,0.43472174
2026-02-09 13:03:00,0.4062252
2026-02-09 13:04:00,0.2802521
2026-02-09 13:05:00,0.30824292
2026-02-09 13:06:00,0.27592468
2026-02-09 13:07:00,0.25094053
2026-02-09 13:08:00,0.27941328
2026-02-09 13:09:00,0.24716184
2026-02-09 13:10:00,0.2201458
2026-02-09 13:11:00,0.22515725
2026-02-09 13:12:00,0.26894343
2026-02-09 13:13:00,0.2558756
2026-02-09 13:14:00,0.24794179
2026-02-09 13:15:00,0.23975888
2026-02-09 13:16:00,0.23413597
2026-02-09 13:17:00,0.25764248
2026-02-09 13:18:00,0.26377836
2026-02-09 13:19:00,0.18970537
2026-02-09 13:20:00,0.25548586
2026-02-09 13:21:00,0.18731362
2026-02-09 13:22:00,0.13352372
2026-02-09 13:23:00,0.11639791
2026-02-09 13:24:00,0.15510598
2026-02-09 13:25:00,0.09123589
2026-02-09 13:26:00,0.1402253
2026-02-09 13:27:00,0.15999143
2026-02-09 13:28:00,0.115696356
2026-02-09 13:29:00,0.055143718
2026-02-09 13:30:00,0.09483787
2026-02-09 13:31:00,0.12327418
2026-02-09 13:32:00,0.14584641
2026-02-09 13:33:00,0.14193125
2026-02-09 13:34:00,0.14832357
2026-02-09 13:35:00,0.10981562
2026-02-09 13:36:00,0.0979829
2026-02-09 13:37:00,0.15629944
2026-02-09 13:38:00,0.22090031
2026-02-09 13:39:00,0.18677591
2026-02-09 13:40:00,0.21283215
2026-02-09 13:41:00,0.21810488
2026-02-09 13:42:00,0.22095796
2026-02-09 13:43:00,0.20239899
2026-02-09 13:44:00,0.20100969
2026-02-09 13:45:00,0.21486047
2026-02-09 13:46:00,0.2297091
2026-02-09 13:47:00,0.2746739
2026-02-09 13:48:00,0.27896333
2026-02-09 13:49:00,0.27913263
2026-02-09 13:50:00,0.2433989
2026-02-09 13:51:00,0.16113317
2026-02-09 13:52:00,0.21303192
2026-02-09 13:53:00,0.21863839
2026-02-09 13:54:00,0.23706359
2026-02-09 13:55:00,0.2530527
2026-02-09 13:56:00,0.2423694
2026-02-09 13:57:00,0.23287791
2026-02-09 13:58:00,0.24032009
2026-02-09 13:59:00,0.19305076
2026-02-09 14:00:00,0.464657
2026-02-09 14:01:00,0.38893276
2026-02-09 14:02:00,0.30556446
2026-02-09 14:03:00,0.22942154
2026-02-09 14:04:00,0.2256022
2026-02-09 14:05:00,0.23644188
2026-02-09 14:06:00,0.20450206
2026-02-09 14:07:00,0.18001069
2026-02-09 14:08:00,0.19244984
2026-02-09 14:09:00,0.21036837
2026-02-09 14:10:00,0.22600129
2026-02-09 14:11:00,0.22622763
2026-02-09 14:12:00,0.21023437
2026-02-09 14:13:00,0.16768752
2026-02-09 14:14:00,0.2006203
2026-02-09 14:15:00,0.18784282
2026-02-09 14:16:00,0.17011276
2026-02-09 14:17:00,0.149781
2026-02-09 14:18:00,0.16300647
2026-02-09 14:19:00,0.16662039
2026-02-09 14:20:00,0.14893822
2026-02-09 14:21:00,0.15713055
2026-02-09 14:22:00,0.19044337
2026-02-09 14:23:00,0.20588025
2026-02-09 14:24:00,0.24672572
2026-02-09 14:25:00,0.23455206
2026-02-09 14:26:00,0.28232267
2026-02-09 14:27:00,0.32846898
2026-02-09 14:28:00,0.29818463
2026-02-09 14:29:00,0.29066873
2026-02-09 14:30:00,0.22258866
2026-02-09 14:31:00,0.19517052
2026-02-09 14:32:00,0.2382864
2026-02-09 14:33:00,0.2285393
2026-02-09 14:34:00,0.18023771
2026-02-09 14:35:00,0.14148733
2026-02-09 14:36:00,0.17909598
2026-02-09 14:37:00,0.1432981
2026-02-09 14:38:00,0.21084543
2026-02-09 14:39:00,0.2278798
2026-02-09 14:40:00,0.1705427
2026-02-09 14:41:00,0.11513758
2026-02-09 14:42:00,0.15677194
2026-02-09 14:43:00,0.22552732
2026-02-09 14:44:00,0.28712824
2026-02-09 14:45:00,0.2778749
2026-02-09 14:46:00,0.25915778
2026-02-09 14:47:00,0.21546689
2026-02-09 14:48:00,0.25130245
2026-02-09 14:49:00,0.28253692
2026-02-09 14:50:00,0.26126426
2026-02-09 14:51:00,0.26826108
2026-02-09 14:52:00,0.257036
2026-02-09 14:53:00,0.2028659
2026-02-09 14:54:00,0.2325895
2026-02-09 14:55:00,0.2598252
2026-02-09 14:56:00,0.1997526
2026-02-09 14:57:00,0.1783649
2026-02-09 14:58:00,0.20272474
2026-02-09 14:59:00,0.19358003
2026-02-09 15:00:00,0.4495136
2026-02-09 15:01:00,0.44297948
2026-02-09 15:02:00,0.35709485
2026-02-09 15:03:00,0.27278224
2026-02-09 15:04:00,0.25357077
2026-02-09 15:05:00,0.23116077
2026-02-09 15:06:00,0.23383816
2026-02-09 15:07:00,0.23478095
2026-02-09 15:08:00,0.24866939
2026-02-09 15:09:00,0.30070874
2026-02-09 15:10:00,0.3386815
2026-02-09 15:11:00,0.3373155
2026-02-09 15:12:00,0.3251626
2026-02-09 15:13:00,0.3233791
2026-02-09 15:14:00,0.3341206
2026-02-09 15:15:00,0.3203503
2026-02-09 15:16:00,0.22866757
2026-02-09 15:17:00,0.20801249
2026-02-09 15:18:00,0.20009917
2026-02-09 15:19:00,0.18805052
2026-02-09 15:20:00,0.18841891
2026-02-09 15:21:00,0.15583657
2026-02-09 15:22:00,0.13356696
2026-02-09 15:23:00,0.16662908
2026-02-09 15:24:00,0.08298706
2026-02-09 15:25:00,0.05480722
2026-02-09 15:26:00,0.057985146
2026-02-09 15:27:00,0.08675669
2026-02-09 15:28:00,0.072284736
2026-02-09 15:29:00,0.103252836
2026-02-09 15:30:00,0.16286622
2026-02-09 15:31:00,0.114904724
2026-02-09 15:32:00,0.09727676
2026-02-09 15:33:00,0.1316851
2026-02-09 15:34:00,0.16705276
2026-02-09 15:35:00,0.1745718
2026-02-09 15:36:00,0.14387548
2026-02-09 15:37:00,0.10822642
2026-02-09 15:38:00,0.13959081
2026-02-09 15:39:00,0.06541822
2026-02-09 15:40:00,0.051667877
2026-02-09 15:41:00,0.04781562
2026-02-09 15:42:00,0.074564554
2026-02-09 15:43:00,0.08510805
2026-02-09 15:44:00,0.12745604
2026-02-09 15:45:00,0.045610074
2026-02-09 15:46:00,0.062358998
2026-02-09 15:47:00,0.07158784
2026-02-09 15:48:00,0.06526762
2026-02-09 15:49:00,0.11397792
2026-02-09 15:50:00,0.098351136
2026-02-09 15:51:00,0.13520125
2026-02-09 15:52:00,0.11268974
2026-02-09 15:53:00,0.11091031
2026-02-09 15:54:00,0.12454849
2026-02-09 15:55:00,0.10897364
2026-02-09 15:56:00,0.079383545
2026-02-09 15:57:00,0.11309194
2026-02-09 15:58:00,0.06320493
2026-02-09 15:59:00,0.06043665
2026-02-09 16:00:00,0.27335137
2026-02-09 16:01:00,0.26596498
2026-02-09 16:02:00,0.21798879
2026-02-09 16:03:00,0.1280521
2026-02-09 16:04:00,0.062023535
2026-02-09 16:05:00,0.047426738
2026-02-09 16:06:00,0.04
2026-02-09 16:07:00,0.06498197
2026-02-09 16:08:00,0.09360906
2026-02-09 16:09:00,0.05164239
2026-02-09 16:10:00,0.0630038
2026-02-09 16:11:00,0.06484978
2026-02-09 16:12:00,0.06279028
2026-02-09 16:13:00,0.09443625
2026-02-09 16:14:00,0.08986398
2026-02-09 16:15:00,0.06708217
2026-02-09 16:16:00,0.09374087
2026-02-09 16:17:00,0.09291455
2026-02-09 16:18:00,0.07267066
2026-02-09 16:19:00,0.14490078
2026-02-09 16:20:00,0.15094413
2026-02-09 16:21:00,0.15225843
2026-02-09 16:22:00,0.15068388
2026-02-09 16:23:00,0.13376518
2026-02-09 16:24:00,0.083553106
2026-02-09 16:25:00,0.06792341
2026-02-09 16:26:00,0.08823761
2026-02-09 16:27:00,0.11446191
2026-02-09 16:28:00,0.09047118
2026-02-09 16:29:00,0.09844104
2026-02-09 16:30:00,0.07895899
2026-02-09 16:31:00,0.07988767
2026-02-09 16:32:00,0.11721178
2026-02-09 16:33:00,0.18084632
2026-02-09 16:34:00,0.14426221
2026-02-09 16:35:00,0.15711185
2026-02-09 16:36:00,0.12161656
2026-02-09 16:37:00,0.106252626
2026-02-09 16:38:00,0.1415067
2026-02-09 16:39:00,0.099602506
2026-02-09 16:40:00,0.043914873
2026-02-09 16:41:00,0.08097659
2026-02-09 16:42:00,0.12064793
2026-02-09 16:43:00,0.0914175
2026-02-09 16:44:00,0.086517036
2026-02-09 16:45:00,0.091606855
2026-02-09 16:46:00,0.15029283
2026-02-09 16:47:00,0.18308443
2026-02-09 16:48:00,0.22880991
2026-02-09 16:49:00,0.23442332
2026-02-09 16:50:00,0.19433822
2026-02-09 16:51:00,0.18750368
2026-02-09 16:52:00,0.22422394
2026-02-09 16:53:00,0.21082409
2026-02-09 16:54:00,0.20321424
2026-02-09 16:55:00,0.1414422
2026-02-09 16:56:00,0.0960286
2026-02-09 16:57:00,0.16858906
2026-02-09 16:58:00,0.116478726
2026-02-09 16:59:00,0.11331756
2026-02-09 17:00:00,0.3513669
2026-02-09 17:01:00,0.26636472
2026-02-09 17:02:00,0.20952767
2026-02-09 17:03:00,0.11850123
2026-02-09 17:04:00,0.11351419
2026-02-09 17:05:00,0.0832423
2026-02-09 17:06:00,0.058159746
2026-02-09 17:07:00,0.05965963
2026-02-09 17:08:00,0.07986611
2026-02-09 17:09:00,0.14463589
2026-02-09 17:10:00,0.09621717
2026-02-09 17:11:00,0.098109916
2026-02-09 17:12:00,0.10964269
2026-02-09 17:13:00,0.07703862
2026-02-09 17:14:00,0.11336741
2026-02-09 17:15:00,0.16990784
2026-02-09 17:16:00,0.1323268
2026-02-09 17:17:00,0.18421626
2026-02-09 17:18:00,0.1830092
2026-02-09 17:19:00,0.18506233
2026-02-09 17:20:00,0.2239439
2026-02-09 17:21:00,0.20033151
2026-02-09 17:22:00,0.21906485
2026-02-09 17:23:00,0.22233391
2026-02-09 17:24:00,0.2592016
2026-02-09 17:25:00,0.23321107
2026-02-09 17:26:00,0.20093197
2026-02-09 17:27:00,0.21052231
2026-02-09 17:28:00,0.20781314
2026-02-09 17:29:00,0.15574025
2026-02-09 17:30:00,0.15369171
2026-02-09 17:31:00,0.16898367
2026-02-09 17:32:00,0.1747558
2026-02-09 17:33:00,0.14865193
2026-02-09 17:34:00,0.13367446
2026-02-09 17:35:00,0.1534578
2026-02-09 17:36:00,0.16584878
2026-02-09 17:37:00,0.1476952
2026-02-09 17:38:00,0.09442535
2026-02-09 17:39:00,0.04
2026-02-09 17:40:00,0.09655528
2026-02-09 17:41:00,0.10504437
2026-02-09 17:42:00,0.094721936
2026-02-09 17:43:00,0.12844273
2026-02-09 17:44:00,0.09839386
2026-02-09 17:45:00,0.09941884
2026-02-09 17:46:00,0.14892562
2026-02-09 17:47:00,0.08849381
2026-02-09 17:48:00,0.09496726
2026-02-09 17:49:00,0.052080195
2026-02-09 17:50:00,0.04038572
2026-02-09 17:51:00,0.04
2026-02-09 17:52:00,0.04
2026-02-09 17:53:00,0.08995578
2026-02-09 17:54:00,0.06378321
2026-02-09 17:55:00,0.07477256
2026-02-09 17:56:00,0.13464914
2026-02-09 17:57:00,0.16423763
2026-02-09 17:58:00,0.18563575
2026-02-09 17:59:00,0.15742175
2026-02-09 18:00:00,0.33939955
2026-02-09 18:01:00,0.3056576
2026-02-09 18:02:00,0.21451461
2026-02-09 18:03:00,0.04779557
2026-02-09 18:04:00,0.04
2026-02-09 18:05:00,0.04
2026-02-09 18:06:00,0.0453616
2026-02-09 18:07:00,0.099425375
2026-02-09 18:08:00,0.12689668
2026-02-09 18:09:00,0.15637326
2026-02-09 18:10:00,0.14030358
2026-02-09 18:11:00,0.16835701
2026-02-09 18:12:00,0.20768245
2026-02-09 18:13:00,0.14224768
2026-02-09 18:14:00,0.04
2026-02-09 18:15:00,0.04
2026-02-09 18:16:00,0.041484587
2026-02-09 18:17:00,0.04
2026-02-09 18:18:00,0.04
2026-02-09 18:19:00,0.04
2026-02-09 18:20:00,0.053039473
2026-02-09 18:21:00,0.0726925
2026-02-09 18:22:00,0.06946883
2026-02-09 18:23:00,0.06205066
2026-02-09 18:24:00,0.04
2026-02-09 18:25:00,0.04619303
2026-02-09 18:26:00,0.04
2026-02-09 18:27:00,0.049208805
2026-02-09 18:28:00,0.07396849
2026-02-09 18:29:00,0.11737745
2026-02-09 18:30:00,0.08900385
2026-02-09 18:31:00,0.074662626
2026-02-09 18:32:00,0.09833094
2026-02-09 18:33:00,0.17691888
2026-02-09 18:34:00,0.21232419
2026-02-09 18:35:00,0.22703278
2026-02-09 18:36:00,0.16402413
2026-02-09 18:37:00,0.15665638
2026-02-09 18:38:00,0.11450304
2026-02-09 18:39:00,0.14640416
2026-02-09 18:40:00,0.16029534
2026-02-09 18:41:00,0.20809744
2026-02-09 18:42:00,0.17745252
2026-02-09 18:43:00,0.165587
2026-02-09 18:44:00,0.17880441
2026-02-09 18:45:00,0.2217716
2026-02-09 18:46:00,0.22540495
2026-02-09 18:47:00,0.20232312
2026-02-09 18:48:00,0.2172099
2026-02-09 18:49:00,0.16177297
2026-02-09 18:50:00,0.16446605
2026-02-09 18:51:00,0.16936602
2026-02-09 18:52:00,0.13890684
2026-02-09 18:53:00,0.17261274
2026-02-09 18:54:00,0.17368513
2026-02-09 18:55:00,0.17667738
2026-02-09 18:56:00,0.2072146
2026-02-09 18:57:00,0.21549082
2026-02-09 18:58:00,0.2178417
2026-02-09 18:59:00,0.22139974
2026-02-09 19:00:00,0.45976222
2026-02-09 19:01:00,0.41506854
2026-02-09 19:02:00,0.30424178
2026-02-09 19:03:00,0.23083776
2026-02-09 19:04:00,0.19236712
2026-02-09 19:05:00,0.2139127
2026-02-09 19:06:00,0.18125746
2026-02-09 19:07:00,0.17601663
2026-02-09 19:08:00,0.14186035
2026-02-09 19:09:00,0.132112
2026-02-09 19:10:00,0.1561169
2026-02-09 19:11:00,0.12786604
2026-02-09 19:12:00,0.1422933
2026-02-09 19:13:00,0.108625285
2026-02-09 19:14:00,0.18673477
2026-02-09 19:15:00,0.16872795
2026-02-09 19:16:00,0.2423837
2026-02-09 19:17:00,0.21236555
2026-02-09 19:18:00,0.20119224
2026-02-09 19:19:00,0.19916457
2026-02-09 19:20:00,0.15540898
2026-02-09 19:21:00,0.16230914
2026-02-09 19:22:00,0.17797294
2026-02-09 19:23:00,0.12139994
2026-02-09 19:24:00,0.12786408
2026-02-09 19:25:00,0.17454207
2026-02-09 19:26:00,0.13322726
2026-02-09 19:27:00,0.0925298
2026-02-09 19:28:00,0.07545311
2026-02-09 19:29:00,0.09766734
2026-02-09 19:30:00,0.07748384
2026-02-09 19:31:00,0.04
2026-02-09 19:32:00,0.04
2026-02-09 19:33:00,0.04
2026-02-09 19:34:00,0.04
2026-02-09 19:35:00,0.08106026
2026-02-09 19:36:00,0.13487536
2026-02-09 19:37:00,0.14726298
2026-02-09 19:38:00,0.17279889
2026-02-09 19:39:00,0.1119019
2026-02-09 19:40:00,0.11349297
2026-02-09 19:41:00,0.12954645
2026-02-09 19:42:00,0.06773069
2026-02-09 19:43:00,0.079758406
2026-02-09 19:44:00,0.08364232
2026-02-09 19:45:00,0.097991005
2026-02-09 19:46:00,0.08099393
2026-02-09 19:47:00,0.06883907
2026-02-09 19:48:00,0.06298249
2026-02-09 19:49:00,0.048087228
2026-02-09 19:50:00,0.07381552
2026-02-09 19:51:00,0.14696233
2026-02-09 19:52:00,0.16893004
2026-02-09 19:53:00,0.20171541
2026-02-09 19:54:00,0.19642265
2026-02-09 19:55:00,0.1791395
2026-02-09 19:56:00,0.11722207
2026-02-09 19:57:00,0.09956251
2026-02-09 19:58:00,0.09194573
2026-02-09 19:59:00,0.10986455
2026-02-09 20:00:00,0.39019895
2026-02-09 20:01:00,0.36270723
2026-02-09 20:02:00,0.34234506
2026-02-09 20:03:00,0.21595281
2026-02-09 20:04:00,0.1682904
2026-02-09 20:05:00,0.15588821
2026-02-09 20:06:00,0.13952795
2026-02-09 20:07:00,0.16054893
2026-02-09 20:08:00,0.21487749
2026-02-09 20:09:00,0.1904266
2026-02-09 20:10:00,0.18228595
2026-02-09 20:11:00,0.22754563
2026-02-09 20:12:00,0.22250511
2026-02-09 20:13:00,0.18446258
2026-02-09 20:14:00,0.23550892
2026-02-09 20:15:00,0.20754153
2026-02-09 20:16:00,0.21578667
2026-02-09 20:17:00,0.21612066
2026-02-09 20:18:00,0.19831799
2026-02-09 20:19:00,0.17955917
2026-02-09 20:20:00,0.17063102
2026-02-09 20:21:00,0.17353551
2026-02-09 20:22:00,0.15662344
2026-02-09 20:23:00,0.24312623
2026-02-09 20:24:00,0.21836887
2026-02-09 20:25:00,0.25229537
2026-02-09 20:26:00,0.31643352
2026-02-09 20:27:00,0.27176854
2026-02-09 20:28:00,0.2624925
2026-02-09 20:29:00,0.22524485
2026-02-09 20:30:00,0.20781417
2026-02-09 20:31:00,0.20353389
2026-02-09 20:32:00,0.19239841
2026-02-09 20:33:00,0.15523441
2026-02-09 20:34:00,0.16753769
2026-02-09 20:35:00,0.15567997
2026-02-09 20:36:00,0.13552213
2026-02-09 20:37:00,0.18710473
2026-02-09 20:38:00,0.17474668
2026-02-09 20:39:00,0.13668096
2026-02-09 20:40:00,0.15133831
2026-02-09 20:41:00,0.16314696
2026-02-09 20:42:00,0.11561066
2026-02-09 20:43:00,0.08510107
2026-02-09 20:44:00,0.098156765
2026-02-09 20:45:00,0.1405162
2026-02-09 20:46:00,0.17047219
2026-02-09 20:47:00,0.16070677
2026-02-09 20:48:00,0.13818042
2026-02-09 20:49:00,0.15582891
2026-02-09 20:50:00,0.1101509
2026-02-09 20:51:00,0.057296477
2026-02-09 20:52:00,0.124626905
2026-02-09 20:53:00,0.087995484
2026-02-09 20:54:00,0.0765617
2026-02-09 20:55:00,0.07822875
2026-02-09 20:56:00,0.046984725
2026-02-09 20:57:00,0.07062776
2026-02-09 20:58:00,0.09911644
2026-02-09 20:59:00,0.117101245
2026-02-09 21:00:00,0.28466293
2026-02-09 21:01:00,0.24986908
2026-02-09 21:02:00,0.26941365
2026-02-09 21:03:00,0.20267203
2026-02-09 21:04:00,0.23803225
2026-02-09 21:05:00,0.20624457
2026-02-09 21:06:00,0.17704551
2026-02-09 21:07:00,0.122391745
2026-02-09 21:08:00,0.11177086
2026-02-09 21:09:00,0.11784803
2026-02-09 21:10:00,0.1167543
2026-02-09 21:11:00,0.10557849
2026-02-09 21:12:00,0.10981572
2026-02-09 21:13:00,0.18206072
2026-02-09 21:14:00,0.17044026
2026-02-09 21:15:00,0.16146903
2026-02-09 21:16:00,0.17210916
2026-02-09 21:17:00,0.19523849
2026-02-09 21:18:00,0.20528635
2026-02-09 21:19:00,0.15917607
2026-02-09 21:20:00,0.16398261
2026-02-09 21:21:00,0.17333761
2026-02-09 21:22:00,0.18336421
2026-02-09 21:23:00,0.17565906
2026-02-09 21:24:00,0.18098456
2026-02-09 21:25:00,0.17214772
2026-02-09 21:26:00,0.13405955
2026-02-09 21:27:00,0.15791054
2026-02-09 21:28:00,0.13411622
2026-02-09 21:29:00,0.12774548
2026-02-09 21:30:00,0.08661394
2026-02-09 21:31:00,0.18812945
2026-02-09 21:32:00,0.18490207
2026-02-09 21:33:00,0.15833145
2026-02-09 21:34:00,0.177988
2026-02-09 21:35:00,0.24502034
2026-02-09 21:36:00,0.15945658
2026-02-09 21:37:00,0.17008068
2026-02-09 21:38:00,0.19896673
2026-02-09 21:39:00,0.23664048
2026-02-09 21:40:00,0.21286772
2026-02-09 21:41:00,0.21483782
2026-02-09 21:42:00,0.23271796
2026-02-09 21:43:00,0.24683018
2026-02-09 21:44:00,0.2692862
2026-02-09 21:45:00,0.26705945
2026-02-09 21:46:00,0.32562804
2026-02-09 21:47:00,0.271677
2026-02-09 21:48:00,0.2658245
2026-02-09 21:49:00,0.30054435
2026-02-09 21:50:00,0.3131762
2026-02-09 21:51:00,0.29433322
2026-02-09 21:52:00,0.3298556
2026-02-09 21:53:00,0.34526655
2026-02-09 21:54:00,0.36292166
2026-02-09 21:55:00,0.2516486
2026-02-09 21:56:00,0.2922782
2026-02-09 21:57:00,0.21753831
2026-02-09 21:58:00,0.17279182
2026-02-09 21:59:00,0.1690025
2026-02-09 22:00:00,0.41598055
2026-02-09 22:01:00,0.40313625
2026-02-09 22:02:00,0.352111
2026-02-09 22:03:00,0.21257208
2026-02-09 22:04:00,0.17571162
2026-02-09 22:05:00,0.1658355
2026-02-09 22:06:00,0.20720477
2026-02-09 22:07:00,0.18921125
2026-02-09 22:08:00,0.17194036
2026-02-09 22:09:00,0.16108996
2026-02-09 22:10:00,0.19949561
2026-02-09 22:11:00,0.22777481
2026-02-09 22:12:00,0.21420331
2026-02-09 22:13:00,0.23035413
2026-02-09 22:14:00,0.17439726
2026-02-09 22:15:00,0.15058509
2026-02-09 22:16:00,0.13548662
2026-02-09 22:17:00,0.16161826
2026-02-09 22:18:00,0.105694965
2026-02-09 22:19:00,0.1717944
2026-02-09 22:20:00,0.18930578
2026-02-09 22:21:00,0.15646864
2026-02-09 22:22:00,0.18039228
2026-02-09 22:23:00,0.18828061
2026-02-09 22:24:00,0.19634116
2026-02-09 22:25:00,0.18120952
2026-02-09 22:26:00,0.10750509
2026-02-09 22:27:00,0.11105921
2026-02-09 22:28:00,0.16879721
2026-02-09 22:29:00,0.20083232
2026-02-09 22:30:00,0.12104506
2026-02-09 22:31:00,0.15332235
2026-02-09 22:32:00,0.19267172
2026-02-09 22:33:00,0.18493411
2026-02-09 22:34:00,0.17469747
2026-02-09 22:35:00,0.14745125
2026-02-09 22:36:00,0.12537524
2026-02-09 22:37:00,0.23406601
2026-02-09 22:38:00,0.24668992
2026-02-09 22:39:00,0.23455574
2026-02-09 22:40:00,0.21852596
2026-02-09 22:41:00,0.23834328
2026-02-09 22:42:00,0.27663776
2026-02-09 22:43:00,0.24834213
2026-02-09 22:44:00,0.21936552
2026-02-09 22:45:00,0.20007546
2026-02-09 22:46:00,0.22784723
2026-02-09 22:47:00,0.26163757
2026-02-09 22:48:00,0.23211631
2026-02-09 22:49:00,0.17797115
2026-02-09 22:50:00,0.19643286
2026-02-09 22:51:00,0.22522455
2026-02-09 22:52:00,0.35982165
2026-02-09 22:53:00,0.24654864
2026-02-09 22:54:00,0.25295147
2026-02-09 22:55:00,0.2936966
2026-02-09 22:56:00,0.23143403
2026-02-09 22:57:00,0.22598937
2026-02-09 22:58:00,0.25524083
2026-02-09 22:59:00,0.30142692
2026-02-09 23:00:00,0.5389959
2026-02-09 23:01:00,0.53045017
2026-02-09 23:02:00,0.5045657
2026-02-09 23:03:00,0.38104284
2026-02-09 23:04:00,0.3213704
2026-02-09 23:05:00,0.2704822
2026-02-09 23:06:00,0.26981607
2026-02-09 23:07:00,0.29683372
2026-02-09 23:08:00,0.31221884
2026-02-09 23:09:00,0.29825166
2026-02-09 23:10:00,0.3037503
2026-02-09 23:11:00,0.27337083
2026-02-09 23:12:00,0.27409184
2026-02-09 23:13:00,0.2675075
2026-02-09 23:14:00,0.25142956
2026-02-09 23:15:00,0.25257614
2026-02-09 23:16:00,0.2919068
2026-02-09 23:17:00,0.21522439
2026-02-09 23:18:00,0.2669491
2026-02-09 23:19:00,0.33120796
2026-02-09 23:20:00,0.32090083
2026-02-09 23:21:00,0.3212783
2026-02-09 23:22:00,0.35353515
2026-02-09 23:23:00,0.32578972
2026-02-09 23:24:00,0.27622306
2026-02-09 23:25:00,0.2399629
2026-02-09 23:26:00,0.29651958
2026-02-09 23:27:00,0.23937388
2026-02-09 23:28:00,0.24675079
2026-02-09 23:29:00,0.23317307
2026-02-09 23:30:00,0.23293322
2026-02-09 23:31:00,0.20223998
2026-02-09 23:32:00,0.18064387
2026-02-09 23:33:00,0.21017
2026-02-09 23:34:00,0.21133722
2026-02-09 23:35:00,0.13860568
2026-02-09 23:36:00,0.058499947
2026-02-09 23:37:00,0.102997005
2026-02-09 23:38:00,0.11121656
2026-02-09 23:39:00,0.13164172
2026-02-09 23:40:00,0.11783401
2026-02-09 23:41:00,0.17177744
2026-02-09 23:42:00,0.21624823
2026-02-09 23:43:00,0.29822454
2026-02-09 23:44:00,0.29344073
2026-02-09 23:45:00,0.29386145
2026-02-09 23:46:00,0.37271345
2026-02-09 23:47:00,0.35807195
2026-02-09 23:48:00,0.35313642
2026-02-09 23:49:00,0.35128695
2026-02-09 23:50:00,0.31983954
2026-02-09 23:51:00,0.3219049
2026-02-09 23:52:00,0.34237322
2026-02-09 23:53:00,0.3242496
2026-02-09 23:54:00,0.3378746
2026-02-09 23:55:00,0.3086346
2026-02-09 23:56:00,0.34122568
2026-02-09 23:57:00,0.388293
2026-02-09 23:58:00,0.35430798
2026-02-09 23:59:00,0.3382642
2026-02-10 00:00:00,0.5300349
2026-02-10 00:01:00,0.5152173
2026-02-10 00:02:00,0.41220424
2026-02-10 00:03:00,0.37603006
2026-02-10 00:04:00,0.3428248
2026-02-10 00:05:00,0.33228573
2026-02-10 00:06:00,0.34258384
2026-02-10 00:07:00,0.35401616
2026-02-10 00:08:00,0.32344484
2026-02-10 00:09:00,0.31180793
2026-02-10 00:10:00,0.2891492
2026-02-10 00:11:00,0.39237854
2026-02-10 00:12:00,0.4133395
2026-02-10 00:13:00,0.38068572
2026-02-10 00:14:00,0.41228896
2026-02-10 00:15:00,0.51899064
2026-02-10 00:16:00,0.5228229
2026-02-10 00:17:00,0.47811058
2026-02-10 00:18:00,0.4437266
2026-02-10 00:19:00,0.43957415
2026-02-10 00:20:00,0.49230805
2026-02-10 00:21:00,0.46154523
2026-02-10 00:22:00,0.46321824
2026-02-10 00:23:00,0.45222327
2026-02-10 00:24:00,0.42519888
2026-02-10 00:25:00,0.3935668
2026-02-10 00:26:00,0.3906366
2026-02-10 00:27:00,0.38157648
2026-02-10 00:28:00,0.3920765
2026-02-10 00:29:00,0.35419884
2026-02-10 00:30:00,0.3605751
2026-02-10 00:31:00,0.35377753
2026-02-10 00:32:00,0.32813075
2026-02-10 00:33:00,0.2989865
2026-02-10 00:34:00,0.2927741
2026-02-10 00:35:00,0.30619204
2026-02-10 00:36:00,0.27575144
2026-02-10 00:37:00,0.27213523
2026-02-10 00:38:00,0.2290045
2026-02-10 00:39:00,0.22532217
2026-02-10 00:40:00,0.24323563
2026-02-10 00:41:00,0.2572188
2026-02-10 00:42:00,0.26342028
2026-02-10 00:43:00,0.2823533
2026-02-10 00:44:00,0.2820414
2026-02-10 00:45:00,0.2627796
2026-02-10 00:46:00,0.2558859
2026-02-10 00:47:00,0.21229333
2026-02-10 00:48:00,0.277339
2026-02-10 00:49:00,0.23566101
2026-02-10 00:50:00,0.24793595
2026-02-10 00:51:00,0.23401219
2026-02-10 00:52:00,0.17279461
2026-02-10 00:53:00,0.17748246
2026-02-10 00:54:00,0.2161155
2026-02-10 00:55:00,0.24906626
2026-02-10 00:56:00,0.3107581
2026-02-10 00:57:00,0.32339063
2026-02-10 00:58:00,0.3079221
2026-02-10 00:59:00,0.3348669
2026-02-10 01:00:00,0.5829601
2026-02-10 01:01:00,0.57515997
2026-02-10 01:02:00,0.55254555
2026-02-10 01:03:00,0.5077338
2026-02-10 01:04:00,0.47032723
2026-02-10 01:05:00,0.4549011
2026-02-10 01:06:00,0.48343417
2026-02-10 01:07:00,0.47861782
2026-02-10 01:08:00,0.45803264
2026-02-10 01:09:00,0.4102671
2026-02-10 01:10:00,0.3863303
2026-02-10 01:11:00,0.409152
2026-02-10 01:12:00,0.35336918
2026-02-10 01:13:00,0.3673516
2026-02-10 01:14:00,0.38613757
2026-02-10 01:15:00,0.37302318
2026-02-10 01:16:00,0.34651133
2026-02-10 01:17:00,0.2834288
2026-02-10 01:18:00,0.26643404
2026-02-10 01:19:00,0.33645788
2026-02-10 01:20:00,0.31454253
2026-02-10 01:21:00,0.3471922
2026-02-10 01:22:00,0.32240745
2026-02-10 01:23:00,0.35940495
2026-02-10 01:24:00,0.33735666
2026-02-10 01:25:00,0.31380403
2026-02-10 01:26:00,0.31764776
2026-02-10 01:27:00,0.30621046
2026-02-10 01:28:00,0.33412412
2026-02-10 01:29:00,0.3212037
2026-02-10 01:30:00,0.37237448
2026-02-10 01:31:00,0.4566357
2026-02-10 01:32:00,0.46122548
2026-02-10 01:33:00,0.4795664
2026-02-10 01:34:00,0.4756643
2026-02-10 01:35:00,0.45041734
2026-02-10 01:36:00,0.470882
2026-02-10 01:37:00,0.38192338
2026-02-10 01:38:00,0.38418022
2026-02-10 01:39:00,0.38001892
2026-02-10 01:40:00,0.40887675
2026-02-10 01:41:00,0.3903259
2026-02-10 01:42:00,0.38695648
2026-02-10 01:43:00,0.2978748
2026-02-10 01:44:00,0.30056182
2026-02-10 01:45:00,0.30483088
2026-02-10 01:46:00,0.26609135
2026-02-10 01:47:00,0.27348128
2026-02-10 01:48:00,0.2501791
2026-02-10 01:49:00,0.23202947
2026-02-10 01:50:00,0.2668999
2026-02-10 01:51:00,0.2874711
2026-02-10 01:52:00,0.26115406
2026-02-10 01:53:00,0.24876678
2026-02-10 01:54:00,0.251155
2026-02-10 01:55:00,0.26914045
2026-02-10 01:56:00,0.24075244
2026-02-10 01:57:00,0.25502285
2026-02-10 01:58:00,0.31091464
2026-02-10 01:59:00,0.28990605
2026-02-10 02:00:00,0.47284865
2026-02-10 02:01:00,0.49792743
2026-02-10 02:02:00,0.46735537
2026-02-10 02:03:00,0.4196899
2026-02-10 02:04:00,0.35555774
2026-02-10 02:05:00,0.30491537
2026-02-10 02:06:00,0.32600445
2026-02-10 02:07:00,0.32635394
2026-02-10 02:08:00,0.33873504
2026-02-10 02:09:00,0.37647265
2026-02-10 02:10:00,0.40628198
2026-02-10 02:11:00,0.38938814
2026-02-10 02:12:00,0.339171
2026-02-10 02:13:00,0.37598154
2026-02-10 02:14:00,0.35469976
2026-02-10 02:15:00,0.32380998
2026-02-10 02:16:00,0.3863152
2026-02-10 02:17:00,0.376994
2026-02-10 02:18:00,0.41914865
2026-02-10 02:19:00,0.37225357
2026-02-10 02:20:00,0.3624351
2026-02-10 02:21:00,0.39521676
2026-02-10 02:22:00,0.42854166
2026-02-10 02:23:00,0.48080277
2026-02-10 02:24:00,0.45833388
2026-02-10 02:25:00,0.4519454
2026-02-10 02:26:00,0.47904682
2026-02-10 02:27:00,0.49621156
2026-02-10 02:28:00,0.49028486
2026-02-10 02:29:00,0.48717996
2026-02-10 02:30:00,0.46068016
2026-02-10 02:31:00,0.43345028
2026-02-10 02:32:00,0.42511716
2026-02-10 02:33:00,0.4377664
2026-02-10 02:34:00,0.34547737
2026-02-10 02:35:00,0.34083265
2026-02-10 02:36:00,0.32344505
2026-02-10 02:37:00,0.33802962
2026-02-10 02:38:00,0.37463304
2026-02-10 02:39:00,0.42309934
2026-02-10 02:40:00,0.41795245
2026-02-10 02:41:00,0.38333485
2026-02-10 02:42:00,0.38682333
2026-02-10 02:43:00,0.43060505
2026-02-10 02:44:00,0.41328952
2026-02-10 02:45:00,0.3671086
2026-02-10 02:46:00,0.4403914
2026-02-10 02:47:00,0.47038436
2026-02-10 02:48:00,0.5164192
2026-02-10 02:49:00,0.52248645
2026-02-10 02:50:00,0.517569
2026-02-10 02:51:00,0.49272403
2026-02-10 02:52:00,0.4562037
2026-02-10 02:53:00,0.5161576
2026-02-10 02:54:00,0.49691376
2026-02-10 02:55:00,0.5041552
2026-02-10 02:56:00,0.47265053
2026-02-10 02:57:00,0.47101948
2026-02-10 02:58:00,0.4315908
2026-02-10 02:59:00,0.470009
2026-02-10 03:00:00,0.684495
2026-02-10 03:01:00,0.6317768
2026-02-10 03:02:00,0.59498584
2026-02-10 03:03:00,0.5085919
2026-02-10 03:04:00,0.4757079
2026-02-10 03:05:00,0.5044835
2026-02-10 03:06:00,0.4746667
2026-02-10 03:07:00,0.45294613
2026-02-10 03:08:00,0.46036655
2026-02-10 03:09:00,0.47657093
2026-02-10 03:10:00,0.46441478
2026-02-10 03:11:00,0.43600786
2026-02-10 03:12:00,0.46017164
2026-02-10 03:13:00,0.435778
2026-02-10 03:14:00,0.42354694
2026-02-10 03:15:00,0.40206802
2026-02-10 03:16:00,0.41048267
2026-02-10 03:17:00,0.44769078
2026-02-10 03:18:00,0.4323552
2026-02-10 03:19:00,0.40586418
2026-02-10 03:20:00,0.35018972
2026-02-10 03:21:00,0.3271493
2026-02-10 03:22:00,0.35751823
2026-02-10 03:23:00,0.31748796
2026-02-10 03:24:00,0.36229372
2026-02-10 03:25:00,0.35292625
2026-02-10 03:26:00,0.32731193
2026-02-10 03:27:00,0.30323434
2026-02-10 03:28:00,0.32412472
2026-02-10 03:29:00,0.345883
2026-02-10 03:30:00,0.36585754
2026-02-10 03:31:00,0.30268377
2026-02-10 03:32:00,0.2995912
2026-02-10 03:33:00,0.3082706
2026-02-10 03:34:00,0.28538215
2026-02-10 03:35:00,0.39188156
2026-02-10 03:36:00,0.41531122
2026-02-10 03:37:00,0.39788154
2026-02-10 03:38:00,0.39730966
2026-02-10 03:39:00,0.4362213
2026-02-10 03:40:00,0.47691023
2026-02-10 03:41:00,0.4750196
2026-02-10 03:42:00,0.47527394
2026-02-10 03:43:00,0.4787985
2026-02-10 03:44:00,0.53351575
2026-02-10 03:45:00,0.5531992
2026-02-10 03:46:00,0.58883387
2026-02-10 03:47:00,0.6313122
2026-02-10 03:48:00,0.6855378
2026-02-10 03:49:00,0.6584023
2026-02-10 03:50:00,0.6643324
2026-02-10 03:51:00,0.67672074
2026-02-10 03:52:00,0.6438157
2026-02-10 03:53:00,0.572094
2026-02-10 03:54:00,0.594564
2026-02-10 03:55:00,0.5572845
2026-02-10 03:56:00,0.55961037
2026-02-10 03:57:00,0.5426833
2026-02-10 03:58:00,0.45389885
2026-02-10 03:59:00,0.43518302
2026-02-10 04:00:00,0.64346594
2026-02-10 04:01:00,0.6386581
2026-02-10 04:02:00,0.5313131
2026-02-10 04:03:00,0.5185979
2026-02-10 04:04:00,0.4710042
2026-02-10 04:05:00,0.43842927
2026-02-10 04:06:00,0.37198135
2026-02-10 04:07:00,0.36075822
2026-02-10 04:08:00,0.37242463
2026-02-10 04:09:00,0.42196518
2026-02-10 04:10:00,0.4279411
2026-02-10 04:11:00,0.4387888
2026-02-10 04:12:00,0.45001054
2026-02-10 04:13:00,0.47461405
2026-02-10 04:14:00,0.4739154
2026-02-10 04:15:00,0.46355575
2026-02-10 04:16:00,0.4369021
2026-02-10 04:17:00,0.4206261
2026-02-10 04:18:00,0.45296034
2026-02-10 04:19:00,0.4119655
2026-02-10 04:20:00,0.37059277
2026-02-10 04:21:00,0.4211877
2026-02-10 04:22:00,0.40261903
2026-02-10 04:23:00,0.3893236
2026-02-10 04:24:00,0.4788656
2026-02-10 04:25:00,0.46397594
2026-02-10 04:26:00,0.46330976
2026-02-10 04:27:00,0.42952946
2026-02-10 04:28:00,0.43886697
2026-02-10 04:29:00,0.47104836
2026-02-10 04:30:00,0.4751143
2026-02-10 04:31:00,0.5491788
2026-02-10 04:32:00,0.5926635
2026-02-10 04:33:00,0.5380827
2026-02-10 04:34:00,0.51198584
2026-02-10 04:35:00,0.48269615
2026-02-10 04:36:00,0.49604368
2026-02-10 04:37:00,0.51238215
2026-02-10 04:38:00,0.49610937
2026-02-10 04:39:00,0.5088849
2026-02-10 04:40:00,0.46086007
2026-02-10 04:41:00,0.48289442
2026-02-10 04:42:00,0.4261762
2026-02-10 04:43:00,0.4396697
2026-02-10 04:44:00,0.43174773
2026-02-10 04:45:00,0.4723258
2026-02-10 04:46:00,0.47733492
2026-02-10 04:47:00,0.4535265
2026-02-10 04:48:00,0.46788114
2026-02-10 04:49:00,0.49430048
2026-02-10 04:50:00,0.49675155
2026-02-10 04:51:00,0.5047174
2026-02-10 04:52:00,0.51434654
2026-02-10 04:53:00,0.5262153
2026-02-10 04:54:00,0.5373327
2026-02-10 04:55:00,0.54180974
2026-02-10 04:56:00,0.55185115
2026-02-10 04:57:00,0.5503583
2026-02-10 04:58:00,0.507825
2026-02-10 04:59:00,0.5400372
2026-02-10 05:00:00,0.7479689
2026-02-10 05:01:00,0.71087974
2026-02-10 05:02:00,0.6440095
2026-02-10 05:03:00,0.60200244
2026-02-10 05:04:00,0.5155204
2026-02-10 05:05:00,0.5425307
2026-02-10 05:06:00,0.55577046
2026-02-10 05:07:00,0.5182794
2026-02-10 05:08:00,0.5368906
2026-02-10 05:09:00,0.47320375
2026-02-10 05:10:00,0.47153124
2026-02-10 05:11:00,0.47051898
2026-02-10 05:12:00,0.48391622
2026-02-10 05:13:00,0.40700072
2026-02-10 05:14:00,0.4673167
2026-02-10 05:15:00,0.4040296
2026-02-10 05:16:00,0.3851741
2026-02-10 05:17:00,0.43360487
2026-02-10 05:18:00,0.38758302
2026-02-10 05:19:00,0.31770906
2026-02-10 05:20:00,0.33094677
2026-02-10 05:21:00,0.37134033
2026-02-10 05:22:00,0.3827622
2026-02-10 05:23:00,0.3764159
2026-02-10 05:24:00,0.41060182
2026-02-10 05:25:00,0.4403402
2026-02-10 05:26:00,0.3952958
2026-02-10 05:27:00,0.34502023
2026-02-10 05:28:00,0.33893615
2026-02-10 05:29:00,0.4242135
2026-02-10 05:30:00,0.41966984
2026-02-10 05:31:00,0.42771685
2026-02-10 05:32:00,0.3272146
2026-02-10 05:33:00,0.37435213
2026-02-10 05:34:00,0.34083644
2026-02-10 05:35:00,0.3097482
2026-02-10 05:36:00,0.2934225
2026-02-10 05:37:00,0.2688502
2026-02-10 05:38:00,0.28136343
2026-02-10 05:39:00,0.30834517
2026-02-10 05:40:00,0.34339032
2026-02-10 05:41:00,0.30891356
2026-02-10 05:42:00,0.3256099
2026-02-10 05:43:00,0.28625464
2026-02-10 05:44:00,0.3555256
2026-02-10 05:45:00,0.35277304
2026-02-10 05:46:00,0.3573488
2026-02-10 05:47:00,0.3266276
2026-02-10 05:48:00,0.33478847
2026-02-10 05:49:00,0.3864899
2026-02-10 05:50:00,0.42982575
2026-02-10 05:51:00,0.41003677
2026-02-10 05:52:00,0.37630236
2026-02-10 05:53:00,0.36549097
2026-02-10 05:54:00,0.3916877
2026-02-10 05:55:00,0.46262252
2026-02-10 05:56:00,0.40945455
2026-02-10 05:57:00,0.389328
2026-02-10 05:58:00,0.45837635
2026-02-10 05:59:00,0.4330215
2026-02-10 06:00:00,0.668599
2026-02-10 06:01:00,0.6593337
2026-02-10 06:02:00,0.6393825
2026-02-10 06:03:00,0.5984628
2026-02-10 06:04:00,0.61285543
2026-02-10 06:05:00,0.5429239
2026-02-10 06:06:00,0.5557624
2026-02-10 06:07:00,0.5888025
2026-02-10 06:08:00,0.58211064
2026-02-10 06:09:00,0.5572653
2026-02-10 06:10:00,0.61806846
2026-02-10 06:11:00,0.6268815
2026-02-10 06:12:00,0.69314224
2026-02-10 06:13:00,0.6415521
2026-02-10 06:14:00,0.68597907
2026-02-10 06:15:00,0.70667315
2026-02-10 06:16:00,0.7000114
2026-02-10 06:17:00,0.65168864
2026-02-10 06:18:00,0.58951217
2026-02-10 06:19:00,0.5916246
2026-02-10 06:20:00,0.57065487
2026-02-10 06:21:00,0.51929283
2026-02-10 06:22:00,0.50477964
2026-02-10 06:23:00,0.48000255
2026-02-10 06:24:00,0.46549624
2026-02-10 06:25:00,0.44998658
2026-02-10 06:26:00,0.42058793
2026-02-10 06:27:00,0.47376415
2026-02-10 06:28:00,0.5182066
2026-02-10 06:29:00,0.45921382
2026-02-10 06:30:00,0.44277877
2026-02-10 06:31:00,0.414074
2026-02-10 06:32:00,0.40243092
2026-02-10 06:33:00,0.4510003
2026-02-10 06:34:00,0.47902924
2026-02-10 06:35:00,0.49070638
2026-02-10 06:36:00,0.5552324
2026-02-10 06:37:00,0.56511104
2026-02-10 06:38:00,0.6258957
2026-02-10 06:39:00,0.5824186
2026-02-10 06:40:00,0.5867306
2026-02-10 06:41:00,0.54554
2026-02-10 06:42:00,0.4832704
2026-02-10 06:43:00,0.4801187
2026-02-10 06:44:00,0.4950581
2026-02-10 06:45:00,0.47760466
2026-02-10 06:46:00,0.5085941
2026-02-10 06:47:00,0.52749205
2026-02-10 06:48:00,0.45653945
2026-02-10 06:49:00,0.42543566
2026-02-10 06:50:00,0.39445508
2026-02-10 06:51:00,0.42461187
2026-02-10 06:52:00,0.438031
2026-02-10 06:53:00,0.44535753
2026-02-10 06:54:00,0.4732528
2026-02-10 06:55:00,0.38216978
2026-02-10 06:56:00,0.41886464
2026-02-10 06:57:00,0.4254752
2026-02-10 06:58:00,0.41210377
2026-02-10 06:59:00,0.39301735
2026-02-10 07:00:00,0.6032627
2026-02-10 07:01:00,0.49820885
2026-02-10 07:02:00,0.49620923
2026-02-10 07:03:00,0.4856307
2026-02-10 07:04:00,0.4207175
2026-02-10 07:05:00,0.44330254
2026-02-10 07:06:00,0.4821166
2026-02-10 07:07:00,0.4853482
2026-02-10 07:08:00,0.43697324
2026-02-10 07:09:00,0.41010672
2026-02-10 07:10:00,0.40522718
2026-02-10 07:11:00,0.37990767
2026-02-10 07:12:00,0.37192467
2026-02-10 07:13:00,0.38544813
2026-02-10 07:14:00,0.36156347
2026-02-10 07:15:00,0.39503998
2026-02-10 07:16:00,0.34580708
2026-02-10 07:17:00,0.34956238
2026-02-10 07:18:00,0.40809134
2026-02-10 07:19:00,0.39496258
2026-02-10 07:20:00,0.37803233
2026-02-10 07:21:00,0.4322198
2026-02-10 07:22:00,0.43946087
2026-02-10 07:23:00,0.44151264
2026-02-10 07:24:00,0.44932216
2026-02-10 07:25:00,0.43580195
2026-02-10 07:26:00,0.40672657
2026-02-10 07:27:00,0.32812217
2026-02-10 07:28:00,0.36447808
2026-02-10 07:29:00,0.3765409
2026-02-10 07:30:00,0.4076787
2026-02-10 07:31:00,0.39060915
2026-02-10 07:32:00,0.33721942
2026-02-10 07:33:00,0.37640947
2026-02-10 07:34:00,0.37046105
2026-02-10 07:35:00,0.3620701
2026-02-10 07:36:00,0.34555534
2026-02-10 07:37:00,0.3173702
2026-02-10 07:38:00,0.328512
2026-02-10 07:39:00,0.273091
2026-02-10 07:40:00,0.3110881
2026-02-10 07:41:00,0.2918793
2026-02-10 07:42:00,0.329599
2026-02-10 07:43:00,0.36439133
2026-02-10 07:44:00,0.40582964
2026-02-10 07:45:00,0.46919203
2026-02-10 07:46:00,0.48925024
2026-02-10 07:47:00,0.5544951
2026-02-10 07:48:00,0.543616
2026-02-10 07:49:00,0.5191237
2026-02-10 07:50:00,0.4972875
2026-02-10 07:51:00,0.48812443
2026-02-10 07:52:00,0.4920878
2026-02-10 07:53:00,0.569147
2026-02-10 07:54:00,0.5638693
2026-02-10 07:55:00,0.5704203
2026-02-10 07:56:00,0.5117326
2026-02-10 07:57:00,0.53797835
2026-02-10 07:58:00,0.54026353
2026-02-10 07:59:00,0.5781623
2026-02-10 08:00:00,0.7874949
2026-02-10 08:01:00,0.7696021
2026-02-10 08:02:00,0.6628682
2026-02-10 08:03:00,0.6092884
2026-02-10 08:04:00,0.52250075
2026-02-10 08:05:00,0.47127002
2026-02-10 08:06:00,0.42874217
2026-02-10 08:07:00,0.40104797
2026-02-10 08:08:00,0.32581612
2026-02-10 08:09:00,0.34284213
2026-02-10 08:10:00,0.33523676
2026-02-10 08:11:00,0.38538468
2026-02-10 08:12:00,0.40410507
2026-02-10 08:13:00,0.4603688
2026-02-10 08:14:00,0.4829756
2026-02-10 08:15:00,0.4484213
2026-02-10 08:16:00,0.40093502
2026-02-10 08:17:00,0.43888852
2026-02-10 08:18:00,0.47099215
2026-02-10 08:19:00,0.3971753
2026-02-10 08:20:00,0.40076104
2026-02-10 08:21:00,0.36642632
2026-02-10 08:22:00,0.34190303
2026-02-10 08:23:00,0.35957652
2026-02-10 08:24:00,0.4282836
2026-02-10 08:25:00,0.42245245
2026-02-10 08:26:00,0.48254746
2026-02-10 08:27:00,0.50361997
2026-02-10 08:28:00,0.45546174
2026-02-10 08:29:00,0.41667116
2026-02-10 08:30:00,0.43259665
2026-02-10 08:31:00,0.43208307
2026-02-10 08:32:00,0.3999905
2026-02-10 08:33:00,0.39439172
2026-02-10 08:34:00,0.47425923
2026-02-10 08:35:00,0.49213836
2026-02-10 08:36:00,0.5086674
2026-02-10 08:37:00,0.55300933
2026-02-10 08:38:00,0.5425138
2026-02-10 08:39:00,0.5200023
2026-02-10 08:40:00,0.5504722
2026-02-10 08:41:00,0.5727796
2026-02-10 08:42:00,0.54336625
2026-02-10 08:43:00,0.57766545
2026-02-10 08:44:00,0.5806988
2026-02-10 08:45:00,0.501254
2026-02-10 08:46:00,0.45929196
2026-02-10 08:47:00,0.38760594
2026-02-10 08:48:00,0.39648452
2026-02-10 08:49:00,0.38126296
2026-02-10 08:50:00,0.5154704
2026-02-10 08:51:00,0.5229742
2026-02-10 08:52:00,0.5263571
2026-02-10 08:53:00,0.5082326
2026-02-10 08:54:00,0.43698096
2026-02-10 08:55:00,0.4668708
2026-02-10 08:56:00,0.47674996
2026-02-10 08:57:00,0.45948318
2026-02-10 08:58:00,0.42329943
2026-02-10 08:59:00,0.45346272
2026-02-10 09:00:00,0.7134682
2026-02-10 09:01:00,0.6911269
2026-02-10 09:02:00,0.6635694
2026-02-10 09:03:00,0.60749006
2026-02-10 09:04:00,0.5154362
2026-02-10 09:05:00,0.48270294
2026-02-10 09:06:00,0.45434338
2026-02-10 09:07:00,0.4521953
2026-02-10 09:08:00,0.3826625
2026-02-10 09:09:00,0.46899852
2026-02-10 09:10:00,0.47526234
2026-02-10 09:11:00,0.43491834
2026-02-10 09:12:00,0.46953297
2026-02-10 09:13:00,0.5048733
2026-02-10 09:14:00,0.4935573
2026-02-10 09:15:00,0.4593059
2026-02-10 09:16:00,0.4765658
2026-02-10 09:17:00,0.45400807
2026-02-10 09:18:00,0.464795
2026-02-10 09:19:00,0.46054432
2026-02-10 09:20:00,0.44283354
2026-02-10 09:21:00,0.43690485
2026-02-10 09:22:00,0.4262627
2026-02-10 09:23:00,0.45710763
2026-02-10 09:24:00,0.4086722
2026-02-10 09:25:00,0.39800802
2026-02-10 09:26:00,0.32138214
2026-02-10 09:27:00,0.32617715
2026-02-10 09:28:00,0.33738732
2026-02-10 09:29:00,0.37010095
2026-02-10 09:30:00,0.3868107
2026-02-10 09:31:00,0.39338773
2026-02-10 09:32:00,0.38289726
2026-02-10 09:33:00,0.36497453
2026-02-10 09:34:00,0.38051528
2026-02-10 09:35:00,0.35990274
2026-02-10 09:36:00,0.34445134
2026-02-10 09:37:00,0.3861547
2026-02-10 09:38:00,0.4023802
2026-02-10 09:39:00,0.31798267
2026-02-10 09:40:00,0.27206746
2026-02-10 09:41:00,0.24933259
2026-02-10 09:42:00,0.25327688
2026-02-10 09:43:00,0.2188091
2026-02-10 09:44:00,0.22748351
2026-02-10 09:45:00,0.18042064
2026-02-10 09:46:00,0.18145531
2026-02-10 09:47:00,0.22703853
2026-02-10 09:48:00,0.26797983
2026-02-10 09:49:00,0.25015953
2026-02-10 09:50:00,0.29565337
2026-02-10 09:51:00,0.34951302
2026-02-10 09:52:00,0.38784012
2026-02-10 09:53:00,0.40960544
2026-02-10 09:54:00,0.43225247
2026-02-10 09:55:00,0.42956403
2026-02-10 09:56:00,0.4145587
2026-02-10 09:57:00,0.39271772
2026-02-10 09:58:00,0.32542288
2026-02-10 09:59:00,0.35084957
2026-02-10 10:00:00,0.52793664
2026-02-10 10:01:00,0.520583
2026-02-10 10:02:00,0.47055966
2026-02-10 10:03:00,0.42015743
2026-02-10 10:04:00,0.36253157
2026-02-10 10:05:00,0.34155235
2026-02-10 10:06:00,0.3773133
2026-02-10 10:07:00,0.3126571
2026-02-10 10:08:00,0.3252081
2026-02-10 10:09:00,0.29774845
2026-02-10 10:10:00,0.3057906
2026-02-10 10:11:00,0.38098344
2026-02-10 10:12:00,0.3797204
2026-02-10 10:13:00,0.4305008
2026-02-10 10:14:00,0.38022575
2026-02-10 10:15:00,0.40046266
2026-02-10 10:16:00,0.43957657
2026-02-10 10:17:00,0.4402821
2026-02-10 10:18:00,0.39500737
2026-02-10 10:19:00,0.42979825
2026-02-10 10:20:00,0.45032677
2026-02-10 10:21:00,0.38156843
2026-02-10 10:22:00,0.4098226
2026-02-10 10:23:00,0.4292542
2026-02-10 10:24:00,0.36199564
2026-02-10 10:25:00,0.39515626
2026-02-10 10:26:00,0.41576296
2026-02-10 10:27:00,0.40561017
2026-02-10 10:28:00,0.40457466
2026-02-10 10:29:00,0.46594337
2026-02-10 10:30:00,0.49107358
2026-02-10 10:31:00,0.5055677
2026-02-10 10:32:00,0.52314574
2026-02-10 10:33:00,0.5215699
2026-02-10 10:34:00,0.47035614
2026-02-10 10:35:00,0.4728034
2026-02-10 10:36:00,0.45051757
2026-02-10 10:37:00,0.4413814
2026-02-10 10:38:00,0.36880445
2026-02-10 10:39:00,0.34997806
2026-02-10 10:40:00,0.3144512
2026-02-10 10:41:00,0.3999017
2026-02-10 10:42:00,0.34609547
2026-02-10 10:43:00,0.297551
2026-02-10 10:44:00,0.2791094
2026-02-10 10:45:00,0.29311737
2026-02-10 10:46:00,0.26902083
2026-02-10 10:47:00,0.27694434
2026-02-10 10:48:00,0.30936116
2026-02-10 10:49:00,0.3463169
2026-02-10 10:50:00,0.34692046
2026-02-10 10:51:00,0.3030375
2026-02-10 10:52:00,0.26493484
2026-02-10 10:53:00,0.2697333
2026-02-10 10:54:00,0.2646757
2026-02-10 10:55:00,0.26034814
2026-02-10 10:56:00,0.18761292
2026-02-10 10:57:00,0.24572308
2026-02-10 10:58:00,0.26026687
2026-02-10 10:59:00,0.25689974
2026-02-10 11:00:00,0.48773852
2026-02-10 11:01:00,0.52349824
2026-02-10 11:02:00,0.50310814
2026-02-10 11:03:00,0.42822042
2026-02-10 11:04:00,0.27161238
2026-02-10 11:05:00,0.2239843
2026-02-10 11:06:00,0.25627804
2026-02-10 11:07:00,0.31378308
2026-02-10 11:08:00,0.32892284
2026-02-10 11:09:00,0.36129698
2026-02-10 11:10:00,0.3649233
2026-02-10 11:11:00,0.39167824
2026-02-10 11:12:00,0.37930244
2026-02-10 11:13:00,0.37496677
2026-02-10 11:14:00,0.38607627
2026-02-10 11:15:00,0.39281893
2026-02-10 11:16:00,0.4355555
2026-02-10 11:17:00,0.40820056
2026-02-10 11:18:00,0.3521571
2026-02-10 11:19:00,0.33067143
2026-02-10 11:20:00,0.37589628
2026-02-10 11:21:00,0.3661225
2026-02-10 11:22:00,0.33413726
2026-02-10 11:23:00,0.34480676
2026-02-10 11:24:00,0.31192362
2026-02-10 11:25:00,0.33533287
2026-02-10 11:26:00,0.3079164
2026-02-10 11:27:00,0.2709021
2026-02-10 11:28:00,0.29023346
2026-02-10 11:29:00,0.25879136
2026-02-10 11:30:00,0.322819
2026-02-10 11:31:00,0.34418476
2026-02-10 11:32:00,0.29014036
2026-02-10 11:33:00,0.3367996
2026-02-10 11:34:00,0.31156018
2026-02-10 11:35:00,0.36648092
2026-02-10 11:36:00,0.3887334
2026-02-10 11:37:00,0.35780233
2026-02-10 11:38:00,0.34038088
2026-02-10 11:39:00,0.34879705
2026-02-10 11:40:00,0.33122793
2026-02-10 11:41:00,0.35980627
2026-02-10 11:42:00,0.27286723
2026-02-10 11:43:00,0.2770228
2026-02-10 11:44:00,0.33846346
2026-02-10 11:45:00,0.31262615
2026-02-10 11:46:00,0.28940094
2026-02-10 11:47:00,0.30822235
2026-02-10 11:48:00,0.29117832
2026-02-10 11:49:00,0.2983853
2026-02-10 11:50:00,0.24729122
2026-02-10 11:51:00,0.2512931
2026-02-10 11:52:00,0.27414203
2026-02-10 11:53:00,0.3095249
2026-02-10 11:54:00,0.27015772
2026-02-10 11:55:00,0.24665502
2026-02-10 11:56:00,0.25999779
2026-02-10 11:57:00,0.2936149
2026-02-10 11:58:00,0.2961902
2026-02-10 11:59:00,0.2646711
2026-02-10 12:00:00,0.5030055
2026-02-10 12:01:00,0.50235707
2026-02-10 12:02:00,0.44011804
2026-02-10 12:03:00,0.34870848
2026-02-10 12:04:00,0.29073545
2026-02-10 12:05:00,0.28627858
2026-02-10 12:06:00,0.2952951
2026-02-10 12:07:00,0.29477093
2026-02-10 12:08:00,0.26868933
2026-02-10 12:09:00,0.2913219
2026-02-10 12:10:00,0.2339253
2026-02-10 12:11:00,0.2452474
2026-02-10 12:12:00,0.24401036
2026-02-10 12:13:00,0.23915096
2026-02-10 12:14:00,0.3191395
2026-02-10 12:15:00,0.4122336
2026-02-10 12:16:00,0.39805123
2026-02-10 12:17:00,0.36256093
2026-02-10 12:18:00,0.34561428
2026-02-10 12:19:00,0.33564597
2026-02-10 12:20:00,0.31983587
2026-02-10 12:21:00,0.3296065
2026-02-10 12:22:00,0.3357436
2026-02-10 12:23:00,0.3753639
2026-02-10 12:24:00,0.3326985
2026-02-10 12:25:00,0.28980517
2026-02-10 12:26:00,0.34828067
2026-02-10 12:27:00,0.37090653
2026-02-10 12:28:00,0.3928081
2026-02-10 12:29:00,0.39820227
2026-02-10 12:30:00,0.37364855
2026-02-10 12:31:00,0.34627107
2026-02-10 12:32:00,0.31993943
2026-02-10 12:33:00,0.2971392
2026-02-10 12:34:00,0.34371233
2026-02-10 12:35:00,0.29616684
2026-02-10 12:36:00,0.2817787
2026-02-10 12:37:00,0.29371122
2026-02-10 12:38:00,0.3414752
2026-02-10 12:39:00,0.33087733
2026-02-10 12:40:00,0.3481966
2026-02-10 12:41:00,0.33298504
2026-02-10 12:42:00,0.35691464
2026-02-10 12:43:00,0.33242178
2026-02-10 12:44:00,0.3037916
2026-02-10 12:45:00,0.35910937
2026-02-10 12:46:00,0.3691566
2026-02-10 12:47:00,0.33729988
2026-02-10 12:48:00,0.30443183
2026-02-10 12:49:00,0.24760145
2026-02-10 12:50:00,0.2623868
2026-02-10 12:51:00,0.24138685
2026-02-10 12:52:00,0.21078275
2026-02-10 12:53:00,0.17385985
2026-02-10 12:54:00,0.1370513
2026-02-10 12:55:00,0.1754215
2026-02-10 12:56:00,0.16841073
2026-02-10 12:57:00,0.16941917
2026-02-10 12:58:00,0.13062003
2026-02-10 12:59:00,0.1392787
2026-02-10 13:00:00,0.35025582
2026-02-10 13:01:00,0.3529999
2026-02-10 13:02:00,0.3049546
2026-02-10 13:03:00,0.25882706
2026-02-10 13:04:00,0.17826612
2026-02-10 13:05:00,0.192388
2026-02-10 13:06:00,0.1812057
2026-02-10 13:07:00,0.24624649
2026-02-10 13:08:00,0.2846317
2026-02-10 13:09:00,0.30895373
2026-02-10 13:10:00,0.2668171
2026-02-10 13:11:00,0.24011931
2026-02-10 13:12:00,0.23383096
2026-02-10 13:13:00,0.19324747
2026-02-10 13:14:00,0.20189759
2026-02-10 13:15:00,0.16273601
2026-02-10 13:16:00,0.14567429
2026-02-10 13:17:00,0.14501359
2026-02-10 13:18:00,0.1097552
2026-02-10 13:19:00,0.14578909
2026-02-10 13:20:00,0.1168856
2026-02-10 13:21:00,0.090938576
2026-02-10 13:22:00,0.11599382
2026-02-10 13:23:00,0.120053254
2026-02-10 13:24:00,0.15781832
2026-02-10 13:25:00,0.1214215
2026-02-10 13:26:00,0.092592895
2026-02-10 13:27:00,0.098375686
2026-02-10 13:28:00,0.04
2026-02-10 13:29:00,0.083532214
2026-02-10 13:30:00,0.08761024
2026-02-10 13:31:00,0.15974315
2026-02-10 13:32:00,0.21317495
2026-02-10 13:33:00,0.166791
2026-02-10 13:34:00,0.1585194
2026-02-10 13:35:00,0.119887784
2026-02-10 13:36:00,0.14832197
2026-02-10 13:37:00,0.14013962
2026-02-10 13:38:00,0.17835791
2026-02-10 13:39:00,0.16847166
2026-02-10 13:40:00,0.11628751
2026-02-10 13:41:00,0.14418037
2026-02-10 13:42:00,0.13618533
2026-02-10 13:43:00,0.16933586
2026-02-10 13:44:00,0.16170043
2026-02-10 13:45:00,0.14542659
2026-02-10 13:46:00,0.15168387
2026-02-10 13:47:00,0.27085876
2026-02-10 13:48:00,0.23131406
2026-02-10 13:49:00,0.20275654
2026-02-10 13:50:00,0.19153483
2026-02-10 13:51:00,0.17111173
2026-02-10 13:52:00,0.18063396
2026-02-10 13:53:00,0.17838305
2026-02-10 13:54:00,0.20821646
2026-02-10 13:55:00,0.15132926
2026-02-10 13:56:00,0.14823177
2026-02-10 13:57:00,0.14894512
2026-02-10 13:58:00,0.12663604
2026-02-10 13:59:00,0.07046513
2026-02-10 14:00:00,0.35992151
2026-02-10 14:01:00,0.33257002
2026-02-10 14:02:00,0.2226951
2026-02-10 14:03:00,0.17877051
2026-02-10 14:04:00,0.17994332
2026-02-10 14:05:00,0.14895438
2026-02-10 14:06:00,0.15262373
2026-02-10 14:07:00,0.15375777
2026-02-10 14:08:00,0.16610146
2026-02-10 14:09:00,0.17647094
2026-02-10 14:10:00,0.17291749
2026-02-10 14:11:00,0.10982377
2026-02-10 14:12:00,0.06798449
2026-02-10 14:13:00,0.12346293
2026-02-10 14:14:00,0.19184573
2026-02-10 14:15:00,0.22524732
2026-02-10 14:16:00,0.20320983
2026-02-10 14:17:00,0.23656562
2026-02-10 14:18:00,0.23526464
2026-02-10 14:19:00,0.19195113
2026-02-10 14:20:00,0.22641335
2026-02-10 14:21:00,0.19464117
2026-02-10 14:22:00,0.14604533
2026-02-10 14:23:00,0.137375
2026-02-10 14:24:00,0.12674855
2026-02-10 14:25:00,0.11890683
2026-02-10 14:26:00,0.08649834
2026-02-10 14:27:00,0.12522209
2026-02-10 14:28:00,0.10301393
2026-02-10 14:29:00,0.17948845
2026-02-10 14:30:00,0.18419093
2026-02-10 14:31:00,0.25487143
2026-02-10 14:32:00,0.19572717
2026-02-10 14:33:00,0.17026173
2026-02-10 14:34:00,0.18050724
2026-02-10 14:35:00,0.20141366
2026-02-10 14:36:00,0.19754149
2026-02-10 14:37:00,0.19592074
2026-02-10 14:38:00,0.20131908
2026-02-10 14:39:00,0.22675988
2026-02-10 14:40:00,0.24430443
2026-02-10 14:41:00,0.22580266
2026-02-10 14:42:00,0.25992203
2026-02-10 14:43:00,0.27983785
2026-02-10 14:44:00,0.28939435
2026-02-10 14:45:00,0.28738302
2026-02-10 14:46:00,0.30410814
2026-02-10 14:47:00,0.27451742
2026-02-10 14:48:00,0.29575703
2026-02-10 14:49:00,0.35127953
2026-02-10 14:50:00,0.32354996
2026-02-10 14:51:00,0.30188495
2026-02-10 14:52:00,0.2734607
2026-02-10 14:53:00,0.24643652
2026-02-10 14:54:00,0.21947569
2026-02-10 14:55:00,0.25117394
2026-02-10 14:56:00,0.23658827
2026-02-10 14:57:00,0.23794144
2026-02-10 14:58:00,0.22397906
2026-02-10 14:59:00,0.17770258
2026-02-10 15:00:00,0.40532044
2026-02-10 15:01:00,0.35381103
2026-02-10 15:02:00,0.30409268
2026-02-10 15:03:00,0.19977781
2026-02-10 15:04:00,0.22636801
2026-02-10 15:05:00,0.1690003
2026-02-10 15:06:00,0.14836209
2026-02-10 15:07:00,0.13231622
2026-02-10 15:08:00,0.15636252
2026-02-10 15:09:00,0.1945972
2026-02-10 15:10:00,0.24832822
2026-02-10 15:11:00,0.27488506
2026-02-10 15:12:00,0.277997
2026-02-10 15:13:00,0.29635155
2026-02-10 15:14:00,0.25924543
2026-02-10 15:15:00,0.2042586
2026-02-10 15:16:00,0.20400204
2026-02-10 15:17:00,0.17053986
2026-02-10 15:18:00,0.16306522
2026-02-10 15:19:00,0.14555614
2026-02-10 15:20:00,0.17003618
2026-02-10 15:21:00,0.20192656
2026-02-10 15:22:00,0.1725623
2026-02-10 15:23:00,0.14083616
2026-02-10 15:24:00,0.11545708
2026-02-10 15:25:00,0.16637227
2026-02-10 15:26:00,0.16927543
2026-02-10 15:27:00,0.15102242
2026-02-10 15:28:00,0.100421585
2026-02-10 15:29:00,0.121191725
2026-02-10 15:30:00,0.11171702
2026-02-10 15:31:00,0.13156708
2026-02-10 15:32:00,0.1525461
2026-02-10 15:33:00,0.17806807
2026-02-10 15:34:00,0.20863554
2026-02-10 15:35:00,0.21049298
2026-02-10 15:36:00,0.27450264
2026-02-10 15:37:00,0.21941918
2026-02-10 15:38:00,0.1905096
2026-02-10 15:39:00,0.1940062
2026-02-10 15:40:00,0.15115815
2026-02-10 15:41:00,0.14191042
2026-02-10 15:42:00,0.14139192
2026-02-10 15:43:00,0.135614
2026-02-10 15:44:00,0.18812059
2026-02-10 15:45:00,0.18959051
2026-02-10 15:46:00,0.22492512
2026-02-10 15:47:00,0.20762326
2026-02-10 15:48:00,0.1732688
2026-02-10 15:49:00,0.15185396
2026-02-10 15:50:00,0.17457974
2026-02-10 15:51:00,0.19532011
2026-02-10 15:52:00,0.28431928
2026-02-10 15:53:00,0.22319962
2026-02-10 15:54:00,0.2278285
2026-02-10 15:55:00,0.26287887
2026-02-10 15:56:00,0.2580447
2026-02-10 15:57:00,0.29464602
2026-02-10 15:58:00,0.26214764
2026-02-10 15:59:00,0.21711546
2026-02-10 16:00:00,0.38910604
2026-02-10 16:01:00,0.35094494
2026-02-10 16:02:00,0.29461482
2026-02-10 16:03:00,0.2663424
2026-02-10 16:04:00,0.22373213
2026-02-10 16:05:00,0.14652394
2026-02-10 16:06:00,0.16816889
2026-02-10 16:07:00,0.17395553
2026-02-10 16:08:00,0.19885305
2026-02-10 16:09:00,0.16008401
2026-02-10 16:10:00,0.1795219
2026-02-10 16:11:00,0.17861179
2026-02-10 16:12:00,0.16894083
2026-02-10 16:13:00,0.13274437
2026-02-10 16:14:00,0.061765913
2026-02-10 16:15:00,0.056578126
2026-02-10 16:16:00,0.10249513
2026-02-10 16:17:00,0.120354265
2026-02-10 16:18:00,0.0754298
2026-02-10 16:19:00,0.0912266
2026-02-10 16:20:00,0.07306293
2026-02-10 16:21:00,0.13875225
2026-02-10 16:22:00,0.18600589
2026-02-10 16:23:00,0.18571441
2026-02-10 16:24:00,0.18890287
2026-02-10 16:25:00,0.23719856
2026-02-10 16:26:00,0.20018497
2026-02-10 16:27:00,0.17120656
2026-02-10 16:28:00,0.16476555
2026-02-10 16:29:00,0.16738799
2026-02-10 16:30:00,0.15497339
2026-02-10 16:31:00,0.15154205
2026-02-10 16:32:00,0.12732483
2026-02-10 16:33:00,0.08686376
2026-02-10 16:34:00,0.110951595
2026-02-10 16:35:00,0.061205365
2026-02-10 16:36:00,0.0866217
2026-02-10 16:37:00,0.085952714
2026-02-10 16:38:00,0.12708557
2026-02-10 16:39:00,0.11168019
2026-02-10 16:40:00,0.11733824
2026-02-10 16:41:00,0.100696884
2026-02-10 16:42:00,0.04
2026-02-10 16:43:00,0.04
2026-02-10 16:44:00,0.04
2026-02-10 16:45:00,0.040823232
2026-02-10 16:46:00,0.064860396
2026-02-10 16:47:00,0.08151525
2026-02-10 16:48:00,0.11991267
2026-02-10 16:49:00,0.102004275
2026-02-10 16:50:00,0.12668608
2026-02-10 16:51:00,0.09954403
2026-02-10 16:52:00,0.14995934
2026-02-10 16:53:00,0.13991039
2026-02-10 16:54:00,0.15594438
2026-02-10 16:55:00,0.15747365
2026-02-10 16:56:00,0.16061816
2026-02-10 16:57:00,0.20898145
2026-02-10 16:58:00,0.16745129
2026-02-10 16:59:00,0.15718906
2026-02-10 17:00:00,0.3524031
2026-02-10 17:01:00,0.30935824
2026-02-10 17:02:00,0.25433496
2026-02-10 17:03:00,0.24786903
2026-02-10 17:04:00,0.08983486
2026-02-10 17:05:00,0.11210128
2026-02-10 17:06:00,0.14007811
2026-02-10 17:07:00,0.14362352
2026-02-10 17:08:00,0.09066032
2026-02-10 17:09:00,0.08432482
2026-02-10 17:10:00,0.04
2026-02-10 17:11:00,0.04
2026-02-10 17:12:00,0.05046907
2026-02-10 17:13:00,0.081730686
2026-02-10 17:14:00,0.08288251
2026-02-10 17:15:00,0.062536225
2026-02-10 17:16:00,0.0661608
2026-02-10 17:17:00,0.08205723
2026-02-10 17:18:00,0.09951067
2026-02-10 17:19:00,0.085821316
2026-02-10 17:20:00,0.15455046
2026-02-10 17:21:00,0.16287135
2026-02-10 17:22:00,0.15184958
2026-02-10 17:23:00,0.13936205
2026-02-10 17:24:00,0.15802471
2026-02-10 17:25:00,0.19965719
2026-02-10 17:26:00,0.19389826
2026-02-10 17:27:00,0.2271723
2026-02-10 17:28:00,0.26280499
2026-02-10 17:29:00,0.28566337
2026-02-10 17:30:00,0.24653052
2026-02-10 17:31:00,0.25848153
2026-02-10 17:32:00,0.2726551
2026-02-10 17:33:00,0.26287845
2026-02-10 17:34:00,0.21248965
2026-02-10 17:35:00,0.299297
2026-02-10 17:36:00,0.244123
2026-02-10 17:37:00,0.25696447
2026-02-10 17:38:00,0.26000464
2026-02-10 17:39:00,0.18657964
2026-02-10 17:40:00,0.17895298
2026-02-10 17:41:00,0.22341152
2026-02-10 17:42:00,0.19442518
2026-02-10 17:43:00,0.19401394
2026-02-10 17:44:00,0.17138818
2026-02-10 17:45:00,0.1840332
2026-02-10 17:46:00,0.13030791
2026-02-10 17:47:00,0.14017396
2026-02-10 17:48:00,0.12422262
2026-02-10 17:49:00,0.12684524
2026-02-10 17:50:00,0.101114914
2026-02-10 17:51:00,0.08833965
2026-02-10 17:52:00,0.09901129
2026-02-10 17:53:00,0.15631829
2026-02-10 17:54:00,0.2073711
2026-02-10 17:55:00,0.22869574
2026-02-10 17:56:00,0.24244004
2026-02-10 17:57:00,0.24584456
2026-02-10 17:58:00,0.2420048
2026-02-10 17:59:00,0.24109413
2026-02-10 18:00:00,0.4348349
2026-02-10 18:01:00,0.3645664
2026-02-10 18:02:00,0.31559396
2026-02-10 18:03:00,0.22983658
2026-02-10 18:04:00,0.18103164
2026-02-10 18:05:00,0.114863925
2026-02-10 18:06:00,0.052472726
2026-02-10 18:07:00,0.04
2026-02-10 18:08:00,0.04
2026-02-10 18:09:00,0.04
2026-02-10 18:10:00,0.04
2026-02-10 18:11:00,0.08464697
2026-02-10 18:12:00,0.13165312
2026-02-10 18:13:00,0.102589704
2026-02-10 18:14:00,0.10931198
2026-02-10 18:15:00,0.10747452
2026-02-10 18:16:00,0.11897241
2026-02-10 18:17:00,0.18046077
2026-02-10 18:18:00,0.167596
2026-02-10 18:19:00,0.15965033
2026-02-10 18:20:00,0.15976737
2026-02-10 18:21:00,0.15434368
2026-02-10 18:22:00,0.14819613
2026-02-10 18:23:00,0.113384224
2026-02-10 18:24:00,0.14042784
2026-02-10 18:25:00,0.164695
2026-02-10 18:26:00,0.17850183
2026-02-10 18:27:00,0.23465759
2026-02-10 18:28:00,0.22756606
2026-02-10 18:29:00,0.1819534
2026-02-10 18:30:00,0.1315088
2026-02-10 18:31:00,0.12424065
2026-02-10 18:32:00,0.1843892
2026-02-10 18:33:00,0.19490458
2026-02-10 18:34:00,0.21613614
2026-02-10 18:35:00,0.19331415
2026-02-10 18:36:00,0.2113767
2026-02-10 18:37:00,0.22597176
2026-02-10 18:38:00,0.26871562
2026-02-10 18:39:00,0.21235645
2026-02-10 18:40:00,0.21831162
2026-02-10 18:41:00,0.2176216
2026-02-10 18:42:00,0.1278438
2026-02-10 18:43:00,0.1712382
2026-02-10 18:44:00,0.17383127
2026-02-10 18:45:00,0.18362662
2026-02-10 18:46:00,0.1675115
2026-02-10 18:47:00,0.2002712
2026-02-10 18:48:00,0.23155777
2026-02-10 18:49:00,0.22003771
2026-02-10 18:50:00,0.21596266
2026-02-10 18:51:00,0.15488851
2026-02-10 18:52:00,0.1787996
2026-02-10 18:53:00,0.23553714
2026-02-10 18:54:00,0.21180457
2026-02-10 18:55:00,0.26826435
2026-02-10 18:56:00,0.30837727
2026-02-10 18:57:00,0.29087344
2026-02-10 18:58:00,0.2282036
2026-02-10 18:59:00,0.22587608
2026-02-10 19:00:00,0.43060184
2026-02-10 19:01:00,0.4256041
2026-02-10 19:02:00,0.2861952
2026-02-10 19:03:00,0.18116872
2026-02-10 19:04:00,0.19327743
2026-02-10 19:05:00,0.1238228
2026-02-10 19:06:00,0.13307457
2026-02-10 19:07:00,0.060449697
2026-02-10 19:08:00,0.07998938
2026-02-10 19:09:00,0.062079802
2026-02-10 19:10:00,0.115491375
2026-02-10 19:11:00,0.10115791
2026-02-10 19:12:00,0.09718779
2026-02-10 19:13:00,0.1296998
2026-02-10 19:14:00,0.098987624
2026-02-10 19:15:00,0.14874625
2026-02-10 19:16:00,0.09522204
2026-02-10 19:17:00,0.08305533
2026-02-10 19:18:00,0.09000238
2026-02-10 19:19:00,0.08250412
2026-02-10 19:20:00,0.10613231
2026-02-10 19:21:00,0.14619353
2026-02-10 19:22:00,0.08343499
2026-02-10 19:23:00,0.06255098
2026-02-10 19:24:00,0.04
2026-02-10 19:25:00,0.05333264
2026-02-10 19:26:00,0.06164196
2026-02-10 19:27:00,0.09146219
2026-02-10 19:28:00,0.04
2026-02-10 19:29:00,0.04
2026-02-10 19:30:00,0.043936692
2026-02-10 19:31:00,0.04
2026-02-10 19:32:00,0.059441846
2026-02-10 19:33:00,0.078376725
2026-02-10 19:34:00,0.10609871
2026-02-10 19:35:00,0.15533084
2026-02-10 19:36:00,0.15505947
2026-02-10 19:37:00,0.13009429
2026-02-10 19:38:00,0.17332433
2026-02-10 19:39:00,0.13322772
2026-02-10 19:40:00,0.0771947
2026-02-10 19:41:00,0.06184269
2026-02-10 19:42:00,0.044210568
2026-02-10 19:43:00,0.09608203
2026-02-10 19:44:00,0.1453014
2026-02-10 19:45:00,0.15172836
2026-02-10 19:46:00,0.17723006
2026-02-10 19:47:00,0.19244291
2026-02-10 19:48:00,0.18982774
2026-02-10 19:49:00,0.17275594
2026-02-10 19:50:00,0.18280694
2026-02-10 19:51:00,0.15609162
2026-02-10 19:52:00,0.12417571
2026-02-10 19:53:00,0.16572578
2026-02-10 19:54:00,0.20155841
2026-02-10 19:55:00,0.23469087
2026-02-10 19:56:00,0.20300873
2026-02-10 19:57:00,0.19895232
2026-02-10 19:58:00,0.18886864
2026-02-10 19:59:00,0.19945975
2026-02-10 20:00:00,0.45586818
2026-02-10 20:01:00,0.7815819
2026-02-10 20:02:00,0.36974677
2026-02-10 20:03:00,0.27068958
2026-02-10 20:04:00,0.21189032
2026-02-10 20:05:00,0.109390244
2026-02-10 20:06:00,0.097647004
2026-02-10 20:07:00,0.100128844
2026-02-10 20:08:00,0.11265866
2026-02-10 20:09:00,0.16242443
2026-02-10 20:10:00,0.21691683
2026-02-10 20:11:00,0.16090737
2026-02-10 20:12:00,0.11428163
2026-02-10 20:13:00,0.17759347
2026-02-10 20:14:00,0.15792966
2026-02-10 20:15:00,0.16246036
2026-02-10 20:16:00,0.16084008
2026-02-10 20:17:00,0.18524422
2026-02-10 20:18:00,0.14067379
2026-02-10 20:19:00,0.11960216
2026-02-10 20:20:00,0.15127411
2026-02-10 20:21:00,0.115985
2026-02-10 20:22:00,0.1290246
2026-02-10 20:23:00,0.12874739
2026-02-10 20:24:00,0.1441063
2026-02-10 20:25:00,0.1338633
2026-02-10 20:26:00,0.056530494
2026-02-10 20:27:00,0.05247555
2026-02-10 20:28:00,0.09189588
2026-02-10 20:29:00,0.14991048
2026-02-10 20:30:00,0.14318347
2026-02-10 20:31:00,0.16575523
2026-02-10 20:32:00,0.14281696
2026-02-10 20:33:00,0.07491971
2026-02-10 20:34:00,0.09065558
2026-02-10 20:35:00,0.1612475
2026-02-10 20:36:00,0.20741121
2026-02-10 20:37:00,0.12837486
2026-02-10 20:38:00,0.11376301
2026-02-10 20:39:00,0.18100716
2026-02-10 20:40:00,0.17395689
2026-02-10 20:41:00,0.18100809
2026-02-10 20:42:00,0.17950942
2026-02-10 20:43:00,0.23349157
2026-02-10 20:44:00,0.2262198
2026-02-10 20:45:00,0.28202885
2026-02-10 20:46:00,0.2558204
2026-02-10 20:47:00,0.20759502
2026-02-10 20:48:00,0.19383992
2026-02-10 20:49:00,0.22996521
2026-02-10 20:50:00,0.15829222
2026-02-10 20:51:00,0.16950142
2026-02-10 20:52:00,0.122360624
2026-02-10 20:53:00,0.08693733
2026-02-10 20:54:00,0.10316289
2026-02-10 20:55:00,0.10412426
2026-02-10 20:56:00,0.117812
2026-02-10 20:57:00,0.09933256
2026-02-10 20:58:00,0.057192404
2026-02-10 20:59:00,0.05032854
2026-02-10 21:00:00,0.26515374
2026-02-10 21:01:00,0.16992308
2026-02-10 21:02:00,0.0964767
2026-02-10 21:03:00,0.042396262
2026-02-10 21:04:00,0.04347429
2026-02-10 21:05:00,0.053870488
2026-02-10 21:06:00,0.06146718
2026-02-10 21:07:00,0.04
2026-02-10 21:08:00,0.04084588
2026-02-10 21:09:00,0.04
2026-02-10 21:10:00,0.04
2026-02-10 21:11:00,0.04
2026-02-10 21:12:00,0.04
2026-02-10 21:13:00,0.0529596
2026-02-10 21:14:00,0.04
2026-02-10 21:15:00,0.04
2026-02-10 21:16:00,0.04
2026-02-10 21:17:00,0.04
2026-02-10 21:18:00,0.05729523
2026-02-10 21:19:00,0.08023834
2026-02-10 21:20:00,0.09719644
2026-02-10 21:21:00,0.14777355
2026-02-10 21:22:00,0.19150266
2026-02-10 21:23:00,0.22320381
2026-02-10 21:24:00,0.20259109
2026-02-10 21:25:00,0.17606059
2026-02-10 21:26:00,0.18335953
2026-02-10 21:27:00,0.16330855
2026-02-10 21:28:00,0.19714561
2026-02-10 21:29:00,0.19718565
2026-02-10 21:30:00,0.15583928
2026-02-10 21:31:00,0.12227029
2026-02-10 21:32:00,0.07882121
2026-02-10 21:33:00,0.13923343
2026-02-10 21:34:00,0.049021315
2026-02-10 21:35:00,0.04
2026-02-10 21:36:00,0.048085924
2026-02-10 21:37:00,0.15164506
2026-02-10 21:38:00,0.17150222
2026-02-10 21:39:00,0.19329886
2026-02-10 21:40:00,0.22993177
2026-02-10 21:41:00,0.16424195
2026-02-10 21:42:00,0.1771876
2026-02-10 21:43:00,0.17652203
2026-02-10 21:44:00,0.1542724
2026-02-10 21:45:00,0.15710108
2026-02-10 21:46:00,0.100910075
2026-02-10 21:47:00,0.08330139
2026-02-10 21:48:00,0.088925526
2026-02-10 21:49:00,0.058877848
2026-02-10 21:50:00,0.088083856
2026-02-10 21:51:00,0.09974575
2026-02-10 21:52:00,0.115127124
2026-02-10 21:53:00,0.12399063
2026-02-10 21:54:00,0.12822072
2026-02-10 21:55:00,0.13236408
2026-02-10 21:56:00,0.1289202
2026-02-10 21:57:00,0.09334438
2026-02-10 21:58:00,0.13211799
2026-02-10 21:59:00,0.09247675
2026-02-10 22:00:00,0.27770954
2026-02-10 22:01:00,0.28368503
2026-02-10 22:02:00,0.26686314
2026-02-10 22:03:00,0.13397521
2026-02-10 22:04:00,0.07010375
2026-02-10 22:05:00,0.079643294
2026-02-10 22:06:00,0.12800509
2026-02-10 22:07:00,0.17344354
2026-02-10 22:08:00,0.17506917
2026-02-10 22:09:00,0.15519126
2026-02-10 22:10:00,0.18396577
2026-02-10 22:11:00,0.15339632
2026-02-10 22:12:00,0.122335665
2026-02-10 22:13:00,0.0893651
2026-02-10 22:14:00,0.07585888
2026-02-10 22:15:00,0.0801104
2026-02-10 22:16:00,0.06683951
2026-02-10 22:17:00,0.04
2026-02-10 22:18:00,0.059656534
2026-02-10 22:19:00,0.09721899
2026-02-10 22:20:00,0.100333996
2026-02-10 22:21:00,0.11726149
2026-02-10 22:22:00,0.06413397
2026-02-10 22:23:00,0.068765275
2026-02-10 22:24:00,0.07533011
2026-02-10 22:25:00,0.10012907
2026-02-10 22:26:00,0.16947523
2026-02-10 22:27:00,0.19081959
2026-02-10 22:28:00,0.14442798
2026-02-10 22:29:00,0.16831824
2026-02-10 22:30:00,0.18368497
2026-02-10 22:31:00,0.1577255
2026-02-10 22:32:00,0.15205781
2026-02-10 22:33:00,0.16296954
2026-02-10 22:34:00,0.20137812
2026-02-10 22:35:00,0.18815552
2026-02-10 22:36:00,0.17139292
2026-02-10 22:37:00,0.26316303
2026-02-10 22:38:00,0.31563562
2026-02-10 22:39:00,0.27224755
2026-02-10 22:40:00,0.25216246
2026-02-10 22:41:00,0.16198598
2026-02-10 22:42:00,0.13992187
2026-02-10 22:43:00,0.18724702
2026-02-10 22:44:00,0.16685161
2026-02-10 22:45:00,0.16231987
2026-02-10 22:46:00,0.21202378
2026-02-10 22:47:00,0.23729053
2026-02-10 22:48:00,0.21762648
2026-02-10 22:49:00,0.18356183
2026-02-10 22:50:00,0.17939216
2026-02-10 22:51:00,0.17826894
2026-02-10 22:52:00,0.17252132
2026-02-10 22:53:00,0.14323682
2026-02-10 22:54:00,0.13065965
2026-02-10 22:55:00,0.11616287
2026-02-10 22:56:00,0.15241063
2026-02-10 22:57:00,0.17388377
2026-02-10 22:58:00,0.17533416
2026-02-10 22:59:00,0.18569261
2026-02-10 23:00:00,0.34489158
2026-02-10 23:01:00,0.27373785
2026-02-10 23:02:00,0.17144726
2026-02-10 23:03:00,0.17474736
2026-02-10 23:04:00,0.07552842
2026-02-10 23:05:00,0.12630557
2026-02-10 23:06:00,0.10981137
2026-02-10 23:07:00,0.11235907
2026-02-10 23:08:00,0.13433334
2026-02-10 23:09:00,0.14284675
2026-02-10 23:10:00,0.16579188
2026-02-10 23:11:00,0.11862881
2026-02-10 23:12:00,0.15071632
2026-02-10 23:13:00,0.16687082
2026-02-10 23:14:00,0.18662356
2026-02-10 23:15:00,0.18077469
2026-02-10 23:16:00,0.18751547
2026-02-10 23:17:00,0.22848985
2026-02-10 23:18:00,0.23074636
2026-02-10 23:19:00,0.25246212
2026-02-10 23:20:00,0.29229093
2026-02-10 23:21:00,0.2450668
2026-02-10 23:22:00,0.23317558
2026-02-10 23:23:00,0.24866194
2026-02-10 23:24:00,0.30564722
2026-02-10 23:25:00,0.24789155
2026-02-10 23:26:00,0.2459806
2026-02-10 23:27:00,0.22633865
2026-02-10 23:28:00,0.28047717
2026-02-10 23:29:00,0.26543567
2026-02-10 23:30:00,0.30937538
2026-02-10 23:31:00,0.27323413
2026-02-10 23:32:00,0.27918163
2026-02-10 23:33:00,0.23436195
2026-02-10 23:34:00,0.17119406
2026-02-10 23:35:00,0.19668742
2026-02-10 23:36:00,0.1825063
2026-02-10 23:37:00,0.11724307
2026-02-10 23:38:00,0.17466097
2026-02-10 23:39:00,0.20830204
2026-02-10 23:40:00,0.18716489
2026-02-10 23:41:00,0.13876343
2026-02-10 23:42:00,0.18076172
2026-02-10 23:43:00,0.26925293
2026-02-10 23:44:00,0.28685954
2026-02-10 23:45:00,0.2860909
2026-02-10 23:46:00,0.34503263
2026-02-10 23:47:00,0.3746253
2026-02-10 23:48:00,0.33806804
2026-02-10 23:49:00,0.33204603
2026-02-10 23:50:00,0.32133213
2026-02-10 23:51:00,0.34445804
2026-02-10 23:52:00,0.4087426
2026-02-10 23:53:00,0.39189437
2026-02-10 23:54:00,0.38348883
2026-02-10 23:55:00,0.4167478
2026-02-10 23:56:00,0.4087457
2026-02-10 23:57:00,0.35640046
2026-02-10 23:58:00,0.31461248
2026-02-10 23:59:00,0.36538625
2026-02-11 00:00:00,0.59855604
2026-02-11 00:01:00,0.5471934
2026-02-11 00:02:00,0.4626146
2026-02-11 00:03:00,0.34681937
2026-02-11 00:04:00,0.25283507
2026-02-11 00:05:00,0.2792426
2026-02-11 00:06:00,0.23246065
2026-02-11 00:07:00,0.26807714
2026-02-11 00:08:00,0.3078163
2026-02-11 00:09:00,0.34883654
2026-02-11 00:10:00,0.3604743
2026-02-11 00:11:00,0.34008008
2026-02-11 00:12:00,0.34852245
2026-02-11 00:13:00,0.3199297
2026-02-11 00:14:00,0.30233303
2026-02-11 00:15:00,0.31243885
2026-02-11 00:16:00,0.31515726
2026-02-11 00:17:00,0.26699904
2026-02-11 00:18:00,0.30291322
2026-02-11 00:19:00,0.34021467
2026-02-11 00:20:00,0.4043866
2026-02-11 00:21:00,0.3541057
2026-02-11 00:22:00,0.3725178
2026-02-11 00:23:00,0.3747467
2026-02-11 00:24:00,0.4872177
2026-02-11 00:25:00,0.45222303
2026-02-11 00:26:00,0.45381004
2026-02-11 00:27:00,0.5035035
2026-02-11 00:28:00,0.4567263
2026-02-11 00:29:00,0.4430635
2026-02-11 00:30:00,0.40652847
2026-02-11 00:31:00,0.3916424
2026-02-11 00:32:00,0.4360681
2026-02-11 00:33:00,0.45327947
2026-02-11 00:34:00,0.45407057
2026-02-11 00:35:00,0.45693284
2026-02-11 00:36:00,0.44830993
2026-02-11 00:37:00,0.4172625
2026-02-11 00:38:00,0.41293812
2026-02-11 00:39:00,0.41928676
2026-02-11 00:40:00,0.40044734
2026-02-11 00:41:00,0.412036
2026-02-11 00:42:00,0.3471906
2026-02-11 00:43:00,0.32031775
2026-02-11 00:44:00,0.28408927
2026-02-11 00:45:00,0.3576252
2026-02-11 00:46:00,0.36829048
2026-02-11 00:47:00,0.3516515
2026-02-11 00:48:00,0.4094419
2026-02-11 00:49:00,0.37114492
2026-02-11 00:50:00,0.33337906
2026-02-11 00:51:00,0.3437189
2026-02-11 00:52:00,0.39152366
2026-02-11 00:53:00,0.37806067
2026-02-11 00:54:00,0.3146662
2026-02-11 00:55:00,0.36214042
2026-02-11 00:56:00,0.37454528
2026-02-11 00:57:00,0.38981003
2026-02-11 00:58:00,0.3961476
2026-02-11 00:59:00,0.36635023
2026-02-11 01:00:00,0.5488091
2026-02-11 01:01:00,0.5219588
2026-02-11 01:02:00,0.47598627
2026-02-11 01:03:00,0.42100853
2026-02-11 01:04:00,0.38635996
2026-02-11 01:05:00,0.32954153
2026-02-11 01:06:00,0.30206788
2026-02-11 01:07:00,0.32430837
2026-02-11 01:08:00,0.3301383
2026-02-11 01:09:00,0.37267008
2026-02-11 01:10:00,0.40513116
2026-02-11 01:11:00,0.41180706
2026-02-11 01:12:00,0.4284312
2026-02-11 01:13:00,0.44291088
2026-02-11 01:14:00,0.48224708
2026-02-11 01:15:00,0.4061994
2026-02-11 01:16:00,0.38767603
2026-02-11 01:17:00,0.41618496
2026-02-11 01:18:00,0.45214885
2026-02-11 01:19:00,0.41173276
2026-02-11 01:20:00,0.3928351
2026-02-11 01:21:00,0.36901402
2026-02-11 01:22:00,0.35009938
2026-02-11 01:23:00,0.4087661
2026-02-11 01:24:00,0.44654658
2026-02-11 01:25:00,0.431921
2026-02-11 01:26:00,0.42824265
2026-02-11 01:27:00,0.4620556
2026-02-11 01:28:00,0.41192913
2026-02-11 01:29:00,0.43644714
2026-02-11 01:30:00,0.42933735
2026-02-11 01:31:00,0.40147588
2026-02-11 01:32:00,0.45308965
2026-02-11 01:33:00,0.41579443
2026-02-11 01:34:00,0.40004948
2026-02-11 01:35:00,0.40895844
2026-02-11 01:36:00,0.3860826
2026-02-11 01:37:00,0.41395378
2026-02-11 01:38:00,0.37857026
2026-02-11 01:39:00,0.35200033
2026-02-11 01:40:00,0.26213244
2026-02-11 01:41:00,0.22332299
2026-02-11 01:42:00,0.20620105
2026-02-11 01:43:00,0.20745194
2026-02-11 01:44:00,0.2090985
2026-02-11 01:45:00,0.28056207
2026-02-11 01:46:00,0.31655005
2026-02-11 01:47:00,0.34458774
2026-02-11 01:48:00,0.35114086
2026-02-11 01:49:00,0.31757125
2026-02-11 01:50:00,0.2993643
2026-02-11 01:51:00,0.3201299
2026-02-11 01:52:00,0.3498237
2026-02-11 01:53:00,0.32117996
2026-02-11 01:54:00,0.31637037
2026-02-11 01:55:00,0.31306663
2026-02-11 01:56:00,0.33016703
2026-02-11 01:57:00,0.3748752
2026-02-11 01:58:00,0.3799184
2026-02-11 01:59:00,0.344464
2026-02-11 02:00:00,0.56063515
2026-02-11 02:01:00,0.49967474
2026-02-11 02:02:00,0.4767066
2026-02-11 02:03:00,0.43482745
2026-02-11 02:04:00,0.42656314
2026-02-11 02:05:00,0.43245107
2026-02-11 02:06:00,0.39442784
2026-02-11 02:07:00,0.43883607
2026-02-11 02:08:00,0.41266552
2026-02-11 02:09:00,0.42786995
2026-02-11 02:10:00,0.38434595
2026-02-11 02:11:00,0.39036316
2026-02-11 02:12:00,0.39027035
2026-02-11 02:13:00,0.41123223
2026-02-11 02:14:00,0.3843476
2026-02-11 02:15:00,0.39193475
2026-02-11 02:16:00,0.37268466
2026-02-11 02:17:00,0.42177132
2026-02-11 02:18:00,0.40887874
2026-02-11 02:19:00,0.36485195
2026-02-11 02:20:00,0.42727444
2026-02-11 02:21:00,0.4531478
2026-02-11 02:22:00,0.44054955
2026-02-11 02:23:00,0.3851103
2026-02-11 02:24:00,0.38148946
2026-02-11 02:25:00,0.3596967
2026-02-11 02:26:00,0.3330723
2026-02-11 02:27:00,0.30173498
2026-02-11 02:28:00,0.3353676
2026-02-11 02:29:00,0.3266664
2026-02-11 02:30:00,0.3240565
2026-02-11 02:31:00,0.3788569
2026-02-11 02:32:00,0.3976899
2026-02-11 02:33:00,0.41259786
2026-02-11 02:34:00,0.41699886
2026-02-11 02:35:00,0.3863355
2026-02-11 02:36:00,0.4276775
2026-02-11 02:37:00,0.4096721
2026-02-11 02:38:00,0.4112702
2026-02-11 02:39:00,0.3774247
2026-02-11 02:40:00,0.4036776
2026-02-11 02:41:00,0.36799356
2026-02-11 02:42:00,0.3434919
2026-02-11 02:43:00,0.42646056
2026-02-11 02:44:00,0.40859678
2026-02-11 02:45:00,0.373852
2026-02-11 02:46:00,0.3727057
2026-02-11 02:47:00,0.35511455
2026-02-11 02:48:00,0.33732545
2026-02-11 02:49:00,0.33380753
2026-02-11 02:50:00,0.31354275
2026-02-11 02:51:00,0.37066776
2026-02-11 02:52:00,0.3575311
2026-02-11 02:53:00,0.35421073
2026-02-11 02:54:00,0.3576034
2026-02-11 02:55:00,0.35976726
2026-02-11 02:56:00,0.39300355
2026-02-11 02:57:00,0.33659503
2026-02-11 02:58:00,0.33858725
2026-02-11 02:59:00,0.3428517
2026-02-11 03:00:00,0.53776956
2026-02-11 03:01:00,0.5345216
2026-02-11 03:02:00,0.4961994
2026-02-11 03:03:00,0.4373245
2026-02-11 03:04:00,0.4257966
2026-02-11 03:05:00,0.3835068
2026-02-11 03:06:00,0.27706036
2026-02-11 03:07:00,0.29405227
2026-02-11 03:08:00,0.24935344
2026-02-11 03:09:00,0.20173283
2026-02-11 03:10:00,0.19594122
2026-02-11 03:11:00,0.23187754
2026-02-11 03:12:00,0.22531667
2026-02-11 03:13:00,0.26598963
2026-02-11 03:14:00,0.316984
2026-02-11 03:15:00,0.28353226
2026-02-11 03:16:00,0.28038782
2026-02-11 03:17:00,0.2692427
2026-02-11 03:18:00,0.28778484
2026-02-11 03:19:00,0.31787413
2026-02-11 03:20:00,0.3596633
2026-02-11 03:21:00,0.39546254
2026-02-11 03:22:00,0.4031458
2026-02-11 03:23:00,0.36154678
2026-02-11 03:24:00,0.33176154
2026-02-11 03:25:00,0.32909477
2026-02-11 03:26:00,0.31556943
2026-02-11 03:27:00,0.30170816
2026-02-11 03:28:00,0.2520339
2026-02-11 03:29:00,0.27675405
2026-02-11 03:30:00,0.24563333
2026-02-11 03:31:00,0.32296452
2026-02-11 03:32:00,0.32588863
2026-02-11 03:33:00,0.40211067
2026-02-11 03:34:00,0.41850764
2026-02-11 03:35:00,0.3774144
2026-02-11 03:36:00,0.36245847
2026-02-11 03:37:00,0.2896941
2026-02-11 03:38:00,0.2960373
2026-02-11 03:39:00,0.29175562
2026-02-11 03:40:00,0.3194393
2026-02-11 03:41:00,0.29766852
2026-02-11 03:42:00,0.4980007
2026-02-11 03:43:00,0.39639932
2026-02-11 03:44:00,0.45074508
2026-02-11 03:45:00,0.45955765
2026-02-11 03:46:00,0.44554684
2026-02-11 03:47:00,0.41806182
2026-02-11 03:48:00,0.40521446
2026-02-11 03:49:00,0.38862166
2026-02-11 03:50:00,0.35633335
2026-02-11 03:51:00,0.3177773
2026-02-11 03:52:00,0.35645956
2026-02-11 03:53:00,0.42044535
2026-02-11 03:54:00,0.4386136
2026-02-11 03:55:00,0.4408019
2026-02-11 03:56:00,0.41726777
2026-02-11 03:57:00,0.39847425
2026-02-11 03:58:00,0.40007427
2026-02-11 03:59:00,0.3375795
2026-02-11 04:00:00,0.5441988
2026-02-11 04:01:00,0.47909293
2026-02-11 04:02:00,0.4498405
2026-02-11 04:03:00,0.34137657
2026-02-11 04:04:00,0.36314476
2026-02-11 04:05:00,0.38436592
2026-02-11 04:06:00,0.40484932
2026-02-11 04:07:00,0.46760306
2026-02-11 04:08:00,0.3935472
2026-02-11 04:09:00,0.31553507
2026-02-11 04:10:00,0.35791028
2026-02-11 04:11:00,0.43222624
2026-02-11 04:12:00,0.43011463
2026-02-11 04:13:00,0.45544574
2026-02-11 04:14:00,0.45747596
2026-02-11 04:15:00,0.44877943
2026-02-11 04:16:00,0.50900215
2026-02-11 04:17:00,0.54888004
2026-02-11 04:18:00,0.5642041
2026-02-11 04:19:00,0.564236
2026-02-11 04:20:00,0.5623973
2026-02-11 04:21:00,0.49358284
2026-02-11 04:22:00,0.48685715
2026-02-11 04:23:00,0.5184981
2026-02-11 04:24:00,0.4661345
2026-02-11 04:25:00,0.4577585
2026-02-11 04:26:00,0.48048422
2026-02-11 04:27:00,0.5367297
2026-02-11 04:28:00,0.47465307
2026-02-11 04:29:00,0.4669569
2026-02-11 04:30:00,0.4235349
2026-02-11 04:31:00,0.42811757
2026-02-11 04:32:00,0.45448026
2026-02-11 04:33:00,0.4553692
2026-02-11 04:34:00,0.4645171
2026-02-11 04:35:00,0.51290196
2026-02-11 04:36:00,0.52816015
2026-02-11 04:37:00,0.5491543
2026-02-11 04:38:00,0.46926135
2026-02-11 04:39:00,0.420393
2026-02-11 04:40:00,0.44428718
2026-02-11 04:41:00,0.45427483
2026-02-11 04:42:00,0.42764258
2026-02-11 04:43:00,0.42130446
2026-02-11 04:44:00,0.3785561
2026-02-11 04:45:00,0.34679946
2026-02-11 04:46:00,0.35814828
2026-02-11 04:47:00,0.39095417
2026-02-11 04:48:00,0.4308653
2026-02-11 04:49:00,0.40956113
2026-02-11 04:50:00,0.45222184
2026-02-11 04:51:00,0.44477966
2026-02-11 04:52:00,0.4423599
2026-02-11 04:53:00,0.4081917
2026-02-11 04:54:00,0.36166307
2026-02-11 04:55:00,0.38290492
2026-02-11 04:56:00,0.37438673
2026-02-11 04:57:00,0.42404047
2026-02-11 04:58:00,0.35578597
2026-02-11 04:59:00,0.34570092
2026-02-11 05:00:00,0.5136147
2026-02-11 05:01:00,0.479639
2026-02-11 05:02:00,0.4519978
2026-02-11 05:03:00,0.41881076
2026-02-11 05:04:00,0.3236838
2026-02-11 05:05:00,0.31635472
2026-02-11 05:06:00,0.2788382
2026-02-11 05:07:00,0.27419662
2026-02-11 05:08:00,0.24950418
2026-02-11 05:09:00,0.32194635
2026-02-11 05:10:00,0.29962718
2026-02-11 05:11:00,0.32649
2026-02-11 05:12:00,0.41263428
2026-02-11 05:13:00,0.43149692
2026-02-11 05:14:00,0.4133076
2026-02-11 05:15:00,0.36446193
2026-02-11 05:16:00,0.35268727
2026-02-11 05:17:00,0.307562
2026-02-11 05:18:00,0.29541564
2026-02-11 05:19:00,0.32528484
2026-02-11 05:20:00,0.34358683
2026-02-11 05:21:00,0.32988355
2026-02-11 05:22:00,0.33416167
2026-02-11 05:23:00,0.33401793
2026-02-11 05:24:00,0.32280535
2026-02-11 05:25:00,0.36828932
2026-02-11 05:26:00,0.374244
2026-02-11 05:27:00,0.31597963
2026-02-11 05:28:00,0.31398427
2026-02-11 05:29:00,0.28132448
2026-02-11 05:30:00,0.28596348
2026-02-11 05:31:00,0.29481518
2026-02-11 05:32:00,0.33555046
2026-02-11 05:33:00,0.27787662
2026-02-11 05:34:00,0.28400576
2026-02-11 05:35:00,0.20483147
2026-02-11 05:36:00,0.25417796
2026-02-11 05:37:00,0.23784609
2026-02-11 05:38:00,0.27295396
2026-02-11 05:39:00,0.28550592
2026-02-11 05:40:00,0.34568933
2026-02-11 05:41:00,0.39040428
2026-02-11 05:42:00,0.4533266
2026-02-11 05:43:00,0.514944
2026-02-11 05:44:00,0.54609436
2026-02-11 05:45:00,0.49295995
2026-02-11 05:46:00,0.5299814
2026-02-11 05:47:00,0.5579299
2026-02-11 05:48:00,0.5672328
2026-02-11 05:49:00,0.5809057
2026-02-11 05:50:00,0.6725334
2026-02-11 05:51:00,0.63089484
2026-02-11 05:52:00,0.57694805
2026-02-11 05:53:00,0.5602164
2026-02-11 05:54:00,0.5252387
2026-02-11 05:55:00,0.547138
2026-02-11 05:56:00,0.54742503
2026-02-11 05:57:00,0.6004905
2026-02-11 05:58:00,0.57387125
2026-02-11 05:59:00,0.5234058
2026-02-11 06:00:00,0.8036708
2026-02-11 06:01:00,0.7842393
2026-02-11 06:02:00,0.70924157
2026-02-11 06:03:00,0.66702497
2026-02-11 06:04:00,0.59680253
2026-02-11 06:05:00,0.5804115
2026-02-11 06:06:00,0.51407886
2026-02-11 06:07:00,0.5207203
2026-02-11 06:08:00,0.50488365
2026-02-11 06:09:00,0.43890348
2026-02-11 06:10:00,0.40961975
2026-02-11 06:11:00,0.423786
2026-02-11 06:12:00,0.42607528
2026-02-11 06:13:00,0.39748704
2026-02-11 06:14:00,0.4360953
2026-02-11 06:15:00,0.45434943
2026-02-11 06:16:00,0.4058106
2026-02-11 06:17:00,0.38443977
2026-02-11 06:18:00,0.5100046
2026-02-11 06:19:00,0.5692686
2026-02-11 06:20:00,0.55943364
2026-02-11 06:21:00,0.55885804
2026-02-11 06:22:00,0.5603184
2026-02-11 06:23:00,0.5459087
2026-02-11 06:24:00,0.57401353
2026-02-11 06:25:00,0.54778874
2026-02-11 06:26:00,0.55144316
2026-02-11 06:27:00,0.49746662
2026-02-11 06:28:00,0.4245622
2026-02-11 06:29:00,0.431575
2026-02-11 06:30:00,0.3819515
2026-02-11 06:31:00,0.4245673
2026-02-11 06:32:00,0.406146
2026-02-11 06:33:00,0.38382193
2026-02-11 06:34:00,0.4108002
2026-02-11 06:35:00,0.41916117
2026-02-11 06:36:00,0.3717435
2026-02-11 06:37:00,0.34489056
2026-02-11 06:38:00,0.37895644
2026-02-11 06:39:00,0.3156799
2026-02-11 06:40:00,0.3302268
2026-02-11 06:41:00,0.29662278
2026-02-11 06:42:00,0.3644777
2026-02-11 06:43:00,0.36533007
2026-02-11 06:44:00,0.3950506
2026-02-11 06:45:00,0.41048944
2026-02-11 06:46:00,0.3946906
2026-02-11 06:47:00,0.38568178
2026-02-11 06:48:00,0.423021
2026-02-11 06:49:00,0.32027927
2026-02-11 06:50:00,0.31110156
2026-02-11 06:51:00,0.35646582
2026-02-11 06:52:00,0.42269695
2026-02-11 06:53:00,0.4219594
2026-02-11 06:54:00,0.39930707
2026-02-11 06:55:00,0.43142962
2026-02-11 06:56:00,0.44075966
2026-02-11 06:57:00,0.4700846
2026-02-11 06:58:00,0.49155992
2026-02-11 06:59:00,0.4577796
2026-02-11 07:00:00,0.6792343
2026-02-11 07:01:00,0.62802917
2026-02-11 07:02:00,0.5577896
2026-02-11 07:03:00,0.527762
2026-02-11 07:04:00,0.51821375
2026-02-11 07:05:00,0.46551073
2026-02-11 07:06:00,0.45634636
2026-02-11 07:07:00,0.43715477
2026-02-11 07:08:00,0.42441803
2026-02-11 07:09:00,0.44266984
2026-02-11 07:10:00,0.39112788
2026-02-11 07:11:00,0.46235946
2026-02-11 07:12:00,0.4228233
2026-02-11 07:13:00,0.41773903
2026-02-11 07:14:00,0.4349691
2026-02-11 07:15:00,0.43771598
2026-02-11 07:16:00,0.38946044
2026-02-11 07:17:00,0.43952167
2026-02-11 07:18:00,0.39782256
2026-02-11 07:19:00,0.46241602
2026-02-11 07:20:00,0.46013492
2026-02-11 07:21:00,0.42014548
2026-02-11 07:22:00,0.40125185
2026-02-11 07:23:00,0.42783454
2026-02-11 07:24:00,0.41328087
2026-02-11 07:25:00,0.47101462
2026-02-11 07:26:00,0.49059522
2026-02-11 07:27:00,0.509526
2026-02-11 07:28:00,0.43183333
2026-02-11 07:29:00,0.3587264
2026-02-11 07:30:00,0.39783156
2026-02-11 07:31:00,0.37107268
2026-02-11 07:32:00,0.41177946
2026-02-11 07:33:00,0.4224078
2026-02-11 07:34:00,0.4516566
2026-02-11 07:35:00,0.44418824
2026-02-11 07:36:00,0.46222764
2026-02-11 07:37:00,0.46991375
2026-02-11 07:38:00,0.42975023
2026-02-11 07:39:00,0.39727956
2026-02-11 07:40:00,0.39833647
2026-02-11 07:41:00,0.40888613
2026-02-11 07:42:00,0.46062493
2026-02-11 07:43:00,0.45701677
2026-02-11 07:44:00,0.46028072
2026-02-11 07:45:00,0.45388922
2026-02-11 07:46:00,0.47722644
2026-02-11 07:47:00,0.5334666
2026-02-11 07:48:00,0.4662285
2026-02-11 07:49:00,0.4776848
2026-02-11 07:50:00,0.48384377
2026-02-11 07:51:00,0.42176184
2026-02-11 07:52:00,0.4157268
2026-02-11 07:53:00,0.43940115
2026-02-11 07:54:00,0.4009922
2026-02-11 07:55:00,0.99
2026-02-11 07:56:00,0.3225527
2026-02-11 07:57:00,0.29464322
2026-02-11 07:58:00,0.2958329
2026-02-11 07:59:00,0.26868078
2026-02-11 08:00:00,0.52735126
2026-02-11 08:01:00,0.5139105
2026-02-11 08:02:00,0.49908316
2026-02-11 08:03:00,0.46068606
2026-02-11 08:04:00,0.42854908
2026-02-11 08:05:00,0.4068655
2026-02-11 08:06:00,0.38158578
2026-02-11 08:07:00,0.3326814
2026-02-11 08:08:00,0.33425847
2026-02-11 08:09:00,0.3919382
2026-02-11 08:10:00,0.3716261
2026-02-11 08:11:00,0.3706236
2026-02-11 08:12:00,0.36262646
2026-02-11 08:13:00,0.36882007
2026-02-11 08:14:00,0.39985365
2026-02-11 08:15:00,0.36237118
2026-02-11 08:16:00,0.30148244
2026-02-11 08:17:00,0.2908034
2026-02-11 08:18:00,0.275725
2026-02-11 08:19:00,0.2694303
2026-02-11 08:20:00,0.33157906
2026-02-11 08:21:00,0.3862223
2026-02-11 08:22:00,0.39747006
2026-02-11 08:23:00,0.39442623
2026-02-11 08:24:00,0.4211995
2026-02-11 08:25:00,0.40277728
2026-02-11 08:26:00,0.42020223
2026-02-11 08:27:00,0.3865821
2026-02-11 08:28:00,0.3714008
2026-02-11 08:29:00,0.34688854
2026-02-11 08:30:00,0.34001064
2026-02-11 08:31:00,0.29442674
2026-02-11 08:32:00,0.31214565
2026-02-11 08:33:00,0.3185047
2026-02-11 08:34:00,0.3465894
2026-02-11 08:35:00,0.30591503
2026-02-11 08:36:00,0.25142103
2026-02-11 08:37:00,0.26775566
2026-02-11 08:38:00,0.32207593
2026-02-11 08:39:00,0.29221275
2026-02-11 08:40:00,0.34394795
2026-02-11 08:41:00,0.4036155
2026-02-11 08:42:00,0.41733432
2026-02-11 08:43:00,0.36197433
2026-02-11 08:44:00,0.3694271
2026-02-11 08:45:00,0.3387454
2026-02-11 08:46:00,0.32749802
2026-02-11 08:47:00,0.35155088
2026-02-11 08:48:00,0.3662201
2026-02-11 08:49:00,0.3807788
2026-02-11 08:50:00,0.39578772
2026-02-11 08:51:00,0.4402433
2026-02-11 08:52:00,0.48672047
2026-02-11 08:53:00,0.4769248
2026-02-11 08:54:00,0.47310007
2026-02-11 08:55:00,0.43260446
2026-02-11 08:56:00,0.40827364
2026-02-11 08:57:00,0.3860604
2026-02-11 08:58:00,0.39336386
2026-02-11 08:59:00,0.38580298
2026-02-11 09:00:00,0.5784949
2026-02-11 09:01:00,0.49825028
2026-02-11 09:02:00,0.4804114
2026-02-11 09:03:00,0.40917504
2026-02-11 09:04:00,0.381136
2026-02-11 09:05:00,0.28968933
2026-02-11 09:06:00,0.37244245
2026-02-11 09:07:00,0.34036443
2026-02-11 09:08:00,0.30271104
2026-02-11 09:09:00,0.26567474
2026-02-11 09:10:00,0.31997317
2026-02-11 09:11:00,0.34865144
2026-02-11 09:12:00,0.3557977
2026-02-11 09:13:00,0.38462377
2026-02-11 09:14:00,0.32182965
2026-02-11 09:15:00,0.34121904
2026-02-11 09:16:00,0.3748884
2026-02-11 09:17:00,0.32356012
2026-02-11 09:18:00,0.3205678
2026-02-11 09:19:00,0.35060078
2026-02-11 09:20:00,0.3787615
2026-02-11 09:21:00,0.36304963
2026-02-11 09:22:00,0.37047046
2026-02-11 09:23:00,0.28765208
2026-02-11 09:24:00,0.28307605
2026-02-11 09:25:00,0.2288832
2026-02-11 09:26:00,0.22847629
2026-02-11 09:27:00,0.27961287
2026-02-11 09:28:00,0.24120969
2026-02-11 09:29:00,0.30043074
2026-02-11 09:30:00,0.3489664
2026-02-11 09:31:00,0.35052207
2026-02-11 09:32:00,0.39875597
2026-02-11 09:33:00,0.4908113
2026-02-11 09:34:00,0.52525425
2026-02-11 09:35:00,0.50974184
2026-02-11 09:36:00,0.48127902
2026-02-11 09:37:00,0.48030782
2026-02-11 09:38:00,0.4825353
2026-02-11 09:39:00,0.5017252
2026-02-11 09:40:00,0.45614263
2026-02-11 09:41:00,0.4559367
2026-02-11 09:42:00,0.50992656
2026-02-11 09:43:00,0.49823934
2026-02-11 09:44:00,0.46256512
2026-02-11 09:45:00,0.4046475
2026-02-11 09:46:00,0.40354446
2026-02-11 09:47:00,0.5103089
2026-02-11 09:48:00,0.46506438
2026-02-11 09:49:00,0.5173382
2026-02-11 09:50:00,0.50477403
2026-02-11 09:51:00,0.51331776
2026-02-11 09:52:00,0.49726555
2026-02-11 09:53:00,0.45285115
2026-02-11 09:54:00,0.44237307
2026-02-11 09:55:00,0.41215342
2026-02-11 09:56:00,0.39596596
2026-02-11 09:57:00,0.43172592
2026-02-11 09:58:00,0.42110813
2026-02-11 09:59:00,0.440931
2026-02-11 10:00:00,0.6705156
2026-02-11 10:01:00,0.6620824
2026-02-11 10:02:00,0.5571516
2026-02-11 10:03:00,0.4831038
2026-02-11 10:04:00,0.42611596
2026-02-11 10:05:00,0.4652292
2026-02-11 10:06:00,0.48011518
2026-02-11 10:07:00,0.43987164
2026-02-11 10:08:00,0.3704062
2026-02-11 10:09:00,0.3145872
2026-02-11 10:10:00,0.3277219
2026-02-11 10:11:00,0.3052381
2026-02-11 10:12:00,0.30702868
2026-02-11 10:13:00,0.25606498
2026-02-11 10:14:00,0.3034491
2026-02-11 10:15:00,0.3357762
2026-02-11 10:16:00,0.31198275
2026-02-11 10:17:00,0.30640063
2026-02-11 10:18:00,0.24209607
2026-02-11 10:19:00,0.20788182
2026-02-11 10:20:00,0.22762808
2026-02-11 10:21:00,0.2461756
2026-02-11 10:22:00,0.30020663
2026-02-11 10:23:00,0.29784006
2026-02-11 10:24:00,0.41870984
2026-02-11 10:25:00,0.43607163
2026-02-11 10:26:00,0.42638066
2026-02-11 10:27:00,0.40334135
2026-02-11 10:28:00,0.39655522
2026-02-11 10:29:00,0.3699167
2026-02-11 10:30:00,0.3742202
2026-02-11 10:31:00,0.44496796
2026-02-11 10:32:00,0.41902217
2026-02-11 10:33:00,0.40162125
2026-02-11 10:34:00,0.36567256
2026-02-11 10:35:00,0.31568924
2026-02-11 10:36:00,0.30239737
2026-02-11 10:37:00,0.3245099
2026-02-11 10:38:00,0.29490784
2026-02-11 10:39:00,0.29160815
2026-02-11 10:40:00,0.25030208
2026-02-11 10:41:00,0.21889023
2026-02-11 10:42:00,0.2668683
2026-02-11 10:43:00,0.22412671
2026-02-11 10:44:00,0.30221447
2026-02-11 10:45:00,0.32920256
2026-02-11 10:46:00,0.35297552
2026-02-11 10:47:00,0.3058059
2026-02-11 10:48:00,0.34920263
2026-02-11 10:49:00,0.36383158
2026-02-11 10:50:00,0.35576716
2026-02-11 10:51:00,0.36285442
2026-02-11 10:52:00,0.33308616
2026-02-11 10:53:00,0.36681876
2026-02-11 10:54:00,0.3028492
2026-02-11 10:55:00,0.3591767
2026-02-11 10:56:00,0.3310785
2026-02-11 10:57:00,0.36162144
2026-02-11 10:58:00,0.32818505
2026-02-11 10:59:00,0.25990412
2026-02-11 11:00:00,0.52546144
2026-02-11 11:01:00,0.51715726
2026-02-11 11:02:00,0.40268487
2026-02-11 11:03:00,0.36444765
2026-02-11 11:04:00,0.33062732
2026-02-11 11:05:00,0.23899516
2026-02-11 11:06:00,0.18685092
2026-02-11 11:07:00,0.16687463
2026-02-11 11:08:00,0.18492216
2026-02-11 11:09:00,0.23422861
2026-02-11 11:10:00,0.2643279
2026-02-11 11:11:00,0.26653528
2026-02-11 11:12:00,0.23526953
2026-02-11 11:13:00,0.26844925
2026-02-11 11:14:00,0.25356364
2026-02-11 11:15:00,0.18625781
2026-02-11 11:16:00,0.17227715
2026-02-11 11:17:00,0.21949123
2026-02-11 11:18:00,0.2551429
2026-02-11 11:19:00,0.30627006
2026-02-11 11:20:00,0.37329748
2026-02-11 11:21:00,0.28319287
2026-02-11 11:22:00,0.27197656
2026-02-11 11:23:00,0.3246522
2026-02-11 11:24:00,0.34944114
2026-02-11 11:25:00,0.31221637
2026-02-11 11:26:00,0.27906594
2026-02-11 11:27:00,0.34594044
2026-02-11 11:28:00,0.3586217
2026-02-11 11:29:00,0.36890587
2026-02-11 11:30:00,0.4093456
2026-02-11 11:31:00,0.41029748
2026-02-11 11:32:00,0.4350917
2026-02-11 11:33:00,0.4194948
2026-02-11 11:34:00,0.46413058
2026-02-11 11:35:00,0.40780002
2026-02-11 11:36:00,0.39261714
2026-02-11 11:37:00,0.37763187
2026-02-11 11:38:00,0.37635288
2026-02-11 11:39:00,0.33119985
2026-02-11 11:40:00,0.3667348
2026-02-11 11:41:00,0.38525012
2026-02-11 11:42:00,0.3687505
2026-02-11 11:43:00,0.42615896
2026-02-11 11:44:00,0.3351417
2026-02-11 11:45:00,0.32229975
2026-02-11 11:46:00,0.32479072
2026-02-11 11:47:00,0.3251574
2026-02-11 11:48:00,0.30731177
2026-02-11 11:49:00,0.3213116
2026-02-11 11:50:00,0.3294142
2026-02-11 11:51:00,0.3316996
2026-02-11 11:52:00,0.27127147
2026-02-11 11:53:00,0.25832725
2026-02-11 11:54:00,0.2171488
2026-02-11 11:55:00,0.24767657
2026-02-11 11:56:00,0.23138751
2026-02-11 11:57:00,0.24510755
2026-02-11 11:58:00,0.23857307
2026-02-11 11:59:00,0.22979738
2026-02-11 12:00:00,0.4465097
2026-02-11 12:01:00,0.476089
2026-02-11 12:02:00,0.39097282
2026-02-11 12:03:00,0.33244365
2026-02-11 12:04:00,0.20402244
2026-02-11 12:05:00,0.17818306
2026-02-11 12:06:00,0.18365128
2026-02-11 12:07:00,0.15929312
2026-02-11 12:08:00,0.20870607
2026-02-11 12:09:00,0.2230529
2026-02-11 12:10:00,0.25175935
2026-02-11 12:11:00,0.2824629
2026-02-11 12:12:00,0.31704995
2026-02-11 12:13:00,0.34147713
2026-02-11 12:14:00,0.34959272
2026-02-11 12:15:00,0.30956283
2026-02-11 12:16:00,0.33003065
2026-02-11 12:17:00,0.35911483
2026-02-11 12:18:00,0.39129344
2026-02-11 12:19:00,0.3519082
2026-02-11 12:20:00,0.36431834
2026-02-11 12:21:00,0.32539704
2026-02-11 12:22:00,0.237404
2026-02-11 12:23:00,0.22675286
2026-02-11 12:24:00,0.23398001
2026-02-11 12:25:00,0.23920368
2026-02-11 12:26:00,0.24521314
2026-02-11 12:27:00,0.19597219
2026-02-11 12:28:00,0.19598046
2026-02-11 12:29:00,0.22972985
2026-02-11 12:30:00,0.22723661
2026-02-11 12:31:00,0.23098314
2026-02-11 12:32:00,0.21773387
2026-02-11 12:33:00,0.25416026
2026-02-11 12:34:00,0.25352767
2026-02-11 12:35:00,0.19575271
2026-02-11 12:36:00,0.218741
2026-02-11 12:37:00,0.24960878
2026-02-11 12:38:00,0.2772231
2026-02-11 12:39:00,0.29432935
2026-02-11 12:40:00,0.31481853
2026-02-11 12:41:00,0.32389417
2026-02-11 12:42:00,0.25670385
2026-02-11 12:43:00,0.20193647
2026-02-11 12:44:00,0.26901287
2026-02-11 12:45:00,0.2387766
2026-02-11 12:46:00,0.23386216
2026-02-11 12:47:00,0.25802538
2026-02-11 12:48:00,0.27728382
2026-02-11 12:49:00,0.32105565
2026-02-11 12:50:00,0.31576276
2026-02-11 12:51:00,0.29428893
2026-02-11 12:52:00,0.26484773
2026-02-11 12:53:00,0.22315663
2026-02-11 12:54:00,0.2919511
2026-02-11 12:55:00,0.24626599
2026-02-11 12:56:00,0.27509505
2026-02-11 12:57:00,0.32069856
2026-02-11 12:58:00,0.34573534
2026-02-11 12:59:00,0.3680752
2026-02-11 13:00:00,0.55437994
2026-02-11 13:01:00,0.49633428
2026-02-11 13:02:00,0.4340195
2026-02-11 13:03:00,0.34234044
2026-02-11 13:04:00,0.30927953
2026-02-11 13:05:00,0.22862123
2026-02-11 13:06:00,0.17059582
2026-02-11 13:07:00,0.1300024
2026-02-11 13:08:00,0.18672538
2026-02-11 13:09:00,0.23057777
2026-02-11 13:10:00,0.24759892
2026-02-11 13:11:00,0.25085986
2026-02-11 13:12:00,0.28861845
2026-02-11 13:13:00,0.23686546
2026-02-11 13:14:00,0.23362724
2026-02-11 13:15:00,0.20597814
2026-02-11 13:16:00,0.21595961
2026-02-11 13:17:00,0.19698074
2026-02-11 13:18:00,0.22911593
2026-02-11 13:19:00,0.18009135
2026-02-11 13:20:00,0.19345394
2026-02-11 13:21:00,0.1299684
2026-02-11 13:22:00,0.14578684
2026-02-11 13:23:00,0.050867073
2026-02-11 13:24:00,0.048604205
2026-02-11 13:25:00,0.052270237
2026-02-11 13:26:00,0.04
2026-02-11 13:27:00,0.06699803
2026-02-11 13:28:00,0.04
2026-02-11 13:29:00,0.04
2026-02-11 13:30:00,0.04
2026-02-11 13:31:00,0.04
2026-02-11 13:32:00,0.04
2026-02-11 13:33:00,0.04
2026-02-11 13:34:00,0.04
2026-02-11 13:35:00,0.04
2026-02-11 13:36:00,0.04
2026-02-11 13:37:00,0.06278055
2026-02-11 13:38:00,0.072592914
2026-02-11 13:39:00,0.0939998
2026-02-11 13:40:00,0.15067828
2026-02-11 13:41:00,0.18967904
2026-02-11 13:42:00,0.14945923
2026-02-11 13:43:00,0.15780643
2026-02-11 13:44:00,0.13442338
2026-02-11 13:45:00,0.117227025
2026-02-11 13:46:00,0.13449512
2026-02-11 13:47:00,0.20014621
2026-02-11 13:48:00,0.15334435
2026-02-11 13:49:00,0.1368713
2026-02-11 13:50:00,0.12653042
2026-02-11 13:51:00,0.19246392
2026-02-11 13:52:00,0.23366755
2026-02-11 13:53:00,0.21292551
2026-02-11 13:54:00,0.26513076
2026-02-11 13:55:00,0.22711329
2026-02-11 13:56:00,0.25213012
2026-02-11 13:57:00,0.21886277
2026-02-11 13:58:00,0.23076956
2026-02-11 13:59:00,0.2935054
2026-02-11 14:00:00,0.5619997
2026-02-11 14:01:00,0.5187758
2026-02-11 14:02:00,0.40904674
2026-02-11 14:03:00,0.28782195
2026-02-11 14:04:00,0.22654201
2026-02-11 14:05:00,0.21966581
2026-02-11 14:06:00,0.21785405
2026-02-11 14:07:00,0.13778545
2026-02-11 14:08:00,0.12979682
2026-02-11 14:09:00,0.086757705
2026-02-11 14:10:00,0.12352085
2026-02-11 14:11:00,0.1523159
2026-02-11 14:12:00,0.14803539
2026-02-11 14:13:00,0.15919854
2026-02-11 14:14:00,0.1482419
2026-02-11 14:15:00,0.12600872
2026-02-11 14:16:00,0.1765484
2026-02-11 14:17:00,0.1738803
2026-02-11 14:18:00,0.10560071
2026-02-11 14:19:00,0.16821297
2026-02-11 14:20:00,0.23682295
2026-02-11 14:21:00,0.18513776
2026-02-11 14:22:00,0.21946387
2026-02-11 14:23:00,0.18496981
2026-02-11 14:24:00,0.21824996
2026-02-11 14:25:00,0.2610247
2026-02-11 14:26:00,0.23098832
2026-02-11 14:27:00,0.25839993
2026-02-11 14:28:00,0.22531284
2026-02-11 14:29:00,0.29960093
2026-02-11 14:30:00,0.28193617
2026-02-11 14:31:00,0.22038744
2026-02-11 14:32:00,0.22126402
2026-02-11 14:33:00,0.22219862
2026-02-11 14:34:00,0.2075455
2026-02-11 14:35:00,0.12935014
2026-02-11 14:36:00,0.18943386
2026-02-11 14:37:00,0.1789364
2026-02-11 14:38:00,0.09758864
2026-02-11 14:39:00,0.11324408
2026-02-11 14:40:00,0.14683338
2026-02-11 14:41:00,0.18458812
2026-02-11 14:42:00,0.18741134
2026-02-11 14:43:00,0.21585883
2026-02-11 14:44:00,0.19087309
2026-02-11 14:45:00,0.16693357
2026-02-11 14:46:00,0.1426827
2026-02-11 14:47:00,0.09631115
2026-02-11 14:48:00,0.13976039
2026-02-11 14:49:00,0.21257244
2026-02-11 14:50:00,0.22134064
2026-02-11 14:51:00,0.23897508
2026-02-11 14:52:00,0.2670723
2026-02-11 14:53:00,0.2428335
2026-02-11 14:54:00,0.41930547
2026-02-11 14:55:00,0.28542432
2026-02-11 14:56:00,0.29543087
2026-02-11 14:57:00,0.26345646
2026-02-11 14:58:00,0.25685897
2026-02-11 14:59:00,0.2227657
2026-02-11 15:00:00,0.45332178
2026-02-11 15:01:00,0.3607057
2026-02-11 15:02:00,0.32009515
2026-02-11 15:03:00,0.25077322
2026-02-11 15:04:00,0.21549287
2026-02-11 15:05:00,0.18696244
2026-02-11 15:06:00,0.19822899
2026-02-11 15:07:00,0.17536375
2026-02-11 15:08:00,0.16344443
2026-02-11 15:09:00,0.19051668
2026-02-11 15:10:00,0.1406409
2026-02-11 15:11:00,0.14651048
2026-02-11 15:12:00,0.10190036
2026-02-11 15:13:00,0.056669757
2026-02-11 15:14:00,0.04
2026-02-11 15:15:00,0.04
2026-02-11 15:16:00,0.04
2026-02-11 15:17:00,0.046240896
2026-02-11 15:18:00,0.091590665
2026-02-11 15:19:00,0.16069177
2026-02-11 15:20:00,0.16912617
2026-02-11 15:21:00,0.17755468
2026-02-11 15:22:00,0.19836302
2026-02-11 15:23:00,0.1396252
2026-02-11 15:24:00,0.18998468
2026-02-11 15:25:00,0.20518008
2026-02-11 15:26:00,0.24146505
2026-02-11 15:27:00,0.29772937
2026-02-11 15:28:00,0.3067574
2026-02-11 15:29:00,0.27254605
2026-02-11 15:30:00,0.2997247
2026-02-11 15:31:00,0.27622712
2026-02-11 15:32:00,0.21267927
2026-02-11 15:33:00,0.22152172
2026-02-11 15:34:00,0.16541243
2026-02-11 15:35:00,0.1791205
2026-02-11 15:36:00,0.18599342
2026-02-11 15:37:00,0.20693365
2026-02-11 15:38:00,0.20588087
2026-02-11 15:39:00,0.20612884
2026-02-11 15:40:00,0.25159007
2026-02-11 15:41:00,0.24683595
2026-02-11 15:42:00,0.23972264
2026-02-11 15:43:00,0.23373936
2026-02-11 15:44:00,0.25745144
2026-02-11 15:45:00,0.27141985
2026-02-11 15:46:00,0.30031726
2026-02-11 15:47:00,0.2546024
2026-02-11 15:48:00,0.23517188
2026-02-11 15:49:00,0.22488284
2026-02-11 15:50:00,0.29777193
2026-02-11 15:51:00,0.29192445
2026-02-11 15:52:00,0.24265663
2026-02-11 15:53:00,0.18775588
2026-02-11 15:54:00,0.30171007
2026-02-11 15:55:00,0.15168156
2026-02-11 15:56:00,0.10812322
2026-02-11 15:57:00,0.16070928
2026-02-11 15:58:00,0.13376026
2026-02-11 15:59:00,0.10744703
2026-02-11 16:00:00,0.26532304
2026-02-11 16:01:00,0.22742376
2026-02-11 16:02:00,0.20763303
2026-02-11 16:03:00,0.15009636
2026-02-11 16:04:00,0.105587944
2026-02-11 16:05:00,0.13084409
2026-02-11 16:06:00,0.12585303
2026-02-11 16:07:00,0.10088349
2026-02-11 16:08:00,0.08825782
2026-02-11 16:09:00,0.08444893
2026-02-11 16:10:00,0.052027397
2026-02-11 16:11:00,0.064910226
2026-02-11 16:12:00,0.06109902
2026-02-11 16:13:00,0.14192763
2026-02-11 16:14:00,0.14915659
2026-02-11 16:15:00,0.17253101
2026-02-11 16:16:00,0.1419112
2026-02-11 16:17:00,0.16508022
2026-02-11 16:18:00,0.12941547
2026-02-11 16:19:00,0.097720936
2026-02-11 16:20:00,0.12365989
2026-02-11 16:21:00,0.18324222
2026-02-11 16:22:00,0.15608217
2026-02-11 16:23:00,0.12106243
2026-02-11 16:24:00,0.18685853
2026-02-11 16:25:00,0.1900509
2026-02-11 16:26:00,0.17709488
2026-02-11 16:27:00,0.21194138
2026-02-11 16:28:00,0.21816115
2026-02-11 16:29:00,0.2749621
2026-02-11 16:30:00,0.24824084
2026-02-11 16:31:00,0.19854689
2026-02-11 16:32:00,0.19083315
2026-02-11 16:33:00,0.1589909
2026-02-11 16:34:00,0.21652704
2026-02-11 16:35:00,0.2170066
2026-02-11 16:36:00,0.20526095
2026-02-11 16:37:00,0.14973582
2026-02-11 16:38:00,0.11219062
2026-02-11 16:39:00,0.15106675
2026-02-11 16:40:00,0.17685437
2026-02-11 16:41:00,0.19126457
2026-02-11 16:42:00,0.16884279
2026-02-11 16:43:00,0.18963186
2026-02-11 16:44:00,0.19600688
2026-02-11 16:45:00,0.152865
2026-02-11 16:46:00,0.15463421
2026-02-11 16:47:00,0.1319307
2026-02-11 16:48:00,0.07786369
2026-02-11 16:49:00,0.12446684
2026-02-11 16:50:00,0.15029007
2026-02-11 16:51:00,0.13870625
2026-02-11 16:52:00,0.15844038
2026-02-11 16:53:00,0.18104061
2026-02-11 16:54:00,0.18120717
2026-02-11 16:55:00,0.17189276
2026-02-11 16:56:00,0.09518411
2026-02-11 16:57:00,0.10840649
2026-02-11 16:58:00,0.10626419
2026-02-11 16:59:00,0.11301335
2026-02-11 17:00:00,0.40345502
2026-02-11 17:01:00,0.41620016
2026-02-11 17:02:00,0.39257324
2026-02-11 17:03:00,0.31808934
2026-02-11 17:04:00,0.27455506
2026-02-11 17:05:00,0.23723462
2026-02-11 17:06:00,0.12821108
2026-02-11 17:07:00,0.13924284
2026-02-11 17:08:00,0.10755623
2026-02-11 17:09:00,0.12079613
2026-02-11 17:10:00,0.07890278
2026-02-11 17:11:00,0.11913111
2026-02-11 17:12:00,0.06132316
2026-02-11 17:13:00,0.042930454
2026-02-11 17:14:00,0.04
2026-02-11 17:15:00,0.04
2026-02-11 17:16:00,0.04
2026-02-11 17:17:00,0.04
2026-02-11 17:18:00,0.04
2026-02-11 17:19:00,0.061940223
2026-02-11 17:20:00,0.08461674
2026-02-11 17:21:00,0.075543314
2026-02-11 17:22:00,0.068093315
2026-02-11 17:23:00,0.04
2026-02-11 17:24:00,0.063143425
2026-02-11 17:25:00,0.044415493
2026-02-11 17:26:00,0.06827822
2026-02-11 17:27:00,0.07895975
2026-02-11 17:28:00,0.07910095
2026-02-11 17:29:00,0.07279805
2026-02-11 17:30:00,0.044414673
2026-02-11 17:31:00,0.098950244
2026-02-11 17:32:00,0.061035987
2026-02-11 17:33:00,0.05013735
2026-02-11 17:34:00,0.04
2026-02-11 17:35:00,0.04
2026-02-11 17:36:00,0.04
2026-02-11 17:37:00,0.045233723
2026-02-11 17:38:00,0.04
2026-02-11 17:39:00,0.04
2026-02-11 17:40:00,0.04
2026-02-11 17:41:00,0.04
2026-02-11 17:42:00,0.04
2026-02-11 17:43:00,0.04
2026-02-11 17:44:00,0.048605353
2026-02-11 17:45:00,0.04
2026-02-11 17:46:00,0.04
2026-02-11 17:47:00,0.13425949
2026-02-11 17:48:00,0.12260283
2026-02-11 17:49:00,0.2031637
2026-02-11 17:50:00,0.20170037
2026-02-11 17:51:00,0.14003171
2026-02-11 17:52:00,0.15796852
2026-02-11 17:53:00,0.19562799
2026-02-11 17:54:00,0.17625098
2026-02-11 17:55:00,0.08993048
2026-02-11 17:56:00,0.07962046
2026-02-11 17:57:00,0.07239699
2026-02-11 17:58:00,0.08963341
2026-02-11 17:59:00,0.049515713
2026-02-11 18:00:00,0.26037607
2026-02-11 18:01:00,0.28280604
2026-02-11 18:02:00,0.21579719
2026-02-11 18:03:00,0.10301408
2026-02-11 18:04:00,0.04
2026-02-11 18:05:00,0.04
2026-02-11 18:06:00,0.043050118
2026-02-11 18:07:00,0.086404935
2026-02-11 18:08:00,0.06927637
2026-02-11 18:09:00,0.11064094
2026-02-11 18:10:00,0.14180745
2026-02-11 18:11:00,0.17395854
2026-02-11 18:12:00,0.19879243
2026-02-11 18:13:00,0.25557855
2026-02-11 18:14:00,0.23214935
2026-02-11 18:15:00,0.18966195
2026-02-11 18:16:00,0.19718413
2026-02-11 18:17:00,0.24281438
2026-02-11 18:18:00,0.17029005
2026-02-11 18:19:00,0.20844671
2026-02-11 18:20:00,0.2652328
2026-02-11 18:21:00,0.23567449
2026-02-11 18:22:00,0.21985787
2026-02-11 18:23:00,0.18675043
2026-02-11 18:24:00,0.19064796
2026-02-11 18:25:00,0.18998694
2026-02-11 18:26:00,0.22331196
2026-02-11 18:27:00,0.16349855
2026-02-11 18:28:00,0.16624641
2026-02-11 18:29:00,0.21165997
2026-02-11 18:30:00,0.18557663
2026-02-11 18:31:00,0.2159609
2026-02-11 18:32:00,0.18179113
2026-02-11 18:33:00,0.17870255
2026-02-11 18:34:00,0.17154895
2026-02-11 18:35:00,0.15466386
2026-02-11 18:36:00,0.1781778
2026-02-11 18:37:00,0.21381107
2026-02-11 18:38:00,0.20094065
2026-02-11 18:39:00,0.27571303
2026-02-11 18:40:00,0.2602903
2026-02-11 18:41:00,0.25408778
2026-02-11 18:42:00,0.25770414
2026-02-11 18:43:00,0.24210787
2026-02-11 18:44:00,0.17799243
2026-02-11 18:45:00,0.16428015
2026-02-11 18:46:00,0.15958422
2026-02-11 18:47:00,0.16541989
2026-02-11 18:48:00,0.13754378
2026-02-11 18:49:00,0.14479753
2026-02-11 18:50:00,0.1282221
2026-02-11 18:51:00,0.16852231
2026-02-11 18:52:00,0.15971778
2026-02-11 18:53:00,0.1778278
2026-02-11 18:54:00,0.13917896
2026-02-11 18:55:00,0.14953855
2026-02-11 18:56:00,0.15295689
2026-02-11 18:57:00,0.20614864
2026-02-11 18:58:00,0.19387516
2026-02-11 18:59:00,0.18592851
2026-02-11 19:00:00,0.4190549
2026-02-11 19:01:00,0.36641586
2026-02-11 19:02:00,0.34395713
2026-02-11 19:03:00,0.2339747
2026-02-11 19:04:00,0.15529409
2026-02-11 19:05:00,0.13851227
2026-02-11 19:06:00,0.13934912
2026-02-11 19:07:00,0.11068214
2026-02-11 19:08:00,0.10977732
2026-02-11 19:09:00,0.13074476
2026-02-11 19:10:00,0.15759489
2026-02-11 19:11:00,0.14734817
2026-02-11 19:12:00,0.15409666
2026-02-11 19:13:00,0.1804718
2026-02-11 19:14:00,0.20939979
2026-02-11 19:15:00,0.17334269
2026-02-11 19:16:00,0.124121435
2026-02-11 19:17:00,0.050470155
2026-02-11 19:18:00,0.05555883
2026-02-11 19:19:00,0.06297522
2026-02-11 19:20:00,0.077337824
2026-02-11 19:21:00,0.07250074
2026-02-11 19:22:00,0.0821534
2026-02-11 19:23:00,0.10263713
2026-02-11 19:24:00,0.15994108
2026-02-11 19:25:00,0.14006618
2026-02-11 19:26:00,0.21623373
2026-02-11 19:27:00,0.2657812
2026-02-11 19:28:00,0.19724841
2026-02-11 19:29:00,0.13959605
2026-02-11 19:30:00,0.04
2026-02-11 19:31:00,0.08613238
2026-02-11 19:32:00,0.091288514
2026-02-11 19:33:00,0.08150148
2026-02-11 19:34:00,0.08101687
2026-02-11 19:35:00,0.09333223
2026-02-11 19:36:00,0.0456245
2026-02-11 19:37:00,0.04
2026-02-11 19:38:00,0.07114896
2026-02-11 19:39:00,0.116876625
2026-02-11 19:40:00,0.1142819
2026-02-11 19:41:00,0.076907806
2026-02-11 19:42:00,0.047404744
2026-02-11 19:43:00,0.11375491
2026-02-11 19:44:00,0.12926014
2026-02-11 19:45:00,0.1207689
2026-02-11 19:46:00,0.16862553
2026-02-11 19:47:00,0.12621787
2026-02-11 19:48:00,0.0749509
2026-02-11 19:49:00,0.14350736
2026-02-11 19:50:00,0.1786955
2026-02-11 19:51:00,0.17512532
2026-02-11 19:52:00,0.097303815
2026-02-11 19:53:00,0.06861349
2026-02-11 19:54:00,0.04
2026-02-11 19:55:00,0.07024922
2026-02-11 19:56:00,0.08645172
2026-02-11 19:57:00,0.13048375
2026-02-11 19:58:00,0.14458762
2026-02-11 19:59:00,0.21506737
2026-02-11 20:00:00,0.39893246
2026-02-11 20:01:00,0.4062935
2026-02-11 20:02:00,0.2943012
2026-02-11 20:03:00,0.2206916
2026-02-11 20:04:00,0.23786676
2026-02-11 20:05:00,0.24237096
2026-02-11 20:06:00,0.18285581
2026-02-11 20:07:00,0.11229748
2026-02-11 20:08:00,0.12603538
2026-02-11 20:09:00,0.08853766
2026-02-11 20:10:00,0.077394485
2026-02-11 20:11:00,0.058548793
2026-02-11 20:12:00,0.046419438
2026-02-11 20:13:00,0.07811756
2026-02-11 20:14:00,0.04
2026-02-11 20:15:00,0.04
2026-02-11 20:16:00,0.04
2026-02-11 20:17:00,0.05421631
2026-02-11 20:18:00,0.10225139
2026-02-11 20:19:00,0.048107713
2026-02-11 20:20:00,0.12083396
2026-02-11 20:21:00,0.11058944
2026-02-11 20:22:00,0.078773655
2026-02-11 20:23:00,0.1075992
2026-02-11 20:24:00,0.11711094
2026-02-11 20:25:00,0.06310015
2026-02-11 20:26:00,0.1260127
2026-02-11 20:27:00,0.1743823
2026-02-11 20:28:00,0.19039062
2026-02-11 20:29:00,0.20143412
2026-02-11 20:30:00,0.2571687
2026-02-11 20:31:00,0.24019977
2026-02-11 20:32:00,0.21101193
2026-02-11 20:33:00,0.22526373
2026-02-11 20:34:00,0.18972309
2026-02-11 20:35:00,0.17603138
2026-02-11 20:36:00,0.17495392
2026-02-11 20:37:00,0.1611474
2026-02-11 20:38:00,0.0835425
2026-02-11 20:39:00,0.09118649
2026-02-11 20:40:00,0.10075173
2026-02-11 20:41:00,0.059849534
2026-02-11 20:42:00,0.07210976
2026-02-11 20:43:00,0.04
2026-02-11 20:44:00,0.04
2026-02-11 20:45:00,0.041147552
2026-02-11 20:46:00,0.17288968
2026-02-11 20:47:00,0.15167478
2026-02-11 20:48:00,0.16081469
2026-02-11 20:49:00,0.20182894
2026-02-11 20:50:00,0.22467396
2026-02-11 20:51:00,0.214379
2026-02-11 20:52:00,0.16686223
2026-02-11 20:53:00,0.22171693
2026-02-11 20:54:00,0.2455217
2026-02-11 20:55:00,0.2101078
2026-02-11 20:56:00,0.22260919
2026-02-11 20:57:00,0.20341651
2026-02-11 20:58:00,0.2174524
2026-02-11 20:59:00,0.18510291
2026-02-11 21:00:00,0.37572682
2026-02-11 21:01:00,0.3229618
2026-02-11 21:02:00,0.23315866
2026-02-11 21:03:00,0.2476515
2026-02-11 21:04:00,0.30134544
2026-02-11 21:05:00,0.22853795
2026-02-11 21:06:00,0.2133089
2026-02-11 21:07:00,0.19149835
2026-02-11 21:08:00,0.20059516
2026-02-11 21:09:00,0.18435614
2026-02-11 21:10:00,0.17254555
2026-02-11 21:11:00,0.19349954
2026-02-11 21:12:00,0.13356301
2026-02-11 21:13:00,0.12204032
2026-02-11 21:14:00,0.07482747
2026-02-11 21:15:00,0.1076816
2026-02-11 21:16:00,0.14224139
2026-02-11 21:17:00,0.1465968
2026-02-11 21:18:00,0.15374428
2026-02-11 21:19:00,0.14444032
2026-02-11 21:20:00,0.15437949
2026-02-11 21:21:00,0.23464555
2026-02-11 21:22:00,0.25857103
2026-02-11 21:23:00,0.2568654
2026-02-11 21:24:00,0.18826203
2026-02-11 21:25:00,0.23245245
2026-02-11 21:26:00,0.2429223
2026-02-11 21:27:00,0.25056002
2026-02-11 21:28:00,0.26835236
2026-02-11 21:29:00,0.23071852
2026-02-11 21:30:00,0.22294618
2026-02-11 21:31:00,0.13397361
2026-02-11 21:32:00,0.15304947
2026-02-11 21:33:00,0.18599032
2026-02-11 21:34:00,0.2356784
2026-02-11 21:35:00,0.26937565
2026-02-11 21:36:00,0.30559447
2026-02-11 21:37:00,0.1904513
2026-02-11 21:38:00,0.17499949
2026-02-11 21:39:00,0.22473578
2026-02-11 21:40:00,0.22285463
2026-02-11 21:41:00,0.2423895
2026-02-11 21:42:00,0.2297292
2026-02-11 21:43:00,0.23982413
2026-02-11 21:44:00,0.24626306
2026-02-11 21:45:00,0.2178517
2026-02-11 21:46:00,0.25710875
2026-02-11 21:47:00,0.27716187
2026-02-11 21:48:00,0.30070895
2026-02-11 21:49:00,0.3187206
2026-02-11 21:50:00,0.32581437
2026-02-11 21:51:00,0.32358164
2026-02-11 21:52:00,0.37059337
2026-02-11 21:53:00,0.3732966
2026-02-11 21:54:00,0.32836208
2026-02-11 21:55:00,0.28390744
2026-02-11 21:56:00,0.24719024
2026-02-11 21:57:00,0.2122741
2026-02-11 21:58:00,0.19845718
2026-02-11 21:59:00,0.18546462
2026-02-11 22:00:00,0.45101002
2026-02-11 22:01:00,0.39933723
2026-02-11 22:02:00,0.39282233
2026-02-11 22:03:00,0.3412212
2026-02-11 22:04:00,0.3018567
2026-02-11 22:05:00,0.26511294
2026-02-11 22:06:00,0.21275978
2026-02-11 22:07:00,0.16784294
2026-02-11 22:08:00,0.17295225
2026-02-11 22:09:00,0.113591224
2026-02-11 22:10:00,0.092430614
2026-02-11 22:11:00,0.08757665
2026-02-11 22:12:00,0.14158015
2026-02-11 22:13:00,0.18194385
2026-02-11 22:14:00,0.28512326
2026-02-11 22:15:00,0.2908526
2026-02-11 22:16:00,0.357931
2026-02-11 22:17:00,0.3600754
2026-02-11 22:18:00,0.2934181
2026-02-11 22:19:00,0.23502143
2026-02-11 22:20:00,0.15944238
2026-02-11 22:21:00,0.19974779
2026-02-11 22:22:00,0.22113122
2026-02-11 22:23:00,0.26167038
2026-02-11 22:24:00,0.25925347
2026-02-11 22:25:00,0.24596639
2026-02-11 22:26:00,0.25651827
2026-02-11 22:27:00,0.25048506
2026-02-11 22:28:00,0.23788676
2026-02-11 22:29:00,0.22750476
2026-02-11 22:30:00,0.25122476
2026-02-11 22:31:00,0.25157708
2026-02-11 22:32:00,0.26916578
2026-02-11 22:33:00,0.24560378
2026-02-11 22:34:00,0.23845002
2026-02-11 22:35:00,0.27425638
2026-02-11 22:36:00,0.3342236
2026-02-11 22:37:00,0.3183792
2026-02-11 22:38:00,0.30515334
2026-02-11 22:39:00,0.28664488
2026-02-11 22:40:00,0.3464851
2026-02-11 22:41:00,0.2990404
2026-02-11 22:42:00,0.317414
2026-02-11 22:43:00,0.29839486
2026-02-11 22:44:00,0.2897037
2026-02-11 22:45:00,0.26425228
2026-02-11 22:46:00,0.30878124
2026-02-11 22:47:00,0.25950778
2026-02-11 22:48:00,0.22169624
2026-02-11 22:49:00,0.2717931
2026-02-11 22:50:00,0.2474754
2026-02-11 22:51:00,0.1733752
2026-02-11 22:52:00,0.18335852
2026-02-11 22:53:00,0.17280996
2026-02-11 22:54:00,0.1427636
2026-02-11 22:55:00,0.11189495
2026-02-11 22:56:00,0.14891958
2026-02-11 22:57:00,0.1790667
2026-02-11 22:58:00,0.20140348
2026-02-11 22:59:00,0.22330154
2026-02-11 23:00:00,0.444059
2026-02-11 23:01:00,0.42009798
2026-02-11 23:02:00,0.42620385
2026-02-11 23:03:00,0.36070037
2026-02-11 23:04:00,0.38024825
2026-02-11 23:05:00,0.35535103
2026-02-11 23:06:00,0.2988126
2026-02-11 23:07:00,0.31850266
2026-02-11 23:08:00,0.2826502
2026-02-11 23:09:00,0.27747518
2026-02-11 23:10:00,0.2514572
2026-02-11 23:11:00,0.23520131
2026-02-11 23:12:00,0.2841121
2026-02-11 23:13:00,0.2577349
2026-02-11 23:14:00,0.1975168
2026-02-11 23:15:00,0.16734749
2026-02-11 23:16:00,0.1562877
2026-02-11 23:17:00,0.201913
2026-02-11 23:18:00,0.14152822
2026-02-11 23:19:00,0.1677121
2026-02-11 23:20:00,0.22001061
2026-02-11 23:21:00,0.25100473
2026-02-11 23:22:00,0.26237416
2026-02-11 23:23:00,0.28307524
2026-02-11 23:24:00,0.32682678
2026-02-11 23:25:00,0.32060704
2026-02-11 23:26:00,0.3375391
2026-02-11 23:27:00,0.32235873
2026-02-11 23:28:00,0.29726258
2026-02-11 23:29:00,0.32012412
2026-02-11 23:30:00,0.35375655
2026-02-11 23:31:00,0.35270256
2026-02-11 23:32:00,0.37687194
2026-02-11 23:33:00,0.36392954
2026-02-11 23:34:00,0.39101034
2026-02-11 23:35:00,0.3811619
2026-02-11 23:36:00,0.34367317
2026-02-11 23:37:00,0.3296237
2026-02-11 23:38:00,0.25636846
2026-02-11 23:39:00,0.2524318
2026-02-11 23:40:00,0.2655074
2026-02-11 23:41:00,0.2505011
2026-02-11 23:42:00,0.19925831
2026-02-11 23:43:00,0.1962954
2026-02-11 23:44:00,0.16836624
2026-02-11 23:45:00,0.23285784
2026-02-11 23:46:00,0.2699678
2026-02-11 23:47:00,0.32213086
2026-02-11 23:48:00,0.28852066
2026-02-11 23:49:00,0.33768484
2026-02-11 23:50:00,0.31191635
2026-02-11 23:51:00,0.34755123
2026-02-11 23:52:00,0.37688172
2026-02-11 23:53:00,0.33781797
2026-02-11 23:54:00,0.3244139
2026-02-11 23:55:00,0.25749037
2026-02-11 23:56:00,0.27084157
2026-02-11 23:57:00,0.23606393
2026-02-11 23:58:00,0.19296035
2026-02-11 23:59:00,0.17615126
2026-02-12 00:00:00,0.41965154
2026-02-12 00:01:00,0.38240266
2026-02-12 00:02:00,0.3016398
2026-02-12 00:03:00,0.20854528
2026-02-12 00:04:00,0.1766021
2026-02-12 00:05:00,0.21685033
2026-02-12 00:06:00,0.22576502
2026-02-12 00:07:00,0.23372322
2026-02-12 00:08:00,0.23533984
2026-02-12 00:09:00,0.19784133
2026-02-12 00:10:00,0.18649974
2026-02-12 00:11:00,0.17381188
2026-02-12 00:12:00,0.17518552
2026-02-12 00:13:00,0.19253358
2026-02-12 00:14:00,0.23058195
2026-02-12 00:15:00,0.22349231
2026-02-12 00:16:00,0.19442447
2026-02-12 00:17:00,0.1836518
2026-02-12 00:18:00,0.17145804
2026-02-12 00:19:00,0.18949671
2026-02-12 00:20:00,0.21876751
2026-02-12 00:21:00,0.1711683
2026-02-12 00:22:00,0.17936349
2026-02-12 00:23:00,0.20142646
2026-02-12 00:24:00,0.21920156
2026-02-12 00:25:00,0.19076021
2026-02-12 00:26:00,0.14752097
2026-02-12 00:27:00,0.18803252
2026-02-12 00:28:00,0.1958344
2026-02-12 00:29:00,0.17931972
2026-02-12 00:30:00,0.23685175
2026-02-12 00:31:00,0.26039395
2026-02-12 00:32:00,0.26266593
2026-02-12 00:33:00,0.29179227
2026-02-12 00:34:00,0.28408393
2026-02-12 00:35:00,0.329184
2026-02-12 00:36:00,0.32237655
2026-02-12 00:37:00,0.35214087
2026-02-12 00:38:00,0.26280212
2026-02-12 00:39:00,0.2759791
2026-02-12 00:40:00,0.3250084
2026-02-12 00:41:00,0.31014895
2026-02-12 00:42:00,0.29201305
2026-02-12 00:43:00,0.2811224
2026-02-12 00:44:00,0.23824473
2026-02-12 00:45:00,0.24141179
2026-02-12 00:46:00,0.23526758
2026-02-12 00:47:00,0.22853309
2026-02-12 00:48:00,0.28253186
2026-02-12 00:49:00,0.29250467
2026-02-12 00:50:00,0.31247118
2026-02-12 00:51:00,0.23470365
2026-02-12 00:52:00,0.28981045
2026-02-12 00:53:00,0.288149
2026-02-12 00:54:00,0.24405338
2026-02-12 00:55:00,0.20486398
2026-02-12 00:56:00,0.23975664
2026-02-12 00:57:00,0.17393298
2026-02-12 00:58:00,0.20532116
2026-02-12 00:59:00,0.23009875
2026-02-12 01:00:00,0.46001863
2026-02-12 01:01:00,0.38188684
2026-02-12 01:02:00,0.4087064
2026-02-12 01:03:00,0.41124508
2026-02-12 01:04:00,0.33141726
2026-02-12 01:05:00,0.29224932
2026-02-12 01:06:00,0.36007056
2026-02-12 01:07:00,0.35818475
2026-02-12 01:08:00,0.2711482
2026-02-12 01:09:00,0.2779386
2026-02-12 01:10:00,0.30108896
2026-02-12 01:11:00,0.33152172
2026-02-12 01:12:00,0.30892393
2026-02-12 01:13:00,0.31654477
2026-02-12 01:14:00,0.31814322
2026-02-12 01:15:00,0.37014577
2026-02-12 01:16:00,0.32468304
2026-02-12 01:17:00,0.3490132
2026-02-12 01:18:00,0.3098251
2026-02-12 01:19:00,0.30097184
2026-02-12 01:20:00,0.251974
2026-02-12 01:21:00,0.23867305
2026-02-12 01:22:00,0.2438981
2026-02-12 01:23:00,0.21774507
2026-02-12 01:24:00,0.21604334
2026-02-12 01:25:00,0.16694497
2026-02-12 01:26:00,0.18372649
2026-02-12 01:27:00,0.14167684
2026-02-12 01:28:00,0.20738836
2026-02-12 01:29:00,0.25948536
2026-02-12 01:30:00,0.29624042
2026-02-12 01:31:00,0.37714803
2026-02-12 01:32:00,0.35765728
2026-02-12 01:33:00,0.37819198
2026-02-12 01:34:00,0.37935674
2026-02-12 01:35:00,0.30665466
2026-02-12 01:36:00,0.3128288
2026-02-12 01:37:00,0.2749803
2026-02-12 01:38:00,0.30482987
2026-02-12 01:39:00,0.30689555
2026-02-12 01:40:00,0.3260436
2026-02-12 01:41:00,0.2950801
2026-02-12 01:42:00,0.23976243
2026-02-12 01:43:00,0.27003944
2026-02-12 01:44:00,0.35861808
2026-02-12 01:45:00,0.32784957
2026-02-12 01:46:00,0.34110245
2026-02-12 01:47:00,0.30629554
2026-02-12 01:48:00,0.30528504
2026-02-12 01:49:00,0.26756403
2026-02-12 01:50:00,0.2632482
2026-02-12 01:51:00,0.24869628
2026-02-12 01:52:00,0.2872983
2026-02-12 01:53:00,0.2765781
2026-02-12 01:54:00,0.32499415
2026-02-12 01:55:00,0.2844512
2026-02-12 01:56:00,0.27852798
2026-02-12 01:57:00,0.31976187
2026-02-12 01:58:00,0.2984608
2026-02-12 01:59:00,0.30154753
2026-02-12 02:00:00,0.50315773
2026-02-12 02:01:00,0.53899324
2026-02-12 02:02:00,0.52310216
2026-02-12 02:03:00,0.50820273
2026-02-12 02:04:00,0.48431695
2026-02-12 02:05:00,0.4880078
2026-02-12 02:06:00,0.53239006
2026-02-12 02:07:00,0.51651764
2026-02-12 02:08:00,0.4646323
2026-02-12 02:09:00,0.46709147
2026-02-12 02:10:00,0.48640326
2026-02-12 02:11:00,0.41993093
2026-02-12 02:12:00,0.34162855
2026-02-12 02:13:00,0.38162178
2026-02-12 02:14:00,0.39642575
2026-02-12 02:15:00,0.40269133
2026-02-12 02:16:00,0.396723
2026-02-12 02:17:00,0.41683406
2026-02-12 02:18:00,0.40624094
2026-02-12 02:19:00,0.37903994
2026-02-12 02:20:00,0.34090647
2026-02-12 02:21:00,0.35476148
2026-02-12 02:22:00,0.31192613
2026-02-12 02:23:00,0.28048253
2026-02-12 02:24:00,0.34379414
2026-02-12 02:25:00,0.38690862
2026-02-12 02:26:00,0.4146788
2026-02-12 02:27:00,0.43844083
2026-02-12 02:28:00,0.43068296
2026-02-12 02:29:00,0.33118105
2026-02-12 02:30:00,0.3731828
2026-02-12 02:31:00,0.32254037
2026-02-12 02:32:00,0.29841092
2026-02-12 02:33:00,0.28849602
2026-02-12 02:34:00,0.32172573
2026-02-12 02:35:00,0.332757
2026-02-12 02:36:00,0.3138138
2026-02-12 02:37:00,0.38085586
2026-02-12 02:38:00,0.41446954
2026-02-12 02:39:00,0.38028693
2026-02-12 02:40:00,0.36401698
2026-02-12 02:41:00,0.3878971
2026-02-12 02:42:00,0.3682436
2026-02-12 02:43:00,0.38603878
2026-02-12 02:44:00,0.38902476
2026-02-12 02:45:00,0.33968174
2026-02-12 02:46:00,0.3541252
2026-02-12 02:47:00,0.39813948
2026-02-12 02:48:00,0.41818777
2026-02-12 02:49:00,0.3624923
2026-02-12 02:50:00,0.3576857
2026-02-12 02:51:00,0.31295457
2026-02-12 02:52:00,0.31011093
2026-02-12 02:53:00,0.33948672
2026-02-12 02:54:00,0.36825454
2026-02-12 02:55:00,0.34128034
2026-02-12 02:56:00,0.34751824
2026-02-12 02:57:00,0.39654058
2026-02-12 02:58:00,0.368241
2026-02-12 02:59:00,0.30884996
2026-02-12 03:00:00,0.5374184
2026-02-12 03:01:00,0.50464004
2026-02-12 03:02:00,0.36154768
2026-02-12 03:03:00,0.2993899
2026-02-12 03:04:00,0.3224288
2026-02-12 03:05:00,0.35242337
2026-02-12 03:06:00,0.34917572
2026-02-12 03:07:00,0.4002736
2026-02-12 03:08:00,0.37831962
2026-02-12 03:09:00,0.32408506
2026-02-12 03:10:00,0.34970084
2026-02-12 03:11:00,0.39791462
2026-02-12 03:12:00,0.37040713
2026-02-12 03:13:00,0.39755645
2026-02-12 03:14:00,0.4240281
2026-02-12 03:15:00,0.5018049
2026-02-12 03:16:00,0.5047613
2026-02-12 03:17:00,0.5207976
2026-02-12 03:18:00,0.53248936
2026-02-12 03:19:00,0.47661242
2026-02-12 03:20:00,0.55924183
2026-02-12 03:21:00,0.5110919
2026-02-12 03:22:00,0.5073667
2026-02-12 03:23:00,0.53937846
2026-02-12 03:24:00,0.5395351
2026-02-12 03:25:00,0.49580538
2026-02-12 03:26:00,0.4700501
2026-02-12 03:27:00,0.47022474
2026-02-12 03:28:00,0.49672952
2026-02-12 03:29:00,0.5185183
2026-02-12 03:30:00,0.48616156
2026-02-12 03:31:00,0.4989645
2026-02-12 03:32:00,0.4848189
2026-02-12 03:33:00,0.42474356
2026-02-12 03:34:00,0.44548157
2026-02-12 03:35:00,0.42605373
2026-02-12 03:36:00,0.36754736
2026-02-12 03:37:00,0.36667997
2026-02-12 03:38:00,0.4320615
2026-02-12 03:39:00,0.4042742
2026-02-12 03:40:00,0.3947488
2026-02-12 03:41:00,0.3914585
2026-02-12 03:42:00,0.3656707
2026-02-12 03:43:00,0.39343032
2026-02-12 03:44:00,0.37363127
2026-02-12 03:45:00,0.33222714
2026-02-12 03:46:00,0.28771704
2026-02-12 03:47:00,0.2990079
2026-02-12 03:48:00,0.32941204
2026-02-12 03:49:00,0.32623547
2026-02-12 03:50:00,0.31080794
2026-02-12 03:51:00,0.357239
2026-02-12 03:52:00,0.4489215
2026-02-12 03:53:00,0.39434868
2026-02-12 03:54:00,0.41173247
2026-02-12 03:55:00,0.3778062
2026-02-12 03:56:00,0.4226665
2026-02-12 03:57:00,0.40578645
2026-02-12 03:58:00,0.43251607
2026-02-12 03:59:00,0.3946199
2026-02-12 04:00:00,0.5298322
2026-02-12 04:01:00,0.50605
2026-02-12 04:02:00,0.4563123
2026-02-12 04:03:00,0.44931287
2026-02-12 04:04:00,0.45634496
2026-02-12 04:05:00,0.41265142
2026-02-12 04:06:00,0.4245088
2026-02-12 04:07:00,0.38417912
2026-02-12 04:08:00,0.4630895
2026-02-12 04:09:00,0.49629527
2026-02-12 04:10:00,0.4638389
2026-02-12 04:11:00,0.41126585
2026-02-12 04:12:00,0.42550465
2026-02-12 04:13:00,0.40566832
2026-02-12 04:14:00,0.43888393
2026-02-12 04:15:00,0.4036097
2026-02-12 04:16:00,0.36976627
2026-02-12 04:17:00,0.368755
2026-02-12 04:18:00,0.39580312
2026-02-12 04:19:00,0.41244075
2026-02-12 04:20:00,0.40983263
2026-02-12 04:21:00,0.42874277
2026-02-12 04:22:00,0.4210511
2026-02-12 04:23:00,0.43147323
2026-02-12 04:24:00,0.46203062
2026-02-12 04:25:00,0.44700876
2026-02-12 04:26:00,0.5163389
2026-02-12 04:27:00,0.5092893
2026-02-12 04:28:00,0.45954877
2026-02-12 04:29:00,0.4895995
2026-02-12 04:30:00,0.50221014
2026-02-12 04:31:00,0.5039175
2026-02-12 04:32:00,0.47214723
2026-02-12 04:33:00,0.49674636
2026-02-12 04:34:00,0.51199687
2026-02-12 04:35:00,0.55255795
2026-02-12 04:36:00,0.5407487
2026-02-12 04:37:00,0.53152955
2026-02-12 04:38:00,0.51344687
2026-02-12 04:39:00,0.5716095
2026-02-12 04:40:00,0.52856725
2026-02-12 04:41:00,0.46542946
2026-02-12 04:42:00,0.5154012
2026-02-12 04:43:00,0.5122505
2026-02-12 04:44:00,0.5247828
2026-02-12 04:45:00,0.49693018
2026-02-12 04:46:00,0.397665
2026-02-12 04:47:00,0.39359915
2026-02-12 04:48:00,0.39565858
2026-02-12 04:49:00,0.46981305
2026-02-12 04:50:00,0.5592194
2026-02-12 04:51:00,0.53137916
2026-02-12 04:52:00,0.54597783
2026-02-12 04:53:00,0.5437449
2026-02-12 04:54:00,0.5925526
2026-02-12 04:55:00,0.6206022
2026-02-12 04:56:00,0.5927543
2026-02-12 04:57:00,0.5123833
2026-02-12 04:58:00,0.5187764
2026-02-12 04:59:00,0.57209593
2026-02-12 05:00:00,0.7826839
2026-02-12 05:01:00,0.69298095
2026-02-12 05:02:00,0.6313389
2026-02-12 05:03:00,0.54615444
2026-02-12 05:04:00,0.520081
2026-02-12 05:05:00,0.4564281
2026-02-12 05:06:00,0.4449592
2026-02-12 05:07:00,0.39814878
2026-02-12 05:08:00,0.3915995
2026-02-12 05:09:00,0.3837685
2026-02-12 05:10:00,0.42854893
2026-02-12 05:11:00,0.4718603
2026-02-12 05:12:00,0.4674801
2026-02-12 05:13:00,0.4973858
2026-02-12 05:14:00,0.50654423
2026-02-12 05:15:00,0.48479822
2026-02-12 05:16:00,0.46684483
2026-02-12 05:17:00,0.5193635
2026-02-12 05:18:00,0.49855638
2026-02-12 05:19:00,0.49431503
2026-02-12 05:20:00,0.44632375
2026-02-12 05:21:00,0.42634147
2026-02-12 05:22:00,0.4195631
2026-02-12 05:23:00,0.47932154
2026-02-12 05:24:00,0.42237112
2026-02-12 05:25:00,0.41119614
2026-02-12 05:26:00,0.4602496
2026-02-12 05:27:00,0.44889915
2026-02-12 05:28:00,0.4558957
2026-02-12 05:29:00,0.5202654
2026-02-12 05:30:00,0.5272644
2026-02-12 05:31:00,0.5605352
2026-02-12 05:32:00,0.5245915
2026-02-12 05:33:00,0.624724
2026-02-12 05:34:00,0.5365291
2026-02-12 05:35:00,0.50466794
2026-02-12 05:36:00,0.56082916
2026-02-12 05:37:00,0.54691654
2026-02-12 05:38:00,0.48270223
2026-02-12 05:39:00,0.45811722
2026-02-12 05:40:00,0.45660645
2026-02-12 05:41:00,0.49732128
2026-02-12 05:42:00,0.5050679
2026-02-12 05:43:00,0.5044229
2026-02-12 05:44:00,0.5392399
2026-02-12 05:45:00,0.48909575
2026-02-12 05:46:00,0.44987202
2026-02-12 05:47:00,0.46474442
2026-02-12 05:48:00,0.5289541
2026-02-12 05:49:00,0.4785184
2026-02-12 05:50:00,0.5221876
2026-02-12 05:51:00,0.52348644
2026-02-12 05:52:00,0.49845272
2026-02-12 05:53:00,0.49311647
2026-02-12 05:54:00,0.5844488
2026-02-12 05:55:00,0.5368536
2026-02-12 05:56:00,0.5039914
2026-02-12 05:57:00,0.54604673
2026-02-12 05:58:00,0.5516625
2026-02-12 05:59:00,0.52729005
2026-02-12 06:00:00,0.7686374
2026-02-12 06:01:00,0.6979656
2026-02-12 06:02:00,0.61567384
2026-02-12 06:03:00,0.5834564
2026-02-12 06:04:00,0.53952813
2026-02-12 06:05:00,0.5364792
2026-02-12 06:06:00,0.5230462
2026-02-12 06:07:00,0.5192501
2026-02-12 06:08:00,0.498339
2026-02-12 06:09:00,0.45355698
2026-02-12 06:10:00,0.4433685
2026-02-12 06:11:00,0.43796802
2026-02-12 06:12:00,0.46839494
2026-02-12 06:13:00,0.42639267
2026-02-12 06:14:00,0.46083257
2026-02-12 06:15:00,0.46134502
2026-02-12 06:16:00,0.3888131
2026-02-12 06:17:00,0.38486013
2026-02-12 06:18:00,0.4680681
2026-02-12 06:19:00,0.45504278
2026-02-12 06:20:00,0.4860526
2026-02-12 06:21:00,0.4842033
2026-02-12 06:22:00,0.50028175
2026-02-12 06:23:00,0.458356
2026-02-12 06:24:00,0.48968655
2026-02-12 06:25:00,0.53434026
2026-02-12 06:26:00,0.49681276
2026-02-12 06:27:00,0.4371453
2026-02-12 06:28:00,0.42350423
2026-02-12 06:29:00,0.49440253
2026-02-12 06:30:00,0.48519984
2026-02-12 06:31:00,0.46375138
2026-02-12 06:32:00,0.3918263
2026-02-12 06:33:00,0.45360908
2026-02-12 06:34:00,0.45971113
2026-02-12 06:35:00,0.48005858
2026-02-12 06:36:00,0.48244226
2026-02-12 06:37:00,0.45161185
2026-02-12 06:38:00,0.4180419
2026-02-12 06:39:00,0.42424768
2026-02-12 06:40:00,0.3860514
2026-02-12 06:41:00,0.43499804
2026-02-12 06:42:00,0.44373748
2026-02-12 06:43:00,0.43680888
2026-02-12 06:44:00,0.38712952
2026-02-12 06:45:00,0.40939525
2026-02-12 06:46:00,0.38954914
2026-02-12 06:47:00,0.39416927
2026-02-12 06:48:00,0.39240965
2026-02-12 06:49:00,0.36456063
2026-02-12 06:50:00,0.4046042
2026-02-12 06:51:00,0.48060855
2026-02-12 06:52:00,0.47933587
2026-02-12 06:53:00,0.5351006
2026-02-12 06:54:00,0.52672046
2026-02-12 06:55:00,0.4913692
2026-02-12 06:56:00,0.4980344
2026-02-12 06:57:00,0.54841065
2026-02-12 06:58:00,0.53783625
2026-02-12 06:59:00,0.4979698
2026-02-12 07:00:00,0.7871728
2026-02-12 07:01:00,0.718522
2026-02-12 07:02:00,0.6570746
2026-02-12 07:03:00,0.56359327
2026-02-12 07:04:00,0.46930274
2026-02-12 07:05:00,0.44833112
2026-02-12 07:06:00,0.42659223
2026-02-12 07:07:00,0.41847235
2026-02-12 07:08:00,0.4358163
2026-02-12 07:09:00,0.39573762
2026-02-12 07:10:00,0.33035672
2026-02-12 07:11:00,0.337329
2026-02-12 07:12:00,0.29222363
2026-02-12 07:13:00,0.3173786
2026-02-12 07:14:00,0.34078336
2026-02-12 07:15:00,0.2856787
2026-02-12 07:16:00,0.30309737
2026-02-12 07:17:00,0.34285513
2026-02-12 07:18:00,0.29032078
2026-02-12 07:19:00,0.23875184
2026-02-12 07:20:00,0.2453793
2026-02-12 07:21:00,0.22285013
2026-02-12 07:22:00,0.24591881
2026-02-12 07:23:00,0.2555624
2026-02-12 07:24:00,0.29400438
2026-02-12 07:25:00,0.31129503
2026-02-12 07:26:00,0.29795474
2026-02-12 07:27:00,0.25022832
2026-02-12 07:28:00,0.3370289
2026-02-12 07:29:00,0.3635766
2026-02-12 07:30:00,0.4222357
2026-02-12 07:31:00,0.39385504
2026-02-12 07:32:00,0.3734458
2026-02-12 07:33:00,0.44823626
2026-02-12 07:34:00,0.40205407
2026-02-12 07:35:00,0.44413343
2026-02-12 07:36:00,0.51392263
2026-02-12 07:37:00,0.4935157
2026-02-12 07:38:00,0.42260158
2026-02-12 07:39:00,0.4484135
2026-02-12 07:40:00,0.42140886
2026-02-12 07:41:00,0.44726864
2026-02-12 07:42:00,0.40977147
2026-02-12 07:43:00,0.40222955
2026-02-12 07:44:00,0.459862
2026-02-12 07:45:00,0.4239536
2026-02-12 07:46:00,0.394933
2026-02-12 07:47:00,0.38210803
2026-02-12 07:48:00,0.4198307
2026-02-12 07:49:00,0.42081743
2026-02-12 07:50:00,0.40147004
2026-02-12 07:51:00,0.41062114
2026-02-12 07:52:00,0.38739035
2026-02-12 07:53:00,0.3776616
2026-02-12 07:54:00,0.36188877
2026-02-12 07:55:00,0.35706532
2026-02-12 07:56:00,0.40523008
2026-02-12 07:57:00,0.44069338
2026-02-12 07:58:00,0.3700562
2026-02-12 07:59:00,0.39607537
2026-02-12 08:00:00,0.6624886
2026-02-12 08:01:00,0.6697474
2026-02-12 08:02:00,0.57562125
2026-02-12 08:03:00,0.48612434
2026-02-12 08:04:00,0.42009407
2026-02-12 08:05:00,0.36321798
2026-02-12 08:06:00,0.3628924
2026-02-12 08:07:00,0.4120104
2026-02-12 08:08:00,0.37950593
2026-02-12 08:09:00,0.38286066
2026-02-12 08:10:00,0.4319592
2026-02-12 08:11:00,0.4284835
2026-02-12 08:12:00,0.37757874
2026-02-12 08:13:00,0.37911358
2026-02-12 08:14:00,0.38148
2026-02-12 08:15:00,0.40971082
2026-02-12 08:16:00,0.44005537
2026-02-12 08:17:00,0.43266925
2026-02-12 08:18:00,0.41621283
2026-02-12 08:19:00,0.40375736
2026-02-12 08:20:00,0.37933305
2026-02-12 08:21:00,0.422778
2026-02-12 08:22:00,0.45232552
2026-02-12 08:23:00,0.42916957
2026-02-12 08:24:00,0.4697086
2026-02-12 08:25:00,0.48409736
2026-02-12 08:26:00,0.49795416
2026-02-12 08:27:00,0.47591034
2026-02-12 08:28:00,0.4233087
2026-02-12 08:29:00,0.37599304
2026-02-12 08:30:00,0.37594348
2026-02-12 08:31:00,0.36314207
2026-02-12 08:32:00,0.39846542
2026-02-12 08:33:00,0.45192656
2026-02-12 08:34:00,0.4525333
2026-02-12 08:35:00,0.45742226
2026-02-12 08:36:00,0.481984
2026-02-12 08:37:00,0.3757233
2026-02-12 08:38:00,0.40384045
2026-02-12 08:39:00,0.40202254
2026-02-12 08:40:00,0.42678693
2026-02-12 08:41:00,0.44692025
2026-02-12 08:42:00,0.4458536
2026-02-12 08:43:00,0.4152333
2026-02-12 08:44:00,0.3851355
2026-02-12 08:45:00,0.38526565
2026-02-12 08:46:00,0.40085995
2026-02-12 08:47:00,0.3964364
2026-02-12 08:48:00,0.3537271
2026-02-12 08:49:00,0.35379112
2026-02-12 08:50:00,0.37290096
2026-02-12 08:51:00,0.37982517
2026-02-12 08:52:00,0.4222888
2026-02-12 08:53:00,0.4386983
2026-02-12 08:54:00,0.39852557
2026-02-12 08:55:00,0.36390853
2026-02-12 08:56:00,0.34653303
2026-02-12 08:57:00,0.31328923
2026-02-12 08:58:00,0.329801
2026-02-12 08:59:00,0.29662594
2026-02-12 09:00:00,0.49734423
2026-02-12 09:01:00,0.505913
2026-02-12 09:02:00,0.47570044
2026-02-12 09:03:00,0.40922883
2026-02-12 09:04:00,0.32595062
2026-02-12 09:05:00,0.26677936
2026-02-12 09:06:00,0.21759914
2026-02-12 09:07:00,0.2651056
2026-02-12 09:08:00,0.30493104
2026-02-12 09:09:00,0.29770362
2026-02-12 09:10:00,0.28139845
2026-02-12 09:11:00,0.22864355
2026-02-12 09:12:00,0.24009079
2026-02-12 09:13:00,0.279998
2026-02-12 09:14:00,0.29186043
2026-02-12 09:15:00,0.2715439
2026-02-12 09:16:00,0.26016632
2026-02-12 09:17:00,0.23237868
2026-02-12 09:18:00,0.26762027
2026-02-12 09:19:00,0.3171688
2026-02-12 09:20:00,0.347967
2026-02-12 09:21:00,0.31637523
2026-02-12 09:22:00,0.30456406
2026-02-12 09:23:00,0.34201923
2026-02-12 09:24:00,0.3025931
2026-02-12 09:25:00,0.33708692
2026-02-12 09:26:00,0.34720105
2026-02-12 09:27:00,0.3644566
2026-02-12 09:28:00,0.34919792
2026-02-12 09:29:00,0.38900298
2026-02-12 09:30:00,0.39671984
2026-02-12 09:31:00,0.3490134
2026-02-12 09:32:00,0.31574762
2026-02-12 09:33:00,0.31677246
2026-02-12 09:34:00,0.30212238
2026-02-12 09:35:00,0.25609174
2026-02-12 09:36:00,0.27391735
2026-02-12 09:37:00,0.310661
2026-02-12 09:38:00,0.28180945
2026-02-12 09:39:00,0.32927623
2026-02-12 09:40:00,0.31986466
2026-02-12 09:41:00,0.3055174
2026-02-12 09:42:00,0.32955804
2026-02-12 09:43:00,0.3397156
2026-02-12 09:44:00,0.34362647
2026-02-12 09:45:00,0.372334
2026-02-12 09:46:00,0.30430573
2026-02-12 09:47:00,0.31020278
2026-02-12 09:48:00,0.28810334
2026-02-12 09:49:00,0.2669767
2026-02-12 09:50:00,0.21657746
2026-02-12 09:51:00,0.22768426
2026-02-12 09:52:00,0.2254266
2026-02-12 09:53:00,0.29435328
2026-02-12 09:54:00,0.2567525
2026-02-12 09:55:00,0.2654909
2026-02-12 09:56:00,0.29720265
2026-02-12 09:57:00,0.27724496
2026-02-12 09:58:00,0.27783036
2026-02-12 09:59:00,0.2941246
2026-02-12 10:00:00,0.5492525
2026-02-12 10:01:00,0.48315766
2026-02-12 10:02:00,0.45824698
2026-02-12 10:03:00,0.37350684
2026-02-12 10:04:00,0.36689577
2026-02-12 10:05:00,0.40556148
2026-02-12 10:06:00,0.4096233
2026-02-12 10:07:00,0.40564558
2026-02-12 10:08:00,0.47454563
2026-02-12 10:09:00,0.48162445
2026-02-12 10:10:00,0.5042157
2026-02-12 10:11:00,0.52330506
2026-02-12 10:12:00,0.47063804
2026-02-12 10:13:00,0.43833116
2026-02-12 10:14:00,0.42450333
2026-02-12 10:15:00,0.40989918
2026-02-12 10:16:00,0.3802343
2026-02-12 10:17:00,0.3667319
2026-02-12 10:18:00,0.39935473
2026-02-12 10:19:00,0.38973552
2026-02-12 10:20:00,0.3591712
2026-02-12 10:21:00,0.3651046
2026-02-12 10:22:00,0.30017766
2026-02-12 10:23:00,0.34350175
2026-02-12 10:24:00,0.3114036
2026-02-12 10:25:00,0.31847343
2026-02-12 10:26:00,0.30879217
2026-02-12 10:27:00,0.29915667
2026-02-12 10:28:00,0.35667822
2026-02-12 10:29:00,0.33324772
2026-02-12 10:30:00,0.35872313
2026-02-12 10:31:00,0.3502111
2026-02-12 10:32:00,0.35479066
2026-02-12 10:33:00,0.2643815
2026-02-12 10:34:00,0.2680207
2026-02-12 10:35:00,0.2663519
2026-02-12 10:36:00,0.29183128
2026-02-12 10:37:00,0.27306375
2026-02-12 10:38:00,0.2946695
2026-02-12 10:39:00,0.30362156
2026-02-12 10:40:00,0.30425298
2026-02-12 10:41:00,0.2482858
2026-02-12 10:42:00,0.22234075
2026-02-12 10:43:00,0.24791093
2026-02-12 10:44:00,0.24729012
2026-02-12 10:45:00,0.31255075
2026-02-12 10:46:00,0.37352914
2026-02-12 10:47:00,0.41428086
2026-02-12 10:48:00,0.3717439
2026-02-12 10:49:00,0.4231589
2026-02-12 10:50:00,0.40879184
2026-02-12 10:51:00,0.43744314
2026-02-12 10:52:00,0.475356
2026-02-12 10:53:00,0.4497051
2026-02-12 10:54:00,0.44577077
2026-02-12 10:55:00,0.38295925
2026-02-12 10:56:00,0.34230947
2026-02-12 10:57:00,0.33678684
2026-02-12 10:58:00,0.3566025
2026-02-12 10:59:00,0.35935366
2026-02-12 11:00:00,0.6234608
2026-02-12 11:01:00,0.55942094
2026-02-12 11:02:00,0.5109998
2026-02-12 11:03:00,0.44644696
2026-02-12 11:04:00,0.4301751
2026-02-12 11:05:00,0.40893912
2026-02-12 11:06:00,0.40864357
2026-02-12 11:07:00,0.42377248
2026-02-12 11:08:00,0.4570894
2026-02-12 11:09:00,0.46197733
2026-02-12 11:10:00,0.40708798
2026-02-12 11:11:00,0.3758027
2026-02-12 11:12:00,0.3398649
2026-02-12 11:13:00,0.33594197
2026-02-12 11:14:00,0.34113133
2026-02-12 11:15:00,0.3670285
2026-02-12 11:16:00,0.37961647
2026-02-12 11:17:00,0.3667128
2026-02-12 11:18:00,0.3398851
2026-02-12 11:19:00,0.3648198
2026-02-12 11:20:00,0.32201397
2026-02-12 11:21:00,0.31919485
2026-02-12 11:22:00,0.2694405
2026-02-12 11:23:00,0.21578197
2026-02-12 11:24:00,0.21181743
2026-02-12 11:25:00,0.2621406
2026-02-12 11:26:00,0.30349913
2026-02-12 11:27:00,0.37608203
2026-02-12 11:28:00,0.42532688
2026-02-12 11:29:00,0.38180387
2026-02-12 11:30:00,0.35125613
2026-02-12 11:31:00,0.29163018
2026-02-12 11:32:00,0.26617587
2026-02-12 11:33:00,0.27519447
2026-02-12 11:34:00,0.29839915
2026-02-12 11:35:00,0.2334318
2026-02-12 11:36:00,0.19765826
2026-02-12 11:37:00,0.19262066
2026-02-12 11:38:00,0.23258321
2026-02-12 11:39:00,0.24190024
2026-02-12 11:40:00,0.22248231
2026-02-12 11:41:00,0.18036115
2026-02-12 11:42:00,0.23087913
2026-02-12 11:43:00,0.24335074
2026-02-12 11:44:00,0.20754682
2026-02-12 11:45:00,0.22744289
2026-02-12 11:46:00,0.30590028
2026-02-12 11:47:00,0.27438092
2026-02-12 11:48:00,0.27523535
2026-02-12 11:49:00,0.24973297
2026-02-12 11:50:00,0.23736896
2026-02-12 11:51:00,0.22656241
2026-02-12 11:52:00,0.21728937
2026-02-12 11:53:00,0.20698604
2026-02-12 11:54:00,0.2500435
2026-02-12 11:55:00,0.28769645
2026-02-12 11:56:00,0.23083654
2026-02-12 11:57:00,0.20947528
2026-02-12 11:58:00,0.21956053
2026-02-12 11:59:00,0.29197738
2026-02-12 12:00:00,0.5221164
2026-02-12 12:01:00,0.550665
2026-02-12 12:02:00,0.5486188
2026-02-12 12:03:00,0.47352394
2026-02-12 12:04:00,0.40903446
2026-02-12 12:05:00,0.3517008
2026-02-12 12:06:00,0.2929748
2026-02-12 12:07:00,0.3162161
2026-02-12 12:08:00,0.34107643
2026-02-12 12:09:00,0.3909727
2026-02-12 12:10:00,0.3779151
2026-02-12 12:11:00,0.39003664
2026-02-12 12:12:00,0.3724392
2026-02-12 12:13:00,0.35699466
2026-02-12 12:14:00,0.3603381
2026-02-12 12:15:00,0.3443999
2026-02-12 12:16:00,0.31897599
2026-02-12 12:17:00,0.29043713
2026-02-12 12:18:00,0.27854973
2026-02-12 12:19:00,0.25740117
2026-02-12 12:20:00,0.27054575
2026-02-12 12:21:00,0.27798605
2026-02-12 12:22:00,0.3019172
2026-02-12 12:23:00,0.32491544
2026-02-12 12:24:00,0.2769115
2026-02-12 12:25:00,0.30558386
2026-02-12 12:26:00,0.26593095
2026-02-12 12:27:00,0.21311691
2026-02-12 12:28:00,0.22023454
2026-02-12 12:29:00,0.1942799
2026-02-12 12:30:00,0.24825019
2026-02-12 12:31:00,0.26549062
2026-02-12 12:32:00,0.20125887
2026-02-12 12:33:00,0.22413608
2026-02-12 12:34:00,0.22406463
2026-02-12 12:35:00,0.23368016
2026-02-12 12:36:00,0.18552952
2026-02-12 12:37:00,0.1466167
2026-02-12 12:38:00,0.10538978
2026-02-12 12:39:00,0.100373596
2026-02-12 12:40:00,0.10843861
2026-02-12 12:41:00,0.119741656
2026-02-12 12:42:00,0.16147184
2026-02-12 12:43:00,0.10678627
2026-02-12 12:44:00,0.07157614
2026-02-12 12:45:00,0.04020063
2026-02-12 12:46:00,0.09751841
2026-02-12 12:47:00,0.049617097
2026-02-12 12:48:00,0.07691052
2026-02-12 12:49:00,0.08123595
2026-02-12 12:50:00,0.07261825
2026-02-12 12:51:00,0.10744713
2026-02-12 12:52:00,0.07039102
2026-02-12 12:53:00,0.04963358
2026-02-12 12:54:00,0.10939461
2026-02-12 12:55:00,0.10537536
2026-02-12 12:56:00,0.120573774
2026-02-12 12:57:00,0.12238774
2026-02-12 12:58:00,0.09729167
2026-02-12 12:59:00,0.04
2026-02-12 13:00:00,0.30679196
2026-02-12 13:01:00,0.37569046
2026-02-12 13:02:00,0.33111313
2026-02-12 13:03:00,0.30950588
2026-02-12 13:04:00,0.27090266
2026-02-12 13:05:00,0.24589099
2026-02-12 13:06:00,0.25548986
2026-02-12 13:07:00,0.27721953
2026-02-12 13:08:00,0.32948464
2026-02-12 13:09:00,0.28887942
2026-02-12 13:10:00,0.3135976
2026-02-12 13:11:00,0.29899502
2026-02-12 13:12:00,0.32510817
2026-02-12 13:13:00,0.33356547
2026-02-12 13:14:00,0.3020978
2026-02-12 13:15:00,0.2515125
2026-02-12 13:16:00,0.28556982
2026-02-12 13:17:00,0.26997882
2026-02-12 13:18:00,0.27964416
2026-02-12 13:19:00,0.30001497
2026-02-12 13:20:00,0.30757564
2026-02-12 13:21:00,0.2929289
2026-02-12 13:22:00,0.30516633
2026-02-12 13:23:00,0.28788853
2026-02-12 13:24:00,0.28650355
2026-02-12 13:25:00,0.26111102
2026-02-12 13:26:00,0.28082672
2026-02-12 13:27:00,0.3307451
2026-02-12 13:28:00,0.35282874
2026-02-12 13:29:00,0.34203073
2026-02-12 13:30:00,0.31358075
2026-02-12 13:31:00,0.3494204
2026-02-12 13:32:00,0.276873
2026-02-12 13:33:00,0.1854191
2026-02-12 13:34:00,0.18927725
2026-02-12 13:35:00,0.136352
2026-02-12 13:36:00,0.19255745
2026-02-12 13:37:00,0.20874415
2026-02-12 13:38:00,0.19650534
2026-02-12 13:39:00,0.23566958
2026-02-12 13:40:00,0.23688208
2026-02-12 13:41:00,0.24845214
2026-02-12 13:42:00,0.22804098
2026-02-12 13:43:00,0.1536819
2026-02-12 13:44:00,0.13648675
2026-02-12 13:45:00,0.10889072
2026-02-12 13:46:00,0.12221074
2026-02-12 13:47:00,0.13840897
2026-02-12 13:48:00,0.10825103
2026-02-12 13:49:00,0.11550279
2026-02-12 13:50:00,0.12185134
2026-02-12 13:51:00,0.11097865
2026-02-12 13:52:00,0.13830231
2026-02-12 13:53:00,0.16707219
2026-02-12 13:54:00,0.17093976
2026-02-12 13:55:00,0.12061925
2026-02-12 13:56:00,0.15996046
2026-02-12 13:57:00,0.06380487
2026-02-12 13:58:00,0.09008868
2026-02-12 13:59:00,0.055830374
2026-02-12 14:00:00,0.24560757
2026-02-12 14:01:00,0.2262406
2026-02-12 14:02:00,0.22667967
2026-02-12 14:03:00,0.23928653
2026-02-12 14:04:00,0.11461577
2026-02-12 14:05:00,0.096554816
2026-02-12 14:06:00,0.08952387
2026-02-12 14:07:00,0.07532099
2026-02-12 14:08:00,0.12916268
2026-02-12 14:09:00,0.0548605
2026-02-12 14:10:00,0.07503089
2026-02-12 14:11:00,0.09434431
2026-02-12 14:12:00,0.08355798
2026-02-12 14:13:00,0.119150825
2026-02-12 14:14:00,0.16209917
2026-02-12 14:15:00,0.20997185
2026-02-12 14:16:00,0.22462793
2026-02-12 14:17:00,0.17881751
2026-02-12 14:18:00,0.15532486
2026-02-12 14:19:00,0.12867813
2026-02-12 14:20:00,0.16819851
2026-02-12 14:21:00,0.1386981
2026-02-12 14:22:00,0.18397234
2026-02-12 14:23:00,0.18349412
2026-02-12 14:24:00,0.12780197
2026-02-12 14:25:00,0.14474836
2026-02-12 14:26:00,0.13261434
2026-02-12 14:27:00,0.14238365
2026-02-12 14:28:00,0.14346313
2026-02-12 14:29:00,0.14721514
2026-02-12 14:30:00,0.13473676
2026-02-12 14:31:00,0.10970673
2026-02-12 14:32:00,0.105743065
2026-02-12 14:33:00,0.12091292
2026-02-12 14:34:00,0.16542442
2026-02-12 14:35:00,0.1989559
2026-02-12 14:36:00,0.16816579
2026-02-12 14:37:00,0.16848698
2026-02-12 14:38:00,0.13331087
2026-02-12 14:39:00,0.16743597
2026-02-12 14:40:00,0.1665003
2026-02-12 14:41:00,0.17238075
2026-02-12 14:42:00,0.1577215
2026-02-12 14:43:00,0.10298759
2026-02-12 14:44:00,0.055614047
2026-02-12 14:45:00,0.044023298
2026-02-12 14:46:00,0.08675506
2026-02-12 14:47:00,0.067556724
2026-02-12 14:48:00,0.09512219
2026-02-12 14:49:00,0.07794504
2026-02-12 14:50:00,0.057809886
2026-02-12 14:51:00,0.04
2026-02-12 14:52:00,0.13143304
2026-02-12 14:53:00,0.04
2026-02-12 14:54:00,0.04
2026-02-12 14:55:00,0.043168657
2026-02-12 14:56:00,0.091212645
2026-02-12 14:57:00,0.10555063
2026-02-12 14:58:00,0.06869867
2026-02-12 14:59:00,0.07532911
2026-02-12 15:00:00,0.33783865
2026-02-12 15:01:00,0.29737484
2026-02-12 15:02:00,0.25336224
2026-02-12 15:03:00,0.16247821
2026-02-12 15:04:00,0.16071175
2026-02-12 15:05:00,0.09484621
2026-02-12 15:06:00,0.06538466
2026-02-12 15:07:00,0.04675245
2026-02-12 15:08:00,0.04
2026-02-12 15:09:00,0.094151095
2026-02-12 15:10:00,0.05768403
2026-02-12 15:11:00,0.07374537
2026-02-12 15:12:00,0.071042866
2026-02-12 15:13:00,0.18397987
2026-02-12 15:14:00,0.16416657
2026-02-12 15:15:00,0.17147705
2026-02-12 15:16:00,0.18486956
2026-02-12 15:17:00,0.1296759
2026-02-12 15:18:00,0.1401196
2026-02-12 15:19:00,0.15357327
2026-02-12 15:20:00,0.18308923
2026-02-12 15:21:00,0.16967952
2026-02-12 15:22:00,0.20559512
2026-02-12 15:23:00,0.18540287
2026-02-12 15:24:00,0.12086053
2026-02-12 15:25:00,0.04
2026-02-12 15:26:00,0.047840822
2026-02-12 15:27:00,0.04
2026-02-12 15:28:00,0.054283045
2026-02-12 15:29:00,0.13152589
2026-02-12 15:30:00,0.16960128
2026-02-12 15:31:00,0.1674634
2026-02-12 15:32:00,0.22660106
2026-02-12 15:33:00,0.18184973
2026-02-12 15:34:00,0.23926237
2026-02-12 15:35:00,0.23287518
2026-02-12 15:36:00,0.16820246
2026-02-12 15:37:00,0.16916177
2026-02-12 15:38:00,0.15563142
2026-02-12 15:39:00,0.1519474
2026-02-12 15:40:00,0.08406074
2026-02-12 15:41:00,0.12118814
2026-02-12 15:42:00,0.071771786
2026-02-12 15:43:00,0.08146949
2026-02-12 15:44:00,0.11769635
2026-02-12 15:45:00,0.14947976
2026-02-12 15:46:00,0.14921446
2026-02-12 15:47:00,0.19580975
2026-02-12 15:48:00,0.23377438
2026-02-12 15:49:00,0.27596575
2026-02-12 15:50:00,0.25014198
2026-02-12 15:51:00,0.27212048
2026-02-12 15:52:00,0.17575401
2026-02-12 15:53:00,0.18193698
2026-02-12 15:54:00,0.16778883
2026-02-12 15:55:00,0.19579948
2026-02-12 15:56:00,0.1416658
2026-02-12 15:57:00,0.16090925
2026-02-12 15:58:00,0.14582431
2026-02-12 15:59:00,0.19471265
2026-02-12 16:00:00,0.4108447
2026-02-12 16:01:00,0.28554314
2026-02-12 16:02:00,0.1929492
2026-02-12 16:03:00,0.14937091
2026-02-12 16:04:00,0.15808411
2026-02-12 16:05:00,0.1355048
2026-02-12 16:06:00,0.1556802
2026-02-12 16:07:00,0.12700608
2026-02-12 16:08:00,0.12348624
2026-02-12 16:09:00,0.16006263
2026-02-12 16:10:00,0.14271237
2026-02-12 16:11:00,0.14407687
2026-02-12 16:12:00,0.11759422
2026-02-12 16:13:00,0.11378775
2026-02-12 16:14:00,0.1355444
2026-02-12 16:15:00,0.14785194
2026-02-12 16:16:00,0.23182467
2026-02-12 16:17:00,0.17636779
2026-02-12 16:18:00,0.1793851
2026-02-12 16:19:00,0.15322779
2026-02-12 16:20:00,0.15844148
2026-02-12 16:21:00,0.13405998
2026-02-12 16:22:00,0.1436626
2026-02-12 16:23:00,0.12519267
2026-02-12 16:24:00,0.17329507
2026-02-12 16:25:00,0.19714145
2026-02-12 16:26:00,0.14303814
2026-02-12 16:27:00,0.10326536
2026-02-12 16:28:00,0.11001497
2026-02-12 16:29:00,0.07679225
2026-02-12 16:30:00,0.12490572
2026-02-12 16:31:00,0.06903987
2026-02-12 16:32:00,0.111345656
2026-02-12 16:33:00,0.18194003
2026-02-12 16:34:00,0.21350081
2026-02-12 16:35:00,0.16079868
2026-02-12 16:36:00,0.19257611
2026-02-12 16:37:00,0.19158877
2026-02-12 16:38:00,0.1487892
2026-02-12 16:39:00,0.11367347
2026-02-12 16:40:00,0.13746981
2026-02-12 16:41:00,0.13696301
2026-02-12 16:42:00,0.17973332
2026-02-12 16:43:00,0.15611665
2026-02-12 16:44:00,0.15747586
2026-02-12 16:45:00,0.13996187
2026-02-12 16:46:00,0.18803723
2026-02-12 16:47:00,0.20012452
2026-02-12 16:48:00,0.18921483
2026-02-12 16:49:00,0.21100059
2026-02-12 16:50:00,0.1862377
2026-02-12 16:51:00,0.27020615
2026-02-12 16:52:00,0.30923915
2026-02-12 16:53:00,0.20998625
2026-02-12 16:54:00,0.20491254
2026-02-12 16:55:00,0.16174698
2026-02-12 16:56:00,0.15947857
2026-02-12 16:57:00,0.1916281
2026-02-12 16:58:00,0.18666926
2026-02-12 16:59:00,0.17128895
2026-02-12 17:00:00,0.37997413
2026-02-12 17:01:00,0.31369406
2026-02-12 17:02:00,0.32116953
2026-02-12 17:03:00,0.23978324
2026-02-12 17:04:00,0.20134176
2026-02-12 17:05:00,0.1883644
2026-02-12 17:06:00,0.23389658
2026-02-12 17:07:00,0.1681346
2026-02-12 17:08:00,0.18150446
2026-02-12 17:09:00,0.18106677
2026-02-12 17:10:00,0.122422814
2026-02-12 17:11:00,0.15517247
2026-02-12 17:12:00,0.1532276
2026-02-12 17:13:00,0.15121835
2026-02-12 17:14:00,0.101371095
2026-02-12 17:15:00,0.16147362
2026-02-12 17:16:00,0.2160082
2026-02-12 17:17:00,0.20929737
2026-02-12 17:18:00,0.18666963
2026-02-12 17:19:00,0.1875019
2026-02-12 17:20:00,0.15191327
2026-02-12 17:21:00,0.18468706
2026-02-12 17:22:00,0.20655324
2026-02-12 17:23:00,0.22139281
2026-02-12 17:24:00,0.19502594
2026-02-12 17:25:00,0.20702307
2026-02-12 17:26:00,0.17915137
2026-02-12 17:27:00,0.1818448
2026-02-12 17:28:00,0.16219456
2026-02-12 17:29:00,0.16737717
2026-02-12 17:30:00,0.13833083
2026-02-12 17:31:00,0.102977425
2026-02-12 17:32:00,0.09414396
2026-02-12 17:33:00,0.119909294
2026-02-12 17:34:00,0.08884562
2026-02-12 17:35:00,0.049948152
2026-02-12 17:36:00,0.1317543
2026-02-12 17:37:00,0.16790532
2026-02-12 17:38:00,0.11668476
2026-02-12 17:39:00,0.17142864
2026-02-12 17:40:00,0.22842935
2026-02-12 17:41:00,0.23941556
2026-02-12 17:42:00,0.18074293
2026-02-12 17:43:00,0.1505449
2026-02-12 17:44:00,0.17880857
2026-02-12 17:45:00,0.17812386
2026-02-12 17:46:00,0.13170423
2026-02-12 17:47:00,0.08723748
2026-02-12 17:48:00,0.1262886
2026-02-12 17:49:00,0.12862861
2026-02-12 17:50:00,0.118085824
2026-02-12 17:51:00,0.19409767
2026-02-12 17:52:00,0.20030497
2026-02-12 17:53:00,0.19997366
2026-02-12 17:54:00,0.13337918
2026-02-12 17:55:00,0.082113236
2026-02-12 17:56:00,0.09511454
2026-02-12 17:57:00,0.12275187
2026-02-12 17:58:00,0.104994096
2026-02-12 17:59:00,0.04
2026-02-12 18:00:00,0.27075905
2026-02-12 18:01:00,0.24056782
2026-02-12 18:02:00,0.2246937
2026-02-12 18:03:00,0.16216889
2026-02-12 18:04:00,0.1523398
2026-02-12 18:05:00,0.12554348
2026-02-12 18:06:00,0.10067772
2026-02-12 18:07:00,0.106090605
2026-02-12 18:08:00,0.09688505
2026-02-12 18:09:00,0.15568715
2026-02-12 18:10:00,0.20314805
2026-02-12 18:11:00,0.16166458
2026-02-12 18:12:00,0.17062074
2026-02-12 18:13:00,0.14914496
2026-02-12 18:14:00,0.18419974
2026-02-12 18:15:00,0.16107397
2026-02-12 18:16:00,0.16660856
2026-02-12 18:17:00,0.17384292
2026-02-12 18:18:00,0.19150428
2026-02-12 18:19:00,0.15850137
2026-02-12 18:20:00,0.16512203
2026-02-12 18:21:00,0.15445334
2026-02-12 18:22:00,0.09712326
2026-02-12 18:23:00,0.079799436
2026-02-12 18:24:00,0.04
2026-02-12 18:25:00,0.072160654
2026-02-12 18:26:00,0.08707614
2026-02-12 18:27:00,0.07644753
2026-02-12 18:28:00,0.11550217
2026-02-12 18:29:00,0.10317283
2026-02-12 18:30:00,0.10041257
2026-02-12 18:31:00,0.11619851
2026-02-12 18:32:00,0.06029543
2026-02-12 18:33:00,0.090049624
2026-02-12 18:34:00,0.12260191
2026-02-12 18:35:00,0.08985844
2026-02-12 18:36:00,0.05893445
2026-02-12 18:37:00,0.086968854
2026-02-12 18:38:00,0.13868062
2026-02-12 18:39:00,0.173098
2026-02-12 18:40:00,0.12507059
2026-02-12 18:41:00,0.109210566
2026-02-12 18:42:00,0.120644554
2026-02-12 18:43:00,0.11698126
2026-02-12 18:44:00,0.08599056
2026-02-12 18:45:00,0.09580375
2026-02-12 18:46:00,0.10946659
2026-02-12 18:47:00,0.09377697
2026-02-12 18:48:00,0.10328625
2026-02-12 18:49:00,0.09421173
2026-02-12 18:50:00,0.079401925
2026-02-12 18:51:00,0.044989083
2026-02-12 18:52:00,0.076435685
2026-02-12 18:53:00,0.07642308
2026-02-12 18:54:00,0.11234145
2026-02-12 18:55:00,0.113387495
2026-02-12 18:56:00,0.07306459
2026-02-12 18:57:00,0.06361979
2026-02-12 18:58:00,0.13019723
2026-02-12 18:59:00,0.12618344
2026-02-12 19:00:00,0.3163506
2026-02-12 19:01:00,0.29523206
2026-02-12 19:02:00,0.26501992
2026-02-12 19:03:00,0.24271618
2026-02-12 19:04:00,0.097392574
2026-02-12 19:05:00,0.067410976
2026-02-12 19:06:00,0.089046635
2026-02-12 19:07:00,0.07796077
2026-02-12 19:08:00,0.10664793
2026-02-12 19:09:00,0.0653322
2026-02-12 19:10:00,0.123085484
2026-02-12 19:11:00,0.14549153
2026-02-12 19:12:00,0.12938923
2026-02-12 19:13:00,0.076227374
2026-02-12 19:14:00,0.061756544
2026-02-12 19:15:00,0.0793319
2026-02-12 19:16:00,0.05432665
2026-02-12 19:17:00,0.04
2026-02-12 19:18:00,0.09532479
2026-02-12 19:19:00,0.09383857
2026-02-12 19:20:00,0.07507338
2026-02-12 19:21:00,0.10469467
2026-02-12 19:22:00,0.1300833
2026-02-12 19:23:00,0.14379403
2026-02-12 19:24:00,0.082436435
2026-02-12 19:25:00,0.042458408
2026-02-12 19:26:00,0.097216845
2026-02-12 19:27:00,0.1970265
2026-02-12 19:28:00,0.17278512
2026-02-12 19:29:00,0.21660595
2026-02-12 19:30:00,0.2178793
2026-02-12 19:31:00,0.21896549
2026-02-12 19:32:00,0.21368203
2026-02-12 19:33:00,0.17688568
2026-02-12 19:34:00,0.15351816
2026-02-12 19:35:00,0.14541183
2026-02-12 19:36:00,0.19859944
2026-02-12 19:37:00,0.14813396
2026-02-12 19:38:00,0.12164782
2026-02-12 19:39:00,0.08764189
2026-02-12 19:40:00,0.11037793
2026-02-12 19:41:00,0.12209522
2026-02-12 19:42:00,0.1416054
2026-02-12 19:43:00,0.1748251
2026-02-12 19:44:00,0.13424565
2026-02-12 19:45:00,0.12729621
2026-02-12 19:46:00,0.05138466
2026-02-12 19:47:00,0.045530766
2026-02-12 19:48:00,0.04
2026-02-12 19:49:00,0.04
2026-02-12 19:50:00,0.04499913
2026-02-12 19:51:00,0.04
2026-02-12 19:52:00,0.045681596
2026-02-12 19:53:00,0.080194205
2026-02-12 19:54:00,0.04
2026-02-12 19:55:00,0.07303521
2026-02-12 19:56:00,0.10025902
2026-02-12 19:57:00,0.11708994
2026-02-12 19:58:00,0.057264984
2026-02-12 19:59:00,0.06562174
2026-02-12 20:00:00,0.32600367
2026-02-12 20:01:00,0.29911166
2026-02-12 20:02:00,0.22275206
2026-02-12 20:03:00,0.2135497
2026-02-12 20:04:00,0.18963972
2026-02-12 20:05:00,0.19753984
2026-02-12 20:06:00,0.21756653
2026-02-12 20:07:00,0.19003476
2026-02-12 20:08:00,0.18640205
2026-02-12 20:09:00,0.14633968
2026-02-12 20:10:00,0.10629077
2026-02-12 20:11:00,0.1577405
2026-02-12 20:12:00,0.17003314
2026-02-12 20:13:00,0.24183017
2026-02-12 20:14:00,0.27140588
2026-02-12 20:15:00,0.2887176
2026-02-12 20:16:00,0.21212174
2026-02-12 20:17:00,0.19841939
2026-02-12 20:18:00,0.26390597
2026-02-12 20:19:00,0.2463759
2026-02-12 20:20:00,0.19734646
2026-02-12 20:21:00,0.21648572
2026-02-12 20:22:00,0.23837264
2026-02-12 20:23:00,0.25633407
2026-02-12 20:24:00,0.22958688
2026-02-12 20:25:00,0.19910388
2026-02-12 20:26:00,0.18536209
2026-02-12 20:27:00,0.21235324
2026-02-12 20:28:00,0.2462266
2026-02-12 20:29:00,0.2402214
2026-02-12 20:30:00,0.28732806
2026-02-12 20:31:00,0.3190519
2026-02-12 20:32:00,0.34588718
2026-02-12 20:33:00,0.27141532
2026-02-12 20:34:00,0.3044968
2026-02-12 20:35:00,0.29837438
2026-02-12 20:36:00,0.2744909
2026-02-12 20:37:00,0.30744764
2026-02-12 20:38:00,0.26155943
2026-02-12 20:39:00,0.29358292
2026-02-12 20:40:00,0.24680458
2026-02-12 20:41:00,0.23750538
2026-02-12 20:42:00,0.3078289
2026-02-12 20:43:00,0.34905395
2026-02-12 20:44:00,0.2798526
2026-02-12 20:45:00,0.31775314
2026-02-12 20:46:00,0.34082046
2026-02-12 20:47:00,0.44939134
2026-02-12 20:48:00,0.27351248
2026-02-12 20:49:00,0.26157674
2026-02-12 20:50:00,0.16562794
2026-02-12 20:51:00,0.17182283
2026-02-12 20:52:00,0.12947889
2026-02-12 20:53:00,0.06837948
2026-02-12 20:54:00,0.12165649
2026-02-12 20:55:00,0.08574032
2026-02-12 20:56:00,0.08943273
2026-02-12 20:57:00,0.0833715
2026-02-12 20:58:00,0.1355079
2026-02-12 20:59:00,0.07595568
2026-02-12 21:00:00,0.29744473
2026-02-12 21:01:00,0.28267354
2026-02-12 21:02:00,0.22635542
2026-02-12 21:03:00,0.14775984
2026-02-12 21:04:00,0.14290263
2026-02-12 21:05:00,0.12151623
2026-02-12 21:06:00,0.12707731
2026-02-12 21:07:00,0.11724691
2026-02-12 21:08:00,0.070023835
2026-02-12 21:09:00,0.050274573
2026-02-12 21:10:00,0.06758308
2026-02-12 21:11:00,0.10396874
2026-02-12 21:12:00,0.120780334
2026-02-12 21:13:00,0.10716708
2026-02-12 21:14:00,0.17385127
2026-02-12 21:15:00,0.19271085
2026-02-12 21:16:00,0.162851
2026-02-12 21:17:00,0.19813861
2026-02-12 21:18:00,0.19113629
2026-02-12 21:19:00,0.19537519
2026-02-12 21:20:00,0.21620211
2026-02-12 21:21:00,0.23320827
2026-02-12 21:22:00,0.26175654
2026-02-12 21:23:00,0.24535222
2026-02-12 21:24:00,0.17382927
2026-02-12 21:25:00,0.19899859
2026-02-12 21:26:00,0.16792169
2026-02-12 21:27:00,0.13790122
2026-02-12 21:28:00,0.13519487
2026-02-12 21:29:00,0.15534416
2026-02-12 21:30:00,0.21186787
2026-02-12 21:31:00,0.17503066
2026-02-12 21:32:00,0.21557769
2026-02-12 21:33:00,0.19825093
2026-02-12 21:34:00,0.17817058
2026-02-12 21:35:00,0.15941532
2026-02-12 21:36:00,0.14117016
2026-02-12 21:37:00,0.11488271
2026-02-12 21:38:00,0.11714543
2026-02-12 21:39:00,0.074216254
2026-02-12 21:40:00,0.11840913
2026-02-12 21:41:00,0.0790919
2026-02-12 21:42:00,0.04
2026-02-12 21:43:00,0.04
2026-02-12 21:44:00,0.048012745
2026-02-12 21:45:00,0.13431986
2026-02-12 21:46:00,0.13870195
2026-02-12 21:47:00,0.18945727
2026-02-12 21:48:00,0.14287508
2026-02-12 21:49:00,0.14455152
2026-02-12 21:50:00,0.15771158
2026-02-12 21:51:00,0.22213367
2026-02-12 21:52:00,0.27246043
2026-02-12 21:53:00,0.22763865
2026-02-12 21:54:00,0.2535447
2026-02-12 21:55:00,0.25049576
2026-02-12 21:56:00,0.2770471
2026-02-12 21:57:00,0.26804358
2026-02-12 21:58:00,0.25464496
2026-02-12 21:59:00,0.34126827
2026-02-12 22:00:00,0.582482
2026-02-12 22:01:00,0.5050025
2026-02-12 22:02:00,0.4191132
2026-02-12 22:03:00,0.3456829
2026-02-12 22:04:00,0.3153729
2026-02-12 22:05:00,0.27478632
2026-02-12 22:06:00,0.2788972
2026-02-12 22:07:00,0.2466049
2026-02-12 22:08:00,0.2421669
2026-02-12 22:09:00,0.33668303
2026-02-12 22:10:00,0.3005392
2026-02-12 22:11:00,0.28979307
2026-02-12 22:12:00,0.25409722
2026-02-12 22:13:00,0.27833495
2026-02-12 22:14:00,0.25042388
2026-02-12 22:15:00,0.28237933
2026-02-12 22:16:00,0.25469038
2026-02-12 22:17:00,0.23194386
2026-02-12 22:18:00,0.23613097
2026-02-12 22:19:00,0.22462
2026-02-12 22:20:00,0.19852066
2026-02-12 22:21:00,0.15960568
2026-02-12 22:22:00,0.17151129
2026-02-12 22:23:00,0.1351767
2026-02-12 22:24:00,0.087941185
2026-02-12 22:25:00,0.12403387
2026-02-12 22:26:00,0.08373285
2026-02-12 22:27:00,0.14206445
2026-02-12 22:28:00,0.16575824
2026-02-12 22:29:00,0.24605928
2026-02-12 22:30:00,0.21961969
2026-02-12 22:31:00,0.21258181
2026-02-12 22:32:00,0.25132126
2026-02-12 22:33:00,0.2731098
2026-02-12 22:34:00,0.28924575
2026-02-12 22:35:00,0.32027835
2026-02-12 22:36:00,0.3470526
2026-02-12 22:37:00,0.3150634
2026-02-12 22:38:00,0.3095748
2026-02-12 22:39:00,0.3124664
2026-02-12 22:40:00,0.3250436
2026-02-12 22:41:00,0.327536
2026-02-12 22:42:00,0.32498085
2026-02-12 22:43:00,0.24897444
2026-02-12 22:44:00,0.20832038
2026-02-12 22:45:00,0.21628791
2026-02-12 22:46:00,0.19593158
2026-02-12 22:47:00,0.19590494
2026-02-12 22:48:00,0.23051682
2026-02-12 22:49:00,0.2588613
2026-02-12 22:50:00,0.25223848
2026-02-12 22:51:00,0.19504933
2026-02-12 22:52:00,0.14482999
2026-02-12 22:53:00,0.21303311
2026-02-12 22:54:00,0.15897152
2026-02-12 22:55:00,0.20621985
2026-02-12 22:56:00,0.17197655
2026-02-12 22:57:00,0.20252565
2026-02-12 22:58:00,0.14670931
2026-02-12 22:59:00,0.18583842
2026-02-12 23:00:00,0.40529925
2026-02-12 23:01:00,0.41432178
2026-02-12 23:02:00,0.3966037
2026-02-12 23:03:00,0.40643048
2026-02-12 23:04:00,0.36826354
2026-02-12 23:05:00,0.33455744
2026-02-12 23:06:00,0.35073236
2026-02-12 23:07:00,0.3501955
2026-02-12 23:08:00,0.29555014
2026-02-12 23:09:00,0.29658693
2026-02-12 23:10:00,0.2815287
2026-02-12 23:11:00,0.34110677
2026-02-12 23:12:00,0.3465472
2026-02-12 23:13:00,0.36479765
2026-02-12 23:14:00,0.34346822
2026-02-12 23:15:00,0.30900955
2026-02-12 23:16:00,0.32438248
2026-02-12 23:17:00,0.31220362
2026-02-12 23:18:00,0.2651438
2026-02-12 23:19:00,0.25568858
2026-02-12 23:20:00,0.28073806
2026-02-12 23:21:00,0.25289145
2026-02-12 23:22:00,0.30362627
2026-02-12 23:23:00,0.2592448
2026-02-12 23:24:00,0.2740299
2026-02-12 23:25:00,0.2376942
2026-02-12 23:26:00,0.2769311
2026-02-12 23:27:00,0.27263302
2026-02-12 23:28:00,0.23847517
2026-02-12 23:29:00,0.23294434
2026-02-12 23:30:00,0.24065262
2026-02-12 23:31:00,0.25661683
2026-02-12 23:32:00,0.22484235
2026-02-12 23:33:00,0.24560325
2026-02-12 23:34:00,0.24437173
2026-02-12 23:35:00,0.2527249
2026-02-12 23:36:00,0.2840242
2026-02-12 23:37:00,0.27012745
2026-02-12 23:38:00,0.24813344
2026-02-12 23:39:00,0.23953222
2026-02-12 23:40:00,0.27101615
2026-02-12 23:41:00,0.26209283
2026-02-12 23:42:00,0.24511895
2026-02-12 23:43:00,0.28940976
2026-02-12 23:44:00,0.27519247
2026-02-12 23:45:00,0.2712137
2026-02-12 23:46:00,0.291829
2026-02-12 23:47:00,0.35315284
2026-02-12 23:48:00,0.40287447
2026-02-12 23:49:00,0.38719437
2026-02-12 23:50:00,0.41999537
2026-02-12 23:51:00,0.41067067
2026-02-12 23:52:00,0.399599
2026-02-12 23:53:00,0.3973536
2026-02-12 23:54:00,0.39573362
2026-02-12 23:55:00,0.3858166
2026-02-12 23:56:00,0.36539036
2026-02-12 23:57:00,0.3208975
2026-02-12 23:58:00,0.2829218
2026-02-12 23:59:00,0.34446532
2026-02-13 00:00:00,0.6068702
2026-02-13 00:01:00,0.4858587
2026-02-13 00:02:00,0.40591145
2026-02-13 00:03:00,0.36691314
2026-02-13 00:04:00,0.3257684
2026-02-13 00:05:00,0.28899348
2026-02-13 00:06:00,0.31106764
2026-02-13 00:07:00,0.3366585
2026-02-13 00:08:00,0.2807603
2026-02-13 00:09:00,0.33391792
2026-02-13 00:10:00,0.38588962
2026-02-13 00:11:00,0.3809147
2026-02-13 00:12:00,0.34772474
2026-02-13 00:13:00,0.32362044
2026-02-13 00:14:00,0.35651374
2026-02-13 00:15:00,0.33101913
2026-02-13 00:16:00,0.33261374
2026-02-13 00:17:00,0.27740777
2026-02-13 00:18:00,0.23183808
2026-02-13 00:19:00,0.27295762
2026-02-13 00:20:00,0.3471761
2026-02-13 00:21:00,0.30617797
2026-02-13 00:22:00,0.32423294
2026-02-13 00:23:00,0.37691632
2026-02-13 00:24:00,0.38493004
2026-02-13 00:25:00,0.35947493
2026-02-13 00:26:00,0.3278107
2026-02-13 00:27:00,0.31124383
2026-02-13 00:28:00,0.30632436
2026-02-13 00:29:00,0.337542
2026-02-13 00:30:00,0.31423965
2026-02-13 00:31:00,0.3555375
2026-02-13 00:32:00,0.3485834
2026-02-13 00:33:00,0.32977176
2026-02-13 00:34:00,0.3250167
2026-02-13 00:35:00,0.2527482
2026-02-13 00:36:00,0.28834522
2026-02-13 00:37:00,0.34952173
2026-02-13 00:38:00,0.30388662
2026-02-13 00:39:00,0.30498314
2026-02-13 00:40:00,0.4070703
2026-02-13 00:41:00,0.43610132
2026-02-13 00:42:00,0.40356845
2026-02-13 00:43:00,0.35174134
2026-02-13 00:44:00,0.32867566
2026-02-13 00:45:00,0.32519183
2026-02-13 00:46:00,0.35636118
2026-02-13 00:47:00,0.35162413
2026-02-13 00:48:00,0.3012614
2026-02-13 00:49:00,0.3276423
2026-02-13 00:50:00,0.235757
2026-02-13 00:51:00,0.30118555
2026-02-13 00:52:00,0.3412035
2026-02-13 00:53:00,0.33841377
2026-02-13 00:54:00,0.34176743
2026-02-13 00:55:00,0.3635709
2026-02-13 00:56:00,0.31685475
2026-02-13 00:57:00,0.2925044
2026-02-13 00:58:00,0.3783392
2026-02-13 00:59:00,0.36087528
2026-02-13 01:00:00,0.633506
2026-02-13 01:01:00,0.61952984
2026-02-13 01:02:00,0.57126236
2026-02-13 01:03:00,0.45257792
2026-02-13 01:04:00,0.37461546
2026-02-13 01:05:00,0.35787737
2026-02-13 01:06:00,0.33469832
2026-02-13 01:07:00,0.30642784
2026-02-13 01:08:00,0.26391926
2026-02-13 01:09:00,0.31816787
2026-02-13 01:10:00,0.35347506
2026-02-13 01:11:00,0.34281233
2026-02-13 01:12:00,0.29740897
2026-02-13 01:13:00,0.32279316
2026-02-13 01:14:00,0.32859138
2026-02-13 01:15:00,0.28862324
2026-02-13 01:16:00,0.29427063
2026-02-13 01:17:00,0.3294269
2026-02-13 01:18:00,0.37640572
2026-02-13 01:19:00,0.3381495
2026-02-13 01:20:00,0.37914518
2026-02-13 01:21:00,0.38873002
2026-02-13 01:22:00,0.34975415
2026-02-13 01:23:00,0.30764508
2026-02-13 01:24:00,0.31990945
2026-02-13 01:25:00,0.24354835
2026-02-13 01:26:00,0.28260198
2026-02-13 01:27:00,0.26445448
2026-02-13 01:28:00,0.28267786
2026-02-13 01:29:00,0.31768602
2026-02-13 01:30:00,0.3612715
2026-02-13 01:31:00,0.35646364
2026-02-13 01:32:00,0.35182744
2026-02-13 01:33:00,0.31883746
2026-02-13 01:34:00,0.33349618
2026-02-13 01:35:00,0.3070623
2026-02-13 01:36:00,0.3154615
2026-02-13 01:37:00,0.36251494
2026-02-13 01:38:00,0.31903315
2026-02-13 01:39:00,0.35114416
2026-02-13 01:40:00,0.43353063
2026-02-13 01:41:00,0.48702586
2026-02-13 01:42:00,0.4196438
2026-02-13 01:43:00,0.46161568
2026-02-13 01:44:00,0.45646706
2026-02-13 01:45:00,0.4401586
2026-02-13 01:46:00,0.37769762
2026-02-13 01:47:00,0.3142204
2026-02-13 01:48:00,0.3152916
2026-02-13 01:49:00,0.24952753
2026-02-13 01:50:00,0.28386584
2026-02-13 01:51:00,0.3343663
2026-02-13 01:52:00,0.38945925
2026-02-13 01:53:00,0.4066026
2026-02-13 01:54:00,0.40503788
2026-02-13 01:55:00,0.42948666
2026-02-13 01:56:00,0.4228157
2026-02-13 01:57:00,0.40990704
2026-02-13 01:58:00,0.40263826
2026-02-13 01:59:00,0.38706043
2026-02-13 02:00:00,0.6493275
2026-02-13 02:01:00,0.60206324
2026-02-13 02:02:00,0.5384689
2026-02-13 02:03:00,0.4875124
2026-02-13 02:04:00,0.42934448
2026-02-13 02:05:00,0.42269653
2026-02-13 02:06:00,0.40682092
2026-02-13 02:07:00,0.44210336
2026-02-13 02:08:00,0.41768843
2026-02-13 02:09:00,0.38847938
2026-02-13 02:10:00,0.32957804
2026-02-13 02:11:00,0.37815094
2026-02-13 02:12:00,0.3419167
2026-02-13 02:13:00,0.30866015
2026-02-13 02:14:00,0.25226885
2026-02-13 02:15:00,0.23864849
2026-02-13 02:16:00,0.22446743
2026-02-13 02:17:00,0.27990782
2026-02-13 02:18:00,0.3052618
2026-02-13 02:19:00,0.2957894
2026-02-13 02:20:00,0.29255417
2026-02-13 02:21:00,0.29271096
2026-02-13 02:22:00,0.28499284
2026-02-13 02:23:00,0.26517764
2026-02-13 02:24:00,0.33666804
2026-02-13 02:25:00,0.40518892
2026-02-13 02:26:00,0.43872964
2026-02-13 02:27:00,0.39766213
2026-02-13 02:28:00,0.4050855
2026-02-13 02:29:00,0.43496016
2026-02-13 02:30:00,0.38840368
2026-02-13 02:31:00,0.34280908
2026-02-13 02:32:00,0.3651836
2026-02-13 02:33:00,0.42333832
2026-02-13 02:34:00,0.42586553
2026-02-13 02:35:00,0.4233193
2026-02-13 02:36:00,0.42405427
2026-02-13 02:37:00,0.44764042
2026-02-13 02:38:00,0.48313716
2026-02-13 02:39:00,0.49759468
2026-02-13 02:40:00,0.5090426
2026-02-13 02:41:00,0.48684
2026-02-13 02:42:00,0.47387955
2026-02-13 02:43:00,0.3853365
2026-02-13 02:44:00,0.36745262
2026-02-13 02:45:00,0.3557142
2026-02-13 02:46:00,0.35767686
2026-02-13 02:47:00,0.42709887
2026-02-13 02:48:00,0.32631525
2026-02-13 02:49:00,0.36459875
2026-02-13 02:50:00,0.36446092
2026-02-13 02:51:00,0.3888378
2026-02-13 02:52:00,0.3265467
2026-02-13 02:53:00,0.2924086
2026-02-13 02:54:00,0.31611434
2026-02-13 02:55:00,0.31265482
2026-02-13 02:56:00,0.29663128
2026-02-13 02:57:00,0.32205305
2026-02-13 02:58:00,0.3243341
2026-02-13 02:59:00,0.2889688
2026-02-13 03:00:00,0.50394416
2026-02-13 03:01:00,0.4958298
2026-02-13 03:02:00,0.4844585
2026-02-13 03:03:00,0.4148628
2026-02-13 03:04:00,0.34080485
2026-02-13 03:05:00,0.32418144
2026-02-13 03:06:00,0.3774222
2026-02-13 03:07:00,0.35503542
2026-02-13 03:08:00,0.2690052
2026-02-13 03:09:00,0.29440638
2026-02-13 03:10:00,0.31101927
2026-02-13 03:11:00,0.30131555
2026-02-13 03:12:00,0.3357088
2026-02-13 03:13:00,0.398353
2026-02-13 03:14:00,0.34217554
2026-02-13 03:15:00,0.33150464
2026-02-13 03:16:00,0.3009091
2026-02-13 03:17:00,0.27244702
2026-02-13 03:18:00,0.23322867
2026-02-13 03:19:00,0.29116678
2026-02-13 03:20:00,0.27800715
2026-02-13 03:21:00,0.28918952
2026-02-13 03:22:00,0.28991982
2026-02-13 03:23:00,0.28964686
2026-02-13 03:24:00,0.34582144
2026-02-13 03:25:00,0.3669199
2026-02-13 03:26:00,0.43805605
2026-02-13 03:27:00,0.37583438
2026-02-13 03:28:00,0.45494565
2026-02-13 03:29:00,0.49532723
2026-02-13 03:30:00,0.51277816
2026-02-13 03:31:00,0.52939975
2026-02-13 03:32:00,0.45623636
2026-02-13 03:33:00,0.460358
2026-02-13 03:34:00,0.42058557
2026-02-13 03:35:00,0.42697322
2026-02-13 03:36:00,0.47363332
2026-02-13 03:37:00,0.48060626
2026-02-13 03:38:00,0.48642576
2026-02-13 03:39:00,0.49340782
2026-02-13 03:40:00,0.48932883
2026-02-13 03:41:00,0.5459407
2026-02-13 03:42:00,0.5288939
2026-02-13 03:43:00,0.5075399
2026-02-13 03:44:00,0.51044476
2026-02-13 03:45:00,0.53296345
2026-02-13 03:46:00,0.4825008
2026-02-13 03:47:00,0.49988928
2026-02-13 03:48:00,0.4519593
2026-02-13 03:49:00,0.48752853
2026-02-13 03:50:00,0.5194401
2026-02-13 03:51:00,0.53123325
2026-02-13 03:52:00,0.4872239
2026-02-13 03:53:00,0.4930926
2026-02-13 03:54:00,0.4985611
2026-02-13 03:55:00,0.55739963
2026-02-13 03:56:00,0.53747684
2026-02-13 03:57:00,0.54004204
2026-02-13 03:58:00,0.55288935
2026-02-13 03:59:00,0.516673
2026-02-13 04:00:00,0.78475505
2026-02-13 04:01:00,0.7635954
2026-02-13 04:02:00,0.59317744
2026-02-13 04:03:00,0.4971174
2026-02-13 04:04:00,0.48008415
2026-02-13 04:05:00,0.5119946
2026-02-13 04:06:00,0.4392269
2026-02-13 04:07:00,0.44785345
2026-02-13 04:08:00,0.3982858
2026-02-13 04:09:00,0.41660193
2026-02-13 04:10:00,0.5057466
2026-02-13 04:11:00,0.45439434
2026-02-13 04:12:00,0.3996304
2026-02-13 04:13:00,0.4143463
2026-02-13 04:14:00,0.44281498
2026-02-13 04:15:00,0.3806661
2026-02-13 04:16:00,0.37169626
2026-02-13 04:17:00,0.4124818
2026-02-13 04:18:00,0.4460497
2026-02-13 04:19:00,0.48480982
2026-02-13 04:20:00,0.46226805
2026-02-13 04:21:00,0.4279627
2026-02-13 04:22:00,0.48547396
2026-02-13 04:23:00,0.48174763
2026-02-13 04:24:00,0.46586087
2026-02-13 04:25:00,0.4350046
2026-02-13 04:26:00,0.39639106
2026-02-13 04:27:00,0.38915727
2026-02-13 04:28:00,0.3826233
2026-02-13 04:29:00,0.40756682
2026-02-13 04:30:00,0.39062282
2026-02-13 04:31:00,0.37868932
2026-02-13 04:32:00,0.42329147
2026-02-13 04:33:00,0.40523446
2026-02-13 04:34:00,0.36436725
2026-02-13 04:35:00,0.38479623
2026-02-13 04:36:00,0.38596955
2026-02-13 04:37:00,0.40830612
2026-02-13 04:38:00,0.4946605
2026-02-13 04:39:00,0.45404828
2026-02-13 04:40:00,0.4415716
2026-02-13 04:41:00,0.39223096
2026-02-13 04:42:00,0.46150988
2026-02-13 04:43:00,0.4227352
2026-02-13 04:44:00,0.4124869
2026-02-13 04:45:00,0.40911534
2026-02-13 04:46:00,0.41341904
2026-02-13 04:47:00,0.36283857
2026-02-13 04:48:00,0.40648675
2026-02-13 04:49:00,0.34853697
2026-02-13 04:50:00,0.36355668
2026-02-13 04:51:00,0.35581496
2026-02-13 04:52:00,0.30743515
2026-02-13 04:53:00,0.2916538
2026-02-13 04:54:00,0.27622885
2026-02-13 04:55:00,0.33974078
2026-02-13 04:56:00,0.40533182
2026-02-13 04:57:00,0.34537748
2026-02-13 04:58:00,0.32851142
2026-02-13 04:59:00,0.38477087
2026-02-13 05:00:00,0.6495162
2026-02-13 05:01:00,0.5763375
2026-02-13 05:02:00,0.5579223
2026-02-13 05:03:00,0.57045835
2026-02-13 05:04:00,0.5326392
2026-02-13 05:05:00,0.50097287
2026-02-13 05:06:00,0.5477778
2026-02-13 05:07:00,0.54443395
2026-02-13 05:08:00,0.5328824
2026-02-13 05:09:00,0.5479574
2026-02-13 05:10:00,0.5119683
2026-02-13 05:11:00,0.5233428
2026-02-13 05:12:00,0.5543638
2026-02-13 05:13:00,0.51701784
2026-02-13 05:14:00,0.5510741
2026-02-13 05:15:00,0.51394373
2026-02-13 05:16:00,0.4643283
2026-02-13 05:17:00,0.44031793
2026-02-13 05:18:00,0.46777397
2026-02-13 05:19:00,0.49010402
2026-02-13 05:20:00,0.47823656
2026-02-13 05:21:00,0.49228972
2026-02-13 05:22:00,0.4749433
2026-02-13 05:23:00,0.4969747
2026-02-13 05:24:00,0.48041698
2026-02-13 05:25:00,0.5346378
2026-02-13 05:26:00,0.53670925
2026-02-13 05:27:00,0.5595094
2026-02-13 05:28:00,0.57908684
2026-02-13 05:29:00,0.582031
2026-02-13 05:30:00,0.5464262
2026-02-13 05:31:00,0.5422789
2026-02-13 05:32:00,0.5037512
2026-02-13 05:33:00,0.54846877
2026-02-13 05:34:00,0.5126985
2026-02-13 05:35:00,0.51172805
2026-02-13 05:36:00,0.50615674
2026-02-13 05:37:00,0.4927106
2026-02-13 05:38:00,0.5495039
2026-02-13 05:39:00,0.52779126
2026-02-13 05:40:00,0.467419
2026-02-13 05:41:00,0.4592354
2026-02-13 05:42:00,0.48070857
2026-02-13 05:43:00,0.49164915
2026-02-13 05:44:00,0.4879916
2026-02-13 05:45:00,0.46860966
2026-02-13 05:46:00,0.40442562
2026-02-13 05:47:00,0.39922345
2026-02-13 05:48:00,0.40358466
2026-02-13 05:49:00,0.33971456
2026-02-13 05:50:00,0.33332896
2026-02-13 05:51:00,0.28763896
2026-02-13 05:52:00,0.30947185
2026-02-13 05:53:00,0.33894274
2026-02-13 05:54:00,0.40101507
2026-02-13 05:55:00,0.3745472
2026-02-13 05:56:00,0.3796845
2026-02-13 05:57:00,0.42425606
2026-02-13 05:58:00,0.399366
2026-02-13 05:59:00,0.45040625
2026-02-13 06:00:00,0.6958491
2026-02-13 06:01:00,0.67877066
2026-02-13 06:02:00,0.626309
2026-02-13 06:03:00,0.49658123
2026-02-13 06:04:00,0.47475004
2026-02-13 06:05:00,0.4662838
2026-02-13 06:06:00,0.44838363
2026-02-13 06:07:00,0.4721794
2026-02-13 06:08:00,0.47014824
2026-02-13 06:09:00,0.4709592
2026-02-13 06:10:00,0.47740176
2026-02-13 06:11:00,0.5107759
2026-02-13 06:12:00,0.5012533
2026-02-13 06:13:00,0.5304151
2026-02-13 06:14:00,0.4972223
2026-02-13 06:15:00,0.5195543
2026-02-13 06:16:00,0.51864517
2026-02-13 06:17:00,0.4602355
2026-02-13 06:18:00,0.40786502
2026-02-13 06:19:00,0.40402728
2026-02-13 06:20:00,0.38694575
2026-02-13 06:21:00,0.40954468
2026-02-13 06:22:00,0.37587774
2026-02-13 06:23:00,0.29585528
2026-02-13 06:24:00,0.25028315
2026-02-13 06:25:00,0.26611504
2026-02-13 06:26:00,0.29889038
2026-02-13 06:27:00,0.33889878
2026-02-13 06:28:00,0.33084017
2026-02-13 06:29:00,0.34479037
2026-02-13 06:30:00,0.33055353
2026-02-13 06:31:00,0.43643445
2026-02-13 06:32:00,0.45639586
2026-02-13 06:33:00,0.4696928
2026-02-13 06:34:00,0.43652463
2026-02-13 06:35:00,0.51718366
2026-02-13 06:36:00,0.5448239
2026-02-13 06:37:00,0.57655907
2026-02-13 06:38:00,0.44719434
2026-02-13 06:39:00,0.49460524
2026-02-13 06:40:00,0.51695496
2026-02-13 06:41:00,0.5445592
2026-02-13 06:42:00,0.56789696
2026-02-13 06:43:00,0.56066036
2026-02-13 06:44:00,0.56464577
2026-02-13 06:45:00,0.57019526
2026-02-13 06:46:00,0.54461277
2026-02-13 06:47:00,0.5534395
2026-02-13 06:48:00,0.563607
2026-02-13 06:49:00,0.51250035
2026-02-13 06:50:00,0.48823497
2026-02-13 06:51:00,0.5206277
2026-02-13 06:52:00,0.48118266
2026-02-13 06:53:00,0.4559298
2026-02-13 06:54:00,0.40854043
2026-02-13 06:55:00,0.40953836
2026-02-13 06:56:00,0.39007944
2026-02-13 06:57:00,0.36171502
2026-02-13 06:58:00,0.3373042
2026-02-13 06:59:00,0.3322527
2026-02-13 07:00:00,0.5757545
2026-02-13 07:01:00,0.56426376
2026-02-13 07:02:00,0.51836365
2026-02-13 07:03:00,0.44512963
2026-02-13 07:04:00,0.39891338
2026-02-13 07:05:00,0.39705837
2026-02-13 07:06:00,0.38688314
2026-02-13 07:07:00,0.39327085
2026-02-13 07:08:00,0.41532382
2026-02-13 07:09:00,0.4425976
2026-02-13 07:10:00,0.4581828
2026-02-13 07:11:00,0.4577589
2026-02-13 07:12:00,0.4628556
2026-02-13 07:13:00,0.40594742
2026-02-13 07:14:00,0.41684154
2026-02-13 07:15:00,0.4445606
2026-02-13 07:16:00,0.47033086
2026-02-13 07:17:00,0.4019027
2026-02-13 07:18:00,0.4569379
2026-02-13 07:19:00,0.44462055
2026-02-13 07:20:00,0.39352632
2026-02-13 07:21:00,0.38628903
2026-02-13 07:22:00,0.34908035
2026-02-13 07:23:00,0.43146265
2026-02-13 07:24:00,0.41098237
2026-02-13 07:25:00,0.41600308
2026-02-13 07:26:00,0.40387848
2026-02-13 07:27:00,0.38454163
2026-02-13 07:28:00,0.42941812
2026-02-13 07:29:00,0.43085068
2026-02-13 07:30:00,0.47487435
2026-02-13 07:31:00,0.45534527
2026-02-13 07:32:00,0.45355472
2026-02-13 07:33:00,0.42448258
2026-02-13 07:34:00,0.4283041
2026-02-13 07:35:00,0.44943297
2026-02-13 07:36:00,0.43942165
2026-02-13 07:37:00,0.47100654
2026-02-13 07:38:00,0.44236487
2026-02-13 07:39:00,0.45526496
2026-02-13 07:40:00,0.4331245
2026-02-13 07:41:00,0.3864393
2026-02-13 07:42:00,0.3498406
2026-02-13 07:43:00,0.3330459
2026-02-13 07:44:00,0.3283149
2026-02-13 07:45:00,0.3662103
2026-02-13 07:46:00,0.41484633
2026-02-13 07:47:00,0.42459005
2026-02-13 07:48:00,0.43689626
2026-02-13 07:49:00,0.47279075
2026-02-13 07:50:00,0.43044195
2026-02-13 07:51:00,0.3835338
2026-02-13 07:52:00,0.36521646
2026-02-13 07:53:00,0.37010738
2026-02-13 07:54:00,0.35047024
2026-02-13 07:55:00,0.3578315
2026-02-13 07:56:00,0.39516366
2026-02-13 07:57:00,0.4470089
2026-02-13 07:58:00,0.41455793
2026-02-13 07:59:00,0.3452815
2026-02-13 08:00:00,0.6078926
2026-02-13 08:01:00,0.55239934
2026-02-13 08:02:00,0.4723745
2026-02-13 08:03:00,0.42042595
2026-02-13 08:04:00,0.31948876
2026-02-13 08:05:00,0.31325155
2026-02-13 08:06:00,0.31737527
2026-02-13 08:07:00,0.34724197
2026-02-13 08:08:00,0.36293167
2026-02-13 08:09:00,0.40514904
2026-02-13 08:10:00,0.46104828
2026-02-13 08:11:00,0.46077865
2026-02-13 08:12:00,0.4072393
2026-02-13 08:13:00,0.4556343
2026-02-13 08:14:00,0.4245736
2026-02-13 08:15:00,0.3504181
2026-02-13 08:16:00,0.37135294
2026-02-13 08:17:00,0.4183835
2026-02-13 08:18:00,0.42700228
2026-02-13 08:19:00,0.43970326
2026-02-13 08:20:00,0.49585968
2026-02-13 08:21:00,0.44156507
2026-02-13 08:22:00,0.41201386
2026-02-13 08:23:00,0.50116426
2026-02-13 08:24:00,0.44482684
2026-02-13 08:25:00,0.45767823
2026-02-13 08:26:00,0.39752385
2026-02-13 08:27:00,0.4689997
2026-02-13 08:28:00,0.47199824
2026-02-13 08:29:00,0.5094782
2026-02-13 08:30:00,0.4938717
2026-02-13 08:31:00,0.44046178
2026-02-13 08:32:00,0.46634313
2026-02-13 08:33:00,0.45826882
2026-02-13 08:34:00,0.5205601
2026-02-13 08:35:00,0.50363016
2026-02-13 08:36:00,0.48955747
2026-02-13 08:37:00,0.48803723
2026-02-13 08:38:00,0.5000786
2026-02-13 08:39:00,0.40682682
2026-02-13 08:40:00,0.38262632
2026-02-13 08:41:00,0.41273496
2026-02-13 08:42:00,0.4288469
2026-02-13 08:43:00,0.3825933
2026-02-13 08:44:00,0.35305256
2026-02-13 08:45:00,0.35683346
2026-02-13 08:46:00,0.37938038
2026-02-13 08:47:00,0.3645202
2026-02-13 08:48:00,0.35324568
2026-02-13 08:49:00,0.37358683
2026-02-13 08:50:00,0.4576807
2026-02-13 08:51:00,0.3821866
2026-02-13 08:52:00,0.33996737
2026-02-13 08:53:00,0.30353925
2026-02-13 08:54:00,0.25579283
2026-02-13 08:55:00,0.2593791
2026-02-13 08:56:00,0.3055488
2026-02-13 08:57:00,0.354185
2026-02-13 08:58:00,0.3379142
2026-02-13 08:59:00,0.35820878
2026-02-13 09:00:00,0.5816074
2026-02-13 09:01:00,0.5872367
2026-02-13 09:02:00,0.48222908
2026-02-13 09:03:00,0.39680198
2026-02-13 09:04:00,0.39534056
2026-02-13 09:05:00,0.3627836
2026-02-13 09:06:00,0.34337628
2026-02-13 09:07:00,0.35971478
2026-02-13 09:08:00,0.39224136
2026-02-13 09:09:00,0.43441162
2026-02-13 09:10:00,0.47070763
2026-02-13 09:11:00,0.4627595
2026-02-13 09:12:00,0.46450874
2026-02-13 09:13:00,0.52719104
2026-02-13 09:14:00,0.51828784
2026-02-13 09:15:00,0.57049435
2026-02-13 09:16:00,0.5310193
2026-02-13 09:17:00,0.48166895
2026-02-13 09:18:00,0.4061258
2026-02-13 09:19:00,0.44565007
2026-02-13 09:20:00,0.402302
2026-02-13 09:21:00,0.41982332
2026-02-13 09:22:00,0.37115985
2026-02-13 09:23:00,0.35640934
2026-02-13 09:24:00,0.35136193
2026-02-13 09:25:00,0.4250557
2026-02-13 09:26:00,0.41583383
2026-02-13 09:27:00,0.49317828
2026-02-13 09:28:00,0.4892147
2026-02-13 09:29:00,0.48114184
2026-02-13 09:30:00,0.46589914
2026-02-13 09:31:00,0.45194417
2026-02-13 09:32:00,0.44869578
2026-02-13 09:33:00,0.44359553
2026-02-13 09:34:00,0.47412208
2026-02-13 09:35:00,0.42051938
2026-02-13 09:36:00,0.42468905
2026-02-13 09:37:00,0.4645682
2026-02-13 09:38:00,0.45349884
2026-02-13 09:39:00,0.44337368
2026-02-13 09:40:00,0.44095317
2026-02-13 09:41:00,0.4235082
2026-02-13 09:42:00,0.41687
2026-02-13 09:43:00,0.422783
2026-02-13 09:44:00,0.42661336
2026-02-13 09:45:00,0.4512221
2026-02-13 09:46:00,0.46314996
2026-02-13 09:47:00,0.46185544
2026-02-13 09:48:00,0.48855323
2026-02-13 09:49:00,0.45751116
2026-02-13 09:50:00,0.4692036
2026-02-13 09:51:00,0.49291763
2026-02-13 09:52:00,0.49765953
2026-02-13 09:53:00,0.5052407
2026-02-13 09:54:00,0.5140343
2026-02-13 09:55:00,0.48024246
2026-02-13 09:56:00,0.46873787
2026-02-13 09:57:00,0.4286271
2026-02-13 09:58:00,0.43388516
2026-02-13 09:59:00,0.4007914
2026-02-13 10:00:00,0.5559114
2026-02-13 10:01:00,0.48827198
2026-02-13 10:02:00,0.35494012
2026-02-13 10:03:00,0.34624296
2026-02-13 10:04:00,0.27445877
2026-02-13 10:05:00,0.2529938
2026-02-13 10:06:00,0.26455092
2026-02-13 10:07:00,0.29904836
2026-02-13 10:08:00,0.354517
2026-02-13 10:09:00,0.36179727
2026-02-13 10:10:00,0.32133797
2026-02-13 10:11:00,0.256682
2026-02-13 10:12:00,0.22666636
2026-02-13 10:13:00,0.26927346
2026-02-13 10:14:00,0.3030594
2026-02-13 10:15:00,0.3444853
2026-02-13 10:16:00,0.38944575
2026-02-13 10:17:00,0.38151708
2026-02-13 10:18:00,0.33038017
2026-02-13 10:19:00,0.3328452
2026-02-13 10:20:00,0.30287743
2026-02-13 10:21:00,0.29864132
2026-02-13 10:22:00,0.28175578
2026-02-13 10:23:00,0.31298098
2026-02-13 10:24:00,0.31842184
2026-02-13 10:25:00,0.28384006
2026-02-13 10:26:00,0.34862444
2026-02-13 10:27:00,0.31035
2026-02-13 10:28:00,0.2725044
2026-02-13 10:29:00,0.34328467
2026-02-13 10:30:00,0.35064504
2026-02-13 10:31:00,0.29169422
2026-02-13 10:32:00,0.32336396
2026-02-13 10:33:00,0.27142847
2026-02-13 10:34:00,0.30523956
2026-02-13 10:35:00,0.33331153
2026-02-13 10:36:00,0.2976754
2026-02-13 10:37:00,0.32163802
2026-02-13 10:38:00,0.36254606
2026-02-13 10:39:00,0.42439365
2026-02-13 10:40:00,0.40451872
2026-02-13 10:41:00,0.37208307
2026-02-13 10:42:00,0.29087707
2026-02-13 10:43:00,0.2887652
2026-02-13 10:44:00,0.24072903
2026-02-13 10:45:00,0.23200199
2026-02-13 10:46:00,0.23843277
2026-02-13 10:47:00,0.20179468
2026-02-13 10:48:00,0.24407467
2026-02-13 10:49:00,0.31119776
2026-02-13 10:50:00,0.2989351
2026-02-13 10:51:00,0.30221772
2026-02-13 10:52:00,0.23315069
2026-02-13 10:53:00,0.24107444
2026-02-13 10:54:00,0.245787
2026-02-13 10:55:00,0.27492842
2026-02-13 10:56:00,0.26214066
2026-02-13 10:57:00,0.32031146
2026-02-13 10:58:00,0.28073967
2026-02-13 10:59:00,0.31001037
2026-02-13 11:00:00,0.50678104
2026-02-13 11:01:00,0.43810657
2026-02-13 11:02:00,0.37771592
2026-02-13 11:03:00,0.25693893
2026-02-13 11:04:00,0.29098755
2026-02-13 11:05:00,0.2558926
2026-02-13 11:06:00,0.23171097
2026-02-13 11:07:00,0.22499979
2026-02-13 11:08:00,0.2169239
2026-02-13 11:09:00,0.25749993
2026-02-13 11:10:00,0.24604815
2026-02-13 11:11:00,0.2808912
2026-02-13 11:12:00,0.2676543
2026-02-13 11:13:00,0.31030345
2026-02-13 11:14:00,0.2563632
2026-02-13 11:15:00,0.35024408
2026-02-13 11:16:00,0.40471217
2026-02-13 11:17:00,0.3809604
2026-02-13 11:18:00,0.3719944
2026-02-13 11:19:00,0.4062925
2026-02-13 11:20:00,0.368049
2026-02-13 11:21:00,0.32120618
2026-02-13 11:22:00,0.41154367
2026-02-13 11:23:00,0.34659618
2026-02-13 11:24:00,0.31466636
2026-02-13 11:25:00,0.33658278
2026-02-13 11:26:00,0.27560696
2026-02-13 11:27:00,0.25373754
2026-02-13 11:28:00,0.20098624
2026-02-13 11:29:00,0.26448816
2026-02-13 11:30:00,0.30257738
2026-02-13 11:31:00,0.32229847
2026-02-13 11:32:00,0.29031625
2026-02-13 11:33:00,0.24591528
2026-02-13 11:34:00,0.2574364
2026-02-13 11:35:00,0.25102392
2026-02-13 11:36:00,0.26248357
2026-02-13 11:37:00,0.2981637
2026-02-13 11:38:00,0.29010636
2026-02-13 11:39:00,0.37099764
2026-02-13 11:40:00,0.28050932
2026-02-13 11:41:00,0.27203184
2026-02-13 11:42:00,0.26798576
2026-02-13 11:43:00,0.27579853
2026-02-13 11:44:00,0.2431395
2026-02-13 11:45:00,0.2584021
2026-02-13 11:46:00,0.24451035
2026-02-13 11:47:00,0.23941152
2026-02-13 11:48:00,0.1967573
2026-02-13 11:49:00,0.21793023
2026-02-13 11:50:00,0.24671279
2026-02-13 11:51:00,0.2832087
2026-02-13 11:52:00,0.29067189
2026-02-13 11:53:00,0.32132366
2026-02-13 11:54:00,0.32741663
2026-02-13 11:55:00,0.32093325
2026-02-13 11:56:00,0.32312965
2026-02-13 11:57:00,0.27608913
2026-02-13 11:58:00,0.21103051
2026-02-13 11:59:00,0.19648093
2026-02-13 12:00:00,0.3514921
2026-02-13 12:01:00,0.32351607
2026-02-13 12:02:00,0.25477856
2026-02-13 12:03:00,0.21853754
2026-02-13 12:04:00,0.19940382
2026-02-13 12:05:00,0.16036598
2026-02-13 12:06:00,0.14975163
2026-02-13 12:07:00,0.17241113
2026-02-13 12:08:00,0.13259923
2026-02-13 12:09:00,0.12707728
2026-02-13 12:10:00,0.15862936
2026-02-13 12:11:00,0.20692255
2026-02-13 12:12:00,0.14456312
2026-02-13 12:13:00,0.17626642
2026-02-13 12:14:00,0.21969788
2026-02-13 12:15:00,0.19735529
2026-02-13 12:16:00,0.1486848
2026-02-13 12:17:00,0.20746802
2026-02-13 12:18:00,0.23554958
2026-02-13 12:19:00,0.21189637
2026-02-13 12:20:00,0.19256125
2026-02-13 12:21:00,0.22421652
2026-02-13 12:22:00,0.227293
2026-02-13 12:23:00,0.28300458
2026-02-13 12:24:00,0.24903467
2026-02-13 12:25:00,0.24937712
2026-02-13 12:26:00,0.27206782
2026-02-13 12:27:00,0.23687509
2026-02-13 12:28:00,0.27369013
2026-02-13 12:29:00,0.28717098
2026-02-13 12:30:00,0.3218383
2026-02-13 12:31:00,0.38276467
2026-02-13 12:32:00,0.36453813
2026-02-13 12:33:00,0.3065901
2026-02-13 12:34:00,0.28444016
2026-02-13 12:35:00,0.26376742
2026-02-13 12:36:00,0.30556068
2026-02-13 12:37:00,0.2884885
2026-02-13 12:38:00,0.31700394
2026-02-13 12:39:00,0.3232279
2026-02-13 12:40:00,0.31271756
2026-02-13 12:41:00,0.26452354
2026-02-13 12:42:00,0.24903148
2026-02-13 12:43:00,0.28586128
2026-02-13 12:44:00,0.31672218
2026-02-13 12:45:00,0.36423424
2026-02-13 12:46:00,0.3501851
2026-02-13 12:47:00,0.3615148
2026-02-13 12:48:00,0.35261714
2026-02-13 12:49:00,0.4220329
2026-02-13 12:50:00,0.40231028
2026-02-13 12:51:00,0.4114681
2026-02-13 12:52:00,0.41709176
2026-02-13 12:53:00,0.40405238
2026-02-13 12:54:00,0.37482393
2026-02-13 12:55:00,0.35401177
2026-02-13 12:56:00,0.38818127
2026-02-13 12:57:00,0.342525
2026-02-13 12:58:00,0.34151202
2026-02-13 12:59:00,0.31459385
2026-02-13 13:00:00,0.50782746
2026-02-13 13:01:00,0.4876659
2026-02-13 13:02:00,0.42520842
2026-02-13 13:03:00,0.37071946
2026-02-13 13:04:00,0.22421294
2026-02-13 13:05:00,0.19306457
2026-02-13 13:06:00,0.21960592
2026-02-13 13:07:00,0.24432097
2026-02-13 13:08:00,0.19635938
2026-02-13 13:09:00,0.23857568
2026-02-13 13:10:00,0.26543108
2026-02-13 13:11:00,0.19622876
2026-02-13 13:12:00,0.20627536
2026-02-13 13:13:00,0.18883514
2026-02-13 13:14:00,0.17785405
2026-02-13 13:15:00,0.16331539
2026-02-13 13:16:00,0.15733741
2026-02-13 13:17:00,0.22443798
2026-02-13 13:18:00,0.2446588
2026-02-13 13:19:00,0.2400037
2026-02-13 13:20:00,0.18915902
2026-02-13 13:21:00,0.2144178
2026-02-13 13:22:00,0.25002706
2026-02-13 13:23:00,0.31963065
2026-02-13 13:24:00,0.33332592
2026-02-13 13:25:00,0.34636438
2026-02-13 13:26:00,0.2799942
2026-02-13 13:27:00,0.24941175
2026-02-13 13:28:00,0.23545215
2026-02-13 13:29:00,0.24062277
2026-02-13 13:30:00,0.28769085
2026-02-13 13:31:00,0.31142324
2026-02-13 13:32:00,0.24538872
2026-02-13 13:33:00,0.28135037
2026-02-13 13:34:00,0.27647352
2026-02-13 13:35:00,0.33611375
2026-02-13 13:36:00,0.24937385
2026-02-13 13:37:00,0.2743437
2026-02-13 13:38:00,0.32097828
2026-02-13 13:39:00,0.32997465
2026-02-13 13:40:00,0.30132818
2026-02-13 13:41:00,0.27228397
2026-02-13 13:42:00,0.25026107
2026-02-13 13:43:00,0.22848548
2026-02-13 13:44:00,0.22724034
2026-02-13 13:45:00,0.29731783
2026-02-13 13:46:00,0.21610208
2026-02-13 13:47:00,0.2541669
2026-02-13 13:48:00,0.2570951
2026-02-13 13:49:00,0.18843879
2026-02-13 13:50:00,0.18497042
2026-02-13 13:51:00,0.16283233
2026-02-13 13:52:00,0.1725607
2026-02-13 13:53:00,0.22214904
2026-02-13 13:54:00,0.24790098
2026-02-13 13:55:00,0.27609208
2026-02-13 13:56:00,0.2578125
2026-02-13 13:57:00,0.277646
2026-02-13 13:58:00,0.300004
2026-02-13 13:59:00,0.32320276
2026-02-13 14:00:00,0.61358225
2026-02-13 14:01:00,0.62159586
2026-02-13 14:02:00,0.51763356
2026-02-13 14:03:00,0.41882327
2026-02-13 14:04:00,0.33024812
2026-02-13 14:05:00,0.24363102
2026-02-13 14:06:00,0.23454195
2026-02-13 14:07:00,0.2770199
2026-02-13 14:08:00,0.25495237
2026-02-13 14:09:00,0.19505836
2026-02-13 14:10:00,0.21382537
2026-02-13 14:11:00,0.2046224
2026-02-13 14:12:00,0.22884585
2026-02-13 14:13:00,0.21937883
2026-02-13 14:14:00,0.20713966
2026-02-13 14:15:00,0.19544418
2026-02-13 14:16:00,0.23047103
2026-02-13 14:17:00,0.18701763
2026-02-13 14:18:00,0.17242502
2026-02-13 14:19:00,0.1790579
2026-02-13 14:20:00,0.13282315
2026-02-13 14:21:00,0.10837463
2026-02-13 14:22:00,0.13792662
2026-02-13 14:23:00,0.08112745
2026-02-13 14:24:00,0.09760532
2026-02-13 14:25:00,0.08669588
2026-02-13 14:26:00,0.098385006
2026-02-13 14:27:00,0.10338342
2026-02-13 14:28:00,0.13571425
2026-02-13 14:29:00,0.12893194
2026-02-13 14:30:00,0.182812
2026-02-13 14:31:00,0.16728318
2026-02-13 14:32:00,0.13630918
2026-02-13 14:33:00,0.16597414
2026-02-13 14:34:00,0.18344015
2026-02-13 14:35:00,0.17872031
2026-02-13 14:36:00,0.1955868
2026-02-13 14:37:00,0.14764811
2026-02-13 14:38:00,0.11940805
2026-02-13 14:39:00,0.12923814
2026-02-13 14:40:00,0.20064972
2026-02-13 14:41:00,0.23712291
2026-02-13 14:42:00,0.2974361
2026-02-13 14:43:00,0.3213314
2026-02-13 14:44:00,0.34801865
2026-02-13 14:45:00,0.38430467
2026-02-13 14:46:00,0.3213894
2026-02-13 14:47:00,0.260529
2026-02-13 14:48:00,0.29942006
2026-02-13 14:49:00,0.302541
2026-02-13 14:50:00,0.27555424
2026-02-13 14:51:00,0.2802818
2026-02-13 14:52:00,0.31538805
2026-02-13 14:53:00,0.3218954
2026-02-13 14:54:00,0.28919968
2026-02-13 14:55:00,0.3186462
2026-02-13 14:56:00,0.23875648
2026-02-13 14:57:00,0.295752
2026-02-13 14:58:00,0.20567274
2026-02-13 14:59:00,0.18878056
2026-02-13 15:00:00,0.4210503
2026-02-13 15:01:00,0.3742423
2026-02-13 15:02:00,0.34740692
2026-02-13 15:03:00,0.26380578
2026-02-13 15:04:00,0.29186758
2026-02-13 15:05:00,0.24021831
2026-02-13 15:06:00,0.30529693
2026-02-13 15:07:00,0.22294228
2026-02-13 15:08:00,0.2568592
2026-02-13 15:09:00,0.24644256
2026-02-13 15:10:00,0.20753354
2026-02-13 15:11:00,0.21000665
2026-02-13 15:12:00,0.19606192
2026-02-13 15:13:00,0.17838223
2026-02-13 15:14:00,0.21823259
2026-02-13 15:15:00,0.21994692
2026-02-13 15:16:00,0.21641488
2026-02-13 15:17:00,0.17070073
2026-02-13 15:18:00,0.21793494
2026-02-13 15:19:00,0.24822146
2026-02-13 15:20:00,0.26157784
2026-02-13 15:21:00,0.22335093
2026-02-13 15:22:00,0.17980614
2026-02-13 15:23:00,0.21497469
2026-02-13 15:24:00,0.24501891
2026-02-13 15:25:00,0.211965
2026-02-13 15:26:00,0.21762514
2026-02-13 15:27:00,0.20204705
2026-02-13 15:28:00,0.21510948
2026-02-13 15:29:00,0.16611715
2026-02-13 15:30:00,0.1805613
2026-02-13 15:31:00,0.16891813
2026-02-13 15:32:00,0.17620507
2026-02-13 15:33:00,0.117319554
2026-02-13 15:34:00,0.18499427
2026-02-13 15:35:00,0.17722318
2026-02-13 15:36:00,0.116646945
2026-02-13 15:37:00,0.06981492
2026-02-13 15:38:00,0.06380708
2026-02-13 15:39:00,0.09268364
2026-02-13 15:40:00,0.110992655
2026-02-13 15:41:00,0.11554628
2026-02-13 15:42:00,0.13796084
2026-02-13 15:43:00,0.11380975
2026-02-13 15:44:00,0.108621195
2026-02-13 15:45:00,0.09637477
2026-02-13 15:46:00,0.11250764
2026-02-13 15:47:00,0.0762417
2026-02-13 15:48:00,0.09162509
2026-02-13 15:49:00,0.13288751
2026-02-13 15:50:00,0.15008469
2026-02-13 15:51:00,0.16610292
2026-02-13 15:52:00,0.12240378
2026-02-13 15:53:00,0.09149375
2026-02-13 15:54:00,0.08930095
2026-02-13 15:55:00,0.06315121
2026-02-13 15:56:00,0.10417692
2026-02-13 15:57:00,0.08132807
2026-02-13 15:58:00,0.090502515
2026-02-13 15:59:00,0.1229161
2026-02-13 16:00:00,0.3680985
2026-02-13 16:01:00,0.3209766
2026-02-13 16:02:00,0.22484404
2026-02-13 16:03:00,0.14266858
2026-02-13 16:04:00,0.13219199
2026-02-13 16:05:00,0.13435933
2026-02-13 16:06:00,0.12825918
2026-02-13 16:07:00,0.1686523
2026-02-13 16:08:00,0.20148431
2026-02-13 16:09:00,0.21567166
2026-02-13 16:10:00,0.19954164
2026-02-13 16:11:00,0.22774914
2026-02-13 16:12:00,0.19684751
2026-02-13 16:13:00,0.20420234
2026-02-13 16:14:00,0.20906748
2026-02-13 16:15:00,0.21288203
2026-02-13 16:16:00,0.22465971
2026-02-13 16:17:00,0.21625847
2026-02-13 16:18:00,0.2397391
2026-02-13 16:19:00,0.23525786
2026-02-13 16:20:00,0.22950193
2026-02-13 16:21:00,0.18397596
2026-02-13 16:22:00,0.1941615
2026-02-13 16:23:00,0.19159147
2026-02-13 16:24:00,0.21405718
2026-02-13 16:25:00,0.20456009
2026-02-13 16:26:00,0.18848951
2026-02-13 16:27:00,0.1626768
2026-02-13 16:28:00,0.13867784
2026-02-13 16:29:00,0.13856514
2026-02-13 16:30:00,0.14898735
2026-02-13 16:31:00,0.13825499
2026-02-13 16:32:00,0.13198899
2026-02-13 16:33:00,0.14528131
2026-02-13 16:34:00,0.20379211
2026-02-13 16:35:00,0.17836706
2026-02-13 16:36:00,0.14714828
2026-02-13 16:37:00,0.15274249
2026-02-13 16:38:00,0.18605925
2026-02-13 16:39:00,0.19093488
2026-02-13 16:40:00,0.2357571
2026-02-13 16:41:00,0.2160466
2026-02-13 16:42:00,0.19017805
2026-02-13 16:43:00,0.20951793
2026-02-13 16:44:00,0.16653296
2026-02-13 16:45:00,0.21568768
2026-02-13 16:46:00,0.21045388
2026-02-13 16:47:00,0.15783563
2026-02-13 16:48:00,0.1332245
2026-02-13 16:49:00,0.109495685
2026-02-13 16:50:00,0.115924716
2026-02-13 16:51:00,0.19556427
2026-02-13 16:52:00,0.13420331
2026-02-13 16:53:00,0.12439963
2026-02-13 16:54:00,0.17617165
2026-02-13 16:55:00,0.18939307
2026-02-13 16:56:00,0.21471234
2026-02-13 16:57:00,0.24279982
2026-02-13 16:58:00,0.26490754
2026-02-13 16:59:00,0.24158485
2026-02-13 17:00:00,0.43850273
2026-02-13 17:01:00,0.4463117
2026-02-13 17:02:00,0.38038778
2026-02-13 17:03:00,0.26503462
2026-02-13 17:04:00,0.18533699
2026-02-13 17:05:00,0.10367102
2026-02-13 17:06:00,0.08466038
2026-02-13 17:07:00,0.09701833
2026-02-13 17:08:00,0.118764065
2026-02-13 17:09:00,0.13445015
2026-02-13 17:10:00,0.12926598
2026-02-13 17:11:00,0.09858504
2026-02-13 17:12:00,0.14502333
2026-02-13 17:13:00,0.10315627
2026-02-13 17:14:00,0.15035531
2026-02-13 17:15:00,0.10483854
2026-02-13 17:16:00,0.13970317
2026-02-13 17:17:00,0.13735768
2026-02-13 17:18:00,0.14407332
2026-02-13 17:19:00,0.15950532
2026-02-13 17:20:00,0.16463079
2026-02-13 17:21:00,0.102693684
2026-02-13 17:22:00,0.10761967
2026-02-13 17:23:00,0.087642334
2026-02-13 17:24:00,0.13710631
2026-02-13 17:25:00,0.09151569
2026-02-13 17:26:00,0.04
2026-02-13 17:27:00,0.1067864
2026-02-13 17:28:00,0.17242388
2026-02-13 17:29:00,0.144713
2026-02-13 17:30:00,0.13425866
2026-02-13 17:31:00,0.15144613
2026-02-13 17:32:00,0.17283207
2026-02-13 17:33:00,0.17312413
2026-02-13 17:34:00,0.17539252
2026-02-13 17:35:00,0.19055499
2026-02-13 17:36:00,0.15563317
2026-02-13 17:37:00,0.18254377
2026-02-13 17:38:00,0.22228742
2026-02-13 17:39:00,0.18993738
2026-02-13 17:40:00,0.16702223
2026-02-13 17:41:00,0.09351477
2026-02-13 17:42:00,0.1082656
2026-02-13 17:43:00,0.1353298
2026-02-13 17:44:00,0.15330768
2026-02-13 17:45:00,0.1543633
2026-02-13 17:46:00,0.20001052
2026-02-13 17:47:00,0.19313574
2026-02-13 17:48:00,0.19183894
2026-02-13 17:49:00,0.20625913
2026-02-13 17:50:00,0.16381373
2026-02-13 17:51:00,0.1378648
2026-02-13 17:52:00,0.13110873
2026-02-13 17:53:00,0.10083446
2026-02-13 17:54:00,0.08505624
2026-02-13 17:55:00,0.108414315
2026-02-13 17:56:00,0.07946839
2026-02-13 17:57:00,0.052284244
2026-02-13 17:58:00,0.08290549
2026-02-13 17:59:00,0.08173558
2026-02-13 18:00:00,0.3421331
2026-02-13 18:01:00,0.342063
2026-02-13 18:02:00,0.27901807
2026-02-13 18:03:00,0.2288596
2026-02-13 18:04:00,0.17244716
2026-02-13 18:05:00,0.08034168
2026-02-13 18:06:00,0.052186742
2026-02-13 18:07:00,0.0983294
2026-02-13 18:08:00,0.0604433
2026-02-13 18:09:00,0.044541486
2026-02-13 18:10:00,0.057058413
2026-02-13 18:11:00,0.054878343
2026-02-13 18:12:00,0.056810237
2026-02-13 18:13:00,0.10465067
2026-02-13 18:14:00,0.067034744
2026-02-13 18:15:00,0.04
2026-02-13 18:16:00,0.042791396
2026-02-13 18:17:00,0.043989163
2026-02-13 18:18:00,0.04
2026-02-13 18:19:00,0.04
2026-02-13 18:20:00,0.04
2026-02-13 18:21:00,0.04
2026-02-13 18:22:00,0.06380385
2026-02-13 18:23:00,0.078386195
2026-02-13 18:24:00,0.07303789
2026-02-13 18:25:00,0.076061726
2026-02-13 18:26:00,0.14185213
2026-02-13 18:27:00,0.18607984
2026-02-13 18:28:00,0.21955432
2026-02-13 18:29:00,0.2055287
2026-02-13 18:30:00,0.16701648
2026-02-13 18:31:00,0.16100135
2026-02-13 18:32:00,0.2015878
2026-02-13 18:33:00,0.15099049
2026-02-13 18:34:00,0.15938696
2026-02-13 18:35:00,0.18876158
2026-02-13 18:36:00,0.25167143
2026-02-13 18:37:00,0.25944483
2026-02-13 18:38:00,0.16689332
2026-02-13 18:39:00,0.18207486
2026-02-13 18:40:00,0.20583257
2026-02-13 18:41:00,0.1805445
2026-02-13 18:42:00,0.15155411
2026-02-13 18:43:00,0.19725686
2026-02-13 18:44:00,0.18590292
2026-02-13 18:45:00,0.23452584
2026-02-13 18:46:00,0.2173374
2026-02-13 18:47:00,0.12332547
2026-02-13 18:48:00,0.16642258
2026-02-13 18:49:00,0.18194601
2026-02-13 18:50:00,0.12387846
2026-02-13 18:51:00,0.1554176
2026-02-13 18:52:00,0.15042804
2026-02-13 18:53:00,0.1561913
2026-02-13 18:54:00,0.15599522
2026-02-13 18:55:00,0.14217027
2026-02-13 18:56:00,0.14719653
2026-02-13 18:57:00,0.15096362
2026-02-13 18:58:00,0.15747759
2026-02-13 18:59:00,0.16008762
2026-02-13 19:00:00,0.3581466
2026-02-13 19:01:00,0.36361626
2026-02-13 19:02:00,0.31643707
2026-02-13 19:03:00,0.22224006
2026-02-13 19:04:00,0.25053498
2026-02-13 19:05:00,0.18872668
2026-02-13 19:06:00,0.17611724
2026-02-13 19:07:00,0.16067703
2026-02-13 19:08:00,0.092109375
2026-02-13 19:09:00,0.15095615
2026-02-13 19:10:00,0.14988543
2026-02-13 19:11:00,0.21574704
2026-02-13 19:12:00,0.24356961
2026-02-13 19:13:00,0.24341637
2026-02-13 19:14:00,0.25496665
2026-02-13 19:15:00,0.24288902
2026-02-13 19:16:00,0.23167983
2026-02-13 19:17:00,0.23121375
2026-02-13 19:18:00,0.22266793
2026-02-13 19:19:00,0.23112501
2026-02-13 19:20:00,0.13561237
2026-02-13 19:21:00,0.1529466
2026-02-13 19:22:00,0.15789641
2026-02-13 19:23:00,0.21281044
2026-02-13 19:24:00,0.19484428
2026-02-13 19:25:00,0.14201719
2026-02-13 19:26:00,0.1332473
2026-02-13 19:27:00,0.0774513
2026-02-13 19:28:00,0.113270774
2026-02-13 19:29:00,0.14398974
2026-02-13 19:30:00,0.14142647
2026-02-13 19:31:00,0.12451279
2026-02-13 19:32:00,0.14215259
2026-02-13 19:33:00,0.11746131
2026-02-13 19:34:00,0.07442274
2026-02-13 19:35:00,0.14258629
2026-02-13 19:36:00,0.16033618
2026-02-13 19:37:00,0.17793179
2026-02-13 19:38:00,0.13934384
2026-02-13 19:39:00,0.14022791
2026-02-13 19:40:00,0.08130328
2026-02-13 19:41:00,0.06572521
2026-02-13 19:42:00,0.069089755
2026-02-13 19:43:00,0.105587356
2026-02-13 19:44:00,0.100812994
2026-02-13 19:45:00,0.09936061
2026-02-13 19:46:00,0.048872698
2026-02-13 19:47:00,0.13156408
2026-02-13 19:48:00,0.10708843
2026-02-13 19:49:00,0.094384834
2026-02-13 19:50:00,0.08469555
2026-02-13 19:51:00,0.09830192
2026-02-13 19:52:00,0.10114329
2026-02-13 19:53:00,0.12559919
2026-02-13 19:54:00,0.10214198
2026-02-13 19:55:00,0.11587695
2026-02-13 19:56:00,0.06125619
2026-02-13 19:57:00,0.12217411
2026-02-13 19:58:00,0.1321014
2026-02-13 19:59:00,0.20350447
2026-02-13 20:00:00,0.4270293
2026-02-13 20:01:00,0.42432633
2026-02-13 20:02:00,0.32935777
2026-02-13 20:03:00,0.27917486
2026-02-13 20:04:00,0.23269367
2026-02-13 20:05:00,0.21589248
2026-02-13 20:06:00,0.2255189
2026-02-13 20:07:00,0.20841892
2026-02-13 20:08:00,0.22627243
2026-02-13 20:09:00,0.19876899
2026-02-13 20:10:00,0.15087779
2026-02-13 20:11:00,0.15883423
2026-02-13 20:12:00,0.16778192
2026-02-13 20:13:00,0.19269994
2026-02-13 20:14:00,0.18046275
2026-02-13 20:15:00,0.16403791
2026-02-13 20:16:00,0.19540012
2026-02-13 20:17:00,0.21932489
2026-02-13 20:18:00,0.265488
2026-02-13 20:19:00,0.28360766
2026-02-13 20:20:00,0.31214482
2026-02-13 20:21:00,0.24381241
2026-02-13 20:22:00,0.25416696
2026-02-13 20:23:00,0.25013348
2026-02-13 20:24:00,0.22896175
2026-02-13 20:25:00,0.19272774
2026-02-13 20:26:00,0.18803743
2026-02-13 20:27:00,0.22290531
2026-02-13 20:28:00,0.19065292
2026-02-13 20:29:00,0.1705969
2026-02-13 20:30:00,0.14361635
2026-02-13 20:31:00,0.14471744
2026-02-13 20:32:00,0.1873148
2026-02-13 20:33:00,0.16541937
2026-02-13 20:34:00,0.16265093
2026-02-13 20:35:00,0.17305918
2026-02-13 20:36:00,0.2565868
2026-02-13 20:37:00,0.23429783
2026-02-13 20:38:00,0.2864349
2026-02-13 20:39:00,0.2669316
2026-02-13 20:40:00,0.30101877
2026-02-13 20:41:00,0.3393694
2026-02-13 20:42:00,0.27767995
2026-02-13 20:43:00,0.18392031
2026-02-13 20:44:00,0.21952268
2026-02-13 20:45:00,0.21738897
2026-02-13 20:46:00,0.16608818
2026-02-13 20:47:00,0.20134246
2026-02-13 20:48:00,0.17634724
2026-02-13 20:49:00,0.1607546
2026-02-13 20:50:00,0.18728411
2026-02-13 20:51:00,0.16427843
2026-02-13 20:52:00,0.20647523
2026-02-13 20:53:00,0.24121864
2026-02-13 20:54:00,0.20247613
2026-02-13 20:55:00,0.25111842
2026-02-13 20:56:00,0.30266514
2026-02-13 20:57:00,0.31434935
2026-02-13 20:58:00,0.29802454
2026-02-13 20:59:00,0.33251327
2026-02-13 21:00:00,0.5801366
2026-02-13 21:01:00,0.5924912
2026-02-13 21:02:00,0.5295507
2026-02-13 21:03:00,0.50600845
2026-02-13 21:04:00,0.3668118
2026-02-13 21:05:00,0.4347471
2026-02-13 21:06:00,0.26933673
2026-02-13 21:07:00,0.2060962
2026-02-13 21:08:00,0.22798802
2026-02-13 21:09:00,0.21129835
2026-02-13 21:10:00,0.2733941
2026-02-13 21:11:00,0.23387668
2026-02-13 21:12:00,0.2741601
2026-02-13 21:13:00,0.27806255
2026-02-13 21:14:00,0.27145857
2026-02-13 21:15:00,0.25306466
2026-02-13 21:16:00,0.26666766
2026-02-13 21:17:00,0.26477107
2026-02-13 21:18:00,0.25242296
2026-02-13 21:19:00,0.26327872
2026-02-13 21:20:00,0.291793
2026-02-13 21:21:00,0.33451444
2026-02-13 21:22:00,0.35260597
2026-02-13 21:23:00,0.31980148
2026-02-13 21:24:00,0.27861723
2026-02-13 21:25:00,0.31762138
2026-02-13 21:26:00,0.32462212
2026-02-13 21:27:00,0.25507176
2026-02-13 21:28:00,0.25415653
2026-02-13 21:29:00,0.18156923
2026-02-13 21:30:00,0.17794052
2026-02-13 21:31:00,0.14228112
2026-02-13 21:32:00,0.18507843
2026-02-13 21:33:00,0.19230692
2026-02-13 21:34:00,0.20752014
2026-02-13 21:35:00,0.22143844
2026-02-13 21:36:00,0.2343679
2026-02-13 21:37:00,0.20023105
2026-02-13 21:38:00,0.13782667
2026-02-13 21:39:00,0.10957352
2026-02-13 21:40:00,0.11907267
2026-02-13 21:41:00,0.0979003
2026-02-13 21:42:00,0.096991464
2026-02-13 21:43:00,0.10152275
2026-02-13 21:44:00,0.0673503
2026-02-13 21:45:00,0.11803006
2026-02-13 21:46:00,0.04
2026-02-13 21:47:00,0.0533612
2026-02-13 21:48:00,0.105407506
2026-02-13 21:49:00,0.122403234
2026-02-13 21:50:00,0.13296795
2026-02-13 21:51:00,0.18044487
2026-02-13 21:52:00,0.17923802
2026-02-13 21:53:00,0.18112208
2026-02-13 21:54:00,0.2348148
2026-02-13 21:55:00,0.23263149
2026-02-13 21:56:00,0.212904
2026-02-13 21:57:00,0.17749898
2026-02-13 21:58:00,0.13192719
2026-02-13 21:59:00,0.11850172
2026-02-13 22:00:00,0.3369248
2026-02-13 22:01:00,0.28093836
2026-02-13 22:02:00,0.30373186
2026-02-13 22:03:00,0.25562552
2026-02-13 22:04:00,0.22306928
2026-02-13 22:05:00,0.21434681
2026-02-13 22:06:00,0.20361717
2026-02-13 22:07:00,0.2485933
2026-02-13 22:08:00,0.29300585
2026-02-13 22:09:00,0.27173266
2026-02-13 22:10:00,0.20202012
2026-02-13 22:11:00,0.21006602
2026-02-13 22:12:00,0.21931086
2026-02-13 22:13:00,0.26072228
2026-02-13 22:14:00,0.2788531
2026-02-13 22:15:00,0.2873238
2026-02-13 22:16:00,0.24011777
2026-02-13 22:17:00,0.22725329
2026-02-13 22:18:00,0.18755266
2026-02-13 22:19:00,0.18529841
2026-02-13 22:20:00,0.23862359
2026-02-13 22:21:00,0.29083696
2026-02-13 22:22:00,0.25438294
2026-02-13 22:23:00,0.2750925
2026-02-13 22:24:00,0.24968073
2026-02-13 22:25:00,0.22645214
2026-02-13 22:26:00,0.14807469
2026-02-13 22:27:00,0.15425768
2026-02-13 22:28:00,0.2110721
2026-02-13 22:29:00,0.19644906
2026-02-13 22:30:00,0.21719564
2026-02-13 22:31:00,0.24778873
2026-02-13 22:32:00,0.25129738
2026-02-13 22:33:00,0.20407867
2026-02-13 22:34:00,0.17849652
2026-02-13 22:35:00,0.1796341
2026-02-13 22:36:00,0.1960715
2026-02-13 22:37:00,0.14861305
2026-02-13 22:38:00,0.14735888
2026-02-13 22:39:00,0.10713584
2026-02-13 22:40:00,0.08872134
2026-02-13 22:41:00,0.11297243
2026-02-13 22:42:00,0.13344343
2026-02-13 22:43:00,0.1305718
2026-02-13 22:44:00,0.18291393
2026-02-13 22:45:00,0.15213656
2026-02-13 22:46:00,0.14815825
2026-02-13 22:47:00,0.13531713
2026-02-13 22:48:00,0.22053295
2026-02-13 22:49:00,0.1867881
2026-02-13 22:50:00,0.24432512
2026-02-13 22:51:00,0.20245513
2026-02-13 22:52:00,0.11379692
2026-02-13 22:53:00,0.14525545
2026-02-13 22:54:00,0.13322708
2026-02-13 22:55:00,0.1454627
2026-02-13 22:56:00,0.17369701
2026-02-13 22:57:00,0.14751908
2026-02-13 22:58:00,0.13521457
2026-02-13 22:59:00,0.16183667
2026-02-13 23:00:00,0.38550293
2026-02-13 23:01:00,0.37182507
2026-02-13 23:02:00,0.29048127
2026-02-13 23:03:00,0.24000238
2026-02-13 23:04:00,0.15864247
2026-02-13 23:05:00,0.1237382
2026-02-13 23:06:00,0.12859572
2026-02-13 23:07:00,0.16445957
2026-02-13 23:08:00,0.1566905
2026-02-13 23:09:00,0.116676725
2026-02-13 23:10:00,0.13865077
2026-02-13 23:11:00,0.09922359
2026-02-13 23:12:00,0.12204584
2026-02-13 23:13:00,0.10198377
2026-02-13 23:14:00,0.18550687
2026-02-13 23:15:00,0.193829
2026-02-13 23:16:00,0.14080979
2026-02-13 23:17:00,0.06808879
2026-02-13 23:18:00,0.13849263
2026-02-13 23:19:00,0.16313593
2026-02-13 23:20:00,0.14211904
2026-02-13 23:21:00,0.108736664
2026-02-13 23:22:00,0.062224526
2026-02-13 23:23:00,0.11484598
2026-02-13 23:24:00,0.15648386
2026-02-13 23:25:00,0.19858953
2026-02-13 23:26:00,0.20990583
2026-02-13 23:27:00,0.21646902
2026-02-13 23:28:00,0.20715708
2026-02-13 23:29:00,0.13633145
2026-02-13 23:30:00,0.15149605
2026-02-13 23:31:00,0.19641806
2026-02-13 23:32:00,0.21812813
2026-02-13 23:33:00,0.23691992
2026-02-13 23:34:00,0.30028945
2026-02-13 23:35:00,0.27222645
2026-02-13 23:36:00,0.21518078
2026-02-13 23:37:00,0.18759479
2026-02-13 23:38:00,0.2348248
2026-02-13 23:39:00,0.25102553
2026-02-13 23:40:00,0.2898691
2026-02-13 23:41:00,0.2425003
2026-02-13 23:42:00,0.27737767
2026-02-13 23:43:00,0.28020504
2026-02-13 23:44:00,0.27200854
2026-02-13 23:45:00,0.25877872
2026-02-13 23:46:00,0.24876048
2026-02-13 23:47:00,0.26698968
2026-02-13 23:48:00,0.32552138
2026-02-13 23:49:00,0.31190392
2026-02-13 23:50:00,0.29960266
2026-02-13 23:51:00,0.30264077
2026-02-13 23:52:00,0.28377622
2026-02-13 23:53:00,0.26391044
2026-02-13 23:54:00,0.28367782
2026-02-13 23:55:00,0.29657432
2026-02-13 23:56:00,0.22630247
2026-02-13 23:57:00,0.22957988
2026-02-13 23:58:00,0.20146802
2026-02-13 23:59:00,0.18097965
2026-02-14 00:00:00,0.37494826
2026-02-14 00:01:00,0.35228795
2026-02-14 00:02:00,0.26154783
2026-02-14 00:03:00,0.22842152
2026-02-14 00:04:00,0.1912026
2026-02-14 00:05:00,0.18880628
2026-02-14 00:06:00,0.23175429
2026-02-14 00:07:00,0.27330342
2026-02-14 00:08:00,0.28340673
2026-02-14 00:09:00,0.26960146
2026-02-14 00:10:00,0.27752128
2026-02-14 00:11:00,0.32342148
2026-02-14 00:12:00,0.3196013
2026-02-14 00:13:00,0.34098354
2026-02-14 00:14:00,0.31119883
2026-02-14 00:15:00,0.3267456
2026-02-14 00:16:00,0.31300443
2026-02-14 00:17:00,0.31174296
2026-02-14 00:18:00,0.27606544
2026-02-14 00:19:00,0.30305094
2026-02-14 00:20:00,0.32130873
2026-02-14 00:21:00,0.29404292
2026-02-14 00:22:00,0.3133927
2026-02-14 00:23:00,0.31319135
2026-02-14 00:24:00,0.32608703
2026-02-14 00:25:00,0.31106192
2026-02-14 00:26:00,0.3062382
2026-02-14 00:27:00,0.2096321
2026-02-14 00:28:00,0.23200676
2026-02-14 00:29:00,0.26551414
2026-02-14 00:30:00,0.26486006
2026-02-14 00:31:00,0.24875952
2026-02-14 00:32:00,0.29305786
2026-02-14 00:33:00,0.2662298
2026-02-14 00:34:00,0.2173693
2026-02-14 00:35:00,0.21888305
2026-02-14 00:36:00,0.15069038
2026-02-14 00:37:00,0.17605397
2026-02-14 00:38:00,0.17841718
2026-02-14 00:39:00,0.17887683
2026-02-14 00:40:00,0.15757297
2026-02-14 00:41:00,0.15375331
2026-02-14 00:42:00,0.23504628
2026-02-14 00:43:00,0.26293012
2026-02-14 00:44:00,0.29686233
2026-02-14 00:45:00,0.3315512
2026-02-14 00:46:00,0.34132433
2026-02-14 00:47:00,0.30224153
2026-02-14 00:48:00,0.26415092
2026-02-14 00:49:00,0.21672161
2026-02-14 00:50:00,0.20748523
2026-02-14 00:51:00,0.23968166
2026-02-14 00:52:00,0.23344676
2026-02-14 00:53:00,0.2927488
2026-02-14 00:54:00,0.29415888
2026-02-14 00:55:00,0.2818715
2026-02-14 00:56:00,0.27525654
2026-02-14 00:57:00,0.25791803
2026-02-14 00:58:00,0.32106882
2026-02-14 00:59:00,0.32364112
2026-02-14 01:00:00,0.5309818
2026-02-14 01:01:00,0.48984274
2026-02-14 01:02:00,0.39930093
2026-02-14 01:03:00,0.31257758
2026-02-14 01:04:00,0.321644
2026-02-14 01:05:00,0.27959412
2026-02-14 01:06:00,0.2652608
2026-02-14 01:07:00,0.26078978
2026-02-14 01:08:00,0.32952708
2026-02-14 01:09:00,0.2954138
2026-02-14 01:10:00,0.26296452
2026-02-14 01:11:00,0.30295157
2026-02-14 01:12:00,0.3554524
2026-02-14 01:13:00,0.35056397
2026-02-14 01:14:00,0.30918163
2026-02-14 01:15:00,0.36564708
2026-02-14 01:16:00,0.30530158
2026-02-14 01:17:00,0.27094305
2026-02-14 01:18:00,0.29499924
2026-02-14 01:19:00,0.33078095
2026-02-14 01:20:00,0.32714128
2026-02-14 01:21:00,0.30252427
2026-02-14 01:22:00,0.33266464
2026-02-14 01:23:00,0.4048625
2026-02-14 01:24:00,0.3997401
2026-02-14 01:25:00,0.35801506
2026-02-14 01:26:00,0.36560443
2026-02-14 01:27:00,0.42605183
2026-02-14 01:28:00,0.45649984
2026-02-14 01:29:00,0.4418249
2026-02-14 01:30:00,0.472645
2026-02-14 01:31:00,0.4383518
2026-02-14 01:32:00,0.5480488
2026-02-14 01:33:00,0.42620227
2026-02-14 01:34:00,0.45592162
2026-02-14 01:35:00,0.42778388
2026-02-14 01:36:00,0.4069093
2026-02-14 01:37:00,0.44983804
2026-02-14 01:38:00,0.42247432
2026-02-14 01:39:00,0.46343234
2026-02-14 01:40:00,0.48223174
2026-02-14 01:41:00,0.47338668
2026-02-14 01:42:00,0.47565418
2026-02-14 01:43:00,0.45870292
2026-02-14 01:44:00,0.43183967
2026-02-14 01:45:00,0.38907835
2026-02-14 01:46:00,0.44325432
2026-02-14 01:47:00,0.39928943
2026-02-14 01:48:00,0.42313287
2026-02-14 01:49:00,0.44657466
2026-02-14 01:50:00,0.4012776
2026-02-14 01:51:00,0.3859751
2026-02-14 01:52:00,0.38849446
2026-02-14 01:53:00,0.4541098
2026-02-14 01:54:00,0.5078318
2026-02-14 01:55:00,0.55442536
2026-02-14 01:56:00,0.544939
2026-02-14 01:57:00,0.4354109
2026-02-14 01:58:00,0.45477661
2026-02-14 01:59:00,0.43603283
2026-02-14 02:00:00,0.6322177
2026-02-14 02:01:00,0.6145638
2026-02-14 02:02:00,0.5247422
2026-02-14 02:03:00,0.5204657
2026-02-14 02:04:00,0.44114712
2026-02-14 02:05:00,0.43952495
2026-02-14 02:06:00,0.4471779
2026-02-14 02:07:00,0.40572098
2026-02-14 02:08:00,0.39929327
2026-02-14 02:09:00,0.4496872
2026-02-14 02:10:00,0.41616547
2026-02-14 02:11:00,0.4031685
2026-02-14 02:12:00,0.39958888
2026-02-14 02:13:00,0.390755
2026-02-14 02:14:00,0.3908505
2026-02-14 02:15:00,0.38494033
2026-02-14 02:16:00,0.4168533
2026-02-14 02:17:00,0.38345325
2026-02-14 02:18:00,0.3254791
2026-02-14 02:19:00,0.3366045
2026-02-14 02:20:00,0.32899323
2026-02-14 02:21:00,0.3481372
2026-02-14 02:22:00,0.3096861
2026-02-14 02:23:00,0.27134618
2026-02-14 02:24:00,0.2075645
2026-02-14 02:25:00,0.21880256
2026-02-14 02:26:00,0.23543349
2026-02-14 02:27:00,0.18282172
2026-02-14 02:28:00,0.1619704
2026-02-14 02:29:00,0.17538832
2026-02-14 02:30:00,0.1483975
2026-02-14 02:31:00,0.22082579
2026-02-14 02:32:00,0.25387552
2026-02-14 02:33:00,0.24963135
2026-02-14 02:34:00,0.3252384
2026-02-14 02:35:00,0.32360226
2026-02-14 02:36:00,0.33450735
2026-02-14 02:37:00,0.39919946
2026-02-14 02:38:00,0.40395397
2026-02-14 02:39:00,0.38905516
2026-02-14 02:40:00,0.41208202
2026-02-14 02:41:00,0.4002941
2026-02-14 02:42:00,0.38959876
2026-02-14 02:43:00,0.41312864
2026-02-14 02:44:00,0.45742005
2026-02-14 02:45:00,0.37638527
2026-02-14 02:46:00,0.32605332
2026-02-14 02:47:00,0.3433497
2026-02-14 02:48:00,0.43075213
2026-02-14 02:49:00,0.3925017
2026-02-14 02:50:00,0.45938674
2026-02-14 02:51:00,0.45073193
2026-02-14 02:52:00,0.34216857
2026-02-14 02:53:00,0.3314891
2026-02-14 02:54:00,0.3183512
2026-02-14 02:55:00,0.3726501
2026-02-14 02:56:00,0.36808854
2026-02-14 02:57:00,0.46635163
2026-02-14 02:58:00,0.4357056
2026-02-14 02:59:00,0.38368842
2026-02-14 03:00:00,0.58738184
2026-02-14 03:01:00,0.58303916
2026-02-14 03:02:00,0.49347585
2026-02-14 03:03:00,0.44804567
2026-02-14 03:04:00,0.43946266
2026-02-14 03:05:00,0.44632226
2026-02-14 03:06:00,0.430375
2026-02-14 03:07:00,0.4257972
2026-02-14 03:08:00,0.41718724
2026-02-14 03:09:00,0.36512774
2026-02-14 03:10:00,0.39628246
2026-02-14 03:11:00,0.3276249
2026-02-14 03:12:00,0.3589244
2026-02-14 03:13:00,0.30424336
2026-02-14 03:14:00,0.31485996
2026-02-14 03:15:00,0.39727995
2026-02-14 03:16:00,0.4534318
2026-02-14 03:17:00,0.4652982
2026-02-14 03:18:00,0.46978128
2026-02-14 03:19:00,0.46040645
2026-02-14 03:20:00,0.5255304
2026-02-14 03:21:00,0.5454506
2026-02-14 03:22:00,0.47597942
2026-02-14 03:23:00,0.47182903
2026-02-14 03:24:00,0.42112774
2026-02-14 03:25:00,0.41126856
2026-02-14 03:26:00,0.36419117
2026-02-14 03:27:00,0.4052757
2026-02-14 03:28:00,0.44651547
2026-02-14 03:29:00,0.48680642
2026-02-14 03:30:00,0.51217955
2026-02-14 03:31:00,0.470088
2026-02-14 03:32:00,0.4642935
2026-02-14 03:33:00,0.44965085
2026-02-14 03:34:00,0.46283275
2026-02-14 03:35:00,0.43489474
2026-02-14 03:36:00,0.41470218
2026-02-14 03:37:00,0.35210574
2026-02-14 03:38:00,0.38467553
2026-02-14 03:39:00,0.43062294
2026-02-14 03:40:00,0.40842584
2026-02-14 03:41:00,0.39010087
2026-02-14 03:42:00,0.38027656
2026-02-14 03:43:00,0.3958666
2026-02-14 03:44:00,0.4178085
2026-02-14 03:45:00,0.47886693
2026-02-14 03:46:00,0.43670124
2026-02-14 03:47:00,0.4475809
2026-02-14 03:48:00,0.4158776
2026-02-14 03:49:00,0.53046024
2026-02-14 03:50:00,0.40678042
2026-02-14 03:51:00,0.44985482
2026-02-14 03:52:00,0.44641545
2026-02-14 03:53:00,0.41369358
2026-02-14 03:54:00,0.44399434
2026-02-14 03:55:00,0.41703257
2026-02-14 03:56:00,0.40079746
2026-02-14 03:57:00,0.42820552
2026-02-14 03:58:00,0.47227523
2026-02-14 03:59:00,0.51642233
2026-02-14 04:00:00,0.7173454
2026-02-14 04:01:00,0.6972934
2026-02-14 04:02:00,0.58537376
2026-02-14 04:03:00,0.52225006
2026-02-14 04:04:00,0.47945485
2026-02-14 04:05:00,0.36352602
2026-02-14 04:06:00,0.30999357
2026-02-14 04:07:00,0.24770954
2026-02-14 04:08:00,0.24749677
2026-02-14 04:09:00,0.25350934
2026-02-14 04:10:00,0.27200451
2026-02-14 04:11:00,0.27700967
2026-02-14 04:12:00,0.3166702
2026-02-14 04:13:00,0.3815846
2026-02-14 04:14:00,0.356007
2026-02-14 04:15:00,0.33771148
2026-02-14 04:16:00,0.35764647
2026-02-14 04:17:00,0.38860166
2026-02-14 04:18:00,0.33539274
2026-02-14 04:19:00,0.3472919
2026-02-14 04:20:00,0.35098353
2026-02-14 04:21:00,0.38695523
2026-02-14 04:22:00,0.40341675
2026-02-14 04:23:00,0.39206848
2026-02-14 04:24:00,0.42111188
2026-02-14 04:25:00,0.39898467
2026-02-14 04:26:00,0.31984863
2026-02-14 04:27:00,0.34062052
2026-02-14 04:28:00,0.40409002
2026-02-14 04:29:00,0.41046226
2026-02-14 04:30:00,0.4448205
2026-02-14 04:31:00,0.4216978
2026-02-14 04:32:00,0.42762974
2026-02-14 04:33:00,0.42573166
2026-02-14 04:34:00,0.37729955
2026-02-14 04:35:00,0.38178426
2026-02-14 04:36:00,0.47604325
2026-02-14 04:37:00,0.41185367
2026-02-14 04:38:00,0.43838474
2026-02-14 04:39:00,0.4044309
2026-02-14 04:40:00,0.44730356
2026-02-14 04:41:00,0.41868225
2026-02-14 04:42:00,0.41993362
2026-02-14 04:43:00,0.3604265
2026-02-14 04:44:00,0.35081834
2026-02-14 04:45:00,0.33571127
2026-02-14 04:46:00,0.3794597
2026-02-14 04:47:00,0.41554645
2026-02-14 04:48:00,0.4898526
2026-02-14 04:49:00,0.44480774
2026-02-14 04:50:00,0.49249128
2026-02-14 04:51:00,0.4319497
2026-02-14 04:52:00,0.45238623
2026-02-14 04:53:00,0.46376163
2026-02-14 04:54:00,0.5022667
2026-02-14 04:55:00,0.501037
2026-02-14 04:56:00,0.52678925
2026-02-14 04:57:00,0.5614639
2026-02-14 04:58:00,0.53172624
2026-02-14 04:59:00,0.50515884
2026-02-14 05:00:00,0.689947
2026-02-14 05:01:00,0.6261229
2026-02-14 05:02:00,0.63877004
2026-02-14 05:03:00,0.6171621
2026-02-14 05:04:00,0.5521055
2026-02-14 05:05:00,0.4769167
2026-02-14 05:06:00,0.47183228
2026-02-14 05:07:00,0.43579203
2026-02-14 05:08:00,0.40077892
2026-02-14 05:09:00,0.4638725
2026-02-14 05:10:00,0.4250525
2026-02-14 05:11:00,0.37927756
2026-02-14 05:12:00,0.34911254
2026-02-14 05:13:00,0.33925778
2026-02-14 05:14:00,0.3247378
2026-02-14 05:15:00,0.31840804
2026-02-14 05:16:00,0.28165442
2026-02-14 05:17:00,0.38536963
2026-02-14 05:18:00,0.40487882
2026-02-14 05:19:00,0.34971717
2026-02-14 05:20:00,0.28564927
2026-02-14 05:21:00,0.34768158
2026-02-14 05:22:00,0.35000858
2026-02-14 05:23:00,0.3497866
2026-02-14 05:24:00,0.3733247
2026-02-14 05:25:00,0.34294876
2026-02-14 05:26:00,0.3711739
2026-02-14 05:27:00,0.35782266
2026-02-14 05:28:00,0.32068992
2026-02-14 05:29:00,0.36759713
2026-02-14 05:30:00,0.35355255
2026-02-14 05:31:00,0.32644102
2026-02-14 05:32:00,0.3764538
2026-02-14 05:33:00,0.40300578
2026-02-14 05:34:00,0.43453005
2026-02-14 05:35:00,0.4673896
2026-02-14 05:36:00,0.43195054
2026-02-14 05:37:00,0.48055103
2026-02-14 05:38:00,0.4739114
2026-02-14 05:39:00,0.4516675
2026-02-14 05:40:00,0.45590732
2026-02-14 05:41:00,0.41882908
2026-02-14 05:42:00,0.38834456
2026-02-14 05:43:00,0.5009628
2026-02-14 05:44:00,0.46274135
2026-02-14 05:45:00,0.4369367
2026-02-14 05:46:00,0.4904702
2026-02-14 05:47:00,0.46446064
2026-02-14 05:48:00,0.46596405
2026-02-14 05:49:00,0.45050636
2026-02-14 05:50:00,0.4582892
2026-02-14 05:51:00,0.4110508
2026-02-14 05:52:00,0.42128992
2026-02-14 05:53:00,0.4965059
2026-02-14 05:54:00,0.4950602
2026-02-14 05:55:00,0.43645814
2026-02-14 05:56:00,0.45838678
2026-02-14 05:57:00,0.42523405
2026-02-14 05:58:00,0.46855804
2026-02-14 05:59:00,0.43217245
2026-02-14 06:00:00,0.6508572
2026-02-14 06:01:00,0.56741774
2026-02-14 06:02:00,0.5473777
2026-02-14 06:03:00,0.48350614
2026-02-14 06:04:00,0.4551431
2026-02-14 06:05:00,0.39811411
2026-02-14 06:06:00,0.44010288
2026-02-14 06:07:00,0.4693221
2026-02-14 06:08:00,0.44711745
2026-02-14 06:09:00,0.41479546
2026-02-14 06:10:00,0.41640604
2026-02-14 06:11:00,0.43010396
2026-02-14 06:12:00,0.44180977
2026-02-14 06:13:00,0.44711018
2026-02-14 06:14:00,0.48531863
2026-02-14 06:15:00,0.55452883
2026-02-14 06:16:00,0.4804048
2026-02-14 06:17:00,0.47770882
2026-02-14 06:18:00,0.4997277
2026-02-14 06:19:00,0.46522975
2026-02-14 06:20:00,0.42425278
2026-02-14 06:21:00,0.45608243
2026-02-14 06:22:00,0.42834488
2026-02-14 06:23:00,0.4623328
2026-02-14 06:24:00,0.5279918
2026-02-14 06:25:00,0.46228385
2026-02-14 06:26:00,0.4515837
2026-02-14 06:27:00,0.42247072
2026-02-14 06:28:00,0.46172103
2026-02-14 06:29:00,0.39296216
2026-02-14 06:30:00,0.36274865
2026-02-14 06:31:00,0.38562238
2026-02-14 06:32:00,0.4101397
2026-02-14 06:33:00,0.39142254
2026-02-14 06:34:00,0.38356492
2026-02-14 06:35:00,0.45507315
2026-02-14 06:36:00,0.444308
2026-02-14 06:37:00,0.3939961
2026-02-14 06:38:00,0.4065419
2026-02-14 06:39:00,0.4005927
2026-02-14 06:40:00,0.42583904
2026-02-14 06:41:00,0.38143462
2026-02-14 06:42:00,0.44449082
2026-02-14 06:43:00,0.4613272
2026-02-14 06:44:00,0.522362
2026-02-14 06:45:00,0.5647517
2026-02-14 06:46:00,0.5033696
2026-02-14 06:47:00,0.537805
2026-02-14 06:48:00,0.53053504
2026-02-14 06:49:00,0.4985784
2026-02-14 06:50:00,0.57059324
2026-02-14 06:51:00,0.55682683
2026-02-14 06:52:00,0.53867865
2026-02-14 06:53:00,0.5312748
2026-02-14 06:54:00,0.5217069
2026-02-14 06:55:00,0.47441304
2026-02-14 06:56:00,0.46056744
2026-02-14 06:57:00,0.4684458
2026-02-14 06:58:00,0.46006665
2026-02-14 06:59:00,0.48974127
2026-02-14 07:00:00,0.7137466
2026-02-14 07:01:00,0.6740017
2026-02-14 07:02:00,0.57161945
2026-02-14 07:03:00,0.43640506
2026-02-14 07:04:00,0.4196493
2026-02-14 07:05:00,0.3816294
2026-02-14 07:06:00,0.3731688
2026-02-14 07:07:00,0.4330916
2026-02-14 07:08:00,0.42794022
2026-02-14 07:09:00,0.41212034
2026-02-14 07:10:00,0.41235226
2026-02-14 07:11:00,0.4206626
2026-02-14 07:12:00,0.478304
2026-02-14 07:13:00,0.4476377
2026-02-14 07:14:00,0.46496102
2026-02-14 07:15:00,0.41800356
2026-02-14 07:16:00,0.43762404
2026-02-14 07:17:00,0.4144525
2026-02-14 07:18:00,0.4476461
2026-02-14 07:19:00,0.42647582
2026-02-14 07:20:00,0.4106746
2026-02-14 07:21:00,0.38310462
2026-02-14 07:22:00,0.33706132
2026-02-14 07:23:00,0.29852095
2026-02-14 07:24:00,0.33548728
2026-02-14 07:25:00,0.3084553
2026-02-14 07:26:00,0.37238094
2026-02-14 07:27:00,0.37723735
2026-02-14 07:28:00,0.44629118
2026-02-14 07:29:00,0.42067498
2026-02-14 07:30:00,0.40476137
2026-02-14 07:31:00,0.4123436
2026-02-14 07:32:00,0.48097396
2026-02-14 07:33:00,0.4618198
2026-02-14 07:34:00,0.45588443
2026-02-14 07:35:00,0.45963585
2026-02-14 07:36:00,0.4703746
2026-02-14 07:37:00,0.39125773
2026-02-14 07:38:00,0.34927368
2026-02-14 07:39:00,0.3790039
2026-02-14 07:40:00,0.38895416
2026-02-14 07:41:00,0.4019098
2026-02-14 07:42:00,0.43085623
2026-02-14 07:43:00,0.41227266
2026-02-14 07:44:00,0.41550076
2026-02-14 07:45:00,0.41712844
2026-02-14 07:46:00,0.4087909
2026-02-14 07:47:00,0.45123124
2026-02-14 07:48:00,0.4586555
2026-02-14 07:49:00,0.39421016
2026-02-14 07:50:00,0.40495086
2026-02-14 07:51:00,0.43523583
2026-02-14 07:52:00,0.41801757
2026-02-14 07:53:00,0.45439258
2026-02-14 07:54:00,0.4512749
2026-02-14 07:55:00,0.46472856
2026-02-14 07:56:00,0.44410345
2026-02-14 07:57:00,0.40976763
2026-02-14 07:58:00,0.42214802
2026-02-14 07:59:00,0.38997814
2026-02-14 08:00:00,0.60804504
2026-02-14 08:01:00,0.5731668
2026-02-14 08:02:00,0.5028666
2026-02-14 08:03:00,0.4390673
2026-02-14 08:04:00,0.40858787
2026-02-14 08:05:00,0.39849904
2026-02-14 08:06:00,0.41140217
2026-02-14 08:07:00,0.34558126
2026-02-14 08:08:00,0.37741342
2026-02-14 08:09:00,0.39950466
2026-02-14 08:10:00,0.40168747
2026-02-14 08:11:00,0.3727374
2026-02-14 08:12:00,0.375802
2026-02-14 08:13:00,0.3735565
2026-02-14 08:14:00,0.34607625
2026-02-14 08:15:00,0.3628618
2026-02-14 08:16:00,0.36855143
2026-02-14 08:17:00,0.32514805
2026-02-14 08:18:00,0.33902296
2026-02-14 08:19:00,0.3307973
2026-02-14 08:20:00,0.3232789
2026-02-14 08:21:00,0.25761968
2026-02-14 08:22:00,0.31974384
2026-02-14 08:23:00,0.3547278
2026-02-14 08:24:00,0.3979522
2026-02-14 08:25:00,0.445593
2026-02-14 08:26:00,0.39352292
2026-02-14 08:27:00,0.33668548
2026-02-14 08:28:00,0.36702365
2026-02-14 08:29:00,0.33073238
2026-02-14 08:30:00,0.3614444
2026-02-14 08:31:00,0.3603459
2026-02-14 08:32:00,0.4083035
2026-02-14 08:33:00,0.45320746
2026-02-14 08:34:00,0.49421203
2026-02-14 08:35:00,0.4760162
2026-02-14 08:36:00,0.46263227
2026-02-14 08:37:00,0.40685973
2026-02-14 08:38:00,0.33205384
2026-02-14 08:39:00,0.34923482
2026-02-14 08:40:00,0.3380325
2026-02-14 08:41:00,0.3552458
2026-02-14 08:42:00,0.41910076
2026-02-14 08:43:00,0.44568968
2026-02-14 08:44:00,0.48077062
2026-02-14 08:45:00,0.46043158
2026-02-14 08:46:00,0.53336704
2026-02-14 08:47:00,0.5480382
2026-02-14 08:48:00,0.47388318
2026-02-14 08:49:00,0.457181
2026-02-14 08:50:00,0.45603466
2026-02-14 08:51:00,0.46601123
2026-02-14 08:52:00,0.38834196
2026-02-14 08:53:00,0.43653616
2026-02-14 08:54:00,0.39490587
2026-02-14 08:55:00,0.39770707
2026-02-14 08:56:00,0.39119092
2026-02-14 08:57:00,0.3486131
2026-02-14 08:58:00,0.3099691
2026-02-14 08:59:00,0.34361854
2026-02-14 09:00:00,0.5296934
2026-02-14 09:01:00,0.5373326
2026-02-14 09:02:00,0.4848117
2026-02-14 09:03:00,0.3786795
2026-02-14 09:04:00,0.3661822
2026-02-14 09:05:00,0.3172796
2026-02-14 09:06:00,0.32493755
2026-02-14 09:07:00,0.23613088
2026-02-14 09:08:00,0.21616243
2026-02-14 09:09:00,0.29512063
2026-02-14 09:10:00,0.35032403
2026-02-14 09:11:00,0.38356566
2026-02-14 09:12:00,0.39945707
2026-02-14 09:13:00,0.41784558
2026-02-14 09:14:00,0.42223132
2026-02-14 09:15:00,0.4047559
2026-02-14 09:16:00,0.355297
2026-02-14 09:17:00,0.34801757
2026-02-14 09:18:00,0.3159547
2026-02-14 09:19:00,0.30547172
2026-02-14 09:20:00,0.31487787
2026-02-14 09:21:00,0.28711513
2026-02-14 09:22:00,0.2397829
2026-02-14 09:23:00,0.29244295
2026-02-14 09:24:00,0.29413977
2026-02-14 09:25:00,0.33149636
2026-02-14 09:26:00,0.31172344
2026-02-14 09:27:00,0.3383024
2026-02-14 09:28:00,0.34068862
2026-02-14 09:29:00,0.37971762
2026-02-14 09:30:00,0.362359
2026-02-14 09:31:00,0.37308952
2026-02-14 09:32:00,0.3629088
2026-02-14 09:33:00,0.35763267
2026-02-14 09:34:00,0.3503412
2026-02-14 09:35:00,0.32040414
2026-02-14 09:36:00,0.32572106
2026-02-14 09:37:00,0.33717835
2026-02-14 09:38:00,0.28034616
2026-02-14 09:39:00,0.28612906
2026-02-14 09:40:00,0.25629845
2026-02-14 09:41:00,0.26769757
2026-02-14 09:42:00,0.29991862
2026-02-14 09:43:00,0.2949302
2026-02-14 09:44:00,0.2795672
2026-02-14 09:45:00,0.28375626
2026-02-14 09:46:00,0.29415125
2026-02-14 09:47:00,0.29638648
2026-02-14 09:48:00,0.31062534
2026-02-14 09:49:00,0.29212874
2026-02-14 09:50:00,0.2933596
2026-02-14 09:51:00,0.3224239
2026-02-14 09:52:00,0.3889925
2026-02-14 09:53:00,0.38121185
2026-02-14 09:54:00,0.41176847
2026-02-14 09:55:00,0.38055077
2026-02-14 09:56:00,0.3375188
2026-02-14 09:57:00,0.31805435
2026-02-14 09:58:00,0.29310983
2026-02-14 09:59:00,0.24107893
2026-02-14 10:00:00,0.4056507
2026-02-14 10:01:00,0.40029293
2026-02-14 10:02:00,0.3484178
2026-02-14 10:03:00,0.2754801
2026-02-14 10:04:00,0.23090215
2026-02-14 10:05:00,0.23681618
2026-02-14 10:06:00,0.22064146
2026-02-14 10:07:00,0.20874417
2026-02-14 10:08:00,0.2407289
2026-02-14 10:09:00,0.25561878
2026-02-14 10:10:00,0.24801119
2026-02-14 10:11:00,0.2917545
2026-02-14 10:12:00,0.25517544
2026-02-14 10:13:00,0.27550235
2026-02-14 10:14:00,0.28760272
2026-02-14 10:15:00,0.34786656
2026-02-14 10:16:00,0.38569257
2026-02-14 10:17:00,0.35599387
2026-02-14 10:18:00,0.33976313
2026-02-14 10:19:00,0.32072428
2026-02-14 10:20:00,0.3072613
2026-02-14 10:21:00,0.34875908
2026-02-14 10:22:00,0.29941726
2026-02-14 10:23:00,0.31466365
2026-02-14 10:24:00,0.3172272
2026-02-14 10:25:00,0.32549062
2026-02-14 10:26:00,0.35744566
2026-02-14 10:27:00,0.41050604
2026-02-14 10:28:00,0.36274245
2026-02-14 10:29:00,0.3789916
2026-02-14 10:30:00,0.34842855
2026-02-14 10:31:00,0.3221545
2026-02-14 10:32:00,0.31507686
2026-02-14 10:33:00,0.34288606
2026-02-14 10:34:00,0.29788926
2026-02-14 10:35:00,0.2638349
2026-02-14 10:36:00,0.3230651
2026-02-14 10:37:00,0.23785935
2026-02-14 10:38:00,0.23358633
2026-02-14 10:39:00,0.22269316
2026-02-14 10:40:00,0.25771984
2026-02-14 10:41:00,0.2606125
2026-02-14 10:42:00,0.2972078
2026-02-14 10:43:00,0.26083043
2026-02-14 10:44:00,0.21902515
2026-02-14 10:45:00,0.21392412
2026-02-14 10:46:00,0.18051884
2026-02-14 10:47:00,0.16042969
2026-02-14 10:48:00,0.16891134
2026-02-14 10:49:00,0.25988647
2026-02-14 10:50:00,0.27020755
2026-02-14 10:51:00,0.25225398
2026-02-14 10:52:00,0.2804929
2026-02-14 10:53:00,0.28382227
2026-02-14 10:54:00,0.24636608
2026-02-14 10:55:00,0.20913748
2026-02-14 10:56:00,0.15677132
2026-02-14 10:57:00,0.17323376
2026-02-14 10:58:00,0.19838119
2026-02-14 10:59:00,0.23625919
2026-02-14 11:00:00,0.44994396
2026-02-14 11:01:00,0.42573157
2026-02-14 11:02:00,0.3258502
2026-02-14 11:03:00,0.27016768
2026-02-14 11:04:00,0.23368996
2026-02-14 11:05:00,0.17708889
2026-02-14 11:06:00,0.17434743
2026-02-14 11:07:00,0.17007631
2026-02-14 11:08:00,0.23050335
2026-02-14 11:09:00,0.22184388
2026-02-14 11:10:00,0.2601679
2026-02-14 11:11:00,0.29828948
2026-02-14 11:12:00,0.30594814
2026-02-14 11:13:00,0.3093212
2026-02-14 11:14:00,0.342521
2026-02-14 11:15:00,0.32570988
2026-02-14 11:16:00,0.33766344
2026-02-14 11:17:00,0.31181765
2026-02-14 11:18:00,0.2792046
2026-02-14 11:19:00,0.2318815
2026-02-14 11:20:00,0.22621447
2026-02-14 11:21:00,0.21574397
2026-02-14 11:22:00,0.23164438
2026-02-14 11:23:00,0.22958101
2026-02-14 11:24:00,0.2659793
2026-02-14 11:25:00,0.27224985
2026-02-14 11:26:00,0.3243232
2026-02-14 11:27:00,0.29720372
2026-02-14 11:28:00,0.27112377
2026-02-14 11:29:00,0.23067649
2026-02-14 11:30:00,0.22059542
2026-02-14 11:31:00,0.21506964
2026-02-14 11:32:00,0.2583808
2026-02-14 11:33:00,0.2969377
2026-02-14 11:34:00,0.31395894
2026-02-14 11:35:00,0.29343605
2026-02-14 11:36:00,0.28083822
2026-02-14 11:37:00,0.2576535
2026-02-14 11:38:00,0.2280991
2026-02-14 11:39:00,0.22136196
2026-02-14 11:40:00,0.25959566
2026-02-14 11:41:00,0.30247656
2026-02-14 11:42:00,0.31564057
2026-02-14 11:43:00,0.33216497
2026-02-14 11:44:00,0.3123538
2026-02-14 11:45:00,0.297704
2026-02-14 11:46:00,0.33012003
2026-02-14 11:47:00,0.30199313
2026-02-14 11:48:00,0.3421004
2026-02-14 11:49:00,0.32765648
2026-02-14 11:50:00,0.28892887
2026-02-14 11:51:00,0.30050442
2026-02-14 11:52:00,0.3443408
2026-02-14 11:53:00,0.2872576
2026-02-14 11:54:00,0.30601087
2026-02-14 11:55:00,0.28383693
2026-02-14 11:56:00,0.2782372
2026-02-14 11:57:00,0.34663182
2026-02-14 11:58:00,0.38482666
2026-02-14 11:59:00,0.3484485
2026-02-14 12:00:00,0.6141256
2026-02-14 12:01:00,0.6020047
2026-02-14 12:02:00,0.6044665
2026-02-14 12:03:00,0.5141283
2026-02-14 12:04:00,0.40771902
2026-02-14 12:05:00,0.32657087
2026-02-14 12:06:00,0.23438355
2026-02-14 12:07:00,0.19957966
2026-02-14 12:08:00,0.23767684
2026-02-14 12:09:00,0.24598685
2026-02-14 12:10:00,0.23720694
2026-02-14 12:11:00,0.2667702
2026-02-14 12:12:00,0.23917174
2026-02-14 12:13:00,0.25899068
2026-02-14 12:14:00,0.30121788
2026-02-14 12:15:00,0.2555885
2026-02-14 12:16:00,0.22572449
2026-02-14 12:17:00,0.21549416
2026-02-14 12:18:00,0.23110078
2026-02-14 12:19:00,0.20686604
2026-02-14 12:20:00,0.29854545
2026-02-14 12:21:00,0.32911208
2026-02-14 12:22:00,0.31043884
2026-02-14 12:23:00,0.30687687
2026-02-14 12:24:00,0.38250113
2026-02-14 12:25:00,0.36131552
2026-02-14 12:26:00,0.38331464
2026-02-14 12:27:00,0.41422924
2026-02-14 12:28:00,0.41042495
2026-02-14 12:29:00,0.46649957
2026-02-14 12:30:00,0.37421164
2026-02-14 12:31:00,0.3993434
2026-02-14 12:32:00,0.39900768
2026-02-14 12:33:00,0.33559474
2026-02-14 12:34:00,0.3205349
2026-02-14 12:35:00,0.2804348
2026-02-14 12:36:00,0.29844642
2026-02-14 12:37:00,0.24674736
2026-02-14 12:38:00,0.3152546
2026-02-14 12:39:00,0.29212746
2026-02-14 12:40:00,0.29831663
2026-02-14 12:41:00,0.2718956
2026-02-14 12:42:00,0.2913702
2026-02-14 12:43:00,0.30171642
2026-02-14 12:44:00,0.2929387
2026-02-14 12:45:00,0.3150746
2026-02-14 12:46:00,0.26259553
2026-02-14 12:47:00,0.31805584
2026-02-14 12:48:00,0.3157553
2026-02-14 12:49:00,0.33186564
2026-02-14 12:50:00,0.33421788
2026-02-14 12:51:00,0.3145312
2026-02-14 12:52:00,0.33235675
2026-02-14 12:53:00,0.29105875
2026-02-14 12:54:00,0.26406395
2026-02-14 12:55:00,0.26379135
2026-02-14 12:56:00,0.24847907
2026-02-14 12:57:00,0.24953134
2026-02-14 12:58:00,0.23740757
2026-02-14 12:59:00,0.2114245
2026-02-14 13:00:00,0.45258194
2026-02-14 13:01:00,0.4259351
2026-02-14 13:02:00,0.4111411
2026-02-14 13:03:00,0.31200647
2026-02-14 13:04:00,0.22691752
2026-02-14 13:05:00,0.20284487
2026-02-14 13:06:00,0.19725733
2026-02-14 13:07:00,0.18303193
2026-02-14 13:08:00,0.18091609
2026-02-14 13:09:00,0.24407233
2026-02-14 13:10:00,0.2676484
2026-02-14 13:11:00,0.1771008
2026-02-14 13:12:00,0.16936463
2026-02-14 13:13:00,0.18160628
2026-02-14 13:14:00,0.17216985
2026-02-14 13:15:00,0.12585536
2026-02-14 13:16:00,0.08672113
2026-02-14 13:17:00,0.06522679
2026-02-14 13:18:00,0.06865181
2026-02-14 13:19:00,0.10926589
2026-02-14 13:20:00,0.09997483
2026-02-14 13:21:00,0.15247801
2026-02-14 13:22:00,0.15740336
2026-02-14 13:23:00,0.14188732
2026-02-14 13:24:00,0.13361065
2026-02-14 13:25:00,0.093495995
2026-02-14 13:26:00,0.1241548
2026-02-14 13:27:00,0.11174954
2026-02-14 13:28:00,0.15710609
2026-02-14 13:29:00,0.14888985
2026-02-14 13:30:00,0.1210903
2026-02-14 13:31:00,0.115386814
2026-02-14 13:32:00,0.1296389
2026-02-14 13:33:00,0.17256124
2026-02-14 13:34:00,0.16349722
2026-02-14 13:35:00,0.17166105
2026-02-14 13:36:00,0.1966597
2026-02-14 13:37:00,0.16274065
2026-02-14 13:38:00,0.1409287
2026-02-14 13:39:00,0.1336241
2026-02-14 13:40:00,0.1283848
2026-02-14 13:41:00,0.11896571
2026-02-14 13:42:00,0.102632836
2026-02-14 13:43:00,0.10636524
2026-02-14 13:44:00,0.109409414
2026-02-14 13:45:00,0.08804943
2026-02-14 13:46:00,0.07558035
2026-02-14 13:47:00,0.16137178
2026-02-14 13:48:00,0.19623092
2026-02-14 13:49:00,0.17861402
2026-02-14 13:50:00,0.20371309
2026-02-14 13:51:00,0.1808447
2026-02-14 13:52:00,0.13665073
2026-02-14 13:53:00,0.17332889
2026-02-14 13:54:00,0.14688939
2026-02-14 13:55:00,0.20478147
2026-02-14 13:56:00,0.15930825
2026-02-14 13:57:00,0.123497315
2026-02-14 13:58:00,0.07936664
2026-02-14 13:59:00,0.09082751
2026-02-14 14:00:00,0.3399306
2026-02-14 14:01:00,0.34179118
2026-02-14 14:02:00,0.25625104
2026-02-14 14:03:00,0.1985036
2026-02-14 14:04:00,0.13455245
2026-02-14 14:05:00,0.13086697
2026-02-14 14:06:00,0.10387767
2026-02-14 14:07:00,0.15633687
2026-02-14 14:08:00,0.116427876
2026-02-14 14:09:00,0.17524973
2026-02-14 14:10:00,0.16503641
2026-02-14 14:11:00,0.18950477
2026-02-14 14:12:00,0.22237797
2026-02-14 14:13:00,0.20285897
2026-02-14 14:14:00,0.19462548
2026-02-14 14:15:00,0.17952679
2026-02-14 14:16:00,0.23147483
2026-02-14 14:17:00,0.21426064
2026-02-14 14:18:00,0.20024525
2026-02-14 14:19:00,0.23751095
2026-02-14 14:20:00,0.2798311
2026-02-14 14:21:00,0.33981812
2026-02-14 14:22:00,0.31813738
2026-02-14 14:23:00,0.3211122
2026-02-14 14:24:00,0.30860192
2026-02-14 14:25:00,0.32076147
2026-02-14 14:26:00,0.30154225
2026-02-14 14:27:00,0.33503807
2026-02-14 14:28:00,0.34080565
2026-02-14 14:29:00,0.26980188
2026-02-14 14:30:00,0.28097934
2026-02-14 14:31:00,0.26752844
2026-02-14 14:32:00,0.29919803
2026-02-14 14:33:00,0.3187588
2026-02-14 14:34:00,0.33171716
2026-02-14 14:35:00,0.2792622
2026-02-14 14:36:00,0.32633278
2026-02-14 14:37:00,0.2766498
2026-02-14 14:38:00,0.28580955
2026-02-14 14:39:00,0.20029244
2026-02-14 14:40:00,0.23932199
2026-02-14 14:41:00,0.24290676
2026-02-14 14:42:00,0.22403832
2026-02-14 14:43:00,0.23603529
2026-02-14 14:44:00,0.23747453
2026-02-14 14:45:00,0.19723015
2026-02-14 14:46:00,0.1916821
2026-02-14 14:47:00,0.1350261
2026-02-14 14:48:00,0.16025694
2026-02-14 14:49:00,0.14969827
2026-02-14 14:50:00,0.07247102
2026-02-14 14:51:00,0.1299627
2026-02-14 14:52:00,0.14277627
2026-02-14 14:53:00,0.12919807
2026-02-14 14:54:00,0.13721049
2026-02-14 14:55:00,0.1431203
2026-02-14 14:56:00,0.20332545
2026-02-14 14:57:00,0.20637529
2026-02-14 14:58:00,0.25335363
2026-02-14 14:59:00,0.26280588
2026-02-14 15:00:00,0.40667188
2026-02-14 15:01:00,0.38704944
2026-02-14 15:02:00,0.31409383
2026-02-14 15:03:00,0.23200469
2026-02-14 15:04:00,0.15612397
2026-02-14 15:05:00,0.08890031
2026-02-14 15:06:00,0.109815024
2026-02-14 15:07:00,0.12279753
2026-02-14 15:08:00,0.111624256
2026-02-14 15:09:00,0.15337184
2026-02-14 15:10:00,0.24822205
2026-02-14 15:11:00,0.21577688
2026-02-14 15:12:00,0.17379306
2026-02-14 15:13:00,0.08500399
2026-02-14 15:14:00,0.07686761
2026-02-14 15:15:00,0.11874296
2026-02-14 15:16:00,0.108485416
2026-02-14 15:17:00,0.16263647
2026-02-14 15:18:00,0.17617394
2026-02-14 15:19:00,0.20562351
2026-02-14 15:20:00,0.1921559
2026-02-14 15:21:00,0.2276511
2026-02-14 15:22:00,0.26802576
2026-02-14 15:23:00,0.23276435
2026-02-14 15:24:00,0.14019606
2026-02-14 15:25:00,0.1453051
2026-02-14 15:26:00,0.14486505
2026-02-14 15:27:00,0.095979586
2026-02-14 15:28:00,0.069743894
2026-02-14 15:29:00,0.07641911
2026-02-14 15:30:00,0.06165791
2026-02-14 15:31:00,0.08424143
2026-02-14 15:32:00,0.1185462
2026-02-14 15:33:00,0.14236812
2026-02-14 15:34:00,0.10865245
2026-02-14 15:35:00,0.10419907
2026-02-14 15:36:00,0.13059363
2026-02-14 15:37:00,0.14008363
2026-02-14 15:38:00,0.21046917
2026-02-14 15:39:00,0.16409683
2026-02-14 15:40:00,0.15276706
2026-02-14 15:41:00,0.1512786
2026-02-14 15:42:00,0.11992355
2026-02-14 15:43:00,0.12437826
2026-02-14 15:44:00,0.10183925
2026-02-14 15:45:00,0.15634748
2026-02-14 15:46:00,0.20253582
2026-02-14 15:47:00,0.24897482
2026-02-14 15:48:00,0.20016952
2026-02-14 15:49:00,0.20922317
2026-02-14 15:50:00,0.16757505
2026-02-14 15:51:00,0.17843342
2026-02-14 15:52:00,0.12232249
2026-02-14 15:53:00,0.11444399
2026-02-14 15:54:00,0.08251819
2026-02-14 15:55:00,0.12313733
2026-02-14 15:56:00,0.07920803
2026-02-14 15:57:00,0.15132415
2026-02-14 15:58:00,0.15449688
2026-02-14 15:59:00,0.12897718
2026-02-14 16:00:00,0.27070358
2026-02-14 16:01:00,0.3151779
2026-02-14 16:02:00,0.1889169
2026-02-14 16:03:00,0.10989752
2026-02-14 16:04:00,0.10467503
2026-02-14 16:05:00,0.0698206
2026-02-14 16:06:00,0.04005801
2026-02-14 16:07:00,0.04
2026-02-14 16:08:00,0.04
2026-02-14 16:09:00,0.04
2026-02-14 16:10:00,0.07016085
2026-02-14 16:11:00,0.06478675
2026-02-14 16:12:00,0.10368005
2026-02-14 16:13:00,0.064413965
2026-02-14 16:14:00,0.080874406
2026-02-14 16:15:00,0.10179477
2026-02-14 16:16:00,0.10317198
2026-02-14 16:17:00,0.10444947
2026-02-14 16:18:00,0.10424929
2026-02-14 16:19:00,0.100206845
2026-02-14 16:20:00,0.12315858
2026-02-14 16:21:00,0.109732375
2026-02-14 16:22:00,0.15853843
2026-02-14 16:23:00,0.2138985
2026-02-14 16:24:00,0.21132672
2026-02-14 16:25:00,0.13024542
2026-02-14 16:26:00,0.0652586
2026-02-14 16:27:00,0.087305754
2026-02-14 16:28:00,0.09788322
2026-02-14 16:29:00,0.08179839
2026-02-14 16:30:00,0.13520712
2026-02-14 16:31:00,0.14279266
2026-02-14 16:32:00,0.08388321
2026-02-14 16:33:00,0.1030066
2026-02-14 16:34:00,0.07431811
2026-02-14 16:35:00,0.08364931
2026-02-14 16:36:00,0.04
2026-02-14 16:37:00,0.05670872
2026-02-14 16:38:00,0.07154832
2026-02-14 16:39:00,0.08591152
2026-02-14 16:40:00,0.06176616
2026-02-14 16:41:00,0.04
2026-02-14 16:42:00,0.059405394
2026-02-14 16:43:00,0.09635339
2026-02-14 16:44:00,0.07811148
2026-02-14 16:45:00,0.103005596
2026-02-14 16:46:00,0.107797444
2026-02-14 16:47:00,0.11253955
2026-02-14 16:48:00,0.18474172
2026-02-14 16:49:00,0.20769589
2026-02-14 16:50:00,0.13008602
2026-02-14 16:51:00,0.13071403
2026-02-14 16:52:00,0.10960795
2026-02-14 16:53:00,0.10837642
2026-02-14 16:54:00,0.0681162
2026-02-14 16:55:00,0.09855219
2026-02-14 16:56:00,0.14017525
2026-02-14 16:57:00,0.13279535
2026-02-14 16:58:00,0.13714525
2026-02-14 16:59:00,0.15764064
2026-02-14 17:00:00,0.42961106
2026-02-14 17:01:00,0.39504224
2026-02-14 17:02:00,0.30421984
2026-02-14 17:03:00,0.19138762
2026-02-14 17:04:00,0.14952987
2026-02-14 17:05:00,0.20067392
2026-02-14 17:06:00,0.23648225
2026-02-14 17:07:00,0.19476783
2026-02-14 17:08:00,0.18821524
2026-02-14 17:09:00,0.1548994
2026-02-14 17:10:00,0.16487344
2026-02-14 17:11:00,0.122283496
2026-02-14 17:12:00,0.13881138
2026-02-14 17:13:00,0.20019752
2026-02-14 17:14:00,0.20321742
2026-02-14 17:15:00,0.24798399
2026-02-14 17:16:00,0.22411665
2026-02-14 17:17:00,0.25413787
2026-02-14 17:18:00,0.24071814
2026-02-14 17:19:00,0.2914058
2026-02-14 17:20:00,0.3278587
2026-02-14 17:21:00,0.31155637
2026-02-14 17:22:00,0.3038682
2026-02-14 17:23:00,0.28364953
2026-02-14 17:24:00,0.33096164
2026-02-14 17:25:00,0.30780613
2026-02-14 17:26:00,0.24805585
2026-02-14 17:27:00,0.23726347
2026-02-14 17:28:00,0.21279408
2026-02-14 17:29:00,0.14607337
2026-02-14 17:30:00,0.18936737
2026-02-14 17:31:00,0.113902725
2026-02-14 17:32:00,0.12876926
2026-02-14 17:33:00,0.16386488
2026-02-14 17:34:00,0.1753688
2026-02-14 17:35:00,0.16711734
2026-02-14 17:36:00,0.18442509
2026-02-14 17:37:00,0.1828312
2026-02-14 17:38:00,0.15673651
2026-02-14 17:39:00,0.08842721
2026-02-14 17:40:00,0.06769499
2026-02-14 17:41:00,0.047526717
2026-02-14 17:42:00,0.08047606
2026-02-14 17:43:00,0.08168829
2026-02-14 17:44:00,0.07510738
2026-02-14 17:45:00,0.06952293
2026-02-14 17:46:00,0.103308395
2026-02-14 17:47:00,0.14770544
2026-02-14 17:48:00,0.13856532
2026-02-14 17:49:00,0.11228079
2026-02-14 17:50:00,0.17277715
2026-02-14 17:51:00,0.13518825
2026-02-14 17:52:00,0.19293462
2026-02-14 17:53:00,0.22679497
2026-02-14 17:54:00,0.23496613
2026-02-14 17:55:00,0.22930862
2026-02-14 17:56:00,0.18892106
2026-02-14 17:57:00,0.17600642
2026-02-14 17:58:00,0.19629976
2026-02-14 17:59:00,0.2131845
2026-02-14 18:00:00,0.42332453
2026-02-14 18:01:00,0.40200853
2026-02-14 18:02:00,0.34326398
2026-02-14 18:03:00,0.35581616
2026-02-14 18:04:00,0.31004718
2026-02-14 18:05:00,0.24210873
2026-02-14 18:06:00,0.17588589
2026-02-14 18:07:00,0.20609525
2026-02-14 18:08:00,0.27545595
2026-02-14 18:09:00,0.21147566
2026-02-14 18:10:00,0.22128184
2026-02-14 18:11:00,0.2512394
2026-02-14 18:12:00,0.2700874
2026-02-14 18:13:00,0.24825229
2026-02-14 18:14:00,0.22801803
2026-02-14 18:15:00,0.2395407
2026-02-14 18:16:00,0.24920598
2026-02-14 18:17:00,0.22780809
2026-02-14 18:18:00,0.23225516
2026-02-14 18:19:00,0.17811579
2026-02-14 18:20:00,0.17309989
2026-02-14 18:21:00,0.1709747
2026-02-14 18:22:00,0.19852987
2026-02-14 18:23:00,0.21247633
2026-02-14 18:24:00,0.19722506
2026-02-14 18:25:00,0.1541303
2026-02-14 18:26:00,0.14914575
2026-02-14 18:27:00,0.1610161
2026-02-14 18:28:00,0.1740742
2026-02-14 18:29:00,0.10385232
2026-02-14 18:30:00,0.10809536
2026-02-14 18:31:00,0.072236665
2026-02-14 18:32:00,0.09472829
2026-02-14 18:33:00,0.07187112
2026-02-14 18:34:00,0.13289052
2026-02-14 18:35:00,0.12540758
2026-02-14 18:36:00,0.09706282
2026-02-14 18:37:00,0.100545935
2026-02-14 18:38:00,0.10854502
2026-02-14 18:39:00,0.14993428
2026-02-14 18:40:00,0.13781655
2026-02-14 18:41:00,0.11450842
2026-02-14 18:42:00,0.112274416
2026-02-14 18:43:00,0.22166345
2026-02-14 18:44:00,0.20852427
2026-02-14 18:45:00,0.21400693
2026-02-14 18:46:00,0.16976716
2026-02-14 18:47:00,0.16378796
2026-02-14 18:48:00,0.15463401
2026-02-14 18:49:00,0.19305407
2026-02-14 18:50:00,0.16937055
2026-02-14 18:51:00,0.1606562
2026-02-14 18:52:00,0.12570624
2026-02-14 18:53:00,0.14360042
2026-02-14 18:54:00,0.20022288
2026-02-14 18:55:00,0.15844698
2026-02-14 18:56:00,0.15485214
2026-02-14 18:57:00,0.1364664
2026-02-14 18:58:00,0.18240826
2026-02-14 18:59:00,0.18563673
2026-02-14 19:00:00,0.36832032
2026-02-14 19:01:00,0.31799513
2026-02-14 19:02:00,0.27635866
2026-02-14 19:03:00,0.24468586
2026-02-14 19:04:00,0.1898522
2026-02-14 19:05:00,0.17502615
2026-02-14 19:06:00,0.12516442
2026-02-14 19:07:00,0.09518029
2026-02-14 19:08:00,0.12321142
2026-02-14 19:09:00,0.0692466
2026-02-14 19:10:00,0.1193252
2026-02-14 19:11:00,0.12526923
2026-02-14 19:12:00,0.15709658
2026-02-14 19:13:00,0.14731015
2026-02-14 19:14:00,0.06008584
2026-02-14 19:15:00,0.17778738
2026-02-14 19:16:00,0.15564251
2026-02-14 19:17:00,0.18140161
2026-02-14 19:18:00,0.17332886
2026-02-14 19:19:00,0.1560949
2026-02-14 19:20:00,0.12677443
2026-02-14 19:21:00,0.111309156
2026-02-14 19:22:00,0.08196818
2026-02-14 19:23:00,0.04
2026-02-14 19:24:00,0.048935447
2026-02-14 19:25:00,0.04
2026-02-14 19:26:00,0.04119332
2026-02-14 19:27:00,0.04
2026-02-14 19:28:00,0.1017536
2026-02-14 19:29:00,0.089216836
2026-02-14 19:30:00,0.096146755
2026-02-14 19:31:00,0.068614945
2026-02-14 19:32:00,0.099062905
2026-02-14 19:33:00,0.13586842
2026-02-14 19:34:00,0.16508584
2026-02-14 19:35:00,0.14426805
2026-02-14 19:36:00,0.17345458
2026-02-14 19:37:00,0.18221103
2026-02-14 19:38:00,0.20648609
2026-02-14 19:39:00,0.20603
2026-02-14 19:40:00,0.18023826
2026-02-14 19:41:00,0.2060481
2026-02-14 19:42:00,0.28369713
2026-02-14 19:43:00,0.2201661
2026-02-14 19:44:00,0.18885821
2026-02-14 19:45:00,0.2901089
2026-02-14 19:46:00,0.21697897
2026-02-14 19:47:00,0.18106043
2026-02-14 19:48:00,0.13838288
2026-02-14 19:49:00,0.111938804
2026-02-14 19:50:00,0.07884426
2026-02-14 19:51:00,0.101538114
2026-02-14 19:52:00,0.15799671
2026-02-14 19:53:00,0.15933119
2026-02-14 19:54:00,0.1573432
2026-02-14 19:55:00,0.1884112
2026-02-14 19:56:00,0.17404753
2026-02-14 19:57:00,0.2197044
2026-02-14 19:58:00,0.16547589
2026-02-14 19:59:00,0.2101709
2026-02-14 20:00:00,0.39829305
2026-02-14 20:01:00,0.35802206
2026-02-14 20:02:00,0.2765362
2026-02-14 20:03:00,0.24337663
2026-02-14 20:04:00,0.23642854
2026-02-14 20:05:00,0.18567283
2026-02-14 20:06:00,0.22080968
2026-02-14 20:07:00,0.24966665
2026-02-14 20:08:00,0.21585995
2026-02-14 20:09:00,0.18260117
2026-02-14 20:10:00,0.16905712
2026-02-14 20:11:00,0.09288955
2026-02-14 20:12:00,0.11369445
2026-02-14 20:13:00,0.16839217
2026-02-14 20:14:00,0.2789744
2026-02-14 20:15:00,0.26666078
2026-02-14 20:16:00,0.2592024
2026-02-14 20:17:00,0.2612023
2026-02-14 20:18:00,0.2758758
2026-02-14 20:19:00,0.25625035
2026-02-14 20:20:00,0.2963401
2026-02-14 20:21:00,0.35607454
2026-02-14 20:22:00,0.33424595
2026-02-14 20:23:00,0.28711003
2026-02-14 20:24:00,0.30090404
2026-02-14 20:25:00,0.2682145
2026-02-14 20:26:00,0.20290443
2026-02-14 20:27:00,0.18158801
2026-02-14 20:28:00,0.18540975
2026-02-14 20:29:00,0.21352497
2026-02-14 20:30:00,0.19960897
2026-02-14 20:31:00,0.21757127
2026-02-14 20:32:00,0.18332474
2026-02-14 20:33:00,0.1883678
2026-02-14 20:34:00,0.17441788
2026-02-14 20:35:00,0.20295583
2026-02-14 20:36:00,0.15633534
2026-02-14 20:37:00,0.18721558
2026-02-14 20:38:00,0.22252028
2026-02-14 20:39:00,0.22962569
2026-02-14 20:40:00,0.20417288
2026-02-14 20:41:00,0.2154967
2026-02-14 20:42:00,0.21477364
2026-02-14 20:43:00,0.22076516
2026-02-14 20:44:00,0.25017184
2026-02-14 20:45:00,0.22642212
2026-02-14 20:46:00,0.20966983
2026-02-14 20:47:00,0.15584181
2026-02-14 20:48:00,0.19487253
2026-02-14 20:49:00,0.28356662
2026-02-14 20:50:00,0.29035595
2026-02-14 20:51:00,0.33169433
2026-02-14 20:52:00,0.33722854
2026-02-14 20:53:00,0.3056424
2026-02-14 20:54:00,0.24954827
2026-02-14 20:55:00,0.23190439
2026-02-14 20:56:00,0.20949069
2026-02-14 20:57:00,0.22547299
2026-02-14 20:58:00,0.20950142
2026-02-14 20:59:00,0.26314676
2026-02-14 21:00:00,0.50536036
2026-02-14 21:01:00,0.46915904
2026-02-14 21:02:00,0.40085974
2026-02-14 21:03:00,0.37592578
2026-02-14 21:04:00,0.26790732
2026-02-14 21:05:00,0.20402959
2026-02-14 21:06:00,0.17165464
2026-02-14 21:07:00,0.14025357
2026-02-14 21:08:00,0.16610938
2026-02-14 21:09:00,0.17234309
2026-02-14 21:10:00,0.2173938
2026-02-14 21:11:00,0.19845374
2026-02-14 21:12:00,0.19153613
2026-02-14 21:13:00,0.14350732
2026-02-14 21:14:00,0.12349545
2026-02-14 21:15:00,0.13067158
2026-02-14 21:16:00,0.111140534
2026-02-14 21:17:00,0.08346432
2026-02-14 21:18:00,0.12428399
2026-02-14 21:19:00,0.084827885
2026-02-14 21:20:00,0.05767238
2026-02-14 21:21:00,0.07031065
2026-02-14 21:22:00,0.10032185
2026-02-14 21:23:00,0.06930478
2026-02-14 21:24:00,0.08719997
2026-02-14 21:25:00,0.04
2026-02-14 21:26:00,0.04
2026-02-14 21:27:00,0.04
2026-02-14 21:28:00,0.04
2026-02-14 21:29:00,0.08050476
2026-02-14 21:30:00,0.19045547
2026-02-14 21:31:00,0.22607201
2026-02-14 21:32:00,0.18818346
2026-02-14 21:33:00,0.21564703
2026-02-14 21:34:00,0.1755116
2026-02-14 21:35:00,0.09921674
2026-02-14 21:36:00,0.14083572
2026-02-14 21:37:00,0.17164743
2026-02-14 21:38:00,0.18164071
2026-02-14 21:39:00,0.18820241
2026-02-14 21:40:00,0.21794742
2026-02-14 21:41:00,0.22663365
2026-02-14 21:42:00,0.2222545
2026-02-14 21:43:00,0.21802533
2026-02-14 21:44:00,0.24540995
2026-02-14 21:45:00,0.25174612
2026-02-14 21:46:00,0.2948147
2026-02-14 21:47:00,0.26438507
2026-02-14 21:48:00,0.23875774
2026-02-14 21:49:00,0.2183382
2026-02-14 21:50:00,0.11272608
2026-02-14 21:51:00,0.1050263
2026-02-14 21:52:00,0.09890689
2026-02-14 21:53:00,0.10431301
2026-02-14 21:54:00,0.15583423
2026-02-14 21:55:00,0.18859906
2026-02-14 21:56:00,0.114273146
2026-02-14 21:57:00,0.15751608
2026-02-14 21:58:00,0.19358096
2026-02-14 21:59:00,0.2025989
2026-02-14 22:00:00,0.41674608
2026-02-14 22:01:00,0.36415973
2026-02-14 22:02:00,0.31686935
2026-02-14 22:03:00,0.26243293
2026-02-14 22:04:00,0.16386902
2026-02-14 22:05:00,0.14761502
2026-02-14 22:06:00,0.10326328
2026-02-14 22:07:00,0.07550861
2026-02-14 22:08:00,0.08480406
2026-02-14 22:09:00,0.04
2026-02-14 22:10:00,0.06748155
2026-02-14 22:11:00,0.07931653
2026-02-14 22:12:00,0.0978797
2026-02-14 22:13:00,0.07454311
2026-02-14 22:14:00,0.14145099
2026-02-14 22:15:00,0.16805054
2026-02-14 22:16:00,0.17092104
2026-02-14 22:17:00,0.18494141
2026-02-14 22:18:00,0.26230556
2026-02-14 22:19:00,0.29021442
2026-02-14 22:20:00,0.2875131
2026-02-14 22:21:00,0.3193561
2026-02-14 22:22:00,0.28669107
2026-02-14 22:23:00,0.34536016
2026-02-14 22:24:00,0.38041243
2026-02-14 22:25:00,0.3640932
2026-02-14 22:26:00,0.42152804
2026-02-14 22:27:00,0.38625625
2026-02-14 22:28:00,0.42029008
2026-02-14 22:29:00,0.37564912
2026-02-14 22:30:00,0.30532065
2026-02-14 22:31:00,0.30681652
2026-02-14 22:32:00,0.29921395
2026-02-14 22:33:00,0.36046007
2026-02-14 22:34:00,0.27138042
2026-02-14 22:35:00,0.26988786
2026-02-14 22:36:00,0.24374466
2026-02-14 22:37:00,0.24050483
2026-02-14 22:38:00,0.24082342
2026-02-14 22:39:00,0.23564088
2026-02-14 22:40:00,0.21292727
2026-02-14 22:41:00,0.21798353
2026-02-14 22:42:00,0.204053
2026-02-14 22:43:00,0.20411131
2026-02-14 22:44:00,0.20165151
2026-02-14 22:45:00,0.21194279
2026-02-14 22:46:00,0.14773819
2026-02-14 22:47:00,0.08133042
2026-02-14 22:48:00,0.1578482
2026-02-14 22:49:00,0.12661114
2026-02-14 22:50:00,0.187373
2026-02-14 22:51:00,0.23398972
2026-02-14 22:52:00,0.20488504
2026-02-14 22:53:00,0.26607832
2026-02-14 22:54:00,0.27091992
2026-02-14 22:55:00,0.2747501
2026-02-14 22:56:00,0.28011507
2026-02-14 22:57:00,0.20752029
2026-02-14 22:58:00,0.2391136
2026-02-14 22:59:00,0.25547156
2026-02-14 23:00:00,0.50430644
2026-02-14 23:01:00,0.43847993
2026-02-14 23:02:00,0.37728867
2026-02-14 23:03:00,0.34306878
2026-02-14 23:04:00,0.32098803
2026-02-14 23:05:00,0.33303198
2026-02-14 23:06:00,0.33975586
2026-02-14 23:07:00,0.333345
2026-02-14 23:08:00,0.3399573
2026-02-14 23:09:00,0.30785796
2026-02-14 23:10:00,0.29498014
2026-02-14 23:11:00,0.31847534
2026-02-14 23:12:00,0.366452
2026-02-14 23:13:00,0.40409148
2026-02-14 23:14:00,0.32323617
2026-02-14 23:15:00,0.3366999
2026-02-14 23:16:00,0.32433793
2026-02-14 23:17:00,0.27218986
2026-02-14 23:18:00,0.28092292
2026-02-14 23:19:00,0.24554268
2026-02-14 23:20:00,0.24263932
2026-02-14 23:21:00,0.25156322
2026-02-14 23:22:00,0.26617953
2026-02-14 23:23:00,0.25220296
2026-02-14 23:24:00,0.23538701
2026-02-14 23:25:00,0.26743716
2026-02-14 23:26:00,0.24308126
2026-02-14 23:27:00,0.2095594
2026-02-14 23:28:00,0.2275206
2026-02-14 23:29:00,0.17638922
2026-02-14 23:30:00,0.14401063
2026-02-14 23:31:00,0.096193425
2026-02-14 23:32:00,0.093020305
2026-02-14 23:33:00,0.072694115
2026-02-14 23:34:00,0.1039599
2026-02-14 23:35:00,0.12892981
2026-02-14 23:36:00,0.120420724
2026-02-14 23:37:00,0.11882752
2026-02-14 23:38:00,0.2025095
2026-02-14 23:39:00,0.18389647
2026-02-14 23:40:00,0.15190169
2026-02-14 23:41:00,0.12892345
2026-02-14 23:42:00,0.13793479
2026-02-14 23:43:00,0.15821473
2026-02-14 23:44:00,0.1140055
2026-02-14 23:45:00,0.117559426
2026-02-14 23:46:00,0.13187525
2026-02-14 23:47:00,0.13339308
2026-02-14 23:48:00,0.19849378
2026-02-14 23:49:00,0.27739322
2026-02-14 23:50:00,0.23079802
2026-02-14 23:51:00,0.24460678
2026-02-14 23:52:00,0.21996109
2026-02-14 23:53:00,0.1786645
2026-02-14 23:54:00,0.19124606
2026-02-14 23:55:00,0.15116857
2026-02-14 23:56:00,0.13628556
2026-02-14 23:57:00,0.15878446
2026-02-14 23:58:00,0.15801041
2026-02-14 23:59:00,0.1620665
