timestamp,cpu_util
2026-01-01 00:00:00,0.13013265
2026-01-01 00:01:00,0.08853829
2026-01-01 00:02:00,0.12189353
2026-01-01 00:03:00,0.1601899
2026-01-01 00:04:00,0.079763874
2026-01-01 00:05:00,0.05
2026-01-01 00:06:00,0.05
2026-01-01 00:07:00,0.05
2026-01-01 00:08:00,0.05
2026-01-01 00:09:00,0.05
2026-01-01 00:10:00,0.06250354
2026-01-01 00:11:00,0.09909236
2026-01-01 00:12:00,0.104291685
2026-01-01 00:13:00,0.15153188
2026-01-01 00:14:00,0.16861232
2026-01-01 00:15:00,0.13126333
2026-01-01 00:16:00,0.14603342
2026-01-01 00:17:00,0.106526315
2026-01-01 00:18:00,0.1436832
2026-01-01 00:19:00,0.14074291
2026-01-01 00:20:00,0.13265118
2026-01-01 00:21:00,0.10537522
2026-01-01 00:22:00,0.15643163
2026-01-01 00:23:00,0.1483325
2026-01-01 00:24:00,0.12994151
2026-01-01 00:25:00,0.11608205
2026-01-01 00:26:00,0.13872188
2026-01-01 00:27:00,0.15288907
2026-01-01 00:28:00,0.16782793
2026-01-01 00:29:00,0.18230908
2026-01-01 00:30:00,0.26407894
2026-01-01 00:31:00,0.23739928
2026-01-01 00:32:00,0.20863572
2026-01-01 00:33:00,0.17012724
2026-01-01 00:34:00,0.19190507
2026-01-01 00:35:00,0.23247625
2026-01-01 00:36:00,0.22010118
2026-01-01 00:37:00,0.1796843
2026-01-01 00:38:00,0.14314468
2026-01-01 00:39:00,0.16854842
2026-01-01 00:40:00,0.19564389
2026-01-01 00:41:00,0.21258563
2026-01-01 00:42:00,0.17984372
2026-01-01 00:43:00,0.1856466
2026-01-01 00:44:00,0.18638514
2026-01-01 00:45:00,0.19116397
2026-01-01 00:46:00,0.2216897
2026-01-01 00:47:00,0.22387998
2026-01-01 00:48:00,0.24412803
2026-01-01 00:49:00,0.23832346
2026-01-01 00:50:00,0.24186583
2026-01-01 00:51:00,0.25883284
2026-01-01 00:52:00,0.19092636
2026-01-01 00:53:00,0.17397372
2026-01-01 00:54:00,0.15237153
2026-01-01 00:55:00,0.12577994
2026-01-01 00:56:00,0.11588807
2026-01-01 00:57:00,0.17761418
2026-01-01 00:58:00,0.13999495
2026-01-01 00:59:00,0.17877361
2026-01-01 01:00:00,0.10842835
2026-01-01 01:01:00,0.097654745
2026-01-01 01:02:00,0.10767352
2026-01-01 01:03:00,0.13385488
2026-01-01 01:04:00,0.16296755
2026-01-01 01:05:00,0.193062
2026-01-01 01:06:00,0.17509232
2026-01-01 01:07:00,0.15404178
2026-01-01 01:08:00,0.18751538
2026-01-01 01:09:00,0.17636718
2026-01-01 01:10:00,0.12276321
2026-01-01 01:11:00,0.0791715
2026-01-01 01:12:00,0.05
2026-01-01 01:13:00,0.07534112
2026-01-01 01:14:00,0.08665761
2026-01-01 01:15:00,0.11902048
2026-01-01 01:16:00,0.10411442
2026-01-01 01:17:00,0.113862514
2026-01-01 01:18:00,0.14154308
2026-01-01 01:19:00,0.12964235
2026-01-01 01:20:00,0.14936952
2026-01-01 01:21:00,0.12280174
2026-01-01 01:22:00,0.11034589
2026-01-01 01:23:00,0.0981711
2026-01-01 01:24:00,0.054438498
2026-01-01 01:25:00,0.08154959
2026-01-01 01:26:00,0.068269745
2026-01-01 01:27:00,0.07536139
2026-01-01 01:28:00,0.10064941
2026-01-01 01:29:00,0.12257968
2026-01-01 01:30:00,0.15154395
2026-01-01 01:31:00,0.1476708
2026-01-01 01:32:00,0.24326167
2026-01-01 01:33:00,0.22166076
2026-01-01 01:34:00,0.13953684
2026-01-01 01:35:00,0.07528236
2026-01-01 01:36:00,0.05
2026-01-01 01:37:00,0.05
2026-01-01 01:38:00,0.05
2026-01-01 01:39:00,0.05
2026-01-01 01:40:00,0.05
2026-01-01 01:41:00,0.05
2026-01-01 01:42:00,0.05
2026-01-01 01:43:00,0.075180605
2026-01-01 01:44:00,0.05
2026-01-01 01:45:00,0.05
2026-01-01 01:46:00,0.05
2026-01-01 01:47:00,0.05
2026-01-01 01:48:00,0.056078956
2026-01-01 01:49:00,0.05
2026-01-01 01:50:00,0.05
2026-01-01 01:51:00,0.05
2026-01-01 01:52:00,0.05
2026-01-01 01:53:00,0.05
2026-01-01 01:54:00,0.05
2026-01-01 01:55:00,0.05
2026-01-01 01:56:00,0.05
2026-01-01 01:57:00,0.05
2026-01-01 01:58:00,0.102865495
2026-01-01 01:59:00,0.098287225
2026-01-01 02:00:00,0.06276507
2026-01-01 02:01:00,0.07824937
2026-01-01 02:02:00,0.094176136
2026-01-01 02:03:00,0.15444767
2026-01-01 02:04:00,0.1889849
2026-01-01 02:05:00,0.20167935
2026-01-01 02:06:00,0.2576649
2026-01-01 02:07:00,0.20313801
2026-01-01 02:08:00,0.17498258
2026-01-01 02:09:00,0.13765533
2026-01-01 02:10:00,0.12483361
2026-01-01 02:11:00,0.073611304
2026-01-01 02:12:00,0.107009076
2026-01-01 02:13:00,0.10348901
2026-01-01 02:14:00,0.05035629
2026-01-01 02:15:00,0.05
2026-01-01 02:16:00,0.05
2026-01-01 02:17:00,0.08884232
2026-01-01 02:18:00,0.1757812
2026-01-01 02:19:00,0.29250047
2026-01-01 02:20:00,0.2999545
2026-01-01 02:21:00,0.25070506
2026-01-01 02:22:00,0.15974627
2026-01-01 02:23:00,0.17210577
2026-01-01 02:24:00,0.14030202
2026-01-01 02:25:00,0.12699778
2026-01-01 02:26:00,0.10694048
2026-01-01 02:27:00,0.107392475
2026-01-01 02:28:00,0.38270727
2026-01-01 02:29:00,0.3504598
2026-01-01 02:30:00,0.31229657
2026-01-01 02:31:00,0.24550353
2026-01-01 02:32:00,0.16128905
2026-01-01 02:33:00,0.13364969
2026-01-01 02:34:00,0.127421
2026-01-01 02:35:00,0.19612601
2026-01-01 02:36:00,0.19512346
2026-01-01 02:37:00,0.22937189
2026-01-01 02:38:00,0.20248853
2026-01-01 02:39:00,0.15106964
2026-01-01 02:40:00,0.11317432
2026-01-01 02:41:00,0.08842265
2026-01-01 02:42:00,0.53439415
2026-01-01 02:43:00,0.4374827
2026-01-01 02:44:00,0.4214052
2026-01-01 02:45:00,0.3424504
2026-01-01 02:46:00,0.34770715
2026-01-01 02:47:00,0.3343917
2026-01-01 02:48:00,0.3035336
2026-01-01 02:49:00,0.2822957
2026-01-01 02:50:00,0.24027035
2026-01-01 02:51:00,0.24735352
2026-01-01 02:52:00,0.21924281
2026-01-01 02:53:00,0.16372746
2026-01-01 02:54:00,0.111531794
2026-01-01 02:55:00,0.12234081
2026-01-01 02:56:00,0.18921912
2026-01-01 02:57:00,0.19454704
2026-01-01 02:58:00,0.18877731
2026-01-01 02:59:00,0.20004767
2026-01-01 03:00:00,0.25156286
2026-01-01 03:01:00,0.25578192
2026-01-01 03:02:00,0.23470038
2026-01-01 03:03:00,0.27621007
2026-01-01 03:04:00,0.28748655
2026-01-01 03:05:00,0.34230754
2026-01-01 03:06:00,0.33879045
2026-01-01 03:07:00,0.27938017
2026-01-01 03:08:00,0.21909656
2026-01-01 03:09:00,0.2845107
2026-01-01 03:10:00,0.3477047
2026-01-01 03:11:00,0.32981277
2026-01-01 03:12:00,0.30529708
2026-01-01 03:13:00,0.35661522
2026-01-01 03:14:00,0.30117214
2026-01-01 03:15:00,0.25873828
2026-01-01 03:16:00,0.28130004
2026-01-01 03:17:00,0.2606166
2026-01-01 03:18:00,0.25724274
2026-01-01 03:19:00,0.2478804
2026-01-01 03:20:00,0.25938135
2026-01-01 03:21:00,0.3128315
2026-01-01 03:22:00,0.30940223
2026-01-01 03:23:00,0.3284536
2026-01-01 03:24:00,0.23828834
2026-01-01 03:25:00,0.23546623
2026-01-01 03:26:00,0.20116112
2026-01-01 03:27:00,0.15464884
2026-01-01 03:28:00,0.12555574
2026-01-01 03:29:00,0.12062312
2026-01-01 03:30:00,0.16615817
2026-01-01 03:31:00,0.11843076
2026-01-01 03:32:00,0.12887488
2026-01-01 03:33:00,0.11796398
2026-01-01 03:34:00,0.114258565
2026-01-01 03:35:00,0.16413982
2026-01-01 03:36:00,0.47493365
2026-01-01 03:37:00,0.48115167
2026-01-01 03:38:00,0.43237135
2026-01-01 03:39:00,0.37009317
2026-01-01 03:40:00,0.3351851
2026-01-01 03:41:00,0.32461125
2026-01-01 03:42:00,0.31462762
2026-01-01 03:43:00,0.25697064
2026-01-01 03:44:00,0.2525476
2026-01-01 03:45:00,0.25533527
2026-01-01 03:46:00,0.3505885
2026-01-01 03:47:00,0.41352755
2026-01-01 03:48:00,0.36300564
2026-01-01 03:49:00,0.3398116
2026-01-01 03:50:00,0.27197924
2026-01-01 03:51:00,0.24494676
2026-01-01 03:52:00,0.256724
2026-01-01 03:53:00,0.30350682
2026-01-01 03:54:00,0.2694408
2026-01-01 03:55:00,0.24135081
2026-01-01 03:56:00,0.15600435
2026-01-01 03:57:00,0.15706703
2026-01-01 03:58:00,0.12223042
2026-01-01 03:59:00,0.1116583
2026-01-01 04:00:00,0.088179715
2026-01-01 04:01:00,0.09801659
2026-01-01 04:02:00,0.05
2026-01-01 04:03:00,0.05
2026-01-01 04:04:00,0.1058326
2026-01-01 04:05:00,0.06698665
2026-01-01 04:06:00,0.05
2026-01-01 04:07:00,0.13065025
2026-01-01 04:08:00,0.2578129
2026-01-01 04:09:00,0.21183033
2026-01-01 04:10:00,0.20175059
2026-01-01 04:11:00,0.22095957
2026-01-01 04:12:00,0.29420668
2026-01-01 04:13:00,0.25306013
2026-01-01 04:14:00,0.2449562
2026-01-01 04:15:00,0.27849245
2026-01-01 04:16:00,0.2957299
2026-01-01 04:17:00,0.2792382
2026-01-01 04:18:00,0.27384576
2026-01-01 04:19:00,0.21932836
2026-01-01 04:20:00,0.21472776
2026-01-01 04:21:00,0.20945327
2026-01-01 04:22:00,0.22462973
2026-01-01 04:23:00,0.20717898
2026-01-01 04:24:00,0.23228589
2026-01-01 04:25:00,0.27711847
2026-01-01 04:26:00,0.2841603
2026-01-01 04:27:00,0.29857937
2026-01-01 04:28:00,0.2999886
2026-01-01 04:29:00,0.29925022
2026-01-01 04:30:00,0.2697934
2026-01-01 04:31:00,0.2843036
2026-01-01 04:32:00,0.28119043
2026-01-01 04:33:00,0.3660334
2026-01-01 04:34:00,0.42338556
2026-01-01 04:35:00,0.42873862
2026-01-01 04:36:00,0.38779694
2026-01-01 04:37:00,0.3362463
2026-01-01 04:38:00,0.38105208
2026-01-01 04:39:00,0.38522804
2026-01-01 04:40:00,0.39785635
2026-01-01 04:41:00,0.3205762
2026-01-01 04:42:00,0.3564506
2026-01-01 04:43:00,0.37062576
2026-01-01 04:44:00,0.32116458
2026-01-01 04:45:00,0.30130848
2026-01-01 04:46:00,0.31254277
2026-01-01 04:47:00,0.31452075
2026-01-01 04:48:00,0.3026477
2026-01-01 04:49:00,0.2993648
2026-01-01 04:50:00,0.2904982
2026-01-01 04:51:00,0.29861602
2026-01-01 04:52:00,0.35893533
2026-01-01 04:53:00,0.2529971
2026-01-01 04:54:00,0.24882047
2026-01-01 04:55:00,0.261607
2026-01-01 04:56:00,0.2782446
2026-01-01 04:57:00,0.26692986
2026-01-01 04:58:00,0.20122328
2026-01-01 04:59:00,0.22425741
2026-01-01 05:00:00,0.30151874
2026-01-01 05:01:00,0.24224672
2026-01-01 05:02:00,0.28372028
2026-01-01 05:03:00,0.2742783
2026-01-01 05:04:00,0.27637646
2026-01-01 05:05:00,0.2387408
2026-01-01 05:06:00,0.2329509
2026-01-01 05:07:00,0.2931017
2026-01-01 05:08:00,0.31984255
2026-01-01 05:09:00,0.39052835
2026-01-01 05:10:00,0.43346152
2026-01-01 05:11:00,0.44352543
2026-01-01 05:12:00,0.5050768
2026-01-01 05:13:00,0.5096054
2026-01-01 05:14:00,0.5294306
2026-01-01 05:15:00,0.5027868
2026-01-01 05:16:00,0.49289888
2026-01-01 05:17:00,0.453343
2026-01-01 05:18:00,0.48453203
2026-01-01 05:19:00,0.42661074
2026-01-01 05:20:00,0.45184988
2026-01-01 05:21:00,0.4362506
2026-01-01 05:22:00,0.47647622
2026-01-01 05:23:00,0.4967699
2026-01-01 05:24:00,0.5583327
2026-01-01 05:25:00,0.57147723
2026-01-01 05:26:00,0.49155962
2026-01-01 05:27:00,0.5338783
2026-01-01 05:28:00,0.46762073
2026-01-01 05:29:00,0.4339151
2026-01-01 05:30:00,0.4850088
2026-01-01 05:31:00,0.49784246
2026-01-01 05:32:00,0.45684528
2026-01-01 05:33:00,0.4070919
2026-01-01 05:34:00,0.40365306
2026-01-01 05:35:00,0.35092345
2026-01-01 05:36:00,0.32458237
2026-01-01 05:37:00,0.33998322
2026-01-01 05:38:00,0.38815627
2026-01-01 05:39:00,0.41085562
2026-01-01 05:40:00,0.31595463
2026-01-01 05:41:00,0.33266953
2026-01-01 05:42:00,0.33893508
2026-01-01 05:43:00,0.3585414
2026-01-01 05:44:00,0.42482874
2026-01-01 05:45:00,0.33878294
2026-01-01 05:46:00,0.3186467
2026-01-01 05:47:00,0.34753624
2026-01-01 05:48:00,0.28734422
2026-01-01 05:49:00,0.35439503
2026-01-01 05:50:00,0.3719006
2026-01-01 05:51:00,0.4072547
2026-01-01 05:52:00,0.3831972
2026-01-01 05:53:00,0.4165687
2026-01-01 05:54:00,0.45757362
2026-01-01 05:55:00,0.46198812
2026-01-01 05:56:00,0.46622324
2026-01-01 05:57:00,0.4716695
2026-01-01 05:58:00,0.4314442
2026-01-01 05:59:00,0.4231809
2026-01-01 06:00:00,0.41548997
2026-01-01 06:01:00,0.42996183
2026-01-01 06:02:00,0.46804383
2026-01-01 06:03:00,0.4208555
2026-01-01 06:04:00,0.4148939
2026-01-01 06:05:00,0.4737784
2026-01-01 06:06:00,0.439061
2026-01-01 06:07:00,0.4040852
2026-01-01 06:08:00,0.86122787
2026-01-01 06:09:00,0.81454295
2026-01-01 06:10:00,0.7464535
2026-01-01 06:11:00,0.7432395
2026-01-01 06:12:00,0.72693217
2026-01-01 06:13:00,0.71589017
2026-01-01 06:14:00,0.6979826
2026-01-01 06:15:00,0.7555519
2026-01-01 06:16:00,0.7097674
2026-01-01 06:17:00,0.5978344
2026-01-01 06:18:00,0.6409283
2026-01-01 06:19:00,0.59956104
2026-01-01 06:20:00,0.58534753
2026-01-01 06:21:00,0.62135965
2026-01-01 06:22:00,0.5388766
2026-01-01 06:23:00,0.47774073
2026-01-01 06:24:00,0.40812472
2026-01-01 06:25:00,0.3768877
2026-01-01 06:26:00,0.3979508
2026-01-01 06:27:00,0.42110053
2026-01-01 06:28:00,0.43282175
2026-01-01 06:29:00,0.376343
2026-01-01 06:30:00,0.2887551
2026-01-01 06:31:00,0.30299118
2026-01-01 06:32:00,0.2952595
2026-01-01 06:33:00,0.32559088
2026-01-01 06:34:00,0.36338145
2026-01-01 06:35:00,0.37577096
2026-01-01 06:36:00,0.41220564
2026-01-01 06:37:00,0.4246411
2026-01-01 06:38:00,0.44826153
2026-01-01 06:39:00,0.42074302
2026-01-01 06:40:00,0.41656414
2026-01-01 06:41:00,0.4279071
2026-01-01 06:42:00,0.4634218
2026-01-01 06:43:00,0.44765112
2026-01-01 06:44:00,0.46986303
2026-01-01 06:45:00,0.45894077
2026-01-01 06:46:00,0.45494586
2026-01-01 06:47:00,0.48927364
2026-01-01 06:48:00,0.4080718
2026-01-01 06:49:00,0.36134875
2026-01-01 06:50:00,0.31105357
2026-01-01 06:51:00,0.23084289
2026-01-01 06:52:00,0.22338092
2026-01-01 06:53:00,0.2737413
2026-01-01 06:54:00,0.27881745
2026-01-01 06:55:00,0.3029116
2026-01-01 06:56:00,0.3608523
2026-01-01 06:57:00,0.42381337
2026-01-01 06:58:00,0.42598146
2026-01-01 06:59:00,0.48500183
2026-01-01 07:00:00,0.48895895
2026-01-01 07:01:00,0.45553523
2026-01-01 07:02:00,0.43462208
2026-01-01 07:03:00,0.38005325
2026-01-01 07:04:00,0.3536628
2026-01-01 07:05:00,0.350705
2026-01-01 07:06:00,0.39456466
2026-01-01 07:07:00,0.4717197
2026-01-01 07:08:00,0.4187011
2026-01-01 07:09:00,0.4410412
2026-01-01 07:10:00,0.40437603
2026-01-01 07:11:00,0.4313706
2026-01-01 07:12:00,0.4320911
2026-01-01 07:13:00,0.36487806
2026-01-01 07:14:00,0.41352707
2026-01-01 07:15:00,0.39706916
2026-01-01 07:16:00,0.3848888
2026-01-01 07:17:00,0.3523657
2026-01-01 07:18:00,0.33918014
2026-01-01 07:19:00,0.37045333
2026-01-01 07:20:00,0.37465617
2026-01-01 07:21:00,0.39935595
2026-01-01 07:22:00,0.42352706
2026-01-01 07:23:00,0.48423097
2026-01-01 07:24:00,0.47365755
2026-01-01 07:25:00,0.418684
2026-01-01 07:26:00,0.4699884
2026-01-01 07:27:00,0.46135688
2026-01-01 07:28:00,0.5113759
2026-01-01 07:29:00,0.5282616
2026-01-01 07:30:00,0.5233326
2026-01-01 07:31:00,0.53811115
2026-01-01 07:32:00,0.61591357
2026-01-01 07:33:00,0.6926472
2026-01-01 07:34:00,0.68305475
2026-01-01 07:35:00,0.67797863
2026-01-01 07:36:00,0.7100671
2026-01-01 07:37:00,0.6628289
2026-01-01 07:38:00,0.6666354
2026-01-01 07:39:00,0.6558964
2026-01-01 07:40:00,0.65972364
2026-01-01 07:41:00,0.61746985
2026-01-01 07:42:00,0.5484646
2026-01-01 07:43:00,0.46575916
2026-01-01 07:44:00,0.42801017
2026-01-01 07:45:00,0.41974536
2026-01-01 07:46:00,0.41887692
2026-01-01 07:47:00,0.50741065
2026-01-01 07:48:00,0.55572784
2026-01-01 07:49:00,0.51757187
2026-01-01 07:50:00,0.5349758
2026-01-01 07:51:00,0.5209114
2026-01-01 07:52:00,0.512996
2026-01-01 07:53:00,0.5246166
2026-01-01 07:54:00,0.55277646
2026-01-01 07:55:00,0.5404613
2026-01-01 07:56:00,0.58537066
2026-01-01 07:57:00,0.5385704
2026-01-01 07:58:00,0.5415599
2026-01-01 07:59:00,0.648078
2026-01-01 08:00:00,0.6512054
2026-01-01 08:01:00,0.7026022
2026-01-01 08:02:00,0.6963336
2026-01-01 08:03:00,0.71025074
2026-01-01 08:04:00,0.69766587
2026-01-01 08:05:00,0.68165654
2026-01-01 08:06:00,0.6426785
2026-01-01 08:07:00,0.65532345
2026-01-01 08:08:00,0.6157965
2026-01-01 08:09:00,0.6402297
2026-01-01 08:10:00,0.6796092
2026-01-01 08:11:00,0.68720084
2026-01-01 08:12:00,0.6681866
2026-01-01 08:13:00,0.68041444
2026-01-01 08:14:00,0.66127074
2026-01-01 08:15:00,0.69353944
2026-01-01 08:16:00,0.6126604
2026-01-01 08:17:00,0.5981953
2026-01-01 08:18:00,0.5187907
2026-01-01 08:19:00,0.4656799
2026-01-01 08:20:00,0.531286
2026-01-01 08:21:00,0.57300746
2026-01-01 08:22:00,0.5469153
2026-01-01 08:23:00,0.4917001
2026-01-01 08:24:00,0.38253146
2026-01-01 08:25:00,0.8952246
2026-01-01 08:26:00,0.917774
2026-01-01 08:27:00,0.86849916
2026-01-01 08:28:00,0.7911162
2026-01-01 08:29:00,0.76726663
2026-01-01 08:30:00,0.6695153
2026-01-01 08:31:00,0.63443905
2026-01-01 08:32:00,0.621594
2026-01-01 08:33:00,0.6052864
2026-01-01 08:34:00,0.62778383
2026-01-01 08:35:00,0.63264215
2026-01-01 08:36:00,0.6517239
2026-01-01 08:37:00,0.61639565
2026-01-01 08:38:00,0.6484954
2026-01-01 08:39:00,0.70823747
2026-01-01 08:40:00,0.6600474
2026-01-01 08:41:00,0.61969435
2026-01-01 08:42:00,0.6720882
2026-01-01 08:43:00,0.65969944
2026-01-01 08:44:00,0.7125322
2026-01-01 08:45:00,0.68765026
2026-01-01 08:46:00,0.74098116
2026-01-01 08:47:00,0.7373833
2026-01-01 08:48:00,0.73939127
2026-01-01 08:49:00,0.7937203
2026-01-01 08:50:00,0.766844
2026-01-01 08:51:00,0.7191265
2026-01-01 08:52:00,0.695097
2026-01-01 08:53:00,0.7091821
2026-01-01 08:54:00,0.6415629
2026-01-01 08:55:00,0.6676206
2026-01-01 08:56:00,0.6446753
2026-01-01 08:57:00,0.69115484
2026-01-01 08:58:00,0.5923541
2026-01-01 08:59:00,0.5658825
2026-01-01 09:00:00,0.50564647
2026-01-01 09:01:00,0.48475012
2026-01-01 09:02:00,0.5085903
2026-01-01 09:03:00,0.5135545
2026-01-01 09:04:00,0.51526093
2026-01-01 09:05:00,0.52070254
2026-01-01 09:06:00,0.5403144
2026-01-01 09:07:00,0.509982
2026-01-01 09:08:00,0.55079234
2026-01-01 09:09:00,0.58667034
2026-01-01 09:10:00,0.60867214
2026-01-01 09:11:00,0.635872
2026-01-01 09:12:00,0.65058905
2026-01-01 09:13:00,0.7337722
2026-01-01 09:14:00,0.72551066
2026-01-01 09:15:00,0.70920664
2026-01-01 09:16:00,0.6764448
2026-01-01 09:17:00,0.63524973
2026-01-01 09:18:00,0.58895665
2026-01-01 09:19:00,0.5606883
2026-01-01 09:20:00,0.56749994
2026-01-01 09:21:00,0.5900591
2026-01-01 09:22:00,0.59958047
2026-01-01 09:23:00,0.57576555
2026-01-01 09:24:00,0.62057686
2026-01-01 09:25:00,0.6554642
2026-01-01 09:26:00,0.65168935
2026-01-01 09:27:00,0.6285768
2026-01-01 09:28:00,0.65545756
2026-01-01 09:29:00,0.6658598
2026-01-01 09:30:00,0.61007553
2026-01-01 09:31:00,0.6140492
2026-01-01 09:32:00,0.63099456
2026-01-01 09:33:00,0.60020345
2026-01-01 09:34:00,0.6155453
2026-01-01 09:35:00,0.56396073
2026-01-01 09:36:00,0.6282305
2026-01-01 09:37:00,0.6839161
2026-01-01 09:38:00,0.67521447
2026-01-01 09:39:00,0.6919338
2026-01-01 09:40:00,0.59646606
2026-01-01 09:41:00,0.55886376
2026-01-01 09:42:00,0.5588571
2026-01-01 09:43:00,0.527801
2026-01-01 09:44:00,0.5707744
2026-01-01 09:45:00,0.6617092
2026-01-01 09:46:00,0.6184957
2026-01-01 09:47:00,0.59238786
2026-01-01 09:48:00,0.61136705
2026-01-01 09:49:00,0.68393624
2026-01-01 09:50:00,0.63744146
2026-01-01 09:51:00,0.6536033
2026-01-01 09:52:00,0.7314429
2026-01-01 09:53:00,0.6642129
2026-01-01 09:54:00,0.61726815
2026-01-01 09:55:00,0.6084563
2026-01-01 09:56:00,0.5965486
2026-01-01 09:57:00,0.63899904
2026-01-01 09:58:00,0.6552933
2026-01-01 09:59:00,0.5896961
2026-01-01 10:00:00,0.6210382
2026-01-01 10:01:00,0.60623103
2026-01-01 10:02:00,0.6667635
2026-01-01 10:03:00,0.6464471
2026-01-01 10:04:00,0.62746966
2026-01-01 10:05:00,0.65719444
2026-01-01 10:06:00,0.69348675
2026-01-01 10:07:00,0.7143559
2026-01-01 10:08:00,0.64828044
2026-01-01 10:09:00,0.67650855
2026-01-01 10:10:00,0.63965654
2026-01-01 10:11:00,0.65660745
2026-01-01 10:12:00,0.6059127
2026-01-01 10:13:00,0.6341461
2026-01-01 10:14:00,0.6100739
2026-01-01 10:15:00,0.56895554
2026-01-01 10:16:00,0.6110537
2026-01-01 10:17:00,0.63096535
2026-01-01 10:18:00,0.6151272
2026-01-01 10:19:00,0.6832298
2026-01-01 10:20:00,0.67027783
2026-01-01 10:21:00,0.67733896
2026-01-01 10:22:00,0.6933733
2026-01-01 10:23:00,0.6726473
2026-01-01 10:24:00,0.69727635
2026-01-01 10:25:00,0.679816
2026-01-01 10:26:00,0.6686891
2026-01-01 10:27:00,0.72948694
2026-01-01 10:28:00,0.68935484
2026-01-01 10:29:00,0.59760803
2026-01-01 10:30:00,0.6742116
2026-01-01 10:31:00,0.78228396
2026-01-01 10:32:00,0.76358765
2026-01-01 10:33:00,0.6851848
2026-01-01 10:34:00,0.6781682
2026-01-01 10:35:00,0.67274284
2026-01-01 10:36:00,0.6716624
2026-01-01 10:37:00,0.6337882
2026-01-01 10:38:00,0.6667199
2026-01-01 10:39:00,0.6948723
2026-01-01 10:40:00,0.6400729
2026-01-01 10:41:00,0.6774579
2026-01-01 10:42:00,0.76604754
2026-01-01 10:43:00,0.7723764
2026-01-01 10:44:00,0.75788236
2026-01-01 10:45:00,0.75241506
2026-01-01 10:46:00,0.7777294
2026-01-01 10:47:00,0.70723474
2026-01-01 10:48:00,0.71823496
2026-01-01 10:49:00,0.70621324
2026-01-01 10:50:00,0.7847366
2026-01-01 10:51:00,0.7761494
2026-01-01 10:52:00,0.8419823
2026-01-01 10:53:00,0.7917337
2026-01-01 10:54:00,0.8131947
2026-01-01 10:55:00,0.8222736
2026-01-01 10:56:00,0.78313696
2026-01-01 10:57:00,0.78903717
2026-01-01 10:58:00,0.8359179
2026-01-01 10:59:00,0.8176428
2026-01-01 11:00:00,0.7461495
2026-01-01 11:01:00,0.7473977
2026-01-01 11:02:00,0.71319723
2026-01-01 11:03:00,0.70418113
2026-01-01 11:04:00,0.70636094
2026-01-01 11:05:00,0.64344776
2026-01-01 11:06:00,0.58921087
2026-01-01 11:07:00,0.62326485
2026-01-01 11:08:00,0.61444557
2026-01-01 11:09:00,0.5246927
2026-01-01 11:10:00,0.57614505
2026-01-01 11:11:00,0.60302305
2026-01-01 11:12:00,0.5883414
2026-01-01 11:13:00,0.55075586
2026-01-01 11:14:00,0.60232204
2026-01-01 11:15:00,0.63034344
2026-01-01 11:16:00,0.7374914
2026-01-01 11:17:00,0.7576088
2026-01-01 11:18:00,0.7748546
2026-01-01 11:19:00,0.76857215
2026-01-01 11:20:00,0.80217665
2026-01-01 11:21:00,0.82546085
2026-01-01 11:22:00,0.87198305
2026-01-01 11:23:00,0.8438962
2026-01-01 11:24:00,0.821527
2026-01-01 11:25:00,0.7992331
2026-01-01 11:26:00,0.82955194
2026-01-01 11:27:00,0.88578075
2026-01-01 11:28:00,0.8592547
2026-01-01 11:29:00,0.8362449
2026-01-01 11:30:00,0.8446609
2026-01-01 11:31:00,0.8300405
2026-01-01 11:32:00,0.86453235
2026-01-01 11:33:00,0.76814103
2026-01-01 11:34:00,0.7364928
2026-01-01 11:35:00,0.70917636
2026-01-01 11:36:00,0.6225555
2026-01-01 11:37:00,0.5971604
2026-01-01 11:38:00,0.57576305
2026-01-01 11:39:00,0.5846658
2026-01-01 11:40:00,0.645445
2026-01-01 11:41:00,0.64706606
2026-01-01 11:42:00,0.61715204
2026-01-01 11:43:00,0.62860984
2026-01-01 11:44:00,0.6834198
2026-01-01 11:45:00,0.6528629
2026-01-01 11:46:00,0.6273886
2026-01-01 11:47:00,0.6627394
2026-01-01 11:48:00,0.6640804
2026-01-01 11:49:00,0.7000961
2026-01-01 11:50:00,0.7068059
2026-01-01 11:51:00,0.7416114
2026-01-01 11:52:00,0.7041825
2026-01-01 11:53:00,0.7106867
2026-01-01 11:54:00,0.7087449
2026-01-01 11:55:00,0.66676843
2026-01-01 11:56:00,0.6142642
2026-01-01 11:57:00,0.65594643
2026-01-01 11:58:00,0.6528425
2026-01-01 11:59:00,0.62314975
2026-01-01 12:00:00,0.632892
2026-01-01 12:01:00,0.6908378
2026-01-01 12:02:00,0.60781205
2026-01-01 12:03:00,0.5628063
2026-01-01 12:04:00,0.5443646
2026-01-01 12:05:00,0.6227737
2026-01-01 12:06:00,0.64777887
2026-01-01 12:07:00,0.6901847
2026-01-01 12:08:00,0.65291035
2026-01-01 12:09:00,0.61945385
2026-01-01 12:10:00,0.6513782
2026-01-01 12:11:00,0.66517687
2026-01-01 12:12:00,0.69749963
2026-01-01 12:13:00,0.69778895
2026-01-01 12:14:00,0.7166961
2026-01-01 12:15:00,0.72929746
2026-01-01 12:16:00,0.765684
2026-01-01 12:17:00,0.80033606
2026-01-01 12:18:00,0.735147
2026-01-01 12:19:00,0.650083
2026-01-01 12:20:00,0.70179
2026-01-01 12:21:00,0.7568043
2026-01-01 12:22:00,0.71908784
2026-01-01 12:23:00,0.6508239
2026-01-01 12:24:00,0.66637915
2026-01-01 12:25:00,0.7139649
2026-01-01 12:26:00,0.7924162
2026-01-01 12:27:00,0.81334126
2026-01-01 12:28:00,0.79707295
2026-01-01 12:29:00,0.76125026
2026-01-01 12:30:00,0.76447684
2026-01-01 12:31:00,0.7550163
2026-01-01 12:32:00,0.7176797
2026-01-01 12:33:00,0.8058816
2026-01-01 12:34:00,0.87648207
2026-01-01 12:35:00,0.9154673
2026-01-01 12:36:00,0.869055
2026-01-01 12:37:00,0.897387
2026-01-01 12:38:00,0.91483295
2026-01-01 12:39:00,0.92299557
2026-01-01 12:40:00,0.96278507
2026-01-01 12:41:00,0.9748143
2026-01-01 12:42:00,0.98
2026-01-01 12:43:00,0.98
2026-01-01 12:44:00,0.98
2026-01-01 12:45:00,0.9096995
2026-01-01 12:46:00,0.903871
2026-01-01 12:47:00,0.8729078
2026-01-01 12:48:00,0.8154668
2026-01-01 12:49:00,0.88107795
2026-01-01 12:50:00,0.94331735
2026-01-01 12:51:00,0.98
2026-01-01 12:52:00,0.98
2026-01-01 12:53:00,0.98
2026-01-01 12:54:00,0.98
2026-01-01 12:55:00,0.98
2026-01-01 12:56:00,0.93390346
2026-01-01 12:57:00,0.93855274
2026-01-01 12:58:00,0.92935187
2026-01-01 12:59:00,0.86635107
2026-01-01 13:00:00,0.8584334
2026-01-01 13:01:00,0.8499924
2026-01-01 13:02:00,0.91730225
2026-01-01 13:03:00,0.9430768
2026-01-01 13:04:00,0.9314616
2026-01-01 13:05:00,0.9302517
2026-01-01 13:06:00,0.92093754
2026-01-01 13:07:00,0.9024648
2026-01-01 13:08:00,0.85027033
2026-01-01 13:09:00,0.8394867
2026-01-01 13:10:00,0.8057439
2026-01-01 13:11:00,0.75451106
2026-01-01 13:12:00,0.77781725
2026-01-01 13:13:00,0.79443896
2026-01-01 13:14:00,0.7225899
2026-01-01 13:15:00,0.723027
2026-01-01 13:16:00,0.7681413
2026-01-01 13:17:00,0.8121637
2026-01-01 13:18:00,0.8513046
2026-01-01 13:19:00,0.84781253
2026-01-01 13:20:00,0.8092162
2026-01-01 13:21:00,0.7641357
2026-01-01 13:22:00,0.77976745
2026-01-01 13:23:00,0.7955089
2026-01-01 13:24:00,0.8462858
2026-01-01 13:25:00,0.8854786
2026-01-01 13:26:00,0.8722194
2026-01-01 13:27:00,0.8155129
2026-01-01 13:28:00,0.8003175
2026-01-01 13:29:00,0.8077614
2026-01-01 13:30:00,0.79780674
2026-01-01 13:31:00,0.77358514
2026-01-01 13:32:00,0.78450096
2026-01-01 13:33:00,0.7642378
2026-01-01 13:34:00,0.7405989
2026-01-01 13:35:00,0.7563989
2026-01-01 13:36:00,0.7423636
2026-01-01 13:37:00,0.7552609
2026-01-01 13:38:00,0.7682558
2026-01-01 13:39:00,0.7236707
2026-01-01 13:40:00,0.7089444
2026-01-01 13:41:00,0.7721207
2026-01-01 13:42:00,0.7262121
2026-01-01 13:43:00,0.64575595
2026-01-01 13:44:00,0.58189094
2026-01-01 13:45:00,0.98
2026-01-01 13:46:00,0.98
2026-01-01 13:47:00,0.98
2026-01-01 13:48:00,0.98
2026-01-01 13:49:00,0.98
2026-01-01 13:50:00,0.95174253
2026-01-01 13:51:00,0.96638584
2026-01-01 13:52:00,0.87830687
2026-01-01 13:53:00,0.83211976
2026-01-01 13:54:00,0.77873594
2026-01-01 13:55:00,0.7272623
2026-01-01 13:56:00,0.7053257
2026-01-01 13:57:00,0.757496
2026-01-01 13:58:00,0.82368594
2026-01-01 13:59:00,0.7991127
2026-01-01 14:00:00,0.8673378
2026-01-01 14:01:00,0.8562947
2026-01-01 14:02:00,0.91564536
2026-01-01 14:03:00,0.89700365
2026-01-01 14:04:00,0.8893394
2026-01-01 14:05:00,0.89207536
2026-01-01 14:06:00,0.98
2026-01-01 14:07:00,0.98
2026-01-01 14:08:00,0.9708622
2026-01-01 14:09:00,0.98
2026-01-01 14:10:00,0.95864564
2026-01-01 14:11:00,0.92278045
2026-01-01 14:12:00,0.9457806
2026-01-01 14:13:00,0.9318809
2026-01-01 14:14:00,0.92901623
2026-01-01 14:15:00,0.9158061
2026-01-01 14:16:00,0.91655385
2026-01-01 14:17:00,0.9207644
2026-01-01 14:18:00,0.8301399
2026-01-01 14:19:00,0.8508792
2026-01-01 14:20:00,0.8039823
2026-01-01 14:21:00,0.74238795
2026-01-01 14:22:00,0.7410345
2026-01-01 14:23:00,0.7454395
2026-01-01 14:24:00,0.7183444
2026-01-01 14:25:00,0.7543476
2026-01-01 14:26:00,0.7004894
2026-01-01 14:27:00,0.6882945
2026-01-01 14:28:00,0.6699016
2026-01-01 14:29:00,0.674454
2026-01-01 14:30:00,0.69160134
2026-01-01 14:31:00,0.6558466
2026-01-01 14:32:00,0.69217825
2026-01-01 14:33:00,0.6990902
2026-01-01 14:34:00,0.6271884
2026-01-01 14:35:00,0.5583093
2026-01-01 14:36:00,0.57272714
2026-01-01 14:37:00,0.68321604
2026-01-01 14:38:00,0.6733029
2026-01-01 14:39:00,0.6690353
2026-01-01 14:40:00,0.676743
2026-01-01 14:41:00,0.71392846
2026-01-01 14:42:00,0.66676915
2026-01-01 14:43:00,0.6217387
2026-01-01 14:44:00,0.5840921
2026-01-01 14:45:00,0.6052549
2026-01-01 14:46:00,0.66336936
2026-01-01 14:47:00,0.6501007
2026-01-01 14:48:00,0.5553262
2026-01-01 14:49:00,0.5002311
2026-01-01 14:50:00,0.4845234
2026-01-01 14:51:00,0.48118702
2026-01-01 14:52:00,0.48416138
2026-01-01 14:53:00,0.50482035
2026-01-01 14:54:00,0.5098355
2026-01-01 14:55:00,0.56889683
2026-01-01 14:56:00,0.55420816
2026-01-01 14:57:00,0.5332194
2026-01-01 14:58:00,0.56752425
2026-01-01 14:59:00,0.51846236
2026-01-01 15:00:00,0.55029005
2026-01-01 15:01:00,0.5680315
2026-01-01 15:02:00,0.5742944
2026-01-01 15:03:00,0.6494216
2026-01-01 15:04:00,0.63005227
2026-01-01 15:05:00,0.7194629
2026-01-01 15:06:00,0.71021914
2026-01-01 15:07:00,0.6595771
2026-01-01 15:08:00,0.66678745
2026-01-01 15:09:00,0.6274965
2026-01-01 15:10:00,0.604249
2026-01-01 15:11:00,0.6287324
2026-01-01 15:12:00,0.65751725
2026-01-01 15:13:00,0.6368067
2026-01-01 15:14:00,0.68205225
2026-01-01 15:15:00,0.7303978
2026-01-01 15:16:00,0.7859422
2026-01-01 15:17:00,0.80068153
2026-01-01 15:18:00,0.84751564
2026-01-01 15:19:00,0.7607466
2026-01-01 15:20:00,0.74334675
2026-01-01 15:21:00,0.7052863
2026-01-01 15:22:00,0.70963085
2026-01-01 15:23:00,0.68591106
2026-01-01 15:24:00,0.6802102
2026-01-01 15:25:00,0.75680774
2026-01-01 15:26:00,0.7451104
2026-01-01 15:27:00,0.7575974
2026-01-01 15:28:00,0.7431505
2026-01-01 15:29:00,0.87507033
2026-01-01 15:30:00,0.84727204
2026-01-01 15:31:00,0.8416897
2026-01-01 15:32:00,0.8671016
2026-01-01 15:33:00,0.91127855
2026-01-01 15:34:00,0.89963466
2026-01-01 15:35:00,0.90110564
2026-01-01 15:36:00,0.8336335
2026-01-01 15:37:00,0.8147093
2026-01-01 15:38:00,0.83892494
2026-01-01 15:39:00,0.85862184
2026-01-01 15:40:00,0.8508715
2026-01-01 15:41:00,0.8709626
2026-01-01 15:42:00,0.87379175
2026-01-01 15:43:00,0.9048975
2026-01-01 15:44:00,0.89715797
2026-01-01 15:45:00,0.86428326
2026-01-01 15:46:00,0.8617208
2026-01-01 15:47:00,0.72870415
2026-01-01 15:48:00,0.7388479
2026-01-01 15:49:00,0.5868928
2026-01-01 15:50:00,0.52404404
2026-01-01 15:51:00,0.5531741
2026-01-01 15:52:00,0.5809372
2026-01-01 15:53:00,0.5408069
2026-01-01 15:54:00,0.52182007
2026-01-01 15:55:00,0.58757293
2026-01-01 15:56:00,0.57379365
2026-01-01 15:57:00,0.6701022
2026-01-01 15:58:00,0.66881704
2026-01-01 15:59:00,0.683935
2026-01-01 16:00:00,0.74609697
2026-01-01 16:01:00,0.74375033
2026-01-01 16:02:00,0.6961532
2026-01-01 16:03:00,0.68796384
2026-01-01 16:04:00,0.6832884
2026-01-01 16:05:00,0.6257148
2026-01-01 16:06:00,0.61699563
2026-01-01 16:07:00,0.5894109
2026-01-01 16:08:00,0.6305855
2026-01-01 16:09:00,0.6327662
2026-01-01 16:10:00,0.62196535
2026-01-01 16:11:00,0.6189817
2026-01-01 16:12:00,0.6292971
2026-01-01 16:13:00,0.65442246
2026-01-01 16:14:00,0.6127638
2026-01-01 16:15:00,0.5726494
2026-01-01 16:16:00,0.62148094
2026-01-01 16:17:00,0.605611
2026-01-01 16:18:00,0.55071574
2026-01-01 16:19:00,0.57452303
2026-01-01 16:20:00,0.5970925
2026-01-01 16:21:00,0.53797704
2026-01-01 16:22:00,0.5538823
2026-01-01 16:23:00,0.5886424
2026-01-01 16:24:00,0.6060567
2026-01-01 16:25:00,0.6322642
2026-01-01 16:26:00,0.5748071
2026-01-01 16:27:00,0.59124076
2026-01-01 16:28:00,0.5808947
2026-01-01 16:29:00,0.5640506
2026-01-01 16:30:00,0.6025685
2026-01-01 16:31:00,0.6622341
2026-01-01 16:32:00,0.7296103
2026-01-01 16:33:00,0.7722936
2026-01-01 16:34:00,0.7544599
2026-01-01 16:35:00,0.75643003
2026-01-01 16:36:00,0.7746854
2026-01-01 16:37:00,0.7655329
2026-01-01 16:38:00,0.7573741
2026-01-01 16:39:00,0.7774653
2026-01-01 16:40:00,0.7605052
2026-01-01 16:41:00,0.71797884
2026-01-01 16:42:00,0.691324
2026-01-01 16:43:00,0.7086134
2026-01-01 16:44:00,0.6991592
2026-01-01 16:45:00,0.70382595
2026-01-01 16:46:00,0.7211898
2026-01-01 16:47:00,0.69524306
2026-01-01 16:48:00,0.7164908
2026-01-01 16:49:00,0.72081727
2026-01-01 16:50:00,0.660126
2026-01-01 16:51:00,0.711249
2026-01-01 16:52:00,0.68043417
2026-01-01 16:53:00,0.6057843
2026-01-01 16:54:00,0.56138206
2026-01-01 16:55:00,0.5213651
2026-01-01 16:56:00,0.5273513
2026-01-01 16:57:00,0.5196905
2026-01-01 16:58:00,0.50999576
2026-01-01 16:59:00,0.5392103
2026-01-01 17:00:00,0.5547667
2026-01-01 17:01:00,0.56799734
2026-01-01 17:02:00,0.5837924
2026-01-01 17:03:00,0.6064475
2026-01-01 17:04:00,0.5181979
2026-01-01 17:05:00,0.5066198
2026-01-01 17:06:00,0.42320794
2026-01-01 17:07:00,0.4349904
2026-01-01 17:08:00,0.44407296
2026-01-01 17:09:00,0.4943057
2026-01-01 17:10:00,0.546074
2026-01-01 17:11:00,0.5541762
2026-01-01 17:12:00,0.5333745
2026-01-01 17:13:00,0.5535273
2026-01-01 17:14:00,0.53141403
2026-01-01 17:15:00,0.532
2026-01-01 17:16:00,0.5719092
2026-01-01 17:17:00,0.54673827
2026-01-01 17:18:00,0.5779876
2026-01-01 17:19:00,0.6014745
2026-01-01 17:20:00,0.5576631
2026-01-01 17:21:00,0.5943723
2026-01-01 17:22:00,0.6169998
2026-01-01 17:23:00,0.6138194
2026-01-01 17:24:00,0.5761914
2026-01-01 17:25:00,0.53756607
2026-01-01 17:26:00,0.5147601
2026-01-01 17:27:00,0.5368564
2026-01-01 17:28:00,0.49712366
2026-01-01 17:29:00,0.51616234
2026-01-01 17:30:00,0.4663744
2026-01-01 17:31:00,0.46194407
2026-01-01 17:32:00,0.47028387
2026-01-01 17:33:00,0.5712427
2026-01-01 17:34:00,0.51109385
2026-01-01 17:35:00,0.56959695
2026-01-01 17:36:00,0.5703996
2026-01-01 17:37:00,0.58145785
2026-01-01 17:38:00,0.57978505
2026-01-01 17:39:00,0.59116775
2026-01-01 17:40:00,0.57756984
2026-01-01 17:41:00,0.6292356
2026-01-01 17:42:00,0.60021365
2026-01-01 17:43:00,0.63692796
2026-01-01 17:44:00,0.5995074
2026-01-01 17:45:00,0.5883113
2026-01-01 17:46:00,0.5374087
2026-01-01 17:47:00,0.55152404
2026-01-01 17:48:00,0.6039804
2026-01-01 17:49:00,0.5912072
2026-01-01 17:50:00,0.5745408
2026-01-01 17:51:00,0.5223647
2026-01-01 17:52:00,0.5096417
2026-01-01 17:53:00,0.44326276
2026-01-01 17:54:00,0.40925694
2026-01-01 17:55:00,0.42342433
2026-01-01 17:56:00,0.48001367
2026-01-01 17:57:00,0.59155
2026-01-01 17:58:00,0.5581978
2026-01-01 17:59:00,0.6082555
2026-01-01 18:00:00,0.606513
2026-01-01 18:01:00,0.5889763
2026-01-01 18:02:00,0.5960626
2026-01-01 18:03:00,0.5876214
2026-01-01 18:04:00,0.5816611
2026-01-01 18:05:00,0.5552951
2026-01-01 18:06:00,0.4913139
2026-01-01 18:07:00,0.42649728
2026-01-01 18:08:00,0.45460758
2026-01-01 18:09:00,0.44313806
2026-01-01 18:10:00,0.4196775
2026-01-01 18:11:00,0.42214456
2026-01-01 18:12:00,0.4557384
2026-01-01 18:13:00,0.4619292
2026-01-01 18:14:00,0.43403524
2026-01-01 18:15:00,0.48353407
2026-01-01 18:16:00,0.5430562
2026-01-01 18:17:00,0.55429894
2026-01-01 18:18:00,0.5836743
2026-01-01 18:19:00,0.62129927
2026-01-01 18:20:00,0.65130776
2026-01-01 18:21:00,0.6581436
2026-01-01 18:22:00,0.66367066
2026-01-01 18:23:00,0.66547644
2026-01-01 18:24:00,0.6023263
2026-01-01 18:25:00,0.6160192
2026-01-01 18:26:00,0.5462239
2026-01-01 18:27:00,0.5043297
2026-01-01 18:28:00,0.5495826
2026-01-01 18:29:00,0.5725507
2026-01-01 18:30:00,0.6194379
2026-01-01 18:31:00,0.59208065
2026-01-01 18:32:00,0.53155875
2026-01-01 18:33:00,0.5122209
2026-01-01 18:34:00,0.5079988
2026-01-01 18:35:00,0.5030631
2026-01-01 18:36:00,0.5405802
2026-01-01 18:37:00,0.51516855
2026-01-01 18:38:00,0.5201928
2026-01-01 18:39:00,0.47105962
2026-01-01 18:40:00,0.48328602
2026-01-01 18:41:00,0.47651735
2026-01-01 18:42:00,0.44004488
2026-01-01 18:43:00,0.42692134
2026-01-01 18:44:00,0.41678584
2026-01-01 18:45:00,0.40389422
2026-01-01 18:46:00,0.4735662
2026-01-01 18:47:00,0.4627456
2026-01-01 18:48:00,0.44684553
2026-01-01 18:49:00,0.35794842
2026-01-01 18:50:00,0.32416615
2026-01-01 18:51:00,0.31820542
2026-01-01 18:52:00,0.2956842
2026-01-01 18:53:00,0.35754117
2026-01-01 18:54:00,0.3524581
2026-01-01 18:55:00,0.40579152
2026-01-01 18:56:00,0.40566352
2026-01-01 18:57:00,0.40444177
2026-01-01 18:58:00,0.39815214
2026-01-01 18:59:00,0.395945
2026-01-01 19:00:00,0.46239027
2026-01-01 19:01:00,0.36185983
2026-01-01 19:02:00,0.28197086
2026-01-01 19:03:00,0.2666847
2026-01-01 19:04:00,0.27480638
2026-01-01 19:05:00,0.30917865
2026-01-01 19:06:00,0.331998
2026-01-01 19:07:00,0.31857634
2026-01-01 19:08:00,0.36223808
2026-01-01 19:09:00,0.40273142
2026-01-01 19:10:00,0.40601853
2026-01-01 19:11:00,0.44006565
2026-01-01 19:12:00,0.4436679
2026-01-01 19:13:00,0.41349643
2026-01-01 19:14:00,0.43599066
2026-01-01 19:15:00,0.43307745
2026-01-01 19:16:00,0.42590693
2026-01-01 19:17:00,0.47805554
2026-01-01 19:18:00,0.3689604
2026-01-01 19:19:00,0.30980197
2026-01-01 19:20:00,0.26448262
2026-01-01 19:21:00,0.2556234
2026-01-01 19:22:00,0.25170156
2026-01-01 19:23:00,0.19786765
2026-01-01 19:24:00,0.16911034
2026-01-01 19:25:00,0.14750981
2026-01-01 19:26:00,0.26025182
2026-01-01 19:27:00,0.33763143
2026-01-01 19:28:00,0.32016557
2026-01-01 19:29:00,0.30590856
2026-01-01 19:30:00,0.26125255
2026-01-01 19:31:00,0.18969761
2026-01-01 19:32:00,0.19540304
2026-01-01 19:33:00,0.16529949
2026-01-01 19:34:00,0.17401099
2026-01-01 19:35:00,0.12129843
2026-01-01 19:36:00,0.10621955
2026-01-01 19:37:00,0.12865886
2026-01-01 19:38:00,0.15789449
2026-01-01 19:39:00,0.1867303
2026-01-01 19:40:00,0.14362971
2026-01-01 19:41:00,0.19087346
2026-01-01 19:42:00,0.16803147
2026-01-01 19:43:00,0.20422967
2026-01-01 19:44:00,0.21168259
2026-01-01 19:45:00,0.16380012
2026-01-01 19:46:00,0.16204704
2026-01-01 19:47:00,0.18758826
2026-01-01 19:48:00,0.2208822
2026-01-01 19:49:00,0.2212469
2026-01-01 19:50:00,0.28838584
2026-01-01 19:51:00,0.32907608
2026-01-01 19:52:00,0.31583807
2026-01-01 19:53:00,0.3438241
2026-01-01 19:54:00,0.41681242
2026-01-01 19:55:00,0.4849241
2026-01-01 19:56:00,0.41994265
2026-01-01 19:57:00,0.3721139
2026-01-01 19:58:00,0.42446554
2026-01-01 19:59:00,0.37079743
2026-01-01 20:00:00,0.3107491
2026-01-01 20:01:00,0.28885576
2026-01-01 20:02:00,0.3048683
2026-01-01 20:03:00,0.29859295
2026-01-01 20:04:00,0.27079138
2026-01-01 20:05:00,0.24416685
2026-01-01 20:06:00,0.21804658
2026-01-01 20:07:00,0.18722871
2026-01-01 20:08:00,0.28522208
2026-01-01 20:09:00,0.29591167
2026-01-01 20:10:00,0.32921696
2026-01-01 20:11:00,0.30472577
2026-01-01 20:12:00,0.2942205
2026-01-01 20:13:00,0.26335403
2026-01-01 20:14:00,0.15733337
2026-01-01 20:15:00,0.11064544
2026-01-01 20:16:00,0.05029168
2026-01-01 20:17:00,0.05
2026-01-01 20:18:00,0.05
2026-01-01 20:19:00,0.05
2026-01-01 20:20:00,0.05
2026-01-01 20:21:00,0.11416346
2026-01-01 20:22:00,0.14182264
2026-01-01 20:23:00,0.18203872
2026-01-01 20:24:00,0.15160629
2026-01-01 20:25:00,0.18050985
2026-01-01 20:26:00,0.21519955
2026-01-01 20:27:00,0.19480796
2026-01-01 20:28:00,0.221404
2026-01-01 20:29:00,0.24604748
2026-01-01 20:30:00,0.22399954
2026-01-01 20:31:00,0.18069693
2026-01-01 20:32:00,0.1383147
2026-01-01 20:33:00,0.15005942
2026-01-01 20:34:00,0.1703962
2026-01-01 20:35:00,0.14423652
2026-01-01 20:36:00,0.15284641
2026-01-01 20:37:00,0.1824384
2026-01-01 20:38:00,0.21148244
2026-01-01 20:39:00,0.27546424
2026-01-01 20:40:00,0.3232457
2026-01-01 20:41:00,0.27598837
2026-01-01 20:42:00,0.3398218
2026-01-01 20:43:00,0.30988154
2026-01-01 20:44:00,0.3452865
2026-01-01 20:45:00,0.3387
2026-01-01 20:46:00,0.31335187
2026-01-01 20:47:00,0.23412703
2026-01-01 20:48:00,0.22660328
2026-01-01 20:49:00,0.16408692
2026-01-01 20:50:00,0.20755789
2026-01-01 20:51:00,0.26945007
2026-01-01 20:52:00,0.23376237
2026-01-01 20:53:00,0.24480502
2026-01-01 20:54:00,0.21379031
2026-01-01 20:55:00,0.18905404
2026-01-01 20:56:00,0.2223373
2026-01-01 20:57:00,0.2203585
2026-01-01 20:58:00,0.28958783
2026-01-01 20:59:00,0.26432642
2026-01-01 21:00:00,0.300272
2026-01-01 21:01:00,0.29718873
2026-01-01 21:02:00,0.3222109
2026-01-01 21:03:00,0.2954386
2026-01-01 21:04:00,0.28663713
2026-01-01 21:05:00,0.27582777
2026-01-01 21:06:00,0.23698689
2026-01-01 21:07:00,0.26110533
2026-01-01 21:08:00,0.28274798
2026-01-01 21:09:00,0.30031887
2026-01-01 21:10:00,0.35414842
2026-01-01 21:11:00,0.40009513
2026-01-01 21:12:00,0.36932337
2026-01-01 21:13:00,0.3708625
2026-01-01 21:14:00,0.33234212
2026-01-01 21:15:00,0.3227118
2026-01-01 21:16:00,0.28885838
2026-01-01 21:17:00,0.3464372
2026-01-01 21:18:00,0.34908634
2026-01-01 21:19:00,0.32818654
2026-01-01 21:20:00,0.36535713
2026-01-01 21:21:00,0.2649177
2026-01-01 21:22:00,0.17870735
2026-01-01 21:23:00,0.21172537
2026-01-01 21:24:00,0.2126215
2026-01-01 21:25:00,0.22097985
2026-01-01 21:26:00,0.16553113
2026-01-01 21:27:00,0.16658053
2026-01-01 21:28:00,0.24855189
2026-01-01 21:29:00,0.2767298
2026-01-01 21:30:00,0.27641088
2026-01-01 21:31:00,0.25170463
2026-01-01 21:32:00,0.23069215
2026-01-01 21:33:00,0.14191416
2026-01-01 21:34:00,0.15565088
2026-01-01 21:35:00,0.1917418
2026-01-01 21:36:00,0.12804121
2026-01-01 21:37:00,0.10594509
2026-01-01 21:38:00,0.06571553
2026-01-01 21:39:00,0.05
2026-01-01 21:40:00,0.05
2026-01-01 21:41:00,0.05
2026-01-01 21:42:00,0.05
2026-01-01 21:43:00,0.06070221
2026-01-01 21:44:00,0.060000874
2026-01-01 21:45:00,0.05
2026-01-01 21:46:00,0.05
2026-01-01 21:47:00,0.05
2026-01-01 21:48:00,0.05
2026-01-01 21:49:00,0.05
2026-01-01 21:50:00,0.05
2026-01-01 21:51:00,0.05
2026-01-01 21:52:00,0.05
2026-01-01 21:53:00,0.05
2026-01-01 21:54:00,0.05
2026-01-01 21:55:00,0.09957509
2026-01-01 21:56:00,0.09704816
2026-01-01 21:57:00,0.11783227
2026-01-01 21:58:00,0.06245954
2026-01-01 21:59:00,0.11848572
2026-01-01 22:00:00,0.09194369
2026-01-01 22:01:00,0.07546644
2026-01-01 22:02:00,0.081799306
2026-01-01 22:03:00,0.05
2026-01-01 22:04:00,0.05
2026-01-01 22:05:00,0.094312795
2026-01-01 22:06:00,0.11155643
2026-01-01 22:07:00,0.05210125
2026-01-01 22:08:00,0.055960383
2026-01-01 22:09:00,0.09409913
2026-01-01 22:10:00,0.05
2026-01-01 22:11:00,0.05
2026-01-01 22:12:00,0.05
2026-01-01 22:13:00,0.06103553
2026-01-01 22:14:00,0.08534673
2026-01-01 22:15:00,0.16557144
2026-01-01 22:16:00,0.18369843
2026-01-01 22:17:00,0.20790704
2026-01-01 22:18:00,0.31225204
2026-01-01 22:19:00,0.29122674
2026-01-01 22:20:00,0.24848002
2026-01-01 22:21:00,0.25814033
2026-01-01 22:22:00,0.26743615
2026-01-01 22:23:00,0.23732108
2026-01-01 22:24:00,0.18934941
2026-01-01 22:25:00,0.278867
2026-01-01 22:26:00,0.2818655
2026-01-01 22:27:00,0.24222173
2026-01-01 22:28:00,0.27164128
2026-01-01 22:29:00,0.25766787
2026-01-01 22:30:00,0.23902698
2026-01-01 22:31:00,0.25444803
2026-01-01 22:32:00,0.19443412
2026-01-01 22:33:00,0.20496708
2026-01-01 22:34:00,0.27703634
2026-01-01 22:35:00,0.2854352
2026-01-01 22:36:00,0.25943324
2026-01-01 22:37:00,0.2302428
2026-01-01 22:38:00,0.20722577
2026-01-01 22:39:00,0.19227314
2026-01-01 22:40:00,0.17353137
2026-01-01 22:41:00,0.20802249
2026-01-01 22:42:00,0.13374275
2026-01-01 22:43:00,0.16918345
2026-01-01 22:44:00,0.15209152
2026-01-01 22:45:00,0.16660286
2026-01-01 22:46:00,0.11976684
2026-01-01 22:47:00,0.17487384
2026-01-01 22:48:00,0.22222425
2026-01-01 22:49:00,0.2543171
2026-01-01 22:50:00,0.18484136
2026-01-01 22:51:00,0.2146518
2026-01-01 22:52:00,0.22508028
2026-01-01 22:53:00,0.15424335
2026-01-01 22:54:00,0.1522867
2026-01-01 22:55:00,0.16601461
2026-01-01 22:56:00,0.18628111
2026-01-01 22:57:00,0.18974936
2026-01-01 22:58:00,0.19747499
2026-01-01 22:59:00,0.2518542
2026-01-01 23:00:00,0.29195687
2026-01-01 23:01:00,0.16510504
2026-01-01 23:02:00,0.15036371
2026-01-01 23:03:00,0.14289132
2026-01-01 23:04:00,0.072497346
2026-01-01 23:05:00,0.081565104
2026-01-01 23:06:00,0.13606979
2026-01-01 23:07:00,0.09278086
2026-01-01 23:08:00,0.10985398
2026-01-01 23:09:00,0.07545289
2026-01-01 23:10:00,0.053541347
2026-01-01 23:11:00,0.11933638
2026-01-01 23:12:00,0.09905159
2026-01-01 23:13:00,0.120562635
2026-01-01 23:14:00,0.05
2026-01-01 23:15:00,0.12864347
2026-01-01 23:16:00,0.15335394
2026-01-01 23:17:00,0.14466539
2026-01-01 23:18:00,0.16697805
2026-01-01 23:19:00,0.108075745
2026-01-01 23:20:00,0.15756473
2026-01-01 23:21:00,0.1428195
2026-01-01 23:22:00,0.13403638
2026-01-01 23:23:00,0.11443878
2026-01-01 23:24:00,0.092835866
2026-01-01 23:25:00,0.12396119
2026-01-01 23:26:00,0.13503344
2026-01-01 23:27:00,0.1610415
2026-01-01 23:28:00,0.15853551
2026-01-01 23:29:00,0.1770985
2026-01-01 23:30:00,0.15688363
2026-01-01 23:31:00,0.24421868
2026-01-01 23:32:00,0.17265035
2026-01-01 23:33:00,0.21995251
2026-01-01 23:34:00,0.26774
2026-01-01 23:35:00,0.22289297
2026-01-01 23:36:00,0.3048825
2026-01-01 23:37:00,0.33095342
2026-01-01 23:38:00,0.35395688
2026-01-01 23:39:00,0.3373881
2026-01-01 23:40:00,0.31232795
2026-01-01 23:41:00,0.28957877
2026-01-01 23:42:00,0.29264095
2026-01-01 23:43:00,0.33587867
2026-01-01 23:44:00,0.32685712
2026-01-01 23:45:00,0.274842
2026-01-01 23:46:00,0.29641834
2026-01-01 23:47:00,0.3201333
2026-01-01 23:48:00,0.33128762
2026-01-01 23:49:00,0.34517977
2026-01-01 23:50:00,0.31730044
2026-01-01 23:51:00,0.26532635
2026-01-01 23:52:00,0.21993978
2026-01-01 23:53:00,0.14749144
2026-01-01 23:54:00,0.15573396
2026-01-01 23:55:00,0.15050007
2026-01-01 23:56:00,0.13142262
2026-01-01 23:57:00,0.05
2026-01-01 23:58:00,0.05
2026-01-01 23:59:00,0.05
2026-01-02 00:00:00,0.05
2026-01-02 00:01:00,0.05
2026-01-02 00:02:00,0.05
2026-01-02 00:03:00,0.05483282
2026-01-02 00:04:00,0.055115666
2026-01-02 00:05:00,0.07274428
2026-01-02 00:06:00,0.17039819
2026-01-02 00:07:00,0.22787255
2026-01-02 00:08:00,0.20783544
2026-01-02 00:09:00,0.17794213
2026-01-02 00:10:00,0.16115467
2026-01-02 00:11:00,0.17913565
2026-01-02 00:12:00,0.17108132
2026-01-02 00:13:00,0.15207894
2026-01-02 00:14:00,0.2091025
2026-01-02 00:15:00,0.19831759
2026-01-02 00:16:00,0.28495687
2026-01-02 00:17:00,0.2763209
2026-01-02 00:18:00,0.33616894
2026-01-02 00:19:00,0.33411962
2026-01-02 00:20:00,0.35647067
2026-01-02 00:21:00,0.3095419
2026-01-02 00:22:00,0.26121297
2026-01-02 00:23:00,0.26930076
2026-01-02 00:24:00,0.29790756
2026-01-02 00:25:00,0.2863064
2026-01-02 00:26:00,0.22258018
2026-01-02 00:27:00,0.16101062
2026-01-02 00:28:00,0.101705
2026-01-02 00:29:00,0.05
2026-01-02 00:30:00,0.05
2026-01-02 00:31:00,0.09795443
2026-01-02 00:32:00,0.10029953
2026-01-02 00:33:00,0.05
2026-01-02 00:34:00,0.05
2026-01-02 00:35:00,0.05
2026-01-02 00:36:00,0.11097826
2026-01-02 00:37:00,0.054611955
2026-01-02 00:38:00,0.05
2026-01-02 00:39:00,0.120861545
2026-01-02 00:40:00,0.14004093
2026-01-02 00:41:00,0.16223726
2026-01-02 00:42:00,0.16472699
2026-01-02 00:43:00,0.17565049
2026-01-02 00:44:00,0.20362566
2026-01-02 00:45:00,0.16589826
2026-01-02 00:46:00,0.19871044
2026-01-02 00:47:00,0.13887513
2026-01-02 00:48:00,0.15190174
2026-01-02 00:49:00,0.15792176
2026-01-02 00:50:00,0.13167976
2026-01-02 00:51:00,0.13130271
2026-01-02 00:52:00,0.10698326
2026-01-02 00:53:00,0.06666487
2026-01-02 00:54:00,0.058317706
2026-01-02 00:55:00,0.05
2026-01-02 00:56:00,0.05
2026-01-02 00:57:00,0.05
2026-01-02 00:58:00,0.05
2026-01-02 00:59:00,0.05
2026-01-02 01:00:00,0.05
2026-01-02 01:01:00,0.05
2026-01-02 01:02:00,0.05
2026-01-02 01:03:00,0.06658943
2026-01-02 01:04:00,0.064164914
2026-01-02 01:05:00,0.09037847
2026-01-02 01:06:00,0.05
2026-01-02 01:07:00,0.05
2026-01-02 01:08:00,0.10903103
2026-01-02 01:09:00,0.11710762
2026-01-02 01:10:00,0.12198839
2026-01-02 01:11:00,0.14571528
2026-01-02 01:12:00,0.18147142
2026-01-02 01:13:00,0.098672815
2026-01-02 01:14:00,0.05
2026-01-02 01:15:00,0.05240978
2026-01-02 01:16:00,0.05
2026-01-02 01:17:00,0.09303808
2026-01-02 01:18:00,0.08475401
2026-01-02 01:19:00,0.05
2026-01-02 01:20:00,0.05
2026-01-02 01:21:00,0.05
2026-01-02 01:22:00,0.05
2026-01-02 01:23:00,0.05
2026-01-02 01:24:00,0.05
2026-01-02 01:25:00,0.05
2026-01-02 01:26:00,0.05
2026-01-02 01:27:00,0.05
2026-01-02 01:28:00,0.05
2026-01-02 01:29:00,0.05
2026-01-02 01:30:00,0.05
2026-01-02 01:31:00,0.054000076
2026-01-02 01:32:00,0.10116396
2026-01-02 01:33:00,0.058737647
2026-01-02 01:34:00,0.14668433
2026-01-02 01:35:00,0.10890384
2026-01-02 01:36:00,0.14252803
2026-01-02 01:37:00,0.07603597
2026-01-02 01:38:00,0.05
2026-01-02 01:39:00,0.11470167
2026-01-02 01:40:00,0.1076052
2026-01-02 01:41:00,0.14514716
2026-01-02 01:42:00,0.15560524
2026-01-02 01:43:00,0.1515886
2026-01-02 01:44:00,0.20668446
2026-01-02 01:45:00,0.19339138
2026-01-02 01:46:00,0.119438045
2026-01-02 01:47:00,0.09054066
2026-01-02 01:48:00,0.11817244
2026-01-02 01:49:00,0.13740678
2026-01-02 01:50:00,0.07664043
2026-01-02 01:51:00,0.054485068
2026-01-02 01:52:00,0.05
2026-01-02 01:53:00,0.05
2026-01-02 01:54:00,0.05
2026-01-02 01:55:00,0.05
2026-01-02 01:56:00,0.05
2026-01-02 01:57:00,0.05
2026-01-02 01:58:00,0.05631774
2026-01-02 01:59:00,0.059269484
2026-01-02 02:00:00,0.052179854
2026-01-02 02:01:00,0.06698021
2026-01-02 02:02:00,0.05
2026-01-02 02:03:00,0.05
2026-01-02 02:04:00,0.05
2026-01-02 02:05:00,0.05
2026-01-02 02:06:00,0.05
2026-01-02 02:07:00,0.05
2026-01-02 02:08:00,0.05
2026-01-02 02:09:00,0.05
2026-01-02 02:10:00,0.05
2026-01-02 02:11:00,0.05
2026-01-02 02:12:00,0.05
2026-01-02 02:13:00,0.05
2026-01-02 02:14:00,0.05
2026-01-02 02:15:00,0.05
2026-01-02 02:16:00,0.05
2026-01-02 02:17:00,0.05
2026-01-02 02:18:00,0.05
2026-01-02 02:19:00,0.05
2026-01-02 02:20:00,0.05
2026-01-02 02:21:00,0.05
2026-01-02 02:22:00,0.08001036
2026-01-02 02:23:00,0.059918076
2026-01-02 02:24:00,0.06483277
2026-01-02 02:25:00,0.05
2026-01-02 02:26:00,0.05
2026-01-02 02:27:00,0.05
2026-01-02 02:28:00,0.05
2026-01-02 02:29:00,0.05
2026-01-02 02:30:00,0.05
2026-01-02 02:31:00,0.05
2026-01-02 02:32:00,0.05
2026-01-02 02:33:00,0.05
2026-01-02 02:34:00,0.05
2026-01-02 02:35:00,0.05
2026-01-02 02:36:00,0.05
2026-01-02 02:37:00,0.05
2026-01-02 02:38:00,0.10617176
2026-01-02 02:39:00,0.07026647
2026-01-02 02:40:00,0.07779638
2026-01-02 02:41:00,0.1322856
2026-01-02 02:42:00,0.1877467
2026-01-02 02:43:00,0.13137613
2026-01-02 02:44:00,0.12394916
2026-01-02 02:45:00,0.18399335
2026-01-02 02:46:00,0.20529057
2026-01-02 02:47:00,0.21242993
2026-01-02 02:48:00,0.20253907
2026-01-02 02:49:00,0.18685399
2026-01-02 02:50:00,0.19936396
2026-01-02 02:51:00,0.18930918
2026-01-02 02:52:00,0.18851066
2026-01-02 02:53:00,0.19268346
2026-01-02 02:54:00,0.1663163
2026-01-02 02:55:00,0.19052751
2026-01-02 02:56:00,0.3081477
2026-01-02 02:57:00,0.2287706
2026-01-02 02:58:00,0.23984548
2026-01-02 02:59:00,0.20672844
2026-01-02 03:00:00,0.22982693
2026-01-02 03:01:00,0.2299065
2026-01-02 03:02:00,0.25865465
2026-01-02 03:03:00,0.3017124
2026-01-02 03:04:00,0.30206573
2026-01-02 03:05:00,0.34004003
2026-01-02 03:06:00,0.2359866
2026-01-02 03:07:00,0.29771203
2026-01-02 03:08:00,0.30594864
2026-01-02 03:09:00,0.34170273
2026-01-02 03:10:00,0.28275317
2026-01-02 03:11:00,0.24414952
2026-01-02 03:12:00,0.24776852
2026-01-02 03:13:00,0.24464528
2026-01-02 03:14:00,0.25384277
2026-01-02 03:15:00,0.29442924
2026-01-02 03:16:00,0.21784657
2026-01-02 03:17:00,0.2570196
2026-01-02 03:18:00,0.2545051
2026-01-02 03:19:00,0.24377729
2026-01-02 03:20:00,0.18328273
2026-01-02 03:21:00,0.20666298
2026-01-02 03:22:00,0.11155552
2026-01-02 03:23:00,0.14662597
2026-01-02 03:24:00,0.093340345
2026-01-02 03:25:00,0.106209956
2026-01-02 03:26:00,0.111215055
2026-01-02 03:27:00,0.16743845
2026-01-02 03:28:00,0.16530694
2026-01-02 03:29:00,0.14279762
2026-01-02 03:30:00,0.12966177
2026-01-02 03:31:00,0.18882778
2026-01-02 03:32:00,0.21386896
2026-01-02 03:33:00,0.20010191
2026-01-02 03:34:00,0.19347602
2026-01-02 03:35:00,0.1342237
2026-01-02 03:36:00,0.15801063
2026-01-02 03:37:00,0.094036326
2026-01-02 03:38:00,0.13571805
2026-01-02 03:39:00,0.1492121
2026-01-02 03:40:00,0.25203404
2026-01-02 03:41:00,0.20722115
2026-01-02 03:42:00,0.20596698
2026-01-02 03:43:00,0.28092617
2026-01-02 03:44:00,0.325688
2026-01-02 03:45:00,0.2914404
2026-01-02 03:46:00,0.29681566
2026-01-02 03:47:00,0.29295835
2026-01-02 03:48:00,0.30068433
2026-01-02 03:49:00,0.26864353
2026-01-02 03:50:00,0.2636174
2026-01-02 03:51:00,0.19872133
2026-01-02 03:52:00,0.34434855
2026-01-02 03:53:00,0.34147966
2026-01-02 03:54:00,0.31426752
2026-01-02 03:55:00,0.2358118
2026-01-02 03:56:00,0.2694997
2026-01-02 03:57:00,0.27696028
2026-01-02 03:58:00,0.24138787
2026-01-02 03:59:00,0.22746448
2026-01-02 04:00:00,0.16667582
2026-01-02 04:01:00,0.13045065
2026-01-02 04:02:00,0.117207974
2026-01-02 04:03:00,0.17616476
2026-01-02 04:04:00,0.15610525
2026-01-02 04:05:00,0.18919615
2026-01-02 04:06:00,0.1728062
2026-01-02 04:07:00,0.18944518
2026-01-02 04:08:00,0.18941341
2026-01-02 04:09:00,0.23016927
2026-01-02 04:10:00,0.21153475
2026-01-02 04:11:00,0.15304902
2026-01-02 04:12:00,0.10701721
2026-01-02 04:13:00,0.09881059
2026-01-02 04:14:00,0.0627031
2026-01-02 04:15:00,0.09597696
2026-01-02 04:16:00,0.09166503
2026-01-02 04:17:00,0.20142303
2026-01-02 04:18:00,0.13801324
2026-01-02 04:19:00,0.15743232
2026-01-02 04:20:00,0.1221338
2026-01-02 04:21:00,0.11513835
2026-01-02 04:22:00,0.13419068
2026-01-02 04:23:00,0.053141087
2026-01-02 04:24:00,0.081156105
2026-01-02 04:25:00,0.17366508
2026-01-02 04:26:00,0.1646107
2026-01-02 04:27:00,0.18490124
2026-01-02 04:28:00,0.23426344
2026-01-02 04:29:00,0.23221174
2026-01-02 04:30:00,0.21373387
2026-01-02 04:31:00,0.12903304
2026-01-02 04:32:00,0.1678672
2026-01-02 04:33:00,0.17351814
2026-01-02 04:34:00,0.14282633
2026-01-02 04:35:00,0.16025114
2026-01-02 04:36:00,0.14796107
2026-01-02 04:37:00,0.13895473
2026-01-02 04:38:00,0.17614809
2026-01-02 04:39:00,0.13266976
2026-01-02 04:40:00,0.18818854
2026-01-02 04:41:00,0.14155687
2026-01-02 04:42:00,0.12814647
2026-01-02 04:43:00,0.21932639
2026-01-02 04:44:00,0.27148005
2026-01-02 04:45:00,0.27836347
2026-01-02 04:46:00,0.24326311
2026-01-02 04:47:00,0.22751364
2026-01-02 04:48:00,0.2372188
2026-01-02 04:49:00,0.24481049
2026-01-02 04:50:00,0.24675234
2026-01-02 04:51:00,0.2510339
2026-01-02 04:52:00,0.247725
2026-01-02 04:53:00,0.19567068
2026-01-02 04:54:00,0.18489368
2026-01-02 04:55:00,0.23231876
2026-01-02 04:56:00,0.18472625
2026-01-02 04:57:00,0.1881873
2026-01-02 04:58:00,0.16625881
2026-01-02 04:59:00,0.18342426
2026-01-02 05:00:00,0.1793129
2026-01-02 05:01:00,0.25026754
2026-01-02 05:02:00,0.2768096
2026-01-02 05:03:00,0.22858936
2026-01-02 05:04:00,0.26364473
2026-01-02 05:05:00,0.23815744
2026-01-02 05:06:00,0.22271259
2026-01-02 05:07:00,0.24423341
2026-01-02 05:08:00,0.23190764
2026-01-02 05:09:00,0.27605
2026-01-02 05:10:00,0.25006455
2026-01-02 05:11:00,0.2324789
2026-01-02 05:12:00,0.2149018
2026-01-02 05:13:00,0.20245908
2026-01-02 05:14:00,0.25770414
2026-01-02 05:15:00,0.28981316
2026-01-02 05:16:00,0.362699
2026-01-02 05:17:00,0.45216185
2026-01-02 05:18:00,0.4026333
2026-01-02 05:19:00,0.40121284
2026-01-02 05:20:00,0.35014176
2026-01-02 05:21:00,0.31920096
2026-01-02 05:22:00,0.29673734
2026-01-02 05:23:00,0.2590892
2026-01-02 05:24:00,0.22476508
2026-01-02 05:25:00,0.22959271
2026-01-02 05:26:00,0.19123869
2026-01-02 05:27:00,0.23840897
2026-01-02 05:28:00,0.21151279
2026-01-02 05:29:00,0.33596382
2026-01-02 05:30:00,0.32012343
2026-01-02 05:31:00,0.3265894
2026-01-02 05:32:00,0.27794704
2026-01-02 05:33:00,0.35335684
2026-01-02 05:34:00,0.39937392
2026-01-02 05:35:00,0.40891016
2026-01-02 05:36:00,0.3520389
2026-01-02 05:37:00,0.36212045
2026-01-02 05:38:00,0.31821615
2026-01-02 05:39:00,0.3812804
2026-01-02 05:40:00,0.41327807
2026-01-02 05:41:00,0.41427088
2026-01-02 05:42:00,0.3140171
2026-01-02 05:43:00,0.2800076
2026-01-02 05:44:00,0.31567174
2026-01-02 05:45:00,0.3695937
2026-01-02 05:46:00,0.41515955
2026-01-02 05:47:00,0.34913924
2026-01-02 05:48:00,0.3642498
2026-01-02 05:49:00,0.40681684
2026-01-02 05:50:00,0.3391315
2026-01-02 05:51:00,0.34298545
2026-01-02 05:52:00,0.35790837
2026-01-02 05:53:00,0.34876075
2026-01-02 05:54:00,0.27839687
2026-01-02 05:55:00,0.2748286
2026-01-02 05:56:00,0.2715897
2026-01-02 05:57:00,0.27588758
2026-01-02 05:58:00,0.2633342
2026-01-02 05:59:00,0.25671223
2026-01-02 06:00:00,0.26686114
2026-01-02 06:01:00,0.29559368
2026-01-02 06:02:00,0.2922616
2026-01-02 06:03:00,0.28509668
2026-01-02 06:04:00,0.29869467
2026-01-02 06:05:00,0.23078384
2026-01-02 06:06:00,0.26433387
2026-01-02 06:07:00,0.27620614
2026-01-02 06:08:00,0.2888492
2026-01-02 06:09:00,0.33743295
2026-01-02 06:10:00,0.26569864
2026-01-02 06:11:00,0.19897315
2026-01-02 06:12:00,0.22760218
2026-01-02 06:13:00,0.24281521
2026-01-02 06:14:00,0.26401424
2026-01-02 06:15:00,0.25833666
2026-01-02 06:16:00,0.2982841
2026-01-02 06:17:00,0.34587893
2026-01-02 06:18:00,0.37183183
2026-01-02 06:19:00,0.36602813
2026-01-02 06:20:00,0.2869265
2026-01-02 06:21:00,0.3293424
2026-01-02 06:22:00,0.38657722
2026-01-02 06:23:00,0.41625908
2026-01-02 06:24:00,0.38271114
2026-01-02 06:25:00,0.41409746
2026-01-02 06:26:00,0.45055532
2026-01-02 06:27:00,0.5121412
2026-01-02 06:28:00,0.47151655
2026-01-02 06:29:00,0.4602415
2026-01-02 06:30:00,0.48893112
2026-01-02 06:31:00,0.4878448
2026-01-02 06:32:00,0.4399697
2026-01-02 06:33:00,0.45731634
2026-01-02 06:34:00,0.4799511
2026-01-02 06:35:00,0.48126137
2026-01-02 06:36:00,0.487846
2026-01-02 06:37:00,0.47488663
2026-01-02 06:38:00,0.53255796
2026-01-02 06:39:00,0.49057135
2026-01-02 06:40:00,0.4645933
2026-01-02 06:41:00,0.46474057
2026-01-02 06:42:00,0.49970976
2026-01-02 06:43:00,0.43694338
2026-01-02 06:44:00,0.3867965
2026-01-02 06:45:00,0.31167936
2026-01-02 06:46:00,0.3255039
2026-01-02 06:47:00,0.2922978
2026-01-02 06:48:00,0.29121396
2026-01-02 06:49:00,0.33216956
2026-01-02 06:50:00,0.31784755
2026-01-02 06:51:00,0.33970004
2026-01-02 06:52:00,0.33869538
2026-01-02 06:53:00,0.37674507
2026-01-02 06:54:00,0.40398732
2026-01-02 06:55:00,0.38248378
2026-01-02 06:56:00,0.38374794
2026-01-02 06:57:00,0.4335229
2026-01-02 06:58:00,0.4534175
2026-01-02 06:59:00,0.40022326
2026-01-02 07:00:00,0.43350413
2026-01-02 07:01:00,0.3946298
2026-01-02 07:02:00,0.45886683
2026-01-02 07:03:00,0.5025448
2026-01-02 07:04:00,0.5134766
2026-01-02 07:05:00,0.5183444
2026-01-02 07:06:00,0.50828874
2026-01-02 07:07:00,0.5346565
2026-01-02 07:08:00,0.5170595
2026-01-02 07:09:00,0.5252409
2026-01-02 07:10:00,0.5583391
2026-01-02 07:11:00,0.53155667
2026-01-02 07:12:00,0.5048582
2026-01-02 07:13:00,0.45728555
2026-01-02 07:14:00,0.4188313
2026-01-02 07:15:00,0.35301337
2026-01-02 07:16:00,0.3949067
2026-01-02 07:17:00,0.47672892
2026-01-02 07:18:00,0.53677887
2026-01-02 07:19:00,0.47008514
2026-01-02 07:20:00,0.50288147
2026-01-02 07:21:00,0.561061
2026-01-02 07:22:00,0.5395465
2026-01-02 07:23:00,0.54220027
2026-01-02 07:24:00,0.46038505
2026-01-02 07:25:00,0.4762171
2026-01-02 07:26:00,0.43768758
2026-01-02 07:27:00,0.45288503
2026-01-02 07:28:00,0.39655003
2026-01-02 07:29:00,0.429001
2026-01-02 07:30:00,0.47823885
2026-01-02 07:31:00,0.45134673
2026-01-02 07:32:00,0.4125729
2026-01-02 07:33:00,0.3362536
2026-01-02 07:34:00,0.34174088
2026-01-02 07:35:00,0.3342985
2026-01-02 07:36:00,0.28879097
2026-01-02 07:37:00,0.32720205
2026-01-02 07:38:00,0.32653707
2026-01-02 07:39:00,0.30101103
2026-01-02 07:40:00,0.29848987
2026-01-02 07:41:00,0.36132172
2026-01-02 07:42:00,0.40050846
2026-01-02 07:43:00,0.4073578
2026-01-02 07:44:00,0.4437405
2026-01-02 07:45:00,0.40612778
2026-01-02 07:46:00,0.41937122
2026-01-02 07:47:00,0.43626904
2026-01-02 07:48:00,0.42724437
2026-01-02 07:49:00,0.455269
2026-01-02 07:50:00,0.43253154
2026-01-02 07:51:00,0.4633386
2026-01-02 07:52:00,0.49347794
2026-01-02 07:53:00,0.38256055
2026-01-02 07:54:00,0.4449303
2026-01-02 07:55:00,0.3329079
2026-01-02 07:56:00,0.32722545
2026-01-02 07:57:00,0.38776827
2026-01-02 07:58:00,0.38987687
2026-01-02 07:59:00,0.3459753
2026-01-02 08:00:00,0.3205982
2026-01-02 08:01:00,0.3821912
2026-01-02 08:02:00,0.32103452
2026-01-02 08:03:00,0.38690412
2026-01-02 08:04:00,0.40025425
2026-01-02 08:05:00,0.36715832
2026-01-02 08:06:00,0.36119482
2026-01-02 08:07:00,0.33845744
2026-01-02 08:08:00,0.39299026
2026-01-02 08:09:00,0.43792164
2026-01-02 08:10:00,0.38130784
2026-01-02 08:11:00,0.3819587
2026-01-02 08:12:00,0.3642863
2026-01-02 08:13:00,0.43440795
2026-01-02 08:14:00,0.39328772
2026-01-02 08:15:00,0.47374234
2026-01-02 08:16:00,0.48237148
2026-01-02 08:17:00,0.44527644
2026-01-02 08:18:00,0.4306469
2026-01-02 08:19:00,0.41232526
2026-01-02 08:20:00,0.37666053
2026-01-02 08:21:00,0.39873767
2026-01-02 08:22:00,0.36624968
2026-01-02 08:23:00,0.29837325
2026-01-02 08:24:00,0.30806485
2026-01-02 08:25:00,0.260164
2026-01-02 08:26:00,0.25823295
2026-01-02 08:27:00,0.25028834
2026-01-02 08:28:00,0.24460427
2026-01-02 08:29:00,0.35437128
2026-01-02 08:30:00,0.3776839
2026-01-02 08:31:00,0.40679863
2026-01-02 08:32:00,0.35282198
2026-01-02 08:33:00,0.34816915
2026-01-02 08:34:00,0.37876722
2026-01-02 08:35:00,0.357432
2026-01-02 08:36:00,0.41521484
2026-01-02 08:37:00,0.38405198
2026-01-02 08:38:00,0.39214244
2026-01-02 08:39:00,0.38770506
2026-01-02 08:40:00,0.4137441
2026-01-02 08:41:00,0.40561384
2026-01-02 08:42:00,0.4130239
2026-01-02 08:43:00,0.42133743
2026-01-02 08:44:00,0.40916103
2026-01-02 08:45:00,0.4468432
2026-01-02 08:46:00,0.47174752
2026-01-02 08:47:00,0.481684
2026-01-02 08:48:00,0.47725615
2026-01-02 08:49:00,0.52236664
2026-01-02 08:50:00,0.52267694
2026-01-02 08:51:00,0.5202314
2026-01-02 08:52:00,0.5345401
2026-01-02 08:53:00,0.6114829
2026-01-02 08:54:00,0.56089514
2026-01-02 08:55:00,0.5988651
2026-01-02 08:56:00,0.5273784
2026-01-02 08:57:00,0.54612994
2026-01-02 08:58:00,0.61779505
2026-01-02 08:59:00,0.64037144
2026-01-02 09:00:00,0.64852065
2026-01-02 09:01:00,0.6268752
2026-01-02 09:02:00,0.6307214
2026-01-02 09:03:00,0.6230351
2026-01-02 09:04:00,0.59470654
2026-01-02 09:05:00,0.5885873
2026-01-02 09:06:00,0.6025865
2026-01-02 09:07:00,0.57694024
2026-01-02 09:08:00,0.551881
2026-01-02 09:09:00,0.5067657
2026-01-02 09:10:00,0.5353957
2026-01-02 09:11:00,0.5680161
2026-01-02 09:12:00,0.58557695
2026-01-02 09:13:00,0.6311695
2026-01-02 09:14:00,0.63811845
2026-01-02 09:15:00,0.6567726
2026-01-02 09:16:00,0.67050266
2026-01-02 09:17:00,0.66741395
2026-01-02 09:18:00,0.64709544
2026-01-02 09:19:00,0.7382954
2026-01-02 09:20:00,0.7156488
2026-01-02 09:21:00,0.68635005
2026-01-02 09:22:00,0.7034836
2026-01-02 09:23:00,0.7120527
2026-01-02 09:24:00,0.65376246
2026-01-02 09:25:00,0.70132595
2026-01-02 09:26:00,0.6965007
2026-01-02 09:27:00,0.65148294
2026-01-02 09:28:00,0.7021457
2026-01-02 09:29:00,0.72632116
2026-01-02 09:30:00,0.67304355
2026-01-02 09:31:00,0.7457864
2026-01-02 09:32:00,0.76806337
2026-01-02 09:33:00,0.76188684
2026-01-02 09:34:00,0.82030904
2026-01-02 09:35:00,0.8169083
2026-01-02 09:36:00,0.80637157
2026-01-02 09:37:00,0.77147585
2026-01-02 09:38:00,0.7891442
2026-01-02 09:39:00,0.80127513
2026-01-02 09:40:00,0.7940442
2026-01-02 09:41:00,0.75529015
2026-01-02 09:42:00,0.7565177
2026-01-02 09:43:00,0.74974215
2026-01-02 09:44:00,0.6930454
2026-01-02 09:45:00,0.6354342
2026-01-02 09:46:00,0.6639935
2026-01-02 09:47:00,0.5636688
2026-01-02 09:48:00,0.583744
2026-01-02 09:49:00,0.5749551
2026-01-02 09:50:00,0.6384036
2026-01-02 09:51:00,0.6247883
2026-01-02 09:52:00,0.65846056
2026-01-02 09:53:00,0.6472629
2026-01-02 09:54:00,0.6574668
2026-01-02 09:55:00,0.69185686
2026-01-02 09:56:00,0.67559844
2026-01-02 09:57:00,0.719083
2026-01-02 09:58:00,0.67955625
2026-01-02 09:59:00,0.69480026
2026-01-02 10:00:00,0.73402315
2026-01-02 10:01:00,0.7596802
2026-01-02 10:02:00,0.8336167
2026-01-02 10:03:00,0.794518
2026-01-02 10:04:00,0.7339935
2026-01-02 10:05:00,0.6937777
2026-01-02 10:06:00,0.72304404
2026-01-02 10:07:00,0.74354154
2026-01-02 10:08:00,0.74664533
2026-01-02 10:09:00,0.7005646
2026-01-02 10:10:00,0.73383516
2026-01-02 10:11:00,0.6848525
2026-01-02 10:12:00,0.7352055
2026-01-02 10:13:00,0.8495402
2026-01-02 10:14:00,0.8551585
2026-01-02 10:15:00,0.869063
2026-01-02 10:16:00,0.83888537
2026-01-02 10:17:00,0.7584962
2026-01-02 10:18:00,0.7329059
2026-01-02 10:19:00,0.6898232
2026-01-02 10:20:00,0.63608974
2026-01-02 10:21:00,0.71349597
2026-01-02 10:22:00,0.72679573
2026-01-02 10:23:00,0.74337006
2026-01-02 10:24:00,0.73113495
2026-01-02 10:25:00,0.7253892
2026-01-02 10:26:00,0.7656639
2026-01-02 10:27:00,0.76290464
2026-01-02 10:28:00,0.78295034
2026-01-02 10:29:00,0.7723869
2026-01-02 10:30:00,0.7568846
2026-01-02 10:31:00,0.70009345
2026-01-02 10:32:00,0.6250732
2026-01-02 10:33:00,0.6247625
2026-01-02 10:34:00,0.6372589
2026-01-02 10:35:00,0.59511
2026-01-02 10:36:00,0.6064581
2026-01-02 10:37:00,0.62048596
2026-01-02 10:38:00,0.5450591
2026-01-02 10:39:00,0.52535903
2026-01-02 10:40:00,0.56018746
2026-01-02 10:41:00,0.5914778
2026-01-02 10:42:00,0.55869144
2026-01-02 10:43:00,0.5810683
2026-01-02 10:44:00,0.6362682
2026-01-02 10:45:00,0.67729306
2026-01-02 10:46:00,0.68019545
2026-01-02 10:47:00,0.6680113
2026-01-02 10:48:00,0.6504
2026-01-02 10:49:00,0.6781364
2026-01-02 10:50:00,0.69279706
2026-01-02 10:51:00,0.7237081
2026-01-02 10:52:00,0.73229575
2026-01-02 10:53:00,0.76772225
2026-01-02 10:54:00,0.7713975
2026-01-02 10:55:00,0.80243176
2026-01-02 10:56:00,0.83447725
2026-01-02 10:57:00,0.7969933
2026-01-02 10:58:00,0.72241104
2026-01-02 10:59:00,0.7879079
2026-01-02 11:00:00,0.7967382
2026-01-02 11:01:00,0.7260624
2026-01-02 11:02:00,0.7011129
2026-01-02 11:03:00,0.73763216
2026-01-02 11:04:00,0.7292123
2026-01-02 11:05:00,0.71221465
2026-01-02 11:06:00,0.773138
2026-01-02 11:07:00,0.7313037
2026-01-02 11:08:00,0.70282394
2026-01-02 11:09:00,0.717046
2026-01-02 11:10:00,0.7373345
2026-01-02 11:11:00,0.7602763
2026-01-02 11:12:00,0.79801893
2026-01-02 11:13:00,0.8042756
2026-01-02 11:14:00,0.8217032
2026-01-02 11:15:00,0.8078317
2026-01-02 11:16:00,0.8079845
2026-01-02 11:17:00,0.8099562
2026-01-02 11:18:00,0.81611
2026-01-02 11:19:00,0.84410584
2026-01-02 11:20:00,0.8612025
2026-01-02 11:21:00,0.8565299
2026-01-02 11:22:00,0.8181325
2026-01-02 11:23:00,0.8179135
2026-01-02 11:24:00,0.8139185
2026-01-02 11:25:00,0.81912464
2026-01-02 11:26:00,0.9044811
2026-01-02 11:27:00,0.8738297
2026-01-02 11:28:00,0.8835049
2026-01-02 11:29:00,0.91828454
2026-01-02 11:30:00,0.9114943
2026-01-02 11:31:00,0.98
2026-01-02 11:32:00,0.9629732
2026-01-02 11:33:00,0.96174127
2026-01-02 11:34:00,0.915721
2026-01-02 11:35:00,0.89130193
2026-01-02 11:36:00,0.89288265
2026-01-02 11:37:00,0.9182591
2026-01-02 11:38:00,0.92054385
2026-01-02 11:39:00,0.96027297
2026-01-02 11:40:00,0.9426863
2026-01-02 11:41:00,0.9170438
2026-01-02 11:42:00,0.98
2026-01-02 11:43:00,0.98
2026-01-02 11:44:00,0.96595126
2026-01-02 11:45:00,0.9240596
2026-01-02 11:46:00,0.8756054
2026-01-02 11:47:00,0.90621966
2026-01-02 11:48:00,0.8823686
2026-01-02 11:49:00,0.88011634
2026-01-02 11:50:00,0.87043005
2026-01-02 11:51:00,0.89333886
2026-01-02 11:52:00,0.85130507
2026-01-02 11:53:00,0.80349994
2026-01-02 11:54:00,0.81153256
2026-01-02 11:55:00,0.83400714
2026-01-02 11:56:00,0.8439642
2026-01-02 11:57:00,0.8074623
2026-01-02 11:58:00,0.8333746
2026-01-02 11:59:00,0.8003761
2026-01-02 12:00:00,0.77892584
2026-01-02 12:01:00,0.74231
2026-01-02 12:02:00,0.79844236
2026-01-02 12:03:00,0.82338864
2026-01-02 12:04:00,0.8452155
2026-01-02 12:05:00,0.8909978
2026-01-02 12:06:00,0.98
2026-01-02 12:07:00,0.91125417
2026-01-02 12:08:00,0.87236565
2026-01-02 12:09:00,0.8414871
2026-01-02 12:10:00,0.8037035
2026-01-02 12:11:00,0.75988185
2026-01-02 12:12:00,0.7506925
2026-01-02 12:13:00,0.70556915
2026-01-02 12:14:00,0.7261298
2026-01-02 12:15:00,0.73371965
2026-01-02 12:16:00,0.75788283
2026-01-02 12:17:00,0.7811878
2026-01-02 12:18:00,0.8064458
2026-01-02 12:19:00,0.79063225
2026-01-02 12:20:00,0.8758712
2026-01-02 12:21:00,0.8788273
2026-01-02 12:22:00,0.7976745
2026-01-02 12:23:00,0.75742203
2026-01-02 12:24:00,0.69086796
2026-01-02 12:25:00,0.6999544
2026-01-02 12:26:00,0.70275056
2026-01-02 12:27:00,0.69145995
2026-01-02 12:28:00,0.78024787
2026-01-02 12:29:00,0.8034557
2026-01-02 12:30:00,0.8318917
2026-01-02 12:31:00,0.7917657
2026-01-02 12:32:00,0.75212604
2026-01-02 12:33:00,0.75709426
2026-01-02 12:34:00,0.76711124
2026-01-02 12:35:00,0.69515175
2026-01-02 12:36:00,0.6959864
2026-01-02 12:37:00,0.704526
2026-01-02 12:38:00,0.70320976
2026-01-02 12:39:00,0.6780648
2026-01-02 12:40:00,0.6658808
2026-01-02 12:41:00,0.6691731
2026-01-02 12:42:00,0.6829025
2026-01-02 12:43:00,0.71608686
2026-01-02 12:44:00,0.7656521
2026-01-02 12:45:00,0.75623655
2026-01-02 12:46:00,0.741094
2026-01-02 12:47:00,0.7629069
2026-01-02 12:48:00,0.7898934
2026-01-02 12:49:00,0.7729097
2026-01-02 12:50:00,0.8062585
2026-01-02 12:51:00,0.8444966
2026-01-02 12:52:00,0.89214873
2026-01-02 12:53:00,0.9554426
2026-01-02 12:54:00,0.9078715
2026-01-02 12:55:00,0.8993062
2026-01-02 12:56:00,0.89130825
2026-01-02 12:57:00,0.87956256
2026-01-02 12:58:00,0.84669495
2026-01-02 12:59:00,0.7829903
2026-01-02 13:00:00,0.7874966
2026-01-02 13:01:00,0.75718546
2026-01-02 13:02:00,0.7634571
2026-01-02 13:03:00,0.734009
2026-01-02 13:04:00,0.6946751
2026-01-02 13:05:00,0.7118286
2026-01-02 13:06:00,0.72425663
2026-01-02 13:07:00,0.7528062
2026-01-02 13:08:00,0.843316
2026-01-02 13:09:00,0.8502224
2026-01-02 13:10:00,0.8648679
2026-01-02 13:11:00,0.8158154
2026-01-02 13:12:00,0.762292
2026-01-02 13:13:00,0.8278184
2026-01-02 13:14:00,0.787828
2026-01-02 13:15:00,0.7461957
2026-01-02 13:16:00,0.7480645
2026-01-02 13:17:00,0.7477164
2026-01-02 13:18:00,0.71487933
2026-01-02 13:19:00,0.7085458
2026-01-02 13:20:00,0.7640677
2026-01-02 13:21:00,0.73370725
2026-01-02 13:22:00,0.6822422
2026-01-02 13:23:00,0.7283183
2026-01-02 13:24:00,0.752669
2026-01-02 13:25:00,0.7305313
2026-01-02 13:26:00,0.67167026
2026-01-02 13:27:00,0.65099096
2026-01-02 13:28:00,0.65953344
2026-01-02 13:29:00,0.71617764
2026-01-02 13:30:00,0.68016976
2026-01-02 13:31:00,0.68509406
2026-01-02 13:32:00,0.7199796
2026-01-02 13:33:00,0.6297858
2026-01-02 13:34:00,0.68337715
2026-01-02 13:35:00,0.64399874
2026-01-02 13:36:00,0.6683149
2026-01-02 13:37:00,0.6872392
2026-01-02 13:38:00,0.7381312
2026-01-02 13:39:00,0.76357025
2026-01-02 13:40:00,0.66980994
2026-01-02 13:41:00,0.64721483
2026-01-02 13:42:00,0.66331005
2026-01-02 13:43:00,0.664753
2026-01-02 13:44:00,0.69294655
2026-01-02 13:45:00,0.73131657
2026-01-02 13:46:00,0.75934166
2026-01-02 13:47:00,0.7521764
2026-01-02 13:48:00,0.68026215
2026-01-02 13:49:00,0.6696949
2026-01-02 13:50:00,0.69480616
2026-01-02 13:51:00,0.65759456
2026-01-02 13:52:00,0.6921869
2026-01-02 13:53:00,0.73505414
2026-01-02 13:54:00,0.743188
2026-01-02 13:55:00,0.6230018
2026-01-02 13:56:00,0.5838142
2026-01-02 13:57:00,0.67428815
2026-01-02 13:58:00,0.6601701
2026-01-02 13:59:00,0.5896316
2026-01-02 14:00:00,0.65346575
2026-01-02 14:01:00,0.66327083
2026-01-02 14:02:00,0.71590775
2026-01-02 14:03:00,0.7311667
2026-01-02 14:04:00,0.7524208
2026-01-02 14:05:00,0.7681037
2026-01-02 14:06:00,0.79586196
2026-01-02 14:07:00,0.88454735
2026-01-02 14:08:00,0.9138306
2026-01-02 14:09:00,0.83866644
2026-01-02 14:10:00,0.85054404
2026-01-02 14:11:00,0.88921225
2026-01-02 14:12:00,0.9271833
2026-01-02 14:13:00,0.8968914
2026-01-02 14:14:00,0.9326313
2026-01-02 14:15:00,0.95596987
2026-01-02 14:16:00,0.98
2026-01-02 14:17:00,0.98
2026-01-02 14:18:00,0.95159453
2026-01-02 14:19:00,0.92383987
2026-01-02 14:20:00,0.89088464
2026-01-02 14:21:00,0.84451663
2026-01-02 14:22:00,0.726894
2026-01-02 14:23:00,0.71174186
2026-01-02 14:24:00,0.7299053
2026-01-02 14:25:00,0.712053
2026-01-02 14:26:00,0.79271305
2026-01-02 14:27:00,0.7899795
2026-01-02 14:28:00,0.8385098
2026-01-02 14:29:00,0.84191173
2026-01-02 14:30:00,0.86757886
2026-01-02 14:31:00,0.8692433
2026-01-02 14:32:00,0.9142931
2026-01-02 14:33:00,0.9031614
2026-01-02 14:34:00,0.9104633
2026-01-02 14:35:00,0.9119246
2026-01-02 14:36:00,0.887019
2026-01-02 14:37:00,0.89177066
2026-01-02 14:38:00,0.96925193
2026-01-02 14:39:00,0.94027644
2026-01-02 14:40:00,0.94114596
2026-01-02 14:41:00,0.9754105
2026-01-02 14:42:00,0.98
2026-01-02 14:43:00,0.98
2026-01-02 14:44:00,0.86674404
2026-01-02 14:45:00,0.8770402
2026-01-02 14:46:00,0.77699494
2026-01-02 14:47:00,0.8324585
2026-01-02 14:48:00,0.8313947
2026-01-02 14:49:00,0.8635517
2026-01-02 14:50:00,0.8169919
2026-01-02 14:51:00,0.7480677
2026-01-02 14:52:00,0.757114
2026-01-02 14:53:00,0.75358784
2026-01-02 14:54:00,0.7319513
2026-01-02 14:55:00,0.7350183
2026-01-02 14:56:00,0.8450749
2026-01-02 14:57:00,0.86893404
2026-01-02 14:58:00,0.89940625
2026-01-02 14:59:00,0.9191406
2026-01-02 15:00:00,0.9626391
2026-01-02 15:01:00,0.9357977
2026-01-02 15:02:00,0.8364368
2026-01-02 15:03:00,0.81959206
2026-01-02 15:04:00,0.8440276
2026-01-02 15:05:00,0.795166
2026-01-02 15:06:00,0.7818695
2026-01-02 15:07:00,0.7489387
2026-01-02 15:08:00,0.8063119
2026-01-02 15:09:00,0.8289096
2026-01-02 15:10:00,0.8456994
2026-01-02 15:11:00,0.8598646
2026-01-02 15:12:00,0.8464581
2026-01-02 15:13:00,0.84343135
2026-01-02 15:14:00,0.78525174
2026-01-02 15:15:00,0.69159013
2026-01-02 15:16:00,0.698796
2026-01-02 15:17:00,0.71229464
2026-01-02 15:18:00,0.7600369
2026-01-02 15:19:00,0.8183546
2026-01-02 15:20:00,0.87186486
2026-01-02 15:21:00,0.8182844
2026-01-02 15:22:00,0.7947311
2026-01-02 15:23:00,0.806276
2026-01-02 15:24:00,0.8988696
2026-01-02 15:25:00,0.9418923
2026-01-02 15:26:00,0.9669537
2026-01-02 15:27:00,0.9296306
2026-01-02 15:28:00,0.87538433
2026-01-02 15:29:00,0.892269
2026-01-02 15:30:00,0.83212656
2026-01-02 15:31:00,0.8111904
2026-01-02 15:32:00,0.796781
2026-01-02 15:33:00,0.85173684
2026-01-02 15:34:00,0.82429636
2026-01-02 15:35:00,0.7155729
2026-01-02 15:36:00,0.73319864
2026-01-02 15:37:00,0.70117867
2026-01-02 15:38:00,0.7012889
2026-01-02 15:39:00,0.6961189
2026-01-02 15:40:00,0.68378407
2026-01-02 15:41:00,0.71489894
2026-01-02 15:42:00,0.65049696
2026-01-02 15:43:00,0.63178134
2026-01-02 15:44:00,0.6625047
2026-01-02 15:45:00,0.6387444
2026-01-02 15:46:00,0.57699484
2026-01-02 15:47:00,0.6111779
2026-01-02 15:48:00,0.66070575
2026-01-02 15:49:00,0.65944505
2026-01-02 15:50:00,0.5815481
2026-01-02 15:51:00,0.6164519
2026-01-02 15:52:00,0.5538251
2026-01-02 15:53:00,0.5748514
2026-01-02 15:54:00,0.5462401
2026-01-02 15:55:00,0.50891733
2026-01-02 15:56:00,0.50319165
2026-01-02 15:57:00,0.5081623
2026-01-02 15:58:00,0.49419212
2026-01-02 15:59:00,0.5305489
2026-01-02 16:00:00,0.52249855
2026-01-02 16:01:00,0.57203466
2026-01-02 16:02:00,0.5895387
2026-01-02 16:03:00,0.5663843
2026-01-02 16:04:00,0.53823763
2026-01-02 16:05:00,0.4809707
2026-01-02 16:06:00,0.50570416
2026-01-02 16:07:00,0.5025356
2026-01-02 16:08:00,0.41880512
2026-01-02 16:09:00,0.41512096
2026-01-02 16:10:00,0.39700693
2026-01-02 16:11:00,0.47929826
2026-01-02 16:12:00,0.42375547
2026-01-02 16:13:00,0.3830002
2026-01-02 16:14:00,0.44744474
2026-01-02 16:15:00,0.51649165
2026-01-02 16:16:00,0.49583077
2026-01-02 16:17:00,0.4812241
2026-01-02 16:18:00,0.5176038
2026-01-02 16:19:00,0.43322438
2026-01-02 16:20:00,0.37411582
2026-01-02 16:21:00,0.3828383
2026-01-02 16:22:00,0.46397144
2026-01-02 16:23:00,0.45907226
2026-01-02 16:24:00,0.4759145
2026-01-02 16:25:00,0.5326059
2026-01-02 16:26:00,0.6235679
2026-01-02 16:27:00,0.59978527
2026-01-02 16:28:00,0.6001871
2026-01-02 16:29:00,0.6739935
2026-01-02 16:30:00,0.6080059
2026-01-02 16:31:00,0.64916885
2026-01-02 16:32:00,0.6050829
2026-01-02 16:33:00,0.609235
2026-01-02 16:34:00,0.59913063
2026-01-02 16:35:00,0.56109786
2026-01-02 16:36:00,0.5249828
2026-01-02 16:37:00,0.542016
2026-01-02 16:38:00,0.5863296
2026-01-02 16:39:00,0.5819648
2026-01-02 16:40:00,0.58582056
2026-01-02 16:41:00,0.60928744
2026-01-02 16:42:00,0.5690421
2026-01-02 16:43:00,0.6003453
2026-01-02 16:44:00,0.63220656
2026-01-02 16:45:00,0.7327662
2026-01-02 16:46:00,0.7059675
2026-01-02 16:47:00,0.67790896
2026-01-02 16:48:00,0.70105207
2026-01-02 16:49:00,0.72422415
2026-01-02 16:50:00,0.6912493
2026-01-02 16:51:00,0.6660638
2026-01-02 16:52:00,0.68053883
2026-01-02 16:53:00,0.63898104
2026-01-02 16:54:00,0.6173034
2026-01-02 16:55:00,0.6172383
2026-01-02 16:56:00,0.6533053
2026-01-02 16:57:00,0.6223382
2026-01-02 16:58:00,0.54420954
2026-01-02 16:59:00,0.46923503
2026-01-02 17:00:00,0.4264179
2026-01-02 17:01:00,0.3847478
2026-01-02 17:02:00,0.39262524
2026-01-02 17:03:00,0.3583731
2026-01-02 17:04:00,0.34617737
2026-01-02 17:05:00,0.33197507
2026-01-02 17:06:00,0.33212283
2026-01-02 17:07:00,0.40264988
2026-01-02 17:08:00,0.44098288
2026-01-02 17:09:00,0.45028675
2026-01-02 17:10:00,0.43963006
2026-01-02 17:11:00,0.43080753
2026-01-02 17:12:00,0.4529996
2026-01-02 17:13:00,0.4835427
2026-01-02 17:14:00,0.45184022
2026-01-02 17:15:00,0.46030703
2026-01-02 17:16:00,0.38524148
2026-01-02 17:17:00,0.40578333
2026-01-02 17:18:00,0.44656792
2026-01-02 17:19:00,0.44226956
2026-01-02 17:20:00,0.5220473
2026-01-02 17:21:00,0.48740047
2026-01-02 17:22:00,0.49934065
2026-01-02 17:23:00,0.500063
2026-01-02 17:24:00,0.4980165
2026-01-02 17:25:00,0.4954405
2026-01-02 17:26:00,0.5017953
2026-01-02 17:27:00,0.5371434
2026-01-02 17:28:00,0.59072214
2026-01-02 17:29:00,0.5846824
2026-01-02 17:30:00,0.6116957
2026-01-02 17:31:00,0.5757318
2026-01-02 17:32:00,0.60122085
2026-01-02 17:33:00,0.5634199
2026-01-02 17:34:00,0.6026159
2026-01-02 17:35:00,0.6833423
2026-01-02 17:36:00,0.66416824
2026-01-02 17:37:00,0.5635764
2026-01-02 17:38:00,0.5366773
2026-01-02 17:39:00,0.5829945
2026-01-02 17:40:00,0.59832096
2026-01-02 17:41:00,0.60012114
2026-01-02 17:42:00,0.6320339
2026-01-02 17:43:00,0.6402914
2026-01-02 17:44:00,0.6770854
2026-01-02 17:45:00,0.6988701
2026-01-02 17:46:00,0.7428694
2026-01-02 17:47:00,0.73669875
2026-01-02 17:48:00,0.75274646
2026-01-02 17:49:00,0.71888113
2026-01-02 17:50:00,0.67581785
2026-01-02 17:51:00,0.72839487
2026-01-02 17:52:00,0.7170094
2026-01-02 17:53:00,0.72994804
2026-01-02 17:54:00,0.7144722
2026-01-02 17:55:00,0.6716903
2026-01-02 17:56:00,0.6560971
2026-01-02 17:57:00,0.69861805
2026-01-02 17:58:00,0.70237345
2026-01-02 17:59:00,0.6150262
2026-01-02 18:00:00,0.59438217
2026-01-02 18:01:00,0.65515757
2026-01-02 18:02:00,0.63109374
2026-01-02 18:03:00,0.5453542
2026-01-02 18:04:00,0.61408144
2026-01-02 18:05:00,0.6287508
2026-01-02 18:06:00,0.61201704
2026-01-02 18:07:00,0.5844325
2026-01-02 18:08:00,0.6170722
2026-01-02 18:09:00,0.58199424
2026-01-02 18:10:00,0.617199
2026-01-02 18:11:00,0.6252119
2026-01-02 18:12:00,0.62055033
2026-01-02 18:13:00,0.61216223
2026-01-02 18:14:00,0.59149307
2026-01-02 18:15:00,0.6211692
2026-01-02 18:16:00,0.57189935
2026-01-02 18:17:00,0.4961754
2026-01-02 18:18:00,0.5158317
2026-01-02 18:19:00,0.5344552
2026-01-02 18:20:00,0.5454169
2026-01-02 18:21:00,0.5524692
2026-01-02 18:22:00,0.52969474
2026-01-02 18:23:00,0.5529314
2026-01-02 18:24:00,0.54085606
2026-01-02 18:25:00,0.5119531
2026-01-02 18:26:00,0.49224
2026-01-02 18:27:00,0.56727403
2026-01-02 18:28:00,0.4859498
2026-01-02 18:29:00,0.50039124
2026-01-02 18:30:00,0.42639083
2026-01-02 18:31:00,0.421015
2026-01-02 18:32:00,0.40292317
2026-01-02 18:33:00,0.32009253
2026-01-02 18:34:00,0.34272102
2026-01-02 18:35:00,0.3326464
2026-01-02 18:36:00,0.2544814
2026-01-02 18:37:00,0.2999912
2026-01-02 18:38:00,0.3655485
2026-01-02 18:39:00,0.4279369
2026-01-02 18:40:00,0.4399587
2026-01-02 18:41:00,0.4383742
2026-01-02 18:42:00,0.48807198
2026-01-02 18:43:00,0.5478348
2026-01-02 18:44:00,0.580736
2026-01-02 18:45:00,0.52787304
2026-01-02 18:46:00,0.5248269
2026-01-02 18:47:00,0.5314239
2026-01-02 18:48:00,0.44740075
2026-01-02 18:49:00,0.46113166
2026-01-02 18:50:00,0.5457827
2026-01-02 18:51:00,0.55821306
2026-01-02 18:52:00,0.6028619
2026-01-02 18:53:00,0.5921929
2026-01-02 18:54:00,0.57200646
2026-01-02 18:55:00,0.5714891
2026-01-02 18:56:00,0.52300406
2026-01-02 18:57:00,0.47235495
2026-01-02 18:58:00,0.5148363
2026-01-02 18:59:00,0.55803627
2026-01-02 19:00:00,0.50311816
2026-01-02 19:01:00,0.5308339
2026-01-02 19:02:00,0.5140104
2026-01-02 19:03:00,0.51548034
2026-01-02 19:04:00,0.521526
2026-01-02 19:05:00,0.5483305
2026-01-02 19:06:00,0.53640294
2026-01-02 19:07:00,0.5784052
2026-01-02 19:08:00,0.57289547
2026-01-02 19:09:00,0.58029574
2026-01-02 19:10:00,0.52868485
2026-01-02 19:11:00,0.6007588
2026-01-02 19:12:00,0.5993927
2026-01-02 19:13:00,0.60774255
2026-01-02 19:14:00,0.52245694
2026-01-02 19:15:00,0.47529382
2026-01-02 19:16:00,0.5142078
2026-01-02 19:17:00,0.51184976
2026-01-02 19:18:00,0.4215348
2026-01-02 19:19:00,0.4564094
2026-01-02 19:20:00,0.42509297
2026-01-02 19:21:00,0.474368
2026-01-02 19:22:00,0.45961753
2026-01-02 19:23:00,0.45763162
2026-01-02 19:24:00,0.4946577
2026-01-02 19:25:00,0.4455473
2026-01-02 19:26:00,0.3964355
2026-01-02 19:27:00,0.3829908
2026-01-02 19:28:00,0.4114531
2026-01-02 19:29:00,0.35120133
2026-01-02 19:30:00,0.28216866
2026-01-02 19:31:00,0.31821448
2026-01-02 19:32:00,0.29419464
2026-01-02 19:33:00,0.2804128
2026-01-02 19:34:00,0.20903686
2026-01-02 19:35:00,0.19037129
2026-01-02 19:36:00,0.19994287
2026-01-02 19:37:00,0.24615434
2026-01-02 19:38:00,0.22049275
2026-01-02 19:39:00,0.29391685
2026-01-02 19:40:00,0.26767868
2026-01-02 19:41:00,0.2434874
2026-01-02 19:42:00,0.30993906
2026-01-02 19:43:00,0.31792876
2026-01-02 19:44:00,0.2946303
2026-01-02 19:45:00,0.28896222
2026-01-02 19:46:00,0.34396702
2026-01-02 19:47:00,0.3989882
2026-01-02 19:48:00,0.3581798
2026-01-02 19:49:00,0.35150287
2026-01-02 19:50:00,0.35055643
2026-01-02 19:51:00,0.306523
2026-01-02 19:52:00,0.303128
2026-01-02 19:53:00,0.30233887
2026-01-02 19:54:00,0.34690267
2026-01-02 19:55:00,0.39048475
2026-01-02 19:56:00,0.36901006
2026-01-02 19:57:00,0.35375914
2026-01-02 19:58:00,0.37475407
2026-01-02 19:59:00,0.34398657
2026-01-02 20:00:00,0.36253038
2026-01-02 20:01:00,0.35242602
2026-01-02 20:02:00,0.30776796
2026-01-02 20:03:00,0.26708302
2026-01-02 20:04:00,0.32570714
2026-01-02 20:05:00,0.315401
2026-01-02 20:06:00,0.37768963
2026-01-02 20:07:00,0.34873524
2026-01-02 20:08:00,0.354191
2026-01-02 20:09:00,0.4431697
2026-01-02 20:10:00,0.38692853
2026-01-02 20:11:00,0.30147094
2026-01-02 20:12:00,0.35012794
2026-01-02 20:13:00,0.31025866
2026-01-02 20:14:00,0.3057257
2026-01-02 20:15:00,0.27885002
2026-01-02 20:16:00,0.28819117
2026-01-02 20:17:00,0.24794102
2026-01-02 20:18:00,0.24163912
2026-01-02 20:19:00,0.26093644
2026-01-02 20:20:00,0.22027028
2026-01-02 20:21:00,0.1950921
2026-01-02 20:22:00,0.18594238
2026-01-02 20:23:00,0.13417391
2026-01-02 20:24:00,0.12670411
2026-01-02 20:25:00,0.14139366
2026-01-02 20:26:00,0.13408212
2026-01-02 20:27:00,0.13239077
2026-01-02 20:28:00,0.14080249
2026-01-02 20:29:00,0.123016834
2026-01-02 20:30:00,0.16043596
2026-01-02 20:31:00,0.2245683
2026-01-02 20:32:00,0.20746629
2026-01-02 20:33:00,0.98
2026-01-02 20:34:00,0.98
2026-01-02 20:35:00,0.98
2026-01-02 20:36:00,0.98
2026-01-02 20:37:00,0.9146546
2026-01-02 20:38:00,0.72950804
2026-01-02 20:39:00,0.6589742
2026-01-02 20:40:00,0.63400036
2026-01-02 20:41:00,0.56001645
2026-01-02 20:42:00,0.5465053
2026-01-02 20:43:00,0.4714393
2026-01-02 20:44:00,0.3744782
2026-01-02 20:45:00,0.35353923
2026-01-02 20:46:00,0.26097643
2026-01-02 20:47:00,0.23861003
2026-01-02 20:48:00,0.28082404
2026-01-02 20:49:00,0.19319811
2026-01-02 20:50:00,0.13892785
2026-01-02 20:51:00,0.09981423
2026-01-02 20:52:00,0.1033156
2026-01-02 20:53:00,0.09503163
2026-01-02 20:54:00,0.15847492
2026-01-02 20:55:00,0.19942312
2026-01-02 20:56:00,0.21902364
2026-01-02 20:57:00,0.22329551
2026-01-02 20:58:00,0.23730059
2026-01-02 20:59:00,0.20010348
2026-01-02 21:00:00,0.23474029
2026-01-02 21:01:00,0.1878968
2026-01-02 21:02:00,0.22273426
2026-01-02 21:03:00,0.26883218
2026-01-02 21:04:00,0.27223185
2026-01-02 21:05:00,0.25986403
2026-01-02 21:06:00,0.27152342
2026-01-02 21:07:00,0.1517451
2026-01-02 21:08:00,0.16806127
2026-01-02 21:09:00,0.1664031
2026-01-02 21:10:00,0.16733749
2026-01-02 21:11:00,0.19843076
2026-01-02 21:12:00,0.1957288
2026-01-02 21:13:00,0.1505674
2026-01-02 21:14:00,0.14891121
2026-01-02 21:15:00,0.15568458
2026-01-02 21:16:00,0.16374885
2026-01-02 21:17:00,0.17298424
2026-01-02 21:18:00,0.2165151
2026-01-02 21:19:00,0.17148322
2026-01-02 21:20:00,0.18045896
2026-01-02 21:21:00,0.23322138
2026-01-02 21:22:00,0.16071671
2026-01-02 21:23:00,0.17051837
2026-01-02 21:24:00,0.14887068
2026-01-02 21:25:00,0.1374775
2026-01-02 21:26:00,0.10556813
2026-01-02 21:27:00,0.105558306
2026-01-02 21:28:00,0.18591835
2026-01-02 21:29:00,0.13555934
2026-01-02 21:30:00,0.092959404
2026-01-02 21:31:00,0.05
2026-01-02 21:32:00,0.12854162
2026-01-02 21:33:00,0.11460891
2026-01-02 21:34:00,0.11919799
2026-01-02 21:35:00,0.10827376
2026-01-02 21:36:00,0.07649787
2026-01-02 21:37:00,0.075575374
2026-01-02 21:38:00,0.18240333
2026-01-02 21:39:00,0.23797944
2026-01-02 21:40:00,0.19925088
2026-01-02 21:41:00,0.2235833
2026-01-02 21:42:00,0.18674788
2026-01-02 21:43:00,0.11500862
2026-01-02 21:44:00,0.1607872
2026-01-02 21:45:00,0.20847076
2026-01-02 21:46:00,0.24772249
2026-01-02 21:47:00,0.22314228
2026-01-02 21:48:00,0.21259743
2026-01-02 21:49:00,0.23950364
2026-01-02 21:50:00,0.24987283
2026-01-02 21:51:00,0.22795387
2026-01-02 21:52:00,0.15871823
2026-01-02 21:53:00,0.16428694
2026-01-02 21:54:00,0.20796362
2026-01-02 21:55:00,0.15703076
2026-01-02 21:56:00,0.18357542
2026-01-02 21:57:00,0.19565724
2026-01-02 21:58:00,0.22346665
2026-01-02 21:59:00,0.25387472
2026-01-02 22:00:00,0.21914332
2026-01-02 22:01:00,0.1502419
2026-01-02 22:02:00,0.13014185
2026-01-02 22:03:00,0.16850781
2026-01-02 22:04:00,0.14651184
2026-01-02 22:05:00,0.120147
2026-01-02 22:06:00,0.05075253
2026-01-02 22:07:00,0.12982346
2026-01-02 22:08:00,0.16544573
2026-01-02 22:09:00,0.19594033
2026-01-02 22:10:00,0.2318638
2026-01-02 22:11:00,0.2492284
2026-01-02 22:12:00,0.23231852
2026-01-02 22:13:00,0.2199406
2026-01-02 22:14:00,0.19795796
2026-01-02 22:15:00,0.30018362
2026-01-02 22:16:00,0.311036
2026-01-02 22:17:00,0.28019005
2026-01-02 22:18:00,0.28894252
2026-01-02 22:19:00,0.23789938
2026-01-02 22:20:00,0.2915144
2026-01-02 22:21:00,0.25417733
2026-01-02 22:22:00,0.26627398
2026-01-02 22:23:00,0.2999596
2026-01-02 22:24:00,0.30366346
2026-01-02 22:25:00,0.29542097
2026-01-02 22:26:00,0.28445348
2026-01-02 22:27:00,0.27163646
2026-01-02 22:28:00,0.23899767
2026-01-02 22:29:00,0.21402223
2026-01-02 22:30:00,0.26817185
2026-01-02 22:31:00,0.25442892
2026-01-02 22:32:00,0.21466
2026-01-02 22:33:00,0.1888179
2026-01-02 22:34:00,0.22967573
2026-01-02 22:35:00,0.2502406
2026-01-02 22:36:00,0.26451585
2026-01-02 22:37:00,0.24490218
2026-01-02 22:38:00,0.2600605
2026-01-02 22:39:00,0.22529714
2026-01-02 22:40:00,0.20864116
2026-01-02 22:41:00,0.24246322
2026-01-02 22:42:00,0.26972768
2026-01-02 22:43:00,0.22053319
2026-01-02 22:44:00,0.18029968
2026-01-02 22:45:00,0.18182455
2026-01-02 22:46:00,0.2478956
2026-01-02 22:47:00,0.16298446
2026-01-02 22:48:00,0.17259394
2026-01-02 22:49:00,0.11523185
2026-01-02 22:50:00,0.09209988
2026-01-02 22:51:00,0.081587665
2026-01-02 22:52:00,0.06964674
2026-01-02 22:53:00,0.05410351
2026-01-02 22:54:00,0.06141821
2026-01-02 22:55:00,0.05
2026-01-02 22:56:00,0.05
2026-01-02 22:57:00,0.05
2026-01-02 22:58:00,0.07665338
2026-01-02 22:59:00,0.11548085
2026-01-02 23:00:00,0.05582263
2026-01-02 23:01:00,0.074500464
2026-01-02 23:02:00,0.1067442
2026-01-02 23:03:00,0.06809933
2026-01-02 23:04:00,0.07413959
2026-01-02 23:05:00,0.07465798
2026-01-02 23:06:00,0.15345095
2026-01-02 23:07:00,0.22921409
2026-01-02 23:08:00,0.15534227
2026-01-02 23:09:00,0.25369212
2026-01-02 23:10:00,0.20778888
2026-01-02 23:11:00,0.24137531
2026-01-02 23:12:00,0.27184963
2026-01-02 23:13:00,0.22122073
2026-01-02 23:14:00,0.23418312
2026-01-02 23:15:00,0.22205952
2026-01-02 23:16:00,0.23736383
2026-01-02 23:17:00,0.23848136
2026-01-02 23:18:00,0.27812046
2026-01-02 23:19:00,0.26973552
2026-01-02 23:20:00,0.25227553
2026-01-02 23:21:00,0.28675538
2026-01-02 23:22:00,0.29783604
2026-01-02 23:23:00,0.3140732
2026-01-02 23:24:00,0.27314216
2026-01-02 23:25:00,0.22024563
2026-01-02 23:26:00,0.19066998
2026-01-02 23:27:00,0.16132432
2026-01-02 23:28:00,0.19059546
2026-01-02 23:29:00,0.22510503
2026-01-02 23:30:00,0.21159838
2026-01-02 23:31:00,0.26260373
2026-01-02 23:32:00,0.30702057
2026-01-02 23:33:00,0.3028716
2026-01-02 23:34:00,0.2564336
2026-01-02 23:35:00,0.3095925
2026-01-02 23:36:00,0.2930344
2026-01-02 23:37:00,0.28528017
2026-01-02 23:38:00,0.25950775
2026-01-02 23:39:00,0.21378238
2026-01-02 23:40:00,0.14855418
2026-01-02 23:41:00,0.17259799
2026-01-02 23:42:00,0.13806137
2026-01-02 23:43:00,0.25999925
2026-01-02 23:44:00,0.20635253
2026-01-02 23:45:00,0.15014023
2026-01-02 23:46:00,0.16912116
2026-01-02 23:47:00,0.22734644
2026-01-02 23:48:00,0.22232091
2026-01-02 23:49:00,0.23800014
2026-01-02 23:50:00,0.1557904
2026-01-02 23:51:00,0.12679623
2026-01-02 23:52:00,0.084275156
2026-01-02 23:53:00,0.05
2026-01-02 23:54:00,0.05
2026-01-02 23:55:00,0.05
2026-01-02 23:56:00,0.05
2026-01-02 23:57:00,0.05
2026-01-02 23:58:00,0.05
2026-01-02 23:59:00,0.05
2026-01-03 00:00:00,0.05
2026-01-03 00:01:00,0.05
2026-01-03 00:02:00,0.05
2026-01-03 00:03:00,0.09391196
2026-01-03 00:04:00,0.096752845
2026-01-03 00:05:00,0.11158754
2026-01-03 00:06:00,0.13356335
2026-01-03 00:07:00,0.13899316
2026-01-03 00:08:00,0.12244124
2026-01-03 00:09:00,0.10981058
2026-01-03 00:10:00,0.078793116
2026-01-03 00:11:00,0.09983177
2026-01-03 00:12:00,0.0985701
2026-01-03 00:13:00,0.07465143
2026-01-03 00:14:00,0.052692138
2026-01-03 00:15:00,0.05
2026-01-03 00:16:00,0.059401475
2026-01-03 00:17:00,0.06832494
2026-01-03 00:18:00,0.05
2026-01-03 00:19:00,0.0786702
2026-01-03 00:20:00,0.060520828
2026-01-03 00:21:00,0.05
2026-01-03 00:22:00,0.06062672
2026-01-03 00:23:00,0.05
2026-01-03 00:24:00,0.05
2026-01-03 00:25:00,0.05
2026-01-03 00:26:00,0.0977148
2026-01-03 00:27:00,0.10134629
2026-01-03 00:28:00,0.05593459
2026-01-03 00:29:00,0.083889425
2026-01-03 00:30:00,0.06846739
2026-01-03 00:31:00,0.14921018
2026-01-03 00:32:00,0.14794667
2026-01-03 00:33:00,0.05744281
2026-01-03 00:34:00,0.077890806
2026-01-03 00:35:00,0.16020815
2026-01-03 00:36:00,0.22120924
2026-01-03 00:37:00,0.28754815
2026-01-03 00:38:00,0.23456825
2026-01-03 00:39:00,0.2631205
2026-01-03 00:40:00,0.22404024
2026-01-03 00:41:00,0.22595568
2026-01-03 00:42:00,0.16784647
2026-01-03 00:43:00,0.13954443
2026-01-03 00:44:00,0.11225385
2026-01-03 00:45:00,0.15015785
2026-01-03 00:46:00,0.18113568
2026-01-03 00:47:00,0.18869926
2026-01-03 00:48:00,0.13058837
2026-01-03 00:49:00,0.11869824
2026-01-03 00:50:00,0.09040118
2026-01-03 00:51:00,0.12902087
2026-01-03 00:52:00,0.17691296
2026-01-03 00:53:00,0.21612367
2026-01-03 00:54:00,0.17975563
2026-01-03 00:55:00,0.066947095
2026-01-03 00:56:00,0.05
2026-01-03 00:57:00,0.069986515
2026-01-03 00:58:00,0.059560537
2026-01-03 00:59:00,0.05
2026-01-03 01:00:00,0.11011055
2026-01-03 01:01:00,0.16320416
2026-01-03 01:02:00,0.16244683
2026-01-03 01:03:00,0.1490613
2026-01-03 01:04:00,0.14322434
2026-01-03 01:05:00,0.15225087
2026-01-03 01:06:00,0.21549697
2026-01-03 01:07:00,0.22660683
2026-01-03 01:08:00,0.24899735
2026-01-03 01:09:00,0.28735358
2026-01-03 01:10:00,0.22911112
2026-01-03 01:11:00,0.25253755
2026-01-03 01:12:00,0.23214093
2026-01-03 01:13:00,0.12454362
2026-01-03 01:14:00,0.05
2026-01-03 01:15:00,0.05
2026-01-03 01:16:00,0.05
2026-01-03 01:17:00,0.054023262
2026-01-03 01:18:00,0.06884202
2026-01-03 01:19:00,0.15316899
2026-01-03 01:20:00,0.10197942
2026-01-03 01:21:00,0.10458256
2026-01-03 01:22:00,0.12028383
2026-01-03 01:23:00,0.093132585
2026-01-03 01:24:00,0.09876972
2026-01-03 01:25:00,0.05
2026-01-03 01:26:00,0.1041653
2026-01-03 01:27:00,0.08062097
2026-01-03 01:28:00,0.16751435
2026-01-03 01:29:00,0.16493522
2026-01-03 01:30:00,0.20501776
2026-01-03 01:31:00,0.19867404
2026-01-03 01:32:00,0.19377506
2026-01-03 01:33:00,0.16717182
2026-01-03 01:34:00,0.17085852
2026-01-03 01:35:00,0.18224114
2026-01-03 01:36:00,0.14865908
2026-01-03 01:37:00,0.14416869
2026-01-03 01:38:00,0.120672196
2026-01-03 01:39:00,0.21548311
2026-01-03 01:40:00,0.20717089
2026-01-03 01:41:00,0.26496
2026-01-03 01:42:00,0.24852993
2026-01-03 01:43:00,0.25164917
2026-01-03 01:44:00,0.19133158
2026-01-03 01:45:00,0.1708502
2026-01-03 01:46:00,0.17835106
2026-01-03 01:47:00,0.2403104
2026-01-03 01:48:00,0.24279223
2026-01-03 01:49:00,0.29158545
2026-01-03 01:50:00,0.3067963
2026-01-03 01:51:00,0.36029822
2026-01-03 01:52:00,0.34210363
2026-01-03 01:53:00,0.42337692
2026-01-03 01:54:00,0.3831656
2026-01-03 01:55:00,0.3349709
2026-01-03 01:56:00,0.2729308
2026-01-03 01:57:00,0.35753998
2026-01-03 01:58:00,0.37496066
2026-01-03 01:59:00,0.34488857
2026-01-03 02:00:00,0.3805919
2026-01-03 02:01:00,0.39103004
2026-01-03 02:02:00,0.4518151
2026-01-03 02:03:00,0.36722383
2026-01-03 02:04:00,0.34074396
2026-01-03 02:05:00,0.3085416
2026-01-03 02:06:00,0.21851479
2026-01-03 02:07:00,0.25709668
2026-01-03 02:08:00,0.23940955
2026-01-03 02:09:00,0.2635853
2026-01-03 02:10:00,0.3506797
2026-01-03 02:11:00,0.32233337
2026-01-03 02:12:00,0.2935861
2026-01-03 02:13:00,0.28877935
2026-01-03 02:14:00,0.31914884
2026-01-03 02:15:00,0.28497902
2026-01-03 02:16:00,0.25102183
2026-01-03 02:17:00,0.2873566
2026-01-03 02:18:00,0.29369217
2026-01-03 02:19:00,0.20263612
2026-01-03 02:20:00,0.15168826
2026-01-03 02:21:00,0.21393189
2026-01-03 02:22:00,0.2272746
2026-01-03 02:23:00,0.1930361
2026-01-03 02:24:00,0.18525961
2026-01-03 02:25:00,0.1855029
2026-01-03 02:26:00,0.2146787
2026-01-03 02:27:00,0.157813
2026-01-03 02:28:00,0.12624183
2026-01-03 02:29:00,0.1418056
2026-01-03 02:30:00,0.141266
2026-01-03 02:31:00,0.16769098
2026-01-03 02:32:00,0.12000126
2026-01-03 02:33:00,0.13964643
2026-01-03 02:34:00,0.18715276
2026-01-03 02:35:00,0.20672287
2026-01-03 02:36:00,0.21087429
2026-01-03 02:37:00,0.20534928
2026-01-03 02:38:00,0.17076339
2026-01-03 02:39:00,0.16951457
2026-01-03 02:40:00,0.22169025
2026-01-03 02:41:00,0.21459924
2026-01-03 02:42:00,0.17730151
2026-01-03 02:43:00,0.1589472
2026-01-03 02:44:00,0.16984278
2026-01-03 02:45:00,0.15695007
2026-01-03 02:46:00,0.17949973
2026-01-03 02:47:00,0.20180558
2026-01-03 02:48:00,0.23703139
2026-01-03 02:49:00,0.29088134
2026-01-03 02:50:00,0.32337472
2026-01-03 02:51:00,0.27612448
2026-01-03 02:52:00,0.2339425
2026-01-03 02:53:00,0.22830595
2026-01-03 02:54:00,0.20816484
2026-01-03 02:55:00,0.16220993
2026-01-03 02:56:00,0.14785807
2026-01-03 02:57:00,0.13340308
2026-01-03 02:58:00,0.11227295
2026-01-03 02:59:00,0.10713773
2026-01-03 03:00:00,0.16224541
2026-01-03 03:01:00,0.17383872
2026-01-03 03:02:00,0.27547047
2026-01-03 03:03:00,0.276983
2026-01-03 03:04:00,0.26001522
2026-01-03 03:05:00,0.25623676
2026-01-03 03:06:00,0.26291922
2026-01-03 03:07:00,0.2762821
2026-01-03 03:08:00,0.35429907
2026-01-03 03:09:00,0.30925855
2026-01-03 03:10:00,0.3360614
2026-01-03 03:11:00,0.3347339
2026-01-03 03:12:00,0.2624247
2026-01-03 03:13:00,0.28963846
2026-01-03 03:14:00,0.3346187
2026-01-03 03:15:00,0.2910754
2026-01-03 03:16:00,0.28501254
2026-01-03 03:17:00,0.21084535
2026-01-03 03:18:00,0.16134125
2026-01-03 03:19:00,0.208139
2026-01-03 03:20:00,0.19068347
2026-01-03 03:21:00,0.14899759
2026-01-03 03:22:00,0.16424608
2026-01-03 03:23:00,0.14826903
2026-01-03 03:24:00,0.13570333
2026-01-03 03:25:00,0.17261863
2026-01-03 03:26:00,0.13060845
2026-01-03 03:27:00,0.10228424
2026-01-03 03:28:00,0.11867448
2026-01-03 03:29:00,0.16643769
2026-01-03 03:30:00,0.22120115
2026-01-03 03:31:00,0.19552624
2026-01-03 03:32:00,0.23607473
2026-01-03 03:33:00,0.20459074
2026-01-03 03:34:00,0.28011197
2026-01-03 03:35:00,0.23126502
2026-01-03 03:36:00,0.28488883
2026-01-03 03:37:00,0.25489745
2026-01-03 03:38:00,0.3341683
2026-01-03 03:39:00,0.3502943
2026-01-03 03:40:00,0.30091092
2026-01-03 03:41:00,0.27530378
2026-01-03 03:42:00,0.30395672
2026-01-03 03:43:00,0.341251
2026-01-03 03:44:00,0.33070263
2026-01-03 03:45:00,0.3256887
2026-01-03 03:46:00,0.34969953
2026-01-03 03:47:00,0.34680346
2026-01-03 03:48:00,0.2872034
2026-01-03 03:49:00,0.25166932
2026-01-03 03:50:00,0.26097873
2026-01-03 03:51:00,0.30883518
2026-01-03 03:52:00,0.36896068
2026-01-03 03:53:00,0.39089587
2026-01-03 03:54:00,0.39146486
2026-01-03 03:55:00,0.41052768
2026-01-03 03:56:00,0.37152156
2026-01-03 03:57:00,0.35625574
2026-01-03 03:58:00,0.31545442
2026-01-03 03:59:00,0.2610123
2026-01-03 04:00:00,0.274297
2026-01-03 04:01:00,0.28067762
2026-01-03 04:02:00,0.30671373
2026-01-03 04:03:00,0.325086
2026-01-03 04:04:00,0.3299307
2026-01-03 04:05:00,0.34702793
2026-01-03 04:06:00,0.33886686
2026-01-03 04:07:00,0.34966347
2026-01-03 04:08:00,0.31411693
2026-01-03 04:09:00,0.32533044
2026-01-03 04:10:00,0.35889167
2026-01-03 04:11:00,0.3239918
2026-01-03 04:12:00,0.32102945
2026-01-03 04:13:00,0.29153562
2026-01-03 04:14:00,0.26850456
2026-01-03 04:15:00,0.22357433
2026-01-03 04:16:00,0.27804217
2026-01-03 04:17:00,0.32030836
2026-01-03 04:18:00,0.33820933
2026-01-03 04:19:00,0.4122041
2026-01-03 04:20:00,0.39394817
2026-01-03 04:21:00,0.5061125
2026-01-03 04:22:00,0.4790456
2026-01-03 04:23:00,0.47356185
2026-01-03 04:24:00,0.442503
2026-01-03 04:25:00,0.444835
2026-01-03 04:26:00,0.4656115
2026-01-03 04:27:00,0.4468421
2026-01-03 04:28:00,0.50529563
2026-01-03 04:29:00,0.4976647
2026-01-03 04:30:00,0.49199137
2026-01-03 04:31:00,0.43968552
2026-01-03 04:32:00,0.44475636
2026-01-03 04:33:00,0.42741242
2026-01-03 04:34:00,0.39257914
2026-01-03 04:35:00,0.35389456
2026-01-03 04:36:00,0.4563256
2026-01-03 04:37:00,0.4332438
2026-01-03 04:38:00,0.3643595
2026-01-03 04:39:00,0.33142784
2026-01-03 04:40:00,0.3270883
2026-01-03 04:41:00,0.34711686
2026-01-03 04:42:00,0.36596003
2026-01-03 04:43:00,0.3882603
2026-01-03 04:44:00,0.3560096
2026-01-03 04:45:00,0.36584324
2026-01-03 04:46:00,0.32632262
2026-01-03 04:47:00,0.30031297
2026-01-03 04:48:00,0.26455435
2026-01-03 04:49:00,0.2209223
2026-01-03 04:50:00,0.27097812
2026-01-03 04:51:00,0.3020991
2026-01-03 04:52:00,0.3423464
2026-01-03 04:53:00,0.34197387
2026-01-03 04:54:00,0.3712252
2026-01-03 04:55:00,0.2967071
2026-01-03 04:56:00,0.3332203
2026-01-03 04:57:00,0.33946878
2026-01-03 04:58:00,0.36331224
2026-01-03 04:59:00,0.3754603
2026-01-03 05:00:00,0.3320491
2026-01-03 05:01:00,0.27176747
2026-01-03 05:02:00,0.24784403
2026-01-03 05:03:00,0.27700981
2026-01-03 05:04:00,0.30894607
2026-01-03 05:05:00,0.25610304
2026-01-03 05:06:00,0.22305842
2026-01-03 05:07:00,0.20306937
2026-01-03 05:08:00,0.1994144
2026-01-03 05:09:00,0.15595996
2026-01-03 05:10:00,0.113680035
2026-01-03 05:11:00,0.0988896
2026-01-03 05:12:00,0.12170464
2026-01-03 05:13:00,0.09211945
2026-01-03 05:14:00,0.10759187
2026-01-03 05:15:00,0.16890015
2026-01-03 05:16:00,0.13099009
2026-01-03 05:17:00,0.14002603
2026-01-03 05:18:00,0.1976873
2026-01-03 05:19:00,0.19311497
2026-01-03 05:20:00,0.18279296
2026-01-03 05:21:00,0.24288413
2026-01-03 05:22:00,0.23948109
2026-01-03 05:23:00,0.29287943
2026-01-03 05:24:00,0.3150862
2026-01-03 05:25:00,0.30474573
2026-01-03 05:26:00,0.32823583
2026-01-03 05:27:00,0.34357923
2026-01-03 05:28:00,0.3858149
2026-01-03 05:29:00,0.36200514
2026-01-03 05:30:00,0.3637851
2026-01-03 05:31:00,0.36141682
2026-01-03 05:32:00,0.3899678
2026-01-03 05:33:00,0.3471651
2026-01-03 05:34:00,0.38957658
2026-01-03 05:35:00,0.40667313
2026-01-03 05:36:00,0.35117593
2026-01-03 05:37:00,0.40123037
2026-01-03 05:38:00,0.48841822
2026-01-03 05:39:00,0.5194455
2026-01-03 05:40:00,0.5651015
2026-01-03 05:41:00,0.5535458
2026-01-03 05:42:00,0.47314483
2026-01-03 05:43:00,0.39197692
2026-01-03 05:44:00,0.4013764
2026-01-03 05:45:00,0.37624747
2026-01-03 05:46:00,0.34033117
2026-01-03 05:47:00,0.34146777
2026-01-03 05:48:00,0.36975336
2026-01-03 05:49:00,0.3131492
2026-01-03 05:50:00,0.3013356
2026-01-03 05:51:00,0.36892423
2026-01-03 05:52:00,0.3278068
2026-01-03 05:53:00,0.36788836
2026-01-03 05:54:00,0.3506915
2026-01-03 05:55:00,0.37619936
2026-01-03 05:56:00,0.4218361
2026-01-03 05:57:00,0.44968843
2026-01-03 05:58:00,0.48213625
2026-01-03 05:59:00,0.42966685
2026-01-03 06:00:00,0.47211403
2026-01-03 06:01:00,0.4326204
2026-01-03 06:02:00,0.44088495
2026-01-03 06:03:00,0.44854596
2026-01-03 06:04:00,0.46477875
2026-01-03 06:05:00,0.47389612
2026-01-03 06:06:00,0.43516338
2026-01-03 06:07:00,0.3793971
2026-01-03 06:08:00,0.4170911
2026-01-03 06:09:00,0.4244195
2026-01-03 06:10:00,0.46981394
2026-01-03 06:11:00,0.46392328
2026-01-03 06:12:00,0.40419757
2026-01-03 06:13:00,0.44421285
2026-01-03 06:14:00,0.42767817
2026-01-03 06:15:00,0.44107267
2026-01-03 06:16:00,0.41392872
2026-01-03 06:17:00,0.4807385
2026-01-03 06:18:00,0.44148076
2026-01-03 06:19:00,0.42704108
2026-01-03 06:20:00,0.43166393
2026-01-03 06:21:00,0.3880441
2026-01-03 06:22:00,0.4049344
2026-01-03 06:23:00,0.47184178
2026-01-03 06:24:00,0.44941446
2026-01-03 06:25:00,0.46431842
2026-01-03 06:26:00,0.35236
2026-01-03 06:27:00,0.35789174
2026-01-03 06:28:00,0.3521297
2026-01-03 06:29:00,0.32672387
2026-01-03 06:30:00,0.37946203
2026-01-03 06:31:00,0.37178707
2026-01-03 06:32:00,0.3707906
2026-01-03 06:33:00,0.3619992
2026-01-03 06:34:00,0.29244027
2026-01-03 06:35:00,0.25995338
2026-01-03 06:36:00,0.31390297
2026-01-03 06:37:00,0.24080926
2026-01-03 06:38:00,0.227423
2026-01-03 06:39:00,0.22988608
2026-01-03 06:40:00,0.31800056
2026-01-03 06:41:00,0.36017996
2026-01-03 06:42:00,0.34606904
2026-01-03 06:43:00,0.4076694
2026-01-03 06:44:00,0.38265568
2026-01-03 06:45:00,0.42974293
2026-01-03 06:46:00,0.37845945
2026-01-03 06:47:00,0.4286795
2026-01-03 06:48:00,0.41582176
2026-01-03 06:49:00,0.37921342
2026-01-03 06:50:00,0.37810388
2026-01-03 06:51:00,0.39697835
2026-01-03 06:52:00,0.383575
2026-01-03 06:53:00,0.41330788
2026-01-03 06:54:00,0.39530024
2026-01-03 06:55:00,0.42698392
2026-01-03 06:56:00,0.449123
2026-01-03 06:57:00,0.44948134
2026-01-03 06:58:00,0.43470886
2026-01-03 06:59:00,0.44495144
2026-01-03 07:00:00,0.4704395
2026-01-03 07:01:00,0.5544667
2026-01-03 07:02:00,0.5869931
2026-01-03 07:03:00,0.61849666
2026-01-03 07:04:00,0.7320973
2026-01-03 07:05:00,0.7338245
2026-01-03 07:06:00,0.7342775
2026-01-03 07:07:00,0.7435858
2026-01-03 07:08:00,0.68374693
2026-01-03 07:09:00,0.6514145
2026-01-03 07:10:00,0.6192947
2026-01-03 07:11:00,0.6360126
2026-01-03 07:12:00,0.61863846
2026-01-03 07:13:00,0.6152669
2026-01-03 07:14:00,0.65025127
2026-01-03 07:15:00,0.6735816
2026-01-03 07:16:00,0.6541675
2026-01-03 07:17:00,0.61609244
2026-01-03 07:18:00,0.6533911
2026-01-03 07:19:00,0.6733675
2026-01-03 07:20:00,0.59665674
2026-01-03 07:21:00,0.57792383
2026-01-03 07:22:00,0.5799533
2026-01-03 07:23:00,0.60646987
2026-01-03 07:24:00,0.63623285
2026-01-03 07:25:00,0.63868386
2026-01-03 07:26:00,0.6531093
2026-01-03 07:27:00,0.6456531
2026-01-03 07:28:00,0.6093907
2026-01-03 07:29:00,0.5926495
2026-01-03 07:30:00,0.58857465
2026-01-03 07:31:00,0.5827956
2026-01-03 07:32:00,0.5035599
2026-01-03 07:33:00,0.49030325
2026-01-03 07:34:00,0.4963713
2026-01-03 07:35:00,0.48856744
2026-01-03 07:36:00,0.48288625
2026-01-03 07:37:00,0.5071686
2026-01-03 07:38:00,0.46694684
2026-01-03 07:39:00,0.40809575
2026-01-03 07:40:00,0.40526393
2026-01-03 07:41:00,0.44726622
2026-01-03 07:42:00,0.52296203
2026-01-03 07:43:00,0.5565013
2026-01-03 07:44:00,0.49745774
2026-01-03 07:45:00,0.49268946
2026-01-03 07:46:00,0.5079785
2026-01-03 07:47:00,0.5189985
2026-01-03 07:48:00,0.54372114
2026-01-03 07:49:00,0.50832736
2026-01-03 07:50:00,0.51516026
2026-01-03 07:51:00,0.53577715
2026-01-03 07:52:00,0.5710739
2026-01-03 07:53:00,0.5384065
2026-01-03 07:54:00,0.52689004
2026-01-03 07:55:00,0.42206344
2026-01-03 07:56:00,0.40903205
2026-01-03 07:57:00,0.4010398
2026-01-03 07:58:00,0.37399477
2026-01-03 07:59:00,0.3966357
2026-01-03 08:00:00,0.40871745
2026-01-03 08:01:00,0.33181614
2026-01-03 08:02:00,0.36016995
2026-01-03 08:03:00,0.3406161
2026-01-03 08:04:00,0.3793009
2026-01-03 08:05:00,0.344303
2026-01-03 08:06:00,0.3646928
2026-01-03 08:07:00,0.37103802
2026-01-03 08:08:00,0.40043947
2026-01-03 08:09:00,0.42046568
2026-01-03 08:10:00,0.42380828
2026-01-03 08:11:00,0.37575185
2026-01-03 08:12:00,0.3340151
2026-01-03 08:13:00,0.3314626
2026-01-03 08:14:00,0.35225078
2026-01-03 08:15:00,0.34748924
2026-01-03 08:16:00,0.39255893
2026-01-03 08:17:00,0.39795738
2026-01-03 08:18:00,0.37560385
2026-01-03 08:19:00,0.38262656
2026-01-03 08:20:00,0.40935683
2026-01-03 08:21:00,0.4380206
2026-01-03 08:22:00,0.5266418
2026-01-03 08:23:00,0.50639224
2026-01-03 08:24:00,0.5116902
2026-01-03 08:25:00,0.5366585
2026-01-03 08:26:00,0.5417574
2026-01-03 08:27:00,0.5274703
2026-01-03 08:28:00,0.47248998
2026-01-03 08:29:00,0.46355423
2026-01-03 08:30:00,0.43292767
2026-01-03 08:31:00,0.37874377
2026-01-03 08:32:00,0.36624026
2026-01-03 08:33:00,0.34478882
2026-01-03 08:34:00,0.39039668
2026-01-03 08:35:00,0.43315595
2026-01-03 08:36:00,0.4124032
2026-01-03 08:37:00,0.41916397
2026-01-03 08:38:00,0.70547277
2026-01-03 08:39:00,0.6452471
2026-01-03 08:40:00,0.63186926
2026-01-03 08:41:00,0.64178216
2026-01-03 08:42:00,0.5936509
2026-01-03 08:43:00,0.6234851
2026-01-03 08:44:00,0.5511349
2026-01-03 08:45:00,0.49769542
2026-01-03 08:46:00,0.5288095
2026-01-03 08:47:00,0.59754056
2026-01-03 08:48:00,0.61503536
2026-01-03 08:49:00,0.6109212
2026-01-03 08:50:00,0.52189714
2026-01-03 08:51:00,0.44770563
2026-01-03 08:52:00,0.46619895
2026-01-03 08:53:00,0.46428594
2026-01-03 08:54:00,0.43310228
2026-01-03 08:55:00,0.45168576
2026-01-03 08:56:00,0.4711271
2026-01-03 08:57:00,0.52249825
2026-01-03 08:58:00,0.5377224
2026-01-03 08:59:00,0.5956439
2026-01-03 09:00:00,0.6003333
2026-01-03 09:01:00,0.5999106
2026-01-03 09:02:00,0.6468863
2026-01-03 09:03:00,0.60855794
2026-01-03 09:04:00,0.72516364
2026-01-03 09:05:00,0.73501563
2026-01-03 09:06:00,0.74443656
2026-01-03 09:07:00,0.75900203
2026-01-03 09:08:00,0.8266057
2026-01-03 09:09:00,0.8455332
2026-01-03 09:10:00,0.76715726
2026-01-03 09:11:00,0.8155026
2026-01-03 09:12:00,0.790313
2026-01-03 09:13:00,0.7851657
2026-01-03 09:14:00,0.725077
2026-01-03 09:15:00,0.74211496
2026-01-03 09:16:00,0.7107869
2026-01-03 09:17:00,0.7121256
2026-01-03 09:18:00,0.69808406
2026-01-03 09:19:00,0.77362704
2026-01-03 09:20:00,0.8455123
2026-01-03 09:21:00,0.8343119
2026-01-03 09:22:00,0.82480043
2026-01-03 09:23:00,0.79864675
2026-01-03 09:24:00,0.8338564
2026-01-03 09:25:00,0.8089447
2026-01-03 09:26:00,0.78242123
2026-01-03 09:27:00,0.81410825
2026-01-03 09:28:00,0.78267556
2026-01-03 09:29:00,0.77386975
2026-01-03 09:30:00,0.7041161
2026-01-03 09:31:00,0.73145235
2026-01-03 09:32:00,0.8061578
2026-01-03 09:33:00,0.8261899
2026-01-03 09:34:00,0.8743304
2026-01-03 09:35:00,0.8263914
2026-01-03 09:36:00,0.8256719
2026-01-03 09:37:00,0.77791744
2026-01-03 09:38:00,0.76268554
2026-01-03 09:39:00,0.78875726
2026-01-03 09:40:00,0.7860132
2026-01-03 09:41:00,0.7229953
2026-01-03 09:42:00,0.66900796
2026-01-03 09:43:00,0.6167785
2026-01-03 09:44:00,0.6437158
2026-01-03 09:45:00,0.73147917
2026-01-03 09:46:00,0.784247
2026-01-03 09:47:00,0.7025381
2026-01-03 09:48:00,0.7601304
2026-01-03 09:49:00,0.79380983
2026-01-03 09:50:00,0.72560805
2026-01-03 09:51:00,0.71262705
2026-01-03 09:52:00,0.75671375
2026-01-03 09:53:00,0.7755497
2026-01-03 09:54:00,0.71857697
2026-01-03 09:55:00,0.7430344
2026-01-03 09:56:00,0.65568393
2026-01-03 09:57:00,0.6519866
2026-01-03 09:58:00,0.7030937
2026-01-03 09:59:00,0.7054068
2026-01-03 10:00:00,0.6869181
2026-01-03 10:01:00,0.7255159
2026-01-03 10:02:00,0.7645178
2026-01-03 10:03:00,0.81388617
2026-01-03 10:04:00,0.84195185
2026-01-03 10:05:00,0.8761278
2026-01-03 10:06:00,0.8937048
2026-01-03 10:07:00,0.89125365
2026-01-03 10:08:00,0.8820306
2026-01-03 10:09:00,0.86054695
2026-01-03 10:10:00,0.8018494
2026-01-03 10:11:00,0.75820136
2026-01-03 10:12:00,0.7450479
2026-01-03 10:13:00,0.7539557
2026-01-03 10:14:00,0.81019527
2026-01-03 10:15:00,0.80270064
2026-01-03 10:16:00,0.8376854
2026-01-03 10:17:00,0.87297344
2026-01-03 10:18:00,0.85307586
2026-01-03 10:19:00,0.86788297
2026-01-03 10:20:00,0.84804374
2026-01-03 10:21:00,0.8924847
2026-01-03 10:22:00,0.90598464
2026-01-03 10:23:00,0.84541696
2026-01-03 10:24:00,0.84384
2026-01-03 10:25:00,0.90191716
2026-01-03 10:26:00,0.8822384
2026-01-03 10:27:00,0.88935524
2026-01-03 10:28:00,0.8998923
2026-01-03 10:29:00,0.84634876
2026-01-03 10:30:00,0.8590439
2026-01-03 10:31:00,0.79460317
2026-01-03 10:32:00,0.76610714
2026-01-03 10:33:00,0.8080051
2026-01-03 10:34:00,0.8178525
2026-01-03 10:35:00,0.8005222
2026-01-03 10:36:00,0.8146748
2026-01-03 10:37:00,0.80749154
2026-01-03 10:38:00,0.8038476
2026-01-03 10:39:00,0.82632226
2026-01-03 10:40:00,0.7916884
2026-01-03 10:41:00,0.79058975
2026-01-03 10:42:00,0.7755307
2026-01-03 10:43:00,0.7107983
2026-01-03 10:44:00,0.6779053
2026-01-03 10:45:00,0.92379206
2026-01-03 10:46:00,0.90852016
2026-01-03 10:47:00,0.82936865
2026-01-03 10:48:00,0.7505373
2026-01-03 10:49:00,0.7373291
2026-01-03 10:50:00,0.79391557
2026-01-03 10:51:00,0.77754533
2026-01-03 10:52:00,0.8234639
2026-01-03 10:53:00,0.82852256
2026-01-03 10:54:00,0.8387912
2026-01-03 10:55:00,0.7766583
2026-01-03 10:56:00,0.8110071
2026-01-03 10:57:00,0.7921947
2026-01-03 10:58:00,0.8232141
2026-01-03 10:59:00,0.78500223
2026-01-03 11:00:00,0.78978354
2026-01-03 11:01:00,0.801424
2026-01-03 11:02:00,0.79209936
2026-01-03 11:03:00,0.80604154
2026-01-03 11:04:00,0.7921841
2026-01-03 11:05:00,0.7642621
2026-01-03 11:06:00,0.82887214
2026-01-03 11:07:00,0.8661552
2026-01-03 11:08:00,0.8281546
2026-01-03 11:09:00,0.84644866
2026-01-03 11:10:00,0.8109088
2026-01-03 11:11:00,0.76059985
2026-01-03 11:12:00,0.80311805
2026-01-03 11:13:00,0.7327765
2026-01-03 11:14:00,0.77335477
2026-01-03 11:15:00,0.7635547
2026-01-03 11:16:00,0.756234
2026-01-03 11:17:00,0.77439684
2026-01-03 11:18:00,0.7980086
2026-01-03 11:19:00,0.76347196
2026-01-03 11:20:00,0.7935018
2026-01-03 11:21:00,0.7969944
2026-01-03 11:22:00,0.74546874
2026-01-03 11:23:00,0.74154955
2026-01-03 11:24:00,0.8000262
2026-01-03 11:25:00,0.8656726
2026-01-03 11:26:00,0.88773185
2026-01-03 11:27:00,0.83175236
2026-01-03 11:28:00,0.84752226
2026-01-03 11:29:00,0.87647295
2026-01-03 11:30:00,0.8981331
2026-01-03 11:31:00,0.92046124
2026-01-03 11:32:00,0.92416584
2026-01-03 11:33:00,0.9101769
2026-01-03 11:34:00,0.875898
2026-01-03 11:35:00,0.79280734
2026-01-03 11:36:00,0.80589503
2026-01-03 11:37:00,0.81181973
2026-01-03 11:38:00,0.83215827
2026-01-03 11:39:00,0.7750914
2026-01-03 11:40:00,0.8019182
2026-01-03 11:41:00,0.8830053
2026-01-03 11:42:00,0.8785865
2026-01-03 11:43:00,0.86894083
2026-01-03 11:44:00,0.8749173
2026-01-03 11:45:00,0.94937235
2026-01-03 11:46:00,0.89565426
2026-01-03 11:47:00,0.89533
2026-01-03 11:48:00,0.85493886
2026-01-03 11:49:00,0.8279062
2026-01-03 11:50:00,0.8229534
2026-01-03 11:51:00,0.8742935
2026-01-03 11:52:00,0.9396927
2026-01-03 11:53:00,0.94576514
2026-01-03 11:54:00,0.91838086
2026-01-03 11:55:00,0.98
2026-01-03 11:56:00,0.9736146
2026-01-03 11:57:00,0.93627334
2026-01-03 11:58:00,0.8537836
2026-01-03 11:59:00,0.90475047
2026-01-03 12:00:00,0.93454164
2026-01-03 12:01:00,0.98
2026-01-03 12:02:00,0.946241
2026-01-03 12:03:00,0.98
2026-01-03 12:04:00,0.9792687
2026-01-03 12:05:00,0.98
2026-01-03 12:06:00,0.9145603
2026-01-03 12:07:00,0.9636542
2026-01-03 12:08:00,0.98
2026-01-03 12:09:00,0.9650452
2026-01-03 12:10:00,0.9772142
2026-01-03 12:11:00,0.9319952
2026-01-03 12:12:00,0.8978453
2026-01-03 12:13:00,0.8710761
2026-01-03 12:14:00,0.7908854
2026-01-03 12:15:00,0.82569724
2026-01-03 12:16:00,0.87092483
2026-01-03 12:17:00,0.83682346
2026-01-03 12:18:00,0.84743845
2026-01-03 12:19:00,0.83266026
2026-01-03 12:20:00,0.84282213
2026-01-03 12:21:00,0.81394184
2026-01-03 12:22:00,0.7771423
2026-01-03 12:23:00,0.8207104
2026-01-03 12:24:00,0.81615853
2026-01-03 12:25:00,0.89541274
2026-01-03 12:26:00,0.8892969
2026-01-03 12:27:00,0.84477645
2026-01-03 12:28:00,0.8899396
2026-01-03 12:29:00,0.9076448
2026-01-03 12:30:00,0.9277767
2026-01-03 12:31:00,0.9648468
2026-01-03 12:32:00,0.92521465
2026-01-03 12:33:00,0.9097734
2026-01-03 12:34:00,0.89379776
2026-01-03 12:35:00,0.83432597
2026-01-03 12:36:00,0.82069534
2026-01-03 12:37:00,0.87215054
2026-01-03 12:38:00,0.87552387
2026-01-03 12:39:00,0.81528693
2026-01-03 12:40:00,0.75147295
2026-01-03 12:41:00,0.82158333
2026-01-03 12:42:00,0.8158752
2026-01-03 12:43:00,0.7883336
2026-01-03 12:44:00,0.7779252
2026-01-03 12:45:00,0.7202094
2026-01-03 12:46:00,0.7831191
2026-01-03 12:47:00,0.7683416
2026-01-03 12:48:00,0.82515556
2026-01-03 12:49:00,0.824785
2026-01-03 12:50:00,0.8795493
2026-01-03 12:51:00,0.88300854
2026-01-03 12:52:00,0.9100416
2026-01-03 12:53:00,0.9295349
2026-01-03 12:54:00,0.9436247
2026-01-03 12:55:00,0.9455606
2026-01-03 12:56:00,0.9240971
2026-01-03 12:57:00,0.98
2026-01-03 12:58:00,0.98
2026-01-03 12:59:00,0.98
2026-01-03 13:00:00,0.98
2026-01-03 13:01:00,0.98
2026-01-03 13:02:00,0.9432502
2026-01-03 13:03:00,0.93897283
2026-01-03 13:04:00,0.91654056
2026-01-03 13:05:00,0.840069
2026-01-03 13:06:00,0.83393794
2026-01-03 13:07:00,0.7843501
2026-01-03 13:08:00,0.71374786
2026-01-03 13:09:00,0.72394466
2026-01-03 13:10:00,0.7476085
2026-01-03 13:11:00,0.7711264
2026-01-03 13:12:00,0.7945372
2026-01-03 13:13:00,0.71620774
2026-01-03 13:14:00,0.6671041
2026-01-03 13:15:00,0.7553849
2026-01-03 13:16:00,0.7158307
2026-01-03 13:17:00,0.7458045
2026-01-03 13:18:00,0.72149867
2026-01-03 13:19:00,0.72982097
2026-01-03 13:20:00,0.70897126
2026-01-03 13:21:00,0.7375851
2026-01-03 13:22:00,0.7469172
2026-01-03 13:23:00,0.7320933
2026-01-03 13:24:00,0.6943689
2026-01-03 13:25:00,0.7123659
2026-01-03 13:26:00,0.66968614
2026-01-03 13:27:00,0.6960088
2026-01-03 13:28:00,0.8081638
2026-01-03 13:29:00,0.86026996
2026-01-03 13:30:00,0.8829093
2026-01-03 13:31:00,0.8715524
2026-01-03 13:32:00,0.7869502
2026-01-03 13:33:00,0.7337455
2026-01-03 13:34:00,0.7889702
2026-01-03 13:35:00,0.7568437
2026-01-03 13:36:00,0.7308755
2026-01-03 13:37:00,0.72829604
2026-01-03 13:38:00,0.69003356
2026-01-03 13:39:00,0.64820886
2026-01-03 13:40:00,0.65674704
2026-01-03 13:41:00,0.6309244
2026-01-03 13:42:00,0.6131518
2026-01-03 13:43:00,0.59515727
2026-01-03 13:44:00,0.630707
2026-01-03 13:45:00,0.63319534
2026-01-03 13:46:00,0.63758826
2026-01-03 13:47:00,0.67261136
2026-01-03 13:48:00,0.67523354
2026-01-03 13:49:00,0.67215717
2026-01-03 13:50:00,0.6992343
2026-01-03 13:51:00,0.73201394
2026-01-03 13:52:00,0.7295185
2026-01-03 13:53:00,0.73628753
2026-01-03 13:54:00,0.7079762
2026-01-03 13:55:00,0.6787307
2026-01-03 13:56:00,0.7169741
2026-01-03 13:57:00,0.7391453
2026-01-03 13:58:00,0.75991195
2026-01-03 13:59:00,0.771994
2026-01-03 14:00:00,0.77367735
2026-01-03 14:01:00,0.8011877
2026-01-03 14:02:00,0.83599794
2026-01-03 14:03:00,0.8670204
2026-01-03 14:04:00,0.8550327
2026-01-03 14:05:00,0.90346605
2026-01-03 14:06:00,0.9016341
2026-01-03 14:07:00,0.91605556
2026-01-03 14:08:00,0.9152614
2026-01-03 14:09:00,0.9130766
2026-01-03 14:10:00,0.8717049
2026-01-03 14:11:00,0.891075
2026-01-03 14:12:00,0.98
2026-01-03 14:13:00,0.9609879
2026-01-03 14:14:00,0.94784206
2026-01-03 14:15:00,0.91500586
2026-01-03 14:16:00,0.8830693
2026-01-03 14:17:00,0.9349313
2026-01-03 14:18:00,0.8938918
2026-01-03 14:19:00,0.86403483
2026-01-03 14:20:00,0.79197323
2026-01-03 14:21:00,0.75881445
2026-01-03 14:22:00,0.69021904
2026-01-03 14:23:00,0.72066104
2026-01-03 14:24:00,0.8353245
2026-01-03 14:25:00,0.81410044
2026-01-03 14:26:00,0.7425111
2026-01-03 14:27:00,0.7792587
2026-01-03 14:28:00,0.7479285
2026-01-03 14:29:00,0.80009395
2026-01-03 14:30:00,0.78476906
2026-01-03 14:31:00,0.756616
2026-01-03 14:32:00,0.74880636
2026-01-03 14:33:00,0.77898705
2026-01-03 14:34:00,0.7672812
2026-01-03 14:35:00,0.74567485
2026-01-03 14:36:00,0.73764735
2026-01-03 14:37:00,0.68727523
2026-01-03 14:38:00,0.70762193
2026-01-03 14:39:00,0.63892365
2026-01-03 14:40:00,0.629358
2026-01-03 14:41:00,0.66862977
2026-01-03 14:42:00,0.6864378
2026-01-03 14:43:00,0.714243
2026-01-03 14:44:00,0.7135395
2026-01-03 14:45:00,0.76221377
2026-01-03 14:46:00,0.7971215
2026-01-03 14:47:00,0.8100231
2026-01-03 14:48:00,0.841077
2026-01-03 14:49:00,0.8624894
2026-01-03 14:50:00,0.8345205
2026-01-03 14:51:00,0.77253836
2026-01-03 14:52:00,0.7860113
2026-01-03 14:53:00,0.80336106
2026-01-03 14:54:00,0.8410232
2026-01-03 14:55:00,0.79452515
2026-01-03 14:56:00,0.7528665
2026-01-03 14:57:00,0.7691173
2026-01-03 14:58:00,0.76274824
2026-01-03 14:59:00,0.6842273
2026-01-03 15:00:00,0.7023447
2026-01-03 15:01:00,0.6298328
2026-01-03 15:02:00,0.5993293
2026-01-03 15:03:00,0.6630639
2026-01-03 15:04:00,0.74054736
2026-01-03 15:05:00,0.69012994
2026-01-03 15:06:00,0.67911524
2026-01-03 15:07:00,0.6837805
2026-01-03 15:08:00,0.7575343
2026-01-03 15:09:00,0.73434114
2026-01-03 15:10:00,0.71355945
2026-01-03 15:11:00,0.7753808
2026-01-03 15:12:00,0.7552314
2026-01-03 15:13:00,0.7804886
2026-01-03 15:14:00,0.71566606
2026-01-03 15:15:00,0.7081797
2026-01-03 15:16:00,0.64167124
2026-01-03 15:17:00,0.60456294
2026-01-03 15:18:00,0.6461212
2026-01-03 15:19:00,0.6487025
2026-01-03 15:20:00,0.64022076
2026-01-03 15:21:00,0.61514276
2026-01-03 15:22:00,0.6131052
2026-01-03 15:23:00,0.6320113
2026-01-03 15:24:00,0.6765865
2026-01-03 15:25:00,0.5731821
2026-01-03 15:26:00,0.5496939
2026-01-03 15:27:00,0.56762695
2026-01-03 15:28:00,0.57371444
2026-01-03 15:29:00,0.5993114
2026-01-03 15:30:00,0.61733365
2026-01-03 15:31:00,0.6109237
2026-01-03 15:32:00,0.5960526
2026-01-03 15:33:00,0.5935302
2026-01-03 15:34:00,0.6468837
2026-01-03 15:35:00,0.620643
2026-01-03 15:36:00,0.62317306
2026-01-03 15:37:00,0.6352497
2026-01-03 15:38:00,0.701343
2026-01-03 15:39:00,0.6876246
2026-01-03 15:40:00,0.72526973
2026-01-03 15:41:00,0.7707313
2026-01-03 15:42:00,0.76062715
2026-01-03 15:43:00,0.7453529
2026-01-03 15:44:00,0.72646683
2026-01-03 15:45:00,0.7119201
2026-01-03 15:46:00,0.7428383
2026-01-03 15:47:00,0.7462521
2026-01-03 15:48:00,0.7494618
2026-01-03 15:49:00,0.69789153
2026-01-03 15:50:00,0.65665305
2026-01-03 15:51:00,0.7430476
2026-01-03 15:52:00,0.7295756
2026-01-03 15:53:00,0.693199
2026-01-03 15:54:00,0.7478624
2026-01-03 15:55:00,0.75207573
2026-01-03 15:56:00,0.7677
2026-01-03 15:57:00,0.75332004
2026-01-03 15:58:00,0.73275864
2026-01-03 15:59:00,0.7196985
2026-01-03 16:00:00,0.65904945
2026-01-03 16:01:00,0.65493673
2026-01-03 16:02:00,0.666403
2026-01-03 16:03:00,0.7390203
2026-01-03 16:04:00,0.7351403
2026-01-03 16:05:00,0.6346539
2026-01-03 16:06:00,0.63170403
2026-01-03 16:07:00,0.7422191
2026-01-03 16:08:00,0.7688564
2026-01-03 16:09:00,0.7261612
2026-01-03 16:10:00,0.7428496
2026-01-03 16:11:00,0.7047659
2026-01-03 16:12:00,0.6451445
2026-01-03 16:13:00,0.6303974
2026-01-03 16:14:00,0.6343124
2026-01-03 16:15:00,0.55925316
2026-01-03 16:16:00,0.51900434
2026-01-03 16:17:00,0.5282406
2026-01-03 16:18:00,0.5198827
2026-01-03 16:19:00,0.5441974
2026-01-03 16:20:00,0.50207204
2026-01-03 16:21:00,0.54035187
2026-01-03 16:22:00,0.49953794
2026-01-03 16:23:00,0.57493204
2026-01-03 16:24:00,0.5098377
2026-01-03 16:25:00,0.47476146
2026-01-03 16:26:00,0.5027704
2026-01-03 16:27:00,0.5782949
2026-01-03 16:28:00,0.5936912
2026-01-03 16:29:00,0.6176493
2026-01-03 16:30:00,0.6177587
2026-01-03 16:31:00,0.5759823
2026-01-03 16:32:00,0.5588783
2026-01-03 16:33:00,0.5141515
2026-01-03 16:34:00,0.47021016
2026-01-03 16:35:00,0.49688148
2026-01-03 16:36:00,0.4603007
2026-01-03 16:37:00,0.48423404
2026-01-03 16:38:00,0.44127566
2026-01-03 16:39:00,0.46555993
2026-01-03 16:40:00,0.45637628
2026-01-03 16:41:00,0.5236164
2026-01-03 16:42:00,0.5420382
2026-01-03 16:43:00,0.5953454
2026-01-03 16:44:00,0.564607
2026-01-03 16:45:00,0.5686753
2026-01-03 16:46:00,0.5308045
2026-01-03 16:47:00,0.51853806
2026-01-03 16:48:00,0.51318806
2026-01-03 16:49:00,0.48959076
2026-01-03 16:50:00,0.44816998
2026-01-03 16:51:00,0.40201658
2026-01-03 16:52:00,0.32238024
2026-01-03 16:53:00,0.30032468
2026-01-03 16:54:00,0.34726062
2026-01-03 16:55:00,0.3012753
2026-01-03 16:56:00,0.26805687
2026-01-03 16:57:00,0.36372954
2026-01-03 16:58:00,0.35452515
2026-01-03 16:59:00,0.3842311
2026-01-03 17:00:00,0.4242835
2026-01-03 17:01:00,0.4618119
2026-01-03 17:02:00,0.40881607
2026-01-03 17:03:00,0.41158152
2026-01-03 17:04:00,0.3585102
2026-01-03 17:05:00,0.47213742
2026-01-03 17:06:00,0.4148975
2026-01-03 17:07:00,0.3839888
2026-01-03 17:08:00,0.35571274
2026-01-03 17:09:00,0.31132662
2026-01-03 17:10:00,0.38433155
2026-01-03 17:11:00,0.49416012
2026-01-03 17:12:00,0.4791442
2026-01-03 17:13:00,0.43141204
2026-01-03 17:14:00,0.35070768
2026-01-03 17:15:00,0.3560415
2026-01-03 17:16:00,0.35792735
2026-01-03 17:17:00,0.34613392
2026-01-03 17:18:00,0.37005952
2026-01-03 17:19:00,0.3988915
2026-01-03 17:20:00,0.42240176
2026-01-03 17:21:00,0.4183311
2026-01-03 17:22:00,0.38303432
2026-01-03 17:23:00,0.4211275
2026-01-03 17:24:00,0.4299083
2026-01-03 17:25:00,0.47288814
2026-01-03 17:26:00,0.5083659
2026-01-03 17:27:00,0.45239955
2026-01-03 17:28:00,0.40027946
2026-01-03 17:29:00,0.37934354
2026-01-03 17:30:00,0.34792072
2026-01-03 17:31:00,0.3913395
2026-01-03 17:32:00,0.4976104
2026-01-03 17:33:00,0.53428364
2026-01-03 17:34:00,0.5412691
2026-01-03 17:35:00,0.5412684
2026-01-03 17:36:00,0.58177763
2026-01-03 17:37:00,0.5905326
2026-01-03 17:38:00,0.58306104
2026-01-03 17:39:00,0.63309914
2026-01-03 17:40:00,0.62484187
2026-01-03 17:41:00,0.60070145
2026-01-03 17:42:00,0.5573233
2026-01-03 17:43:00,0.5791649
2026-01-03 17:44:00,0.62069094
2026-01-03 17:45:00,0.60742325
2026-01-03 17:46:00,0.64956075
2026-01-03 17:47:00,0.5571889
2026-01-03 17:48:00,0.54874796
2026-01-03 17:49:00,0.54153854
2026-01-03 17:50:00,0.50735825
2026-01-03 17:51:00,0.6002637
2026-01-03 17:52:00,0.58764255
2026-01-03 17:53:00,0.5622699
2026-01-03 17:54:00,0.55616915
2026-01-03 17:55:00,0.46929467
2026-01-03 17:56:00,0.43897307
2026-01-03 17:57:00,0.4806832
2026-01-03 17:58:00,0.4544481
2026-01-03 17:59:00,0.42219132
2026-01-03 18:00:00,0.477926
2026-01-03 18:01:00,0.53030443
2026-01-03 18:02:00,0.5454342
2026-01-03 18:03:00,0.5203404
2026-01-03 18:04:00,0.5057503
2026-01-03 18:05:00,0.46961007
2026-01-03 18:06:00,0.42860532
2026-01-03 18:07:00,0.38876402
2026-01-03 18:08:00,0.36903307
2026-01-03 18:09:00,0.33408216
2026-01-03 18:10:00,0.28063607
2026-01-03 18:11:00,0.30265796
2026-01-03 18:12:00,0.32339367
2026-01-03 18:13:00,0.40098622
2026-01-03 18:14:00,0.37747395
2026-01-03 18:15:00,0.39428803
2026-01-03 18:16:00,0.4102893
2026-01-03 18:17:00,0.40221632
2026-01-03 18:18:00,0.43458396
2026-01-03 18:19:00,0.46546602
2026-01-03 18:20:00,0.4758329
2026-01-03 18:21:00,0.46191657
2026-01-03 18:22:00,0.44490623
2026-01-03 18:23:00,0.3887162
2026-01-03 18:24:00,0.35936332
2026-01-03 18:25:00,0.33958372
2026-01-03 18:26:00,0.30117673
2026-01-03 18:27:00,0.32826704
2026-01-03 18:28:00,0.38332734
2026-01-03 18:29:00,0.34966445
2026-01-03 18:30:00,0.3662241
2026-01-03 18:31:00,0.32862645
2026-01-03 18:32:00,0.32307386
2026-01-03 18:33:00,0.30241904
2026-01-03 18:34:00,0.33497566
2026-01-03 18:35:00,0.31357065
2026-01-03 18:36:00,0.36136636
2026-01-03 18:37:00,0.35491377
2026-01-03 18:38:00,0.33269283
2026-01-03 18:39:00,0.2879725
2026-01-03 18:40:00,0.30696136
2026-01-03 18:41:00,0.34998304
2026-01-03 18:42:00,0.36455867
2026-01-03 18:43:00,0.45646045
2026-01-03 18:44:00,0.50852036
2026-01-03 18:45:00,0.48679504
2026-01-03 18:46:00,0.46626022
2026-01-03 18:47:00,0.4787498
2026-01-03 18:48:00,0.4378045
2026-01-03 18:49:00,0.4801802
2026-01-03 18:50:00,0.48685172
2026-01-03 18:51:00,0.48865741
2026-01-03 18:52:00,0.5074123
2026-01-03 18:53:00,0.5659759
2026-01-03 18:54:00,0.5576538
2026-01-03 18:55:00,0.5385122
2026-01-03 18:56:00,0.5856471
2026-01-03 18:57:00,0.6072396
2026-01-03 18:58:00,0.5754388
2026-01-03 18:59:00,0.5591043
2026-01-03 19:00:00,0.5515603
2026-01-03 19:01:00,0.55115324
2026-01-03 19:02:00,0.4819186
2026-01-03 19:03:00,0.41066408
2026-01-03 19:04:00,0.3711907
2026-01-03 19:05:00,0.3316585
2026-01-03 19:06:00,0.308003
2026-01-03 19:07:00,0.3372592
2026-01-03 19:08:00,0.33190742
2026-01-03 19:09:00,0.3414752
2026-01-03 19:10:00,0.29332834
2026-01-03 19:11:00,0.2794187
2026-01-03 19:12:00,0.30845717
2026-01-03 19:13:00,0.33536
2026-01-03 19:14:00,0.3072095
2026-01-03 19:15:00,0.31664073
2026-01-03 19:16:00,0.4066855
2026-01-03 19:17:00,0.40074974
2026-01-03 19:18:00,0.3681465
2026-01-03 19:19:00,0.35881004
2026-01-03 19:20:00,0.36073995
2026-01-03 19:21:00,0.35266384
2026-01-03 19:22:00,0.34990892
2026-01-03 19:23:00,0.5089258
2026-01-03 19:24:00,0.4343697
2026-01-03 19:25:00,0.4021202
2026-01-03 19:26:00,0.37491715
2026-01-03 19:27:00,0.33637807
2026-01-03 19:28:00,0.31853878
2026-01-03 19:29:00,0.31330806
2026-01-03 19:30:00,0.34297282
2026-01-03 19:31:00,0.33179876
2026-01-03 19:32:00,0.3423161
2026-01-03 19:33:00,0.31505293
2026-01-03 19:34:00,0.33506355
2026-01-03 19:35:00,0.3460455
2026-01-03 19:36:00,0.37608236
2026-01-03 19:37:00,0.39787272
2026-01-03 19:38:00,0.4131166
2026-01-03 19:39:00,0.39978743
2026-01-03 19:40:00,0.40134785
2026-01-03 19:41:00,0.4355796
2026-01-03 19:42:00,0.39847368
2026-01-03 19:43:00,0.36528328
2026-01-03 19:44:00,0.3671226
2026-01-03 19:45:00,0.37813365
2026-01-03 19:46:00,0.33864045
2026-01-03 19:47:00,0.3322219
2026-01-03 19:48:00,0.32548025
2026-01-03 19:49:00,0.23435262
2026-01-03 19:50:00,0.23026289
2026-01-03 19:51:00,0.2289071
2026-01-03 19:52:00,0.2274528
2026-01-03 19:53:00,0.28907225
2026-01-03 19:54:00,0.24040043
2026-01-03 19:55:00,0.21117434
2026-01-03 19:56:00,0.112686925
2026-01-03 19:57:00,0.10723209
2026-01-03 19:58:00,0.105526134
2026-01-03 19:59:00,0.0992843
2026-01-03 20:00:00,0.15814857
2026-01-03 20:01:00,0.20232159
2026-01-03 20:02:00,0.2115505
2026-01-03 20:03:00,0.20200242
2026-01-03 20:04:00,0.24899043
2026-01-03 20:05:00,0.25028178
2026-01-03 20:06:00,0.21942975
2026-01-03 20:07:00,0.15502737
2026-01-03 20:08:00,0.14667544
2026-01-03 20:09:00,0.18673117
2026-01-03 20:10:00,0.28435972
2026-01-03 20:11:00,0.28548267
2026-01-03 20:12:00,0.25333932
2026-01-03 20:13:00,0.20688559
2026-01-03 20:14:00,0.23352787
2026-01-03 20:15:00,0.16527921
2026-01-03 20:16:00,0.1949926
2026-01-03 20:17:00,0.23292765
2026-01-03 20:18:00,0.25247514
2026-01-03 20:19:00,0.2441261
2026-01-03 20:20:00,0.2677344
2026-01-03 20:21:00,0.27359974
2026-01-03 20:22:00,0.24093954
2026-01-03 20:23:00,0.31594023
2026-01-03 20:24:00,0.29676425
2026-01-03 20:25:00,0.3241271
2026-01-03 20:26:00,0.22143418
2026-01-03 20:27:00,0.27466848
2026-01-03 20:28:00,0.33124453
2026-01-03 20:29:00,0.32564658
2026-01-03 20:30:00,0.3415636
2026-01-03 20:31:00,0.35610718
2026-01-03 20:32:00,0.3213459
2026-01-03 20:33:00,0.3368728
2026-01-03 20:34:00,0.29683885
2026-01-03 20:35:00,0.2679145
2026-01-03 20:36:00,0.31064445
2026-01-03 20:37:00,0.34377742
2026-01-03 20:38:00,0.30693167
2026-01-03 20:39:00,0.2718593
2026-01-03 20:40:00,0.24302603
2026-01-03 20:41:00,0.2715435
2026-01-03 20:42:00,0.22838967
2026-01-03 20:43:00,0.24287155
2026-01-03 20:44:00,0.27171624
2026-01-03 20:45:00,0.2647661
2026-01-03 20:46:00,0.3022212
2026-01-03 20:47:00,0.28402227
2026-01-03 20:48:00,0.27081525
2026-01-03 20:49:00,0.22804743
2026-01-03 20:50:00,0.26839668
2026-01-03 20:51:00,0.23408924
2026-01-03 20:52:00,0.2470977
2026-01-03 20:53:00,0.24214207
2026-01-03 20:54:00,0.19824472
2026-01-03 20:55:00,0.17552736
2026-01-03 20:56:00,0.23422787
2026-01-03 20:57:00,0.24090566
2026-01-03 20:58:00,0.19853927
2026-01-03 20:59:00,0.21206419
2026-01-03 21:00:00,0.20637271
2026-01-03 21:01:00,0.3450667
2026-01-03 21:02:00,0.3458325
2026-01-03 21:03:00,0.31983176
2026-01-03 21:04:00,0.36786228
2026-01-03 21:05:00,0.28153345
2026-01-03 21:06:00,0.2794512
2026-01-03 21:07:00,0.35346636
2026-01-03 21:08:00,0.3370622
2026-01-03 21:09:00,0.25721374
2026-01-03 21:10:00,0.23717636
2026-01-03 21:11:00,0.29268777
2026-01-03 21:12:00,0.30054915
2026-01-03 21:13:00,0.25911388
2026-01-03 21:14:00,0.2270677
2026-01-03 21:15:00,0.2025371
2026-01-03 21:16:00,0.21673556
2026-01-03 21:17:00,0.2688092
2026-01-03 21:18:00,0.3052176
2026-01-03 21:19:00,0.31478894
2026-01-03 21:20:00,0.2520208
2026-01-03 21:21:00,0.19435559
2026-01-03 21:22:00,0.2156844
2026-01-03 21:23:00,0.16009188
2026-01-03 21:24:00,0.15367725
2026-01-03 21:25:00,0.16889933
2026-01-03 21:26:00,0.12516913
2026-01-03 21:27:00,0.08940633
2026-01-03 21:28:00,0.09364641
2026-01-03 21:29:00,0.12139478
2026-01-03 21:30:00,0.16917515
2026-01-03 21:31:00,0.19489203
2026-01-03 21:32:00,0.19715375
2026-01-03 21:33:00,0.16637895
2026-01-03 21:34:00,0.1250166
2026-01-03 21:35:00,0.10930385
2026-01-03 21:36:00,0.13162048
2026-01-03 21:37:00,0.14915964
2026-01-03 21:38:00,0.067775436
2026-01-03 21:39:00,0.05
2026-01-03 21:40:00,0.104387105
2026-01-03 21:41:00,0.113574475
2026-01-03 21:42:00,0.06212051
2026-01-03 21:43:00,0.16563913
2026-01-03 21:44:00,0.1654293
2026-01-03 21:45:00,0.18171124
2026-01-03 21:46:00,0.1972427
2026-01-03 21:47:00,0.18079174
2026-01-03 21:48:00,0.15120307
2026-01-03 21:49:00,0.23789725
2026-01-03 21:50:00,0.2728634
2026-01-03 21:51:00,0.2977282
2026-01-03 21:52:00,0.3107251
2026-01-03 21:53:00,0.25944558
2026-01-03 21:54:00,0.3034504
2026-01-03 21:55:00,0.25905684
2026-01-03 21:56:00,0.26322052
2026-01-03 21:57:00,0.19009347
2026-01-03 21:58:00,0.106707714
2026-01-03 21:59:00,0.124309145
2026-01-03 22:00:00,0.09535762
2026-01-03 22:01:00,0.05
2026-01-03 22:02:00,0.054637536
2026-01-03 22:03:00,0.14828199
2026-01-03 22:04:00,0.20516665
2026-01-03 22:05:00,0.19157843
2026-01-03 22:06:00,0.18967728
2026-01-03 22:07:00,0.22303659
2026-01-03 22:08:00,0.2630584
2026-01-03 22:09:00,0.2412067
2026-01-03 22:10:00,0.23616695
2026-01-03 22:11:00,0.24214357
2026-01-03 22:12:00,0.2577287
2026-01-03 22:13:00,0.24454546
2026-01-03 22:14:00,0.2328936
2026-01-03 22:15:00,0.28212807
2026-01-03 22:16:00,0.32056925
2026-01-03 22:17:00,0.32660908
2026-01-03 22:18:00,0.3817925
2026-01-03 22:19:00,0.34829828
2026-01-03 22:20:00,0.3978201
2026-01-03 22:21:00,0.40012196
2026-01-03 22:22:00,0.5113407
2026-01-03 22:23:00,0.43508258
2026-01-03 22:24:00,0.38501206
2026-01-03 22:25:00,0.3832348
2026-01-03 22:26:00,0.3806995
2026-01-03 22:27:00,0.44044596
2026-01-03 22:28:00,0.39063537
2026-01-03 22:29:00,0.407705
2026-01-03 22:30:00,0.4336749
2026-01-03 22:31:00,0.4392191
2026-01-03 22:32:00,0.37765896
2026-01-03 22:33:00,0.4157392
2026-01-03 22:34:00,0.4436015
2026-01-03 22:35:00,0.4440114
2026-01-03 22:36:00,0.42854574
2026-01-03 22:37:00,0.41515484
2026-01-03 22:38:00,0.39060903
2026-01-03 22:39:00,0.39677563
2026-01-03 22:40:00,0.37803134
2026-01-03 22:41:00,0.325569
2026-01-03 22:42:00,0.26927024
2026-01-03 22:43:00,0.22930728
2026-01-03 22:44:00,0.2314782
2026-01-03 22:45:00,0.22348246
2026-01-03 22:46:00,0.22578934
2026-01-03 22:47:00,0.23930182
2026-01-03 22:48:00,0.20657976
2026-01-03 22:49:00,0.26016694
2026-01-03 22:50:00,0.24010499
2026-01-03 22:51:00,0.21499242
2026-01-03 22:52:00,0.22849488
2026-01-03 22:53:00,0.14813523
2026-01-03 22:54:00,0.11601774
2026-01-03 22:55:00,0.15730871
2026-01-03 22:56:00,0.0865318
2026-01-03 22:57:00,0.1355925
2026-01-03 22:58:00,0.19644688
2026-01-03 22:59:00,0.17718568
2026-01-03 23:00:00,0.18589297
2026-01-03 23:01:00,0.22697194
2026-01-03 23:02:00,0.20130724
2026-01-03 23:03:00,0.23105642
2026-01-03 23:04:00,0.19684725
2026-01-03 23:05:00,0.1730956
2026-01-03 23:06:00,0.13835408
2026-01-03 23:07:00,0.152051
2026-01-03 23:08:00,0.19724524
2026-01-03 23:09:00,0.18512127
2026-01-03 23:10:00,0.13046277
2026-01-03 23:11:00,0.08770006
2026-01-03 23:12:00,0.10743246
2026-01-03 23:13:00,0.1835492
2026-01-03 23:14:00,0.1955436
2026-01-03 23:15:00,0.17533664
2026-01-03 23:16:00,0.20285293
2026-01-03 23:17:00,0.1879245
2026-01-03 23:18:00,0.16862316
2026-01-03 23:19:00,0.12764367
2026-01-03 23:20:00,0.18460394
2026-01-03 23:21:00,0.07908664
2026-01-03 23:22:00,0.115479305
2026-01-03 23:23:00,0.0984827
2026-01-03 23:24:00,0.0849687
2026-01-03 23:25:00,0.15662917
2026-01-03 23:26:00,0.12628648
2026-01-03 23:27:00,0.099721596
2026-01-03 23:28:00,0.09725722
2026-01-03 23:29:00,0.11674838
2026-01-03 23:30:00,0.10044123
2026-01-03 23:31:00,0.05
2026-01-03 23:32:00,0.05
2026-01-03 23:33:00,0.073885135
2026-01-03 23:34:00,0.0816328
2026-01-03 23:35:00,0.10380418
2026-01-03 23:36:00,0.095693
2026-01-03 23:37:00,0.072299555
2026-01-03 23:38:00,0.14425255
2026-01-03 23:39:00,0.13581155
2026-01-03 23:40:00,0.11783178
2026-01-03 23:41:00,0.16286434
2026-01-03 23:42:00,0.13154806
2026-01-03 23:43:00,0.10783664
2026-01-03 23:44:00,0.11021574
2026-01-03 23:45:00,0.11200047
2026-01-03 23:46:00,0.1240115
2026-01-03 23:47:00,0.20833977
2026-01-03 23:48:00,0.21570112
2026-01-03 23:49:00,0.11389807
2026-01-03 23:50:00,0.12841034
2026-01-03 23:51:00,0.13022223
2026-01-03 23:52:00,0.13210972
2026-01-03 23:53:00,0.14194421
2026-01-03 23:54:00,0.14000544
2026-01-03 23:55:00,0.1372633
2026-01-03 23:56:00,0.16136606
2026-01-03 23:57:00,0.13733526
2026-01-03 23:58:00,0.09900273
2026-01-03 23:59:00,0.22259593
2026-01-04 00:00:00,0.1842868
2026-01-04 00:01:00,0.18396519
2026-01-04 00:02:00,0.11984182
2026-01-04 00:03:00,0.12533846
2026-01-04 00:04:00,0.08841295
2026-01-04 00:05:00,0.07407724
2026-01-04 00:06:00,0.12039591
2026-01-04 00:07:00,0.14009324
2026-01-04 00:08:00,0.16207747
2026-01-04 00:09:00,0.08872542
2026-01-04 00:10:00,0.16557291
2026-01-04 00:11:00,0.18478136
2026-01-04 00:12:00,0.23466156
2026-01-04 00:13:00,0.2615328
2026-01-04 00:14:00,0.2695227
2026-01-04 00:15:00,0.2204328
2026-01-04 00:16:00,0.21623376
2026-01-04 00:17:00,0.1880468
2026-01-04 00:18:00,0.18258815
2026-01-04 00:19:00,0.16680129
2026-01-04 00:20:00,0.08105117
2026-01-04 00:21:00,0.12884426
2026-01-04 00:22:00,0.124919854
2026-01-04 00:23:00,0.1053458
2026-01-04 00:24:00,0.08447004
2026-01-04 00:25:00,0.10214416
2026-01-04 00:26:00,0.06842356
2026-01-04 00:27:00,0.05
2026-01-04 00:28:00,0.05
2026-01-04 00:29:00,0.05
2026-01-04 00:30:00,0.05
2026-01-04 00:31:00,0.05
2026-01-04 00:32:00,0.05
2026-01-04 00:33:00,0.05
2026-01-04 00:34:00,0.05
2026-01-04 00:35:00,0.05
2026-01-04 00:36:00,0.05
2026-01-04 00:37:00,0.05
2026-01-04 00:38:00,0.05
2026-01-04 00:39:00,0.059776027
2026-01-04 00:40:00,0.07991472
2026-01-04 00:41:00,0.09792635
2026-01-04 00:42:00,0.08617145
2026-01-04 00:43:00,0.06631195
2026-01-04 00:44:00,0.05
2026-01-04 00:45:00,0.05
2026-01-04 00:46:00,0.061441254
2026-01-04 00:47:00,0.060334243
2026-01-04 00:48:00,0.061014846
2026-01-04 00:49:00,0.09659744
2026-01-04 00:50:00,0.05
2026-01-04 00:51:00,0.05
2026-01-04 00:52:00,0.05
2026-01-04 00:53:00,0.069112405
2026-01-04 00:54:00,0.10973858
2026-01-04 00:55:00,0.05
2026-01-04 00:56:00,0.05
2026-01-04 00:57:00,0.05
2026-01-04 00:58:00,0.05
2026-01-04 00:59:00,0.05
2026-01-04 01:00:00,0.05
2026-01-04 01:01:00,0.050680343
2026-01-04 01:02:00,0.076939255
2026-01-04 01:03:00,0.054449584
2026-01-04 01:04:00,0.09035634
2026-01-04 01:05:00,0.0793083
2026-01-04 01:06:00,0.07305404
2026-01-04 01:07:00,0.10310059
2026-01-04 01:08:00,0.05
2026-01-04 01:09:00,0.11326303
2026-01-04 01:10:00,0.12303035
2026-01-04 01:11:00,0.17598647
2026-01-04 01:12:00,0.13047986
2026-01-04 01:13:00,0.0947326
2026-01-04 01:14:00,0.052324705
2026-01-04 01:15:00,0.06982666
2026-01-04 01:16:00,0.07858553
2026-01-04 01:17:00,0.06545786
2026-01-04 01:18:00,0.05
2026-01-04 01:19:00,0.05
2026-01-04 01:20:00,0.05
2026-01-04 01:21:00,0.05
2026-01-04 01:22:00,0.05
2026-01-04 01:23:00,0.054356027
2026-01-04 01:24:00,0.058669183
2026-01-04 01:25:00,0.116764635
2026-01-04 01:26:00,0.09811358
2026-01-04 01:27:00,0.11210901
2026-01-04 01:28:00,0.11300831
2026-01-04 01:29:00,0.05
2026-01-04 01:30:00,0.11361779
2026-01-04 01:31:00,0.111312024
2026-01-04 01:32:00,0.14448848
2026-01-04 01:33:00,0.11510819
2026-01-04 01:34:00,0.11160124
2026-01-04 01:35:00,0.08033041
2026-01-04 01:36:00,0.13571149
2026-01-04 01:37:00,0.14971505
2026-01-04 01:38:00,0.16486093
2026-01-04 01:39:00,0.21847758
2026-01-04 01:40:00,0.25976866
2026-01-04 01:41:00,0.28215435
2026-01-04 01:42:00,0.21530455
2026-01-04 01:43:00,0.18288313
2026-01-04 01:44:00,0.14076588
2026-01-04 01:45:00,0.171314
2026-01-04 01:46:00,0.17718245
2026-01-04 01:47:00,0.120174624
2026-01-04 01:48:00,0.115838245
2026-01-04 01:49:00,0.059674468
2026-01-04 01:50:00,0.06568276
2026-01-04 01:51:00,0.05
2026-01-04 01:52:00,0.05
2026-01-04 01:53:00,0.06562629
2026-01-04 01:54:00,0.1497688
2026-01-04 01:55:00,0.18481925
2026-01-04 01:56:00,0.16627683
2026-01-04 01:57:00,0.19890015
2026-01-04 01:58:00,0.14032754
2026-01-04 01:59:00,0.10389201
2026-01-04 02:00:00,0.12223988
2026-01-04 02:01:00,0.05
2026-01-04 02:02:00,0.05
2026-01-04 02:03:00,0.05
2026-01-04 02:04:00,0.05
2026-01-04 02:05:00,0.05
2026-01-04 02:06:00,0.05
2026-01-04 02:07:00,0.05
2026-01-04 02:08:00,0.10968543
2026-01-04 02:09:00,0.114923224
2026-01-04 02:10:00,0.08877402
2026-01-04 02:11:00,0.08563445
2026-01-04 02:12:00,0.05
2026-01-04 02:13:00,0.06596683
2026-01-04 02:14:00,0.098265424
2026-01-04 02:15:00,0.20320264
2026-01-04 02:16:00,0.1761526
2026-01-04 02:17:00,0.16547751
2026-01-04 02:18:00,0.1433875
2026-01-04 02:19:00,0.15462951
2026-01-04 02:20:00,0.17180547
2026-01-04 02:21:00,0.1702553
2026-01-04 02:22:00,0.21446805
2026-01-04 02:23:00,0.18706273
2026-01-04 02:24:00,0.22602746
2026-01-04 02:25:00,0.24401976
2026-01-04 02:26:00,0.2386037
2026-01-04 02:27:00,0.22155705
2026-01-04 02:28:00,0.31559104
2026-01-04 02:29:00,0.2724083
2026-01-04 02:30:00,0.2773312
2026-01-04 02:31:00,0.23998784
2026-01-04 02:32:00,0.3071195
2026-01-04 02:33:00,0.3329831
2026-01-04 02:34:00,0.29422516
2026-01-04 02:35:00,0.30626053
2026-01-04 02:36:00,0.3071923
2026-01-04 02:37:00,0.2771322
2026-01-04 02:38:00,0.3005243
2026-01-04 02:39:00,0.30734676
2026-01-04 02:40:00,0.3067356
2026-01-04 02:41:00,0.29592532
2026-01-04 02:42:00,0.30495584
2026-01-04 02:43:00,0.30525458
2026-01-04 02:44:00,0.2987753
2026-01-04 02:45:00,0.2648679
2026-01-04 02:46:00,0.32712266
2026-01-04 02:47:00,0.27468812
2026-01-04 02:48:00,0.28562945
2026-01-04 02:49:00,0.26583955
2026-01-04 02:50:00,0.3308838
2026-01-04 02:51:00,0.2842631
2026-01-04 02:52:00,0.24816087
2026-01-04 02:53:00,0.205625
2026-01-04 02:54:00,0.21828398
2026-01-04 02:55:00,0.16213058
2026-01-04 02:56:00,0.1463116
2026-01-04 02:57:00,0.06486621
2026-01-04 02:58:00,0.085709795
2026-01-04 02:59:00,0.07532261
2026-01-04 03:00:00,0.05
2026-01-04 03:01:00,0.08423778
2026-01-04 03:02:00,0.05
2026-01-04 03:03:00,0.087117456
2026-01-04 03:04:00,0.068899915
2026-01-04 03:05:00,0.14430822
2026-01-04 03:06:00,0.1796673
2026-01-04 03:07:00,0.14195824
2026-01-04 03:08:00,0.11096937
2026-01-04 03:09:00,0.14342907
2026-01-04 03:10:00,0.13864128
2026-01-04 03:11:00,0.13802369
2026-01-04 03:12:00,0.19518477
2026-01-04 03:13:00,0.16700219
2026-01-04 03:14:00,0.17474014
2026-01-04 03:15:00,0.21645932
2026-01-04 03:16:00,0.24908777
2026-01-04 03:17:00,0.24042423
2026-01-04 03:18:00,0.22734983
2026-01-04 03:19:00,0.1573931
2026-01-04 03:20:00,0.1204041
2026-01-04 03:21:00,0.14142706
2026-01-04 03:22:00,0.14258748
2026-01-04 03:23:00,0.15223671
2026-01-04 03:24:00,0.1997566
2026-01-04 03:25:00,0.15448168
2026-01-04 03:26:00,0.15094458
2026-01-04 03:27:00,0.16475652
2026-01-04 03:28:00,0.14181939
2026-01-04 03:29:00,0.2062137
2026-01-04 03:30:00,0.24461214
2026-01-04 03:31:00,0.25527215
2026-01-04 03:32:00,0.32531518
2026-01-04 03:33:00,0.25810182
2026-01-04 03:34:00,0.25598472
2026-01-04 03:35:00,0.2690723
2026-01-04 03:36:00,0.22995016
2026-01-04 03:37:00,0.24264191
2026-01-04 03:38:00,0.19810002
2026-01-04 03:39:00,0.22908096
2026-01-04 03:40:00,0.2723487
2026-01-04 03:41:00,0.2808094
2026-01-04 03:42:00,0.20366274
2026-01-04 03:43:00,0.16820301
2026-01-04 03:44:00,0.1969155
2026-01-04 03:45:00,0.20166615
2026-01-04 03:46:00,0.097504556
2026-01-04 03:47:00,0.15922537
2026-01-04 03:48:00,0.17183802
2026-01-04 03:49:00,0.14528914
2026-01-04 03:50:00,0.19350238
2026-01-04 03:51:00,0.17103603
2026-01-04 03:52:00,0.1500081
2026-01-04 03:53:00,0.17261243
2026-01-04 03:54:00,0.250394
2026-01-04 03:55:00,0.3157334
2026-01-04 03:56:00,0.32536933
2026-01-04 03:57:00,0.33842033
2026-01-04 03:58:00,0.36367103
2026-01-04 03:59:00,0.30504194
2026-01-04 04:00:00,0.32722825
2026-01-04 04:01:00,0.2925909
2026-01-04 04:02:00,0.30290696
2026-01-04 04:03:00,0.29064056
2026-01-04 04:04:00,0.30858347
2026-01-04 04:05:00,0.30984795
2026-01-04 04:06:00,0.1834474
2026-01-04 04:07:00,0.19731756
2026-01-04 04:08:00,0.2286906
2026-01-04 04:09:00,0.2497871
2026-01-04 04:10:00,0.24733792
2026-01-04 04:11:00,0.31495744
2026-01-04 04:12:00,0.324019
2026-01-04 04:13:00,0.33749107
2026-01-04 04:14:00,0.3742418
2026-01-04 04:15:00,0.38086048
2026-01-04 04:16:00,0.33660948
2026-01-04 04:17:00,0.23437026
2026-01-04 04:18:00,0.21884364
2026-01-04 04:19:00,0.25416684
2026-01-04 04:20:00,0.24218786
2026-01-04 04:21:00,0.27742377
2026-01-04 04:22:00,0.28382865
2026-01-04 04:23:00,0.3353808
2026-01-04 04:24:00,0.3195639
2026-01-04 04:25:00,0.33561224
2026-01-04 04:26:00,0.35199448
2026-01-04 04:27:00,0.40698203
2026-01-04 04:28:00,0.3293285
2026-01-04 04:29:00,0.30790415
2026-01-04 04:30:00,0.34055874
2026-01-04 04:31:00,0.39858446
2026-01-04 04:32:00,0.39982364
2026-01-04 04:33:00,0.3797415
2026-01-04 04:34:00,0.40334788
2026-01-04 04:35:00,0.42961848
2026-01-04 04:36:00,0.40474245
2026-01-04 04:37:00,0.40954512
2026-01-04 04:38:00,0.4480625
2026-01-04 04:39:00,0.51198614
2026-01-04 04:40:00,0.52497244
2026-01-04 04:41:00,0.50907207
2026-01-04 04:42:00,0.49060628
2026-01-04 04:43:00,0.4981681
2026-01-04 04:44:00,0.4782939
2026-01-04 04:45:00,0.4723141
2026-01-04 04:46:00,0.41700423
2026-01-04 04:47:00,0.46040893
2026-01-04 04:48:00,0.40294433
2026-01-04 04:49:00,0.37849277
2026-01-04 04:50:00,0.37727877
2026-01-04 04:51:00,0.45199114
2026-01-04 04:52:00,0.42427346
2026-01-04 04:53:00,0.38913387
2026-01-04 04:54:00,0.36150765
2026-01-04 04:55:00,0.4245746
2026-01-04 04:56:00,0.30384117
2026-01-04 04:57:00,0.2652458
2026-01-04 04:58:00,0.37919435
2026-01-04 04:59:00,0.39850625
2026-01-04 05:00:00,0.3484943
2026-01-04 05:01:00,0.34514195
2026-01-04 05:02:00,0.34652895
2026-01-04 05:03:00,0.37904832
2026-01-04 05:04:00,0.44879794
2026-01-04 05:05:00,0.45502654
2026-01-04 05:06:00,0.4237205
2026-01-04 05:07:00,0.44809133
2026-01-04 05:08:00,0.4111967
2026-01-04 05:09:00,0.36394823
2026-01-04 05:10:00,0.29151496
2026-01-04 05:11:00,0.23276602
2026-01-04 05:12:00,0.20556298
2026-01-04 05:13:00,0.16938134
2026-01-04 05:14:00,0.19583441
2026-01-04 05:15:00,0.1597651
2026-01-04 05:16:00,0.05
2026-01-04 05:17:00,0.05
2026-01-04 05:18:00,0.05
2026-01-04 05:19:00,0.05
2026-01-04 05:20:00,0.124076724
2026-01-04 05:21:00,0.11778364
2026-01-04 05:22:00,0.17187367
2026-01-04 05:23:00,0.1857415
2026-01-04 05:24:00,0.1976685
2026-01-04 05:25:00,0.17702001
2026-01-04 05:26:00,0.18918926
2026-01-04 05:27:00,0.17223458
2026-01-04 05:28:00,0.19414346
2026-01-04 05:29:00,0.19815128
2026-01-04 05:30:00,0.17360616
2026-01-04 05:31:00,0.22858858
2026-01-04 05:32:00,0.25667354
2026-01-04 05:33:00,0.24761905
2026-01-04 05:34:00,0.26313484
2026-01-04 05:35:00,0.26834068
2026-01-04 05:36:00,0.24188343
2026-01-04 05:37:00,0.2551706
2026-01-04 05:38:00,0.23983905
2026-01-04 05:39:00,0.2128819
2026-01-04 05:40:00,0.16107297
2026-01-04 05:41:00,0.16408034
2026-01-04 05:42:00,0.20397563
2026-01-04 05:43:00,0.19031972
2026-01-04 05:44:00,0.3064768
2026-01-04 05:45:00,0.34804642
2026-01-04 05:46:00,0.40314248
2026-01-04 05:47:00,0.43357378
2026-01-04 05:48:00,0.50398207
2026-01-04 05:49:00,0.46326983
2026-01-04 05:50:00,0.35497218
2026-01-04 05:51:00,0.34003004
2026-01-04 05:52:00,0.36656442
2026-01-04 05:53:00,0.3748156
2026-01-04 05:54:00,0.3874727
2026-01-04 05:55:00,0.44104272
2026-01-04 05:56:00,0.4528812
2026-01-04 05:57:00,0.48055518
2026-01-04 05:58:00,0.43658474
2026-01-04 05:59:00,0.39000744
2026-01-04 06:00:00,0.45564556
2026-01-04 06:01:00,0.4556132
2026-01-04 06:02:00,0.42672747
2026-01-04 06:03:00,0.40033546
2026-01-04 06:04:00,0.37505528
2026-01-04 06:05:00,0.34951386
2026-01-04 06:06:00,0.3031582
2026-01-04 06:07:00,0.25193024
2026-01-04 06:08:00,0.25712743
2026-01-04 06:09:00,0.24610251
2026-01-04 06:10:00,0.30407363
2026-01-04 06:11:00,0.32495457
2026-01-04 06:12:00,0.34316564
2026-01-04 06:13:00,0.31969345
2026-01-04 06:14:00,0.323094
2026-01-04 06:15:00,0.34561518
2026-01-04 06:16:00,0.380654
2026-01-04 06:17:00,0.38059804
2026-01-04 06:18:00,0.42757905
2026-01-04 06:19:00,0.42806828
2026-01-04 06:20:00,0.4600249
2026-01-04 06:21:00,0.43822938
2026-01-04 06:22:00,0.36538056
2026-01-04 06:23:00,0.38171017
2026-01-04 06:24:00,0.41512483
2026-01-04 06:25:00,0.43998015
2026-01-04 06:26:00,0.4568337
2026-01-04 06:27:00,0.44162118
2026-01-04 06:28:00,0.40941265
2026-01-04 06:29:00,0.43423325
2026-01-04 06:30:00,0.45217052
2026-01-04 06:31:00,0.42929268
2026-01-04 06:32:00,0.47517183
2026-01-04 06:33:00,0.43780303
2026-01-04 06:34:00,0.4155115
2026-01-04 06:35:00,0.4839154
2026-01-04 06:36:00,0.5162476
2026-01-04 06:37:00,0.49704394
2026-01-04 06:38:00,0.5053068
2026-01-04 06:39:00,0.50771964
2026-01-04 06:40:00,0.394038
2026-01-04 06:41:00,0.3631313
2026-01-04 06:42:00,0.3690372
2026-01-04 06:43:00,0.3623551
2026-01-04 06:44:00,0.38047126
2026-01-04 06:45:00,0.43254858
2026-01-04 06:46:00,0.42253432
2026-01-04 06:47:00,0.38399187
2026-01-04 06:48:00,0.40394855
2026-01-04 06:49:00,0.3963653
2026-01-04 06:50:00,0.3963268
2026-01-04 06:51:00,0.39097872
2026-01-04 06:52:00,0.4875188
2026-01-04 06:53:00,0.3971499
2026-01-04 06:54:00,0.3882213
2026-01-04 06:55:00,0.39550883
2026-01-04 06:56:00,0.37123132
2026-01-04 06:57:00,0.41625094
2026-01-04 06:58:00,0.45432252
2026-01-04 06:59:00,0.45502418
2026-01-04 07:00:00,0.4468693
2026-01-04 07:01:00,0.4458319
2026-01-04 07:02:00,0.44528076
2026-01-04 07:03:00,0.44594678
2026-01-04 07:04:00,0.44229105
2026-01-04 07:05:00,0.4566623
2026-01-04 07:06:00,0.490031
2026-01-04 07:07:00,0.44150802
2026-01-04 07:08:00,0.40416744
2026-01-04 07:09:00,0.3420167
2026-01-04 07:10:00,0.3895514
2026-01-04 07:11:00,0.40875715
2026-01-04 07:12:00,0.43674105
2026-01-04 07:13:00,0.38521248
2026-01-04 07:14:00,0.46650088
2026-01-04 07:15:00,0.44565117
2026-01-04 07:16:00,0.45766857
2026-01-04 07:17:00,0.49628866
2026-01-04 07:18:00,0.45828146
2026-01-04 07:19:00,0.44105795
2026-01-04 07:20:00,0.4543491
2026-01-04 07:21:00,0.57382596
2026-01-04 07:22:00,0.5816076
2026-01-04 07:23:00,0.6410931
2026-01-04 07:24:00,0.67990905
2026-01-04 07:25:00,0.6822301
2026-01-04 07:26:00,0.6301941
2026-01-04 07:27:00,0.6643958
2026-01-04 07:28:00,0.59366363
2026-01-04 07:29:00,0.6526662
2026-01-04 07:30:00,0.65103054
2026-01-04 07:31:00,0.5356333
2026-01-04 07:32:00,0.52197325
2026-01-04 07:33:00,0.5493008
2026-01-04 07:34:00,0.53891987
2026-01-04 07:35:00,0.5675671
2026-01-04 07:36:00,0.53143793
2026-01-04 07:37:00,0.4800772
2026-01-04 07:38:00,0.48232323
2026-01-04 07:39:00,0.48862633
2026-01-04 07:40:00,0.4793435
2026-01-04 07:41:00,0.5339465
2026-01-04 07:42:00,0.5011975
2026-01-04 07:43:00,0.5177194
2026-01-04 07:44:00,0.52322775
2026-01-04 07:45:00,0.4634239
2026-01-04 07:46:00,0.41802764
2026-01-04 07:47:00,0.4296165
2026-01-04 07:48:00,0.5191655
2026-01-04 07:49:00,0.5455889
2026-01-04 07:50:00,0.4778178
2026-01-04 07:51:00,0.36018962
2026-01-04 07:52:00,0.40582868
2026-01-04 07:53:00,0.4147611
2026-01-04 07:54:00,0.4725932
2026-01-04 07:55:00,0.44503433
2026-01-04 07:56:00,0.46903226
2026-01-04 07:57:00,0.5110635
2026-01-04 07:58:00,0.49810144
2026-01-04 07:59:00,0.48714593
2026-01-04 08:00:00,0.49523517
2026-01-04 08:01:00,0.52348804
2026-01-04 08:02:00,0.5273144
2026-01-04 08:03:00,0.57048184
2026-01-04 08:04:00,0.5528724
2026-01-04 08:05:00,0.50212705
2026-01-04 08:06:00,0.5877697
2026-01-04 08:07:00,0.5634099
2026-01-04 08:08:00,0.54255986
2026-01-04 08:09:00,0.54359645
2026-01-04 08:10:00,0.54998237
2026-01-04 08:11:00,0.5378156
2026-01-04 08:12:00,0.54150474
2026-01-04 08:13:00,0.544118
2026-01-04 08:14:00,0.55521774
2026-01-04 08:15:00,0.46424928
2026-01-04 08:16:00,0.55020475
2026-01-04 08:17:00,0.54826885
2026-01-04 08:18:00,0.5757158
2026-01-04 08:19:00,0.52272934
2026-01-04 08:20:00,0.510377
2026-01-04 08:21:00,0.49107113
2026-01-04 08:22:00,0.55910206
2026-01-04 08:23:00,0.5395795
2026-01-04 08:24:00,0.5754849
2026-01-04 08:25:00,0.5522878
2026-01-04 08:26:00,0.53896856
2026-01-04 08:27:00,0.5351072
2026-01-04 08:28:00,0.5928401
2026-01-04 08:29:00,0.5191156
2026-01-04 08:30:00,0.47436565
2026-01-04 08:31:00,0.4080388
2026-01-04 08:32:00,0.38151878
2026-01-04 08:33:00,0.3682647
2026-01-04 08:34:00,0.32406378
2026-01-04 08:35:00,0.3187201
2026-01-04 08:36:00,0.2626888
2026-01-04 08:37:00,0.25111634
2026-01-04 08:38:00,0.3293131
2026-01-04 08:39:00,0.3694876
2026-01-04 08:40:00,0.39790994
2026-01-04 08:41:00,0.37655488
2026-01-04 08:42:00,0.33568197
2026-01-04 08:43:00,0.31406185
2026-01-04 08:44:00,0.33811462
2026-01-04 08:45:00,0.3968038
2026-01-04 08:46:00,0.45227042
2026-01-04 08:47:00,0.49253413
2026-01-04 08:48:00,0.47495434
2026-01-04 08:49:00,0.4893692
2026-01-04 08:50:00,0.488899
2026-01-04 08:51:00,0.49337596
2026-01-04 08:52:00,0.58713067
2026-01-04 08:53:00,0.5215227
2026-01-04 08:54:00,0.5223589
2026-01-04 08:55:00,0.58108747
2026-01-04 08:56:00,0.5281141
2026-01-04 08:57:00,0.512366
2026-01-04 08:58:00,0.5025674
2026-01-04 08:59:00,0.50588363
2026-01-04 09:00:00,0.4541286
2026-01-04 09:01:00,0.49426398
2026-01-04 09:02:00,0.5341286
2026-01-04 09:03:00,0.5645873
2026-01-04 09:04:00,0.5375587
2026-01-04 09:05:00,0.5510667
2026-01-04 09:06:00,0.5241547
2026-01-04 09:07:00,0.5221678
2026-01-04 09:08:00,0.6198804
2026-01-04 09:09:00,0.6275627
2026-01-04 09:10:00,0.5833988
2026-01-04 09:11:00,0.5975795
2026-01-04 09:12:00,0.549437
2026-01-04 09:13:00,0.5113535
2026-01-04 09:14:00,0.48272806
2026-01-04 09:15:00,0.4803607
2026-01-04 09:16:00,0.5335289
2026-01-04 09:17:00,0.56819564
2026-01-04 09:18:00,0.59796727
2026-01-04 09:19:00,0.56057435
2026-01-04 09:20:00,0.54857093
2026-01-04 09:21:00,0.5701536
2026-01-04 09:22:00,0.55408967
2026-01-04 09:23:00,0.5534014
2026-01-04 09:24:00,0.5816493
2026-01-04 09:25:00,0.57612383
2026-01-04 09:26:00,0.5941249
2026-01-04 09:27:00,0.6654436
2026-01-04 09:28:00,0.66056377
2026-01-04 09:29:00,0.7102123
2026-01-04 09:30:00,0.7311799
2026-01-04 09:31:00,0.66949487
2026-01-04 09:32:00,0.6274377
2026-01-04 09:33:00,0.5995752
2026-01-04 09:34:00,0.57318026
2026-01-04 09:35:00,0.57956624
2026-01-04 09:36:00,0.61372596
2026-01-04 09:37:00,0.6708603
2026-01-04 09:38:00,0.68563086
2026-01-04 09:39:00,0.66915154
2026-01-04 09:40:00,0.5886136
2026-01-04 09:41:00,0.60071707
2026-01-04 09:42:00,0.6101441
2026-01-04 09:43:00,0.6251875
2026-01-04 09:44:00,0.7160437
2026-01-04 09:45:00,0.76508904
2026-01-04 09:46:00,0.7920722
2026-01-04 09:47:00,0.7470937
2026-01-04 09:48:00,0.7237587
2026-01-04 09:49:00,0.71909815
2026-01-04 09:50:00,0.68766904
2026-01-04 09:51:00,0.70986986
2026-01-04 09:52:00,0.72463256
2026-01-04 09:53:00,0.68048537
2026-01-04 09:54:00,0.7313543
2026-01-04 09:55:00,0.73445225
2026-01-04 09:56:00,0.66412556
2026-01-04 09:57:00,0.6666121
2026-01-04 09:58:00,0.68227917
2026-01-04 09:59:00,0.7244333
2026-01-04 10:00:00,0.71088094
2026-01-04 10:01:00,0.74510545
2026-01-04 10:02:00,0.75103575
2026-01-04 10:03:00,0.6964789
2026-01-04 10:04:00,0.6423568
2026-01-04 10:05:00,0.69414777
2026-01-04 10:06:00,0.7448062
2026-01-04 10:07:00,0.7565621
2026-01-04 10:08:00,0.8143623
2026-01-04 10:09:00,0.85004693
2026-01-04 10:10:00,0.8680293
2026-01-04 10:11:00,0.82084686
2026-01-04 10:12:00,0.8832195
2026-01-04 10:13:00,0.89286757
2026-01-04 10:14:00,0.86492807
2026-01-04 10:15:00,0.8279959
2026-01-04 10:16:00,0.8310894
2026-01-04 10:17:00,0.7568901
2026-01-04 10:18:00,0.783524
2026-01-04 10:19:00,0.7419648
2026-01-04 10:20:00,0.75676453
2026-01-04 10:21:00,0.73475754
2026-01-04 10:22:00,0.72486514
2026-01-04 10:23:00,0.69613
2026-01-04 10:24:00,0.6935858
2026-01-04 10:25:00,0.773334
2026-01-04 10:26:00,0.8265935
2026-01-04 10:27:00,0.83443254
2026-01-04 10:28:00,0.82651645
2026-01-04 10:29:00,0.85407597
2026-01-04 10:30:00,0.89092344
2026-01-04 10:31:00,0.846493
2026-01-04 10:32:00,0.83577317
2026-01-04 10:33:00,0.7561906
2026-01-04 10:34:00,0.80083704
2026-01-04 10:35:00,0.87964803
2026-01-04 10:36:00,0.87281543
2026-01-04 10:37:00,0.7783842
2026-01-04 10:38:00,0.8009214
2026-01-04 10:39:00,0.7611938
2026-01-04 10:40:00,0.7343309
2026-01-04 10:41:00,0.76127046
2026-01-04 10:42:00,0.9381596
2026-01-04 10:43:00,0.8876237
2026-01-04 10:44:00,0.83773047
2026-01-04 10:45:00,0.82536453
2026-01-04 10:46:00,0.79465
2026-01-04 10:47:00,0.7401118
2026-01-04 10:48:00,0.722415
2026-01-04 10:49:00,0.73418635
2026-01-04 10:50:00,0.7252734
2026-01-04 10:51:00,0.6684575
2026-01-04 10:52:00,0.7129548
2026-01-04 10:53:00,0.6053312
2026-01-04 10:54:00,0.59847796
2026-01-04 10:55:00,0.5856075
2026-01-04 10:56:00,0.6048281
2026-01-04 10:57:00,0.6393263
2026-01-04 10:58:00,0.6939031
2026-01-04 10:59:00,0.67074716
2026-01-04 11:00:00,0.70157534
2026-01-04 11:01:00,0.7144557
2026-01-04 11:02:00,0.65014136
2026-01-04 11:03:00,0.7355696
2026-01-04 11:04:00,0.6806922
2026-01-04 11:05:00,0.7046265
2026-01-04 11:06:00,0.7255461
2026-01-04 11:07:00,0.74029356
2026-01-04 11:08:00,0.72312075
2026-01-04 11:09:00,0.7602579
2026-01-04 11:10:00,0.6989779
2026-01-04 11:11:00,0.70243686
2026-01-04 11:12:00,0.68574923
2026-01-04 11:13:00,0.66590905
2026-01-04 11:14:00,0.691945
2026-01-04 11:15:00,0.7418925
2026-01-04 11:16:00,0.73105836
2026-01-04 11:17:00,0.7660905
2026-01-04 11:18:00,0.76912314
2026-01-04 11:19:00,0.7342539
2026-01-04 11:20:00,0.727604
2026-01-04 11:21:00,0.7198623
2026-01-04 11:22:00,0.6968897
2026-01-04 11:23:00,0.7207966
2026-01-04 11:24:00,0.7350726
2026-01-04 11:25:00,0.6752292
2026-01-04 11:26:00,0.6177719
2026-01-04 11:27:00,0.64799285
2026-01-04 11:28:00,0.62622976
2026-01-04 11:29:00,0.6509327
2026-01-04 11:30:00,0.6928464
2026-01-04 11:31:00,0.6493623
2026-01-04 11:32:00,0.60376376
2026-01-04 11:33:00,0.68528146
2026-01-04 11:34:00,0.70739233
2026-01-04 11:35:00,0.6969304
2026-01-04 11:36:00,0.6667454
2026-01-04 11:37:00,0.6559426
2026-01-04 11:38:00,0.61882573
2026-01-04 11:39:00,0.66766393
2026-01-04 11:40:00,0.64621437
2026-01-04 11:41:00,0.70131755
2026-01-04 11:42:00,0.6922707
2026-01-04 11:43:00,0.658263
2026-01-04 11:44:00,0.65168166
2026-01-04 11:45:00,0.5577354
2026-01-04 11:46:00,0.5714635
2026-01-04 11:47:00,0.5821415
2026-01-04 11:48:00,0.63178146
2026-01-04 11:49:00,0.56902945
2026-01-04 11:50:00,0.63324505
2026-01-04 11:51:00,0.6786929
2026-01-04 11:52:00,0.73778224
2026-01-04 11:53:00,0.739973
2026-01-04 11:54:00,0.7846717
2026-01-04 11:55:00,0.72640705
2026-01-04 11:56:00,0.7601927
2026-01-04 11:57:00,0.7319242
2026-01-04 11:58:00,0.67072403
2026-01-04 11:59:00,0.6355264
2026-01-04 12:00:00,0.6483469
2026-01-04 12:01:00,0.62696356
2026-01-04 12:02:00,0.6553202
2026-01-04 12:03:00,0.5940499
2026-01-04 12:04:00,0.52494025
2026-01-04 12:05:00,0.6013517
2026-01-04 12:06:00,0.65291905
2026-01-04 12:07:00,0.6222491
2026-01-04 12:08:00,0.6358961
2026-01-04 12:09:00,0.6893624
2026-01-04 12:10:00,0.71454954
2026-01-04 12:11:00,0.7268925
2026-01-04 12:12:00,0.7761346
2026-01-04 12:13:00,0.7484115
2026-01-04 12:14:00,0.7533902
2026-01-04 12:15:00,0.7560173
2026-01-04 12:16:00,0.7482451
2026-01-04 12:17:00,0.73641974
2026-01-04 12:18:00,0.7440536
2026-01-04 12:19:00,0.7495441
2026-01-04 12:20:00,0.71128726
2026-01-04 12:21:00,0.7501046
2026-01-04 12:22:00,0.71469367
2026-01-04 12:23:00,0.7124454
2026-01-04 12:24:00,0.7072983
2026-01-04 12:25:00,0.72870106
2026-01-04 12:26:00,0.6493056
2026-01-04 12:27:00,0.696664
2026-01-04 12:28:00,0.6775189
2026-01-04 12:29:00,0.73578423
2026-01-04 12:30:00,0.72146344
2026-01-04 12:31:00,0.7254609
2026-01-04 12:32:00,0.8076428
2026-01-04 12:33:00,0.795604
2026-01-04 12:34:00,0.8451739
2026-01-04 12:35:00,0.8427837
2026-01-04 12:36:00,0.8556368
2026-01-04 12:37:00,0.85363984
2026-01-04 12:38:00,0.88291454
2026-01-04 12:39:00,0.8485075
2026-01-04 12:40:00,0.80490756
2026-01-04 12:41:00,0.77860904
2026-01-04 12:42:00,0.78394
2026-01-04 12:43:00,0.77601695
2026-01-04 12:44:00,0.8059645
2026-01-04 12:45:00,0.85728717
2026-01-04 12:46:00,0.81327325
2026-01-04 12:47:00,0.78244764
2026-01-04 12:48:00,0.7259875
2026-01-04 12:49:00,0.8126992
2026-01-04 12:50:00,0.8234359
2026-01-04 12:51:00,0.8403085
2026-01-04 12:52:00,0.7830199
2026-01-04 12:53:00,0.78386444
2026-01-04 12:54:00,0.80504614
2026-01-04 12:55:00,0.79404056
2026-01-04 12:56:00,0.837041
2026-01-04 12:57:00,0.9260329
2026-01-04 12:58:00,0.8775357
2026-01-04 12:59:00,0.82990277
2026-01-04 13:00:00,0.79183865
2026-01-04 13:01:00,0.85616237
2026-01-04 13:02:00,0.89277035
2026-01-04 13:03:00,0.8793178
2026-01-04 13:04:00,0.8738079
2026-01-04 13:05:00,0.83459705
2026-01-04 13:06:00,0.8667678
2026-01-04 13:07:00,0.8455492
2026-01-04 13:08:00,0.83080196
2026-01-04 13:09:00,0.8519695
2026-01-04 13:10:00,0.83955216
2026-01-04 13:11:00,0.8262287
2026-01-04 13:12:00,0.8237716
2026-01-04 13:13:00,0.8528806
2026-01-04 13:14:00,0.91368425
2026-01-04 13:15:00,0.92716056
2026-01-04 13:16:00,0.94824874
2026-01-04 13:17:00,0.9274995
2026-01-04 13:18:00,0.8880681
2026-01-04 13:19:00,0.90623784
2026-01-04 13:20:00,0.903619
2026-01-04 13:21:00,0.83742905
2026-01-04 13:22:00,0.8202904
2026-01-04 13:23:00,0.8143029
2026-01-04 13:24:00,0.7916647
2026-01-04 13:25:00,0.8504975
2026-01-04 13:26:00,0.8645194
2026-01-04 13:27:00,0.91312414
2026-01-04 13:28:00,0.91342115
2026-01-04 13:29:00,0.906383
2026-01-04 13:30:00,0.97906554
2026-01-04 13:31:00,0.9519454
2026-01-04 13:32:00,0.92916673
2026-01-04 13:33:00,0.8547416
2026-01-04 13:34:00,0.8207926
2026-01-04 13:35:00,0.7993664
2026-01-04 13:36:00,0.81006706
2026-01-04 13:37:00,0.8225927
2026-01-04 13:38:00,0.79303104
2026-01-04 13:39:00,0.80834484
2026-01-04 13:40:00,0.79680115
2026-01-04 13:41:00,0.67900497
2026-01-04 13:42:00,0.6662892
2026-01-04 13:43:00,0.71734446
2026-01-04 13:44:00,0.6540453
2026-01-04 13:45:00,0.66771525
2026-01-04 13:46:00,0.7392898
2026-01-04 13:47:00,0.71137416
2026-01-04 13:48:00,0.7162526
2026-01-04 13:49:00,0.6685279
2026-01-04 13:50:00,0.7418908
2026-01-04 13:51:00,0.74097043
2026-01-04 13:52:00,0.74532104
2026-01-04 13:53:00,0.8016215
2026-01-04 13:54:00,0.82568955
2026-01-04 13:55:00,0.7863269
2026-01-04 13:56:00,0.7592217
2026-01-04 13:57:00,0.7799439
2026-01-04 13:58:00,0.7542135
2026-01-04 13:59:00,0.67078125
2026-01-04 14:00:00,0.676546
2026-01-04 14:01:00,0.62473077
2026-01-04 14:02:00,0.700879
2026-01-04 14:03:00,0.7133125
2026-01-04 14:04:00,0.6814284
2026-01-04 14:05:00,0.660311
2026-01-04 14:06:00,0.5932056
2026-01-04 14:07:00,0.5630183
2026-01-04 14:08:00,0.6198288
2026-01-04 14:09:00,0.7206635
2026-01-04 14:10:00,0.7531655
2026-01-04 14:11:00,0.7502788
2026-01-04 14:12:00,0.7339746
2026-01-04 14:13:00,0.6979409
2026-01-04 14:14:00,0.78538734
2026-01-04 14:15:00,0.7758438
2026-01-04 14:16:00,0.8591846
2026-01-04 14:17:00,0.9069189
2026-01-04 14:18:00,0.8254063
2026-01-04 14:19:00,0.7933524
2026-01-04 14:20:00,0.7636826
2026-01-04 14:21:00,0.7598971
2026-01-04 14:22:00,0.757138
2026-01-04 14:23:00,0.8768035
2026-01-04 14:24:00,0.82389826
2026-01-04 14:25:00,0.8274139
2026-01-04 14:26:00,0.84608996
2026-01-04 14:27:00,0.8384882
2026-01-04 14:28:00,0.8359037
2026-01-04 14:29:00,0.7872648
2026-01-04 14:30:00,0.78850675
2026-01-04 14:31:00,0.80578315
2026-01-04 14:32:00,0.8142624
2026-01-04 14:33:00,0.83170354
2026-01-04 14:34:00,0.88138145
2026-01-04 14:35:00,0.9079947
2026-01-04 14:36:00,0.8977866
2026-01-04 14:37:00,0.8386072
2026-01-04 14:38:00,0.8069659
2026-01-04 14:39:00,0.79300386
2026-01-04 14:40:00,0.79897046
2026-01-04 14:41:00,0.7751645
2026-01-04 14:42:00,0.7348985
2026-01-04 14:43:00,0.687686
2026-01-04 14:44:00,0.6256618
2026-01-04 14:45:00,0.6251784
2026-01-04 14:46:00,0.5752744
2026-01-04 14:47:00,0.5480571
2026-01-04 14:48:00,0.54721034
2026-01-04 14:49:00,0.50867844
2026-01-04 14:50:00,0.54178303
2026-01-04 14:51:00,0.58658475
2026-01-04 14:52:00,0.57614243
2026-01-04 14:53:00,0.570957
2026-01-04 14:54:00,0.6050898
2026-01-04 14:55:00,0.58635944
2026-01-04 14:56:00,0.566302
2026-01-04 14:57:00,0.62694186
2026-01-04 14:58:00,0.670161
2026-01-04 14:59:00,0.6985395
2026-01-04 15:00:00,0.7375334
2026-01-04 15:01:00,0.65721214
2026-01-04 15:02:00,0.716482
2026-01-04 15:03:00,0.8829262
2026-01-04 15:04:00,0.89521015
2026-01-04 15:05:00,0.8841942
2026-01-04 15:06:00,0.86266965
2026-01-04 15:07:00,0.83163697
2026-01-04 15:08:00,0.8301961
2026-01-04 15:09:00,0.8028564
2026-01-04 15:10:00,0.8258096
2026-01-04 15:11:00,0.7494927
2026-01-04 15:12:00,0.7216672
2026-01-04 15:13:00,0.79999226
2026-01-04 15:14:00,0.76558375
2026-01-04 15:15:00,0.7497101
2026-01-04 15:16:00,0.7095692
2026-01-04 15:17:00,0.72154
2026-01-04 15:18:00,0.6897864
2026-01-04 15:19:00,0.6826795
2026-01-04 15:20:00,0.71756977
2026-01-04 15:21:00,0.6877877
2026-01-04 15:22:00,0.7198865
2026-01-04 15:23:00,0.7507481
2026-01-04 15:24:00,0.7884217
2026-01-04 15:25:00,0.78646487
2026-01-04 15:26:00,0.9086437
2026-01-04 15:27:00,0.93352157
2026-01-04 15:28:00,0.9271586
2026-01-04 15:29:00,0.8732026
2026-01-04 15:30:00,0.85464317
2026-01-04 15:31:00,0.8984254
2026-01-04 15:32:00,0.9499515
2026-01-04 15:33:00,0.98
2026-01-04 15:34:00,0.98
2026-01-04 15:35:00,0.92014885
2026-01-04 15:36:00,0.9206909
2026-01-04 15:37:00,0.85195476
2026-01-04 15:38:00,0.7787812
2026-01-04 15:39:00,0.78043187
2026-01-04 15:40:00,0.7932163
2026-01-04 15:41:00,0.82008827
2026-01-04 15:42:00,0.8284632
2026-01-04 15:43:00,0.8374477
2026-01-04 15:44:00,0.78496474
2026-01-04 15:45:00,0.7717676
2026-01-04 15:46:00,0.7034402
2026-01-04 15:47:00,0.6206277
2026-01-04 15:48:00,0.65409905
2026-01-04 15:49:00,0.62503976
2026-01-04 15:50:00,0.6632273
2026-01-04 15:51:00,0.7076906
2026-01-04 15:52:00,0.6793864
2026-01-04 15:53:00,0.7016274
2026-01-04 15:54:00,0.67192554
2026-01-04 15:55:00,0.59710574
2026-01-04 15:56:00,0.6069333
2026-01-04 15:57:00,0.5921011
2026-01-04 15:58:00,0.57958025
2026-01-04 15:59:00,0.6645713
2026-01-04 16:00:00,0.6026074
2026-01-04 16:01:00,0.62184185
2026-01-04 16:02:00,0.584322
2026-01-04 16:03:00,0.62581754
2026-01-04 16:04:00,0.63949096
2026-01-04 16:05:00,0.6551973
2026-01-04 16:06:00,0.6165677
2026-01-04 16:07:00,0.5880899
2026-01-04 16:08:00,0.62949294
2026-01-04 16:09:00,0.7012142
2026-01-04 16:10:00,0.7154664
2026-01-04 16:11:00,0.673357
2026-01-04 16:12:00,0.6839582
2026-01-04 16:13:00,0.7771396
2026-01-04 16:14:00,0.7697511
2026-01-04 16:15:00,0.8172166
2026-01-04 16:16:00,0.77268386
2026-01-04 16:17:00,0.7595289
2026-01-04 16:18:00,0.7737774
2026-01-04 16:19:00,0.77788126
2026-01-04 16:20:00,0.7349924
2026-01-04 16:21:00,0.69369334
2026-01-04 16:22:00,0.7274938
2026-01-04 16:23:00,0.7666041
2026-01-04 16:24:00,0.81529206
2026-01-04 16:25:00,0.8716389
2026-01-04 16:26:00,0.8565876
2026-01-04 16:27:00,0.8247894
2026-01-04 16:28:00,0.861904
2026-01-04 16:29:00,0.87041366
2026-01-04 16:30:00,0.8103022
2026-01-04 16:31:00,0.7528328
2026-01-04 16:32:00,0.76086354
2026-01-04 16:33:00,0.7413633
2026-01-04 16:34:00,0.7293362
2026-01-04 16:35:00,0.76210886
2026-01-04 16:36:00,0.7795985
2026-01-04 16:37:00,0.81840074
2026-01-04 16:38:00,0.7235205
2026-01-04 16:39:00,0.7235058
2026-01-04 16:40:00,0.74102134
2026-01-04 16:41:00,0.66816175
2026-01-04 16:42:00,0.6358754
2026-01-04 16:43:00,0.5986249
2026-01-04 16:44:00,0.5987179
2026-01-04 16:45:00,0.6629258
2026-01-04 16:46:00,0.737662
2026-01-04 16:47:00,0.6928197
2026-01-04 16:48:00,0.70507365
2026-01-04 16:49:00,0.7175117
2026-01-04 16:50:00,0.7219824
2026-01-04 16:51:00,0.72642386
2026-01-04 16:52:00,0.7265746
2026-01-04 16:53:00,0.7819401
2026-01-04 16:54:00,0.8093458
2026-01-04 16:55:00,0.7479274
2026-01-04 16:56:00,0.7655306
2026-01-04 16:57:00,0.78546435
2026-01-04 16:58:00,0.78057975
2026-01-04 16:59:00,0.80861646
2026-01-04 17:00:00,0.7965483
2026-01-04 17:01:00,0.78581315
2026-01-04 17:02:00,0.77263945
2026-01-04 17:03:00,0.67481166
2026-01-04 17:04:00,0.6621951
2026-01-04 17:05:00,0.6269448
2026-01-04 17:06:00,0.5736574
2026-01-04 17:07:00,0.62932223
2026-01-04 17:08:00,0.64321184
2026-01-04 17:09:00,0.63449895
2026-01-04 17:10:00,0.60495424
2026-01-04 17:11:00,0.6120818
2026-01-04 17:12:00,0.64631957
2026-01-04 17:13:00,0.6049517
2026-01-04 17:14:00,0.59964806
2026-01-04 17:15:00,0.6295537
2026-01-04 17:16:00,0.5447731
2026-01-04 17:17:00,0.54178107
2026-01-04 17:18:00,0.52402824
2026-01-04 17:19:00,0.5193826
2026-01-04 17:20:00,0.50026506
2026-01-04 17:21:00,0.50811535
2026-01-04 17:22:00,0.5866458
2026-01-04 17:23:00,0.5688598
2026-01-04 17:24:00,0.57698995
2026-01-04 17:25:00,0.65245885
2026-01-04 17:26:00,0.61996734
2026-01-04 17:27:00,0.6845303
2026-01-04 17:28:00,0.6714216
2026-01-04 17:29:00,0.7302918
2026-01-04 17:30:00,0.7430517
2026-01-04 17:31:00,0.7369343
2026-01-04 17:32:00,0.7162638
2026-01-04 17:33:00,0.6747774
2026-01-04 17:34:00,0.66447
2026-01-04 17:35:00,0.6877169
2026-01-04 17:36:00,0.67255175
2026-01-04 17:37:00,0.64632607
2026-01-04 17:38:00,0.6246986
2026-01-04 17:39:00,0.65439826
2026-01-04 17:40:00,0.69089574
2026-01-04 17:41:00,0.6486474
2026-01-04 17:42:00,0.6095878
2026-01-04 17:43:00,0.61543715
2026-01-04 17:44:00,0.6666118
2026-01-04 17:45:00,0.6982971
2026-01-04 17:46:00,0.63140005
2026-01-04 17:47:00,0.60923207
2026-01-04 17:48:00,0.56204265
2026-01-04 17:49:00,0.54501814
2026-01-04 17:50:00,0.60409874
2026-01-04 17:51:00,0.5372386
2026-01-04 17:52:00,0.46774286
2026-01-04 17:53:00,0.43528542
2026-01-04 17:54:00,0.44992533
2026-01-04 17:55:00,0.476598
2026-01-04 17:56:00,0.49367085
2026-01-04 17:57:00,0.53877354
2026-01-04 17:58:00,0.46258348
2026-01-04 17:59:00,0.5104118
2026-01-04 18:00:00,0.4942629
2026-01-04 18:01:00,0.5210159
2026-01-04 18:02:00,0.46329823
2026-01-04 18:03:00,0.46319973
2026-01-04 18:04:00,0.4722282
2026-01-04 18:05:00,0.51718014
2026-01-04 18:06:00,0.4487624
2026-01-04 18:07:00,0.45032498
2026-01-04 18:08:00,0.40698987
2026-01-04 18:09:00,0.43061763
2026-01-04 18:10:00,0.4630909
2026-01-04 18:11:00,0.51323146
2026-01-04 18:12:00,0.4863399
2026-01-04 18:13:00,0.51995707
2026-01-04 18:14:00,0.56809914
2026-01-04 18:15:00,0.49209127
2026-01-04 18:16:00,0.5122552
2026-01-04 18:17:00,0.54452026
2026-01-04 18:18:00,0.5253823
2026-01-04 18:19:00,0.46956125
2026-01-04 18:20:00,0.50422305
2026-01-04 18:21:00,0.45028132
2026-01-04 18:22:00,0.44136944
2026-01-04 18:23:00,0.43856794
2026-01-04 18:24:00,0.4660855
2026-01-04 18:25:00,0.43758345
2026-01-04 18:26:00,0.4089122
2026-01-04 18:27:00,0.41374353
2026-01-04 18:28:00,0.45435637
2026-01-04 18:29:00,0.5428318
2026-01-04 18:30:00,0.47230127
2026-01-04 18:31:00,0.48019564
2026-01-04 18:32:00,0.43125305
2026-01-04 18:33:00,0.4703096
2026-01-04 18:34:00,0.42781743
2026-01-04 18:35:00,0.3991507
2026-01-04 18:36:00,0.37606278
2026-01-04 18:37:00,0.37521538
2026-01-04 18:38:00,0.3902824
2026-01-04 18:39:00,0.41043517
2026-01-04 18:40:00,0.40926814
2026-01-04 18:41:00,0.35510093
2026-01-04 18:42:00,0.38744575
2026-01-04 18:43:00,0.38584495
2026-01-04 18:44:00,0.43283197
2026-01-04 18:45:00,0.40115333
2026-01-04 18:46:00,0.33609995
2026-01-04 18:47:00,0.33885345
2026-01-04 18:48:00,0.3944587
2026-01-04 18:49:00,0.40008825
2026-01-04 18:50:00,0.39071628
2026-01-04 18:51:00,0.3551406
2026-01-04 18:52:00,0.42740935
2026-01-04 18:53:00,0.38227588
2026-01-04 18:54:00,0.35279578
2026-01-04 18:55:00,0.3773658
2026-01-04 18:56:00,0.30280283
2026-01-04 18:57:00,0.35930446
2026-01-04 18:58:00,0.3851454
2026-01-04 18:59:00,0.4197962
2026-01-04 19:00:00,0.43790624
2026-01-04 19:01:00,0.42567402
2026-01-04 19:02:00,0.3782158
2026-01-04 19:03:00,0.37135386
2026-01-04 19:04:00,0.33151144
2026-01-04 19:05:00,0.35318932
2026-01-04 19:06:00,0.38583553
2026-01-04 19:07:00,0.44254902
2026-01-04 19:08:00,0.45040196
2026-01-04 19:09:00,0.47961736
2026-01-04 19:10:00,0.4575055
2026-01-04 19:11:00,0.42979628
2026-01-04 19:12:00,0.44226113
2026-01-04 19:13:00,0.41920263
2026-01-04 19:14:00,0.4240951
2026-01-04 19:15:00,0.3752613
2026-01-04 19:16:00,0.3373974
2026-01-04 19:17:00,0.36312497
2026-01-04 19:18:00,0.3967268
2026-01-04 19:19:00,0.35262817
2026-01-04 19:20:00,0.3781901
2026-01-04 19:21:00,0.3534553
2026-01-04 19:22:00,0.35255143
2026-01-04 19:23:00,0.4076203
2026-01-04 19:24:00,0.4337886
2026-01-04 19:25:00,0.45728236
2026-01-04 19:26:00,0.52329725
2026-01-04 19:27:00,0.47940835
2026-01-04 19:28:00,0.4276353
2026-01-04 19:29:00,0.39043918
2026-01-04 19:30:00,0.37480882
2026-01-04 19:31:00,0.27631256
2026-01-04 19:32:00,0.27146688
2026-01-04 19:33:00,0.25340948
2026-01-04 19:34:00,0.2898166
2026-01-04 19:35:00,0.3059446
2026-01-04 19:36:00,0.5443663
2026-01-04 19:37:00,0.52322507
2026-01-04 19:38:00,0.51370823
2026-01-04 19:39:00,0.44903335
2026-01-04 19:40:00,0.40361115
2026-01-04 19:41:00,0.29501694
2026-01-04 19:42:00,0.24251878
2026-01-04 19:43:00,0.20978536
2026-01-04 19:44:00,0.21365918
2026-01-04 19:45:00,0.17750679
2026-01-04 19:46:00,0.16237839
2026-01-04 19:47:00,0.12066663
2026-01-04 19:48:00,0.13868934
2026-01-04 19:49:00,0.1658778
2026-01-04 19:50:00,0.1902855
2026-01-04 19:51:00,0.19739076
2026-01-04 19:52:00,0.14197665
2026-01-04 19:53:00,0.12797455
2026-01-04 19:54:00,0.12368975
2026-01-04 19:55:00,0.11996441
2026-01-04 19:56:00,0.13569574
2026-01-04 19:57:00,0.2041951
2026-01-04 19:58:00,0.24266171
2026-01-04 19:59:00,0.20603584
2026-01-04 20:00:00,0.23893349
2026-01-04 20:01:00,0.2676216
2026-01-04 20:02:00,0.23609775
2026-01-04 20:03:00,0.27322417
2026-01-04 20:04:00,0.26693627
2026-01-04 20:05:00,0.2110894
2026-01-04 20:06:00,0.23423399
2026-01-04 20:07:00,0.24591202
2026-01-04 20:08:00,0.23878255
2026-01-04 20:09:00,0.23974302
2026-01-04 20:10:00,0.21327055
2026-01-04 20:11:00,0.24199264
2026-01-04 20:12:00,0.24218108
2026-01-04 20:13:00,0.2506572
2026-01-04 20:14:00,0.26598933
2026-01-04 20:15:00,0.21953197
2026-01-04 20:16:00,0.18710932
2026-01-04 20:17:00,0.104560055
2026-01-04 20:18:00,0.13950828
2026-01-04 20:19:00,0.10048875
2026-01-04 20:20:00,0.11828839
2026-01-04 20:21:00,0.14410743
2026-01-04 20:22:00,0.17702243
2026-01-04 20:23:00,0.13495666
2026-01-04 20:24:00,0.14171788
2026-01-04 20:25:00,0.21726377
2026-01-04 20:26:00,0.2884356
2026-01-04 20:27:00,0.32474267
2026-01-04 20:28:00,0.332061
2026-01-04 20:29:00,0.28499928
2026-01-04 20:30:00,0.31056145
2026-01-04 20:31:00,0.2989232
2026-01-04 20:32:00,0.31686866
2026-01-04 20:33:00,0.2855547
2026-01-04 20:34:00,0.27505383
2026-01-04 20:35:00,0.2787882
2026-01-04 20:36:00,0.28542146
2026-01-04 20:37:00,0.3013347
2026-01-04 20:38:00,0.27297148
2026-01-04 20:39:00,0.21622746
2026-01-04 20:40:00,0.28265992
2026-01-04 20:41:00,0.3782712
2026-01-04 20:42:00,0.3844753
2026-01-04 20:43:00,0.3192421
2026-01-04 20:44:00,0.28117543
2026-01-04 20:45:00,0.29736304
2026-01-04 20:46:00,0.34545243
2026-01-04 20:47:00,0.28745177
2026-01-04 20:48:00,0.2775513
2026-01-04 20:49:00,0.2811717
2026-01-04 20:50:00,0.31116703
2026-01-04 20:51:00,0.29035473
2026-01-04 20:52:00,0.2223185
2026-01-04 20:53:00,0.24704573
2026-01-04 20:54:00,0.28985927
2026-01-04 20:55:00,0.2808732
2026-01-04 20:56:00,0.29204074
2026-01-04 20:57:00,0.26704755
2026-01-04 20:58:00,0.22912492
2026-01-04 20:59:00,0.26904687
2026-01-04 21:00:00,0.28014117
2026-01-04 21:01:00,0.29438657
2026-01-04 21:02:00,0.3478864
2026-01-04 21:03:00,0.29475266
2026-01-04 21:04:00,0.26590738
2026-01-04 21:05:00,0.26769367
2026-01-04 21:06:00,0.24037328
2026-01-04 21:07:00,0.26906303
2026-01-04 21:08:00,0.2565631
2026-01-04 21:09:00,0.21278529
2026-01-04 21:10:00,0.21476978
2026-01-04 21:11:00,0.22070655
2026-01-04 21:12:00,0.25667092
2026-01-04 21:13:00,0.2680258
2026-01-04 21:14:00,0.2811222
2026-01-04 21:15:00,0.28746694
2026-01-04 21:16:00,0.2728942
2026-01-04 21:17:00,0.23829854
2026-01-04 21:18:00,0.24660441
2026-01-04 21:19:00,0.22929934
2026-01-04 21:20:00,0.29422906
2026-01-04 21:21:00,0.33999178
2026-01-04 21:22:00,0.35365316
2026-01-04 21:23:00,0.35598066
2026-01-04 21:24:00,0.33939928
2026-01-04 21:25:00,0.6062524
2026-01-04 21:26:00,0.53148085
2026-01-04 21:27:00,0.48125342
2026-01-04 21:28:00,0.44496015
2026-01-04 21:29:00,0.42509338
2026-01-04 21:30:00,0.42809102
2026-01-04 21:31:00,0.3689253
2026-01-04 21:32:00,0.3169902
2026-01-04 21:33:00,0.35630658
2026-01-04 21:34:00,0.3666983
2026-01-04 21:35:00,0.33093888
2026-01-04 21:36:00,0.31031543
2026-01-04 21:37:00,0.2922763
2026-01-04 21:38:00,0.28166026
2026-01-04 21:39:00,0.29002658
2026-01-04 21:40:00,0.3806066
2026-01-04 21:41:00,0.37044108
2026-01-04 21:42:00,0.3802469
2026-01-04 21:43:00,0.2954959
2026-01-04 21:44:00,0.26573452
2026-01-04 21:45:00,0.3070131
2026-01-04 21:46:00,0.3120103
2026-01-04 21:47:00,0.12500733
2026-01-04 21:48:00,0.15552725
2026-01-04 21:49:00,0.23339225
2026-01-04 21:50:00,0.14847316
2026-01-04 21:51:00,0.21095671
2026-01-04 21:52:00,0.0967765
2026-01-04 21:53:00,0.14011054
2026-01-04 21:54:00,0.1420879
2026-01-04 21:55:00,0.050225597
2026-01-04 21:56:00,0.077524364
2026-01-04 21:57:00,0.13079211
2026-01-04 21:58:00,0.14828284
2026-01-04 21:59:00,0.1731726
2026-01-04 22:00:00,0.1561703
2026-01-04 22:01:00,0.08249781
2026-01-04 22:02:00,0.11680666
2026-01-04 22:03:00,0.1906432
2026-01-04 22:04:00,0.23372233
2026-01-04 22:05:00,0.14861302
2026-01-04 22:06:00,0.08918776
2026-01-04 22:07:00,0.06122963
2026-01-04 22:08:00,0.05
2026-01-04 22:09:00,0.05
2026-01-04 22:10:00,0.05
2026-01-04 22:11:00,0.05
2026-01-04 22:12:00,0.05
2026-01-04 22:13:00,0.076112695
2026-01-04 22:14:00,0.06081009
2026-01-04 22:15:00,0.061715093
2026-01-04 22:16:00,0.05
2026-01-04 22:17:00,0.05
2026-01-04 22:18:00,0.05
2026-01-04 22:19:00,0.05
2026-01-04 22:20:00,0.05
2026-01-04 22:21:00,0.067743726
2026-01-04 22:22:00,0.06413741
2026-01-04 22:23:00,0.08280224
2026-01-04 22:24:00,0.1285689
2026-01-04 22:25:00,0.12673497
2026-01-04 22:26:00,0.14153385
2026-01-04 22:27:00,0.134961
2026-01-04 22:28:00,0.11045368
2026-01-04 22:29:00,0.13465616
2026-01-04 22:30:00,0.113762304
2026-01-04 22:31:00,0.13215941
2026-01-04 22:32:00,0.13473403
2026-01-04 22:33:00,0.12378048
2026-01-04 22:34:00,0.1127007
2026-01-04 22:35:00,0.095274426
2026-01-04 22:36:00,0.05
2026-01-04 22:37:00,0.058169805
2026-01-04 22:38:00,0.07459405
2026-01-04 22:39:00,0.114397265
2026-01-04 22:40:00,0.095739536
2026-01-04 22:41:00,0.17561688
2026-01-04 22:42:00,0.1580685
2026-01-04 22:43:00,0.12207873
2026-01-04 22:44:00,0.08419524
2026-01-04 22:45:00,0.05
2026-01-04 22:46:00,0.091004014
2026-01-04 22:47:00,0.1501095
2026-01-04 22:48:00,0.17364545
2026-01-04 22:49:00,0.13539743
2026-01-04 22:50:00,0.20847616
2026-01-04 22:51:00,0.18916221
2026-01-04 22:52:00,0.17467462
2026-01-04 22:53:00,0.22957136
2026-01-04 22:54:00,0.24891677
2026-01-04 22:55:00,0.32837704
2026-01-04 22:56:00,0.3233604
2026-01-04 22:57:00,0.29289067
2026-01-04 22:58:00,0.25624353
2026-01-04 22:59:00,0.17309695
2026-01-04 23:00:00,0.159315
2026-01-04 23:01:00,0.20354046
2026-01-04 23:02:00,0.22237521
2026-01-04 23:03:00,0.21654026
2026-01-04 23:04:00,0.17054093
2026-01-04 23:05:00,0.17707281
2026-01-04 23:06:00,0.21449912
2026-01-04 23:07:00,0.22562732
2026-01-04 23:08:00,0.2252861
2026-01-04 23:09:00,0.18640506
2026-01-04 23:10:00,0.2171811
2026-01-04 23:11:00,0.08551302
2026-01-04 23:12:00,0.104950234
2026-01-04 23:13:00,0.21031377
2026-01-04 23:14:00,0.14408307
2026-01-04 23:15:00,0.13381404
2026-01-04 23:16:00,0.13368835
2026-01-04 23:17:00,0.11536971
2026-01-04 23:18:00,0.15845913
2026-01-04 23:19:00,0.17552917
2026-01-04 23:20:00,0.17841266
2026-01-04 23:21:00,0.20684987
2026-01-04 23:22:00,0.20177715
2026-01-04 23:23:00,0.3236211
2026-01-04 23:24:00,0.31456354
2026-01-04 23:25:00,0.30797508
2026-01-04 23:26:00,0.22567125
2026-01-04 23:27:00,0.19662033
2026-01-04 23:28:00,0.23751494
2026-01-04 23:29:00,0.1758133
2026-01-04 23:30:00,0.08615291
2026-01-04 23:31:00,0.091249764
2026-01-04 23:32:00,0.14946595
2026-01-04 23:33:00,0.14988062
2026-01-04 23:34:00,0.13511258
2026-01-04 23:35:00,0.06062257
2026-01-04 23:36:00,0.084512934
2026-01-04 23:37:00,0.11484481
2026-01-04 23:38:00,0.05
2026-01-04 23:39:00,0.09742851
2026-01-04 23:40:00,0.130882
2026-01-04 23:41:00,0.17631748
2026-01-04 23:42:00,0.19616036
2026-01-04 23:43:00,0.21721637
2026-01-04 23:44:00,0.23126405
2026-01-04 23:45:00,0.25809303
2026-01-04 23:46:00,0.17528188
2026-01-04 23:47:00,0.11179937
2026-01-04 23:48:00,0.08399372
2026-01-04 23:49:00,0.08265661
2026-01-04 23:50:00,0.10214172
2026-01-04 23:51:00,0.117527165
2026-01-04 23:52:00,0.16337648
2026-01-04 23:53:00,0.20681156
2026-01-04 23:54:00,0.16593513
2026-01-04 23:55:00,0.17276613
2026-01-04 23:56:00,0.13559364
2026-01-04 23:57:00,0.12777798
2026-01-04 23:58:00,0.14098914
2026-01-04 23:59:00,0.05
2026-01-05 00:00:00,0.1081924
2026-01-05 00:01:00,0.13260897
2026-01-05 00:02:00,0.10859238
2026-01-05 00:03:00,0.18742503
2026-01-05 00:04:00,0.16896437
2026-01-05 00:05:00,0.17118424
2026-01-05 00:06:00,0.14844714
2026-01-05 00:07:00,0.21309966
2026-01-05 00:08:00,0.20230761
2026-01-05 00:09:00,0.2025647
2026-01-05 00:10:00,0.24498053
2026-01-05 00:11:00,0.2592651
2026-01-05 00:12:00,0.24683544
2026-01-05 00:13:00,0.28199813
2026-01-05 00:14:00,0.37148026
2026-01-05 00:15:00,0.36496994
2026-01-05 00:16:00,0.35096386
2026-01-05 00:17:00,0.3402427
2026-01-05 00:18:00,0.37598145
2026-01-05 00:19:00,0.33248642
2026-01-05 00:20:00,0.305317
2026-01-05 00:21:00,0.22996725
2026-01-05 00:22:00,0.17479993
2026-01-05 00:23:00,0.15070052
2026-01-05 00:24:00,0.14701572
2026-01-05 00:25:00,0.216639
2026-01-05 00:26:00,0.23138161
2026-01-05 00:27:00,0.18703513
2026-01-05 00:28:00,0.15361379
2026-01-05 00:29:00,0.20698917
2026-01-05 00:30:00,0.24618316
2026-01-05 00:31:00,0.23831773
2026-01-05 00:32:00,0.21226934
2026-01-05 00:33:00,0.2510184
2026-01-05 00:34:00,0.20195267
2026-01-05 00:35:00,0.21224238
2026-01-05 00:36:00,0.29695028
2026-01-05 00:37:00,0.29220596
2026-01-05 00:38:00,0.24861945
2026-01-05 00:39:00,0.25597626
2026-01-05 00:40:00,0.22754698
2026-01-05 00:41:00,0.16444567
2026-01-05 00:42:00,0.19021678
2026-01-05 00:43:00,0.23061673
2026-01-05 00:44:00,0.21065398
2026-01-05 00:45:00,0.18965432
2026-01-05 00:46:00,0.14698106
2026-01-05 00:47:00,0.14020678
2026-01-05 00:48:00,0.11749742
2026-01-05 00:49:00,0.07867884
2026-01-05 00:50:00,0.32359624
2026-01-05 00:51:00,0.31098485
2026-01-05 00:52:00,0.30660075
2026-01-05 00:53:00,0.31745726
2026-01-05 00:54:00,0.32496378
2026-01-05 00:55:00,0.28615895
2026-01-05 00:56:00,0.27924657
2026-01-05 00:57:00,0.2523448
2026-01-05 00:58:00,0.25681862
2026-01-05 00:59:00,0.25782564
2026-01-05 01:00:00,0.23040758
2026-01-05 01:01:00,0.16783834
2026-01-05 01:02:00,0.16972795
2026-01-05 01:03:00,0.15780514
2026-01-05 01:04:00,0.07969132
2026-01-05 01:05:00,0.10399832
2026-01-05 01:06:00,0.14487825
2026-01-05 01:07:00,0.2451859
2026-01-05 01:08:00,0.22083744
2026-01-05 01:09:00,0.19266506
2026-01-05 01:10:00,0.14402892
2026-01-05 01:11:00,0.15210238
2026-01-05 01:12:00,0.15936124
2026-01-05 01:13:00,0.12556933
2026-01-05 01:14:00,0.12000202
2026-01-05 01:15:00,0.05
2026-01-05 01:16:00,0.08801308
2026-01-05 01:17:00,0.061786056
2026-01-05 01:18:00,0.06714541
2026-01-05 01:19:00,0.05
2026-01-05 01:20:00,0.05
2026-01-05 01:21:00,0.05
2026-01-05 01:22:00,0.05
2026-01-05 01:23:00,0.05
2026-01-05 01:24:00,0.11081792
2026-01-05 01:25:00,0.14322889
2026-01-05 01:26:00,0.18226153
2026-01-05 01:27:00,0.23756526
2026-01-05 01:28:00,0.25342476
2026-01-05 01:29:00,0.24379475
2026-01-05 01:30:00,0.27680373
2026-01-05 01:31:00,0.30976373
2026-01-05 01:32:00,0.32314518
2026-01-05 01:33:00,0.25136444
2026-01-05 01:34:00,0.20988913
2026-01-05 01:35:00,0.19443256
2026-01-05 01:36:00,0.22242817
2026-01-05 01:37:00,0.21618238
2026-01-05 01:38:00,0.25680205
2026-01-05 01:39:00,0.30134428
2026-01-05 01:40:00,0.33771822
2026-01-05 01:41:00,0.37147504
2026-01-05 01:42:00,0.31286827
2026-01-05 01:43:00,0.3197738
2026-01-05 01:44:00,0.28255922
2026-01-05 01:45:00,0.2066995
2026-01-05 01:46:00,0.1914119
2026-01-05 01:47:00,0.24187545
2026-01-05 01:48:00,0.25378224
2026-01-05 01:49:00,0.32705966
2026-01-05 01:50:00,0.32089248
2026-01-05 01:51:00,0.40608266
2026-01-05 01:52:00,0.39368775
2026-01-05 01:53:00,0.37612453
2026-01-05 01:54:00,0.30793357
2026-01-05 01:55:00,0.34083837
2026-01-05 01:56:00,0.30664593
2026-01-05 01:57:00,0.269435
2026-01-05 01:58:00,0.31237537
2026-01-05 01:59:00,0.3470038
2026-01-05 02:00:00,0.37785903
2026-01-05 02:01:00,0.34652042
2026-01-05 02:02:00,0.3301821
2026-01-05 02:03:00,0.3148406
2026-01-05 02:04:00,0.33446655
2026-01-05 02:05:00,0.38340977
2026-01-05 02:06:00,0.38106668
2026-01-05 02:07:00,0.44322696
2026-01-05 02:08:00,0.45735306
2026-01-05 02:09:00,0.4251161
2026-01-05 02:10:00,0.43804562
2026-01-05 02:11:00,0.48507735
2026-01-05 02:12:00,0.54008824
2026-01-05 02:13:00,0.5582904
2026-01-05 02:14:00,0.5286361
2026-01-05 02:15:00,0.4917081
2026-01-05 02:16:00,0.48949382
2026-01-05 02:17:00,0.53142226
2026-01-05 02:18:00,0.5204378
2026-01-05 02:19:00,0.51121247
2026-01-05 02:20:00,0.48665008
2026-01-05 02:21:00,0.4489317
2026-01-05 02:22:00,0.4209119
2026-01-05 02:23:00,0.40708733
2026-01-05 02:24:00,0.4577271
2026-01-05 02:25:00,0.426055
2026-01-05 02:26:00,0.40866178
2026-01-05 02:27:00,0.35599285
2026-01-05 02:28:00,0.37087053
2026-01-05 02:29:00,0.4106129
2026-01-05 02:30:00,0.45754206
2026-01-05 02:31:00,0.44392514
2026-01-05 02:32:00,0.44629115
2026-01-05 02:33:00,0.41940597
2026-01-05 02:34:00,0.42198893
2026-01-05 02:35:00,0.41585803
2026-01-05 02:36:00,0.40004474
2026-01-05 02:37:00,0.3887316
2026-01-05 02:38:00,0.39094606
2026-01-05 02:39:00,0.3631965
2026-01-05 02:40:00,0.3397895
2026-01-05 02:41:00,0.3963062
2026-01-05 02:42:00,0.48848593
2026-01-05 02:43:00,0.4167521
2026-01-05 02:44:00,0.34861043
2026-01-05 02:45:00,0.29807076
2026-01-05 02:46:00,0.28578708
2026-01-05 02:47:00,0.3145074
2026-01-05 02:48:00,0.32880786
2026-01-05 02:49:00,0.3252546
2026-01-05 02:50:00,0.33632118
2026-01-05 02:51:00,0.29772133
2026-01-05 02:52:00,0.28018805
2026-01-05 02:53:00,0.27307895
2026-01-05 02:54:00,0.20403437
2026-01-05 02:55:00,0.15749055
2026-01-05 02:56:00,0.11632127
2026-01-05 02:57:00,0.15393408
2026-01-05 02:58:00,0.16784957
2026-01-05 02:59:00,0.19534226
2026-01-05 03:00:00,0.12266933
2026-01-05 03:01:00,0.07011655
2026-01-05 03:02:00,0.10770232
2026-01-05 03:03:00,0.05
2026-01-05 03:04:00,0.07007432
2026-01-05 03:05:00,0.24141552
2026-01-05 03:06:00,0.24945553
2026-01-05 03:07:00,0.19183412
2026-01-05 03:08:00,0.21982619
2026-01-05 03:09:00,0.3510683
2026-01-05 03:10:00,0.23707858
2026-01-05 03:11:00,0.25320455
2026-01-05 03:12:00,0.16975953
2026-01-05 03:13:00,0.1839253
2026-01-05 03:14:00,0.17288949
2026-01-05 03:15:00,0.17725515
2026-01-05 03:16:00,0.14049143
2026-01-05 03:17:00,0.17509073
2026-01-05 03:18:00,0.1183795
2026-01-05 03:19:00,0.17432044
2026-01-05 03:20:00,0.16018584
2026-01-05 03:21:00,0.10781388
2026-01-05 03:22:00,0.17985241
2026-01-05 03:23:00,0.1799082
2026-01-05 03:24:00,0.25919408
2026-01-05 03:25:00,0.30489174
2026-01-05 03:26:00,0.26633516
2026-01-05 03:27:00,0.25955123
2026-01-05 03:28:00,0.26169682
2026-01-05 03:29:00,0.32001385
2026-01-05 03:30:00,0.3302358
2026-01-05 03:31:00,0.32930395
2026-01-05 03:32:00,0.3135055
2026-01-05 03:33:00,0.30504382
2026-01-05 03:34:00,0.35156026
2026-01-05 03:35:00,0.34241134
2026-01-05 03:36:00,0.31813458
2026-01-05 03:37:00,0.28910545
2026-01-05 03:38:00,0.2629122
2026-01-05 03:39:00,0.20496354
2026-01-05 03:40:00,0.17780069
2026-01-05 03:41:00,0.24284282
2026-01-05 03:42:00,0.2345602
2026-01-05 03:43:00,0.26345947
2026-01-05 03:44:00,0.16279852
2026-01-05 03:45:00,0.19215131
2026-01-05 03:46:00,0.19004731
2026-01-05 03:47:00,0.17538603
2026-01-05 03:48:00,0.1884715
2026-01-05 03:49:00,0.17351662
2026-01-05 03:50:00,0.09471411
2026-01-05 03:51:00,0.14413878
2026-01-05 03:52:00,0.16251849
2026-01-05 03:53:00,0.1572278
2026-01-05 03:54:00,0.12634921
2026-01-05 03:55:00,0.07787279
2026-01-05 03:56:00,0.101103485
2026-01-05 03:57:00,0.17813689
2026-01-05 03:58:00,0.19267608
2026-01-05 03:59:00,0.14269473
2026-01-05 04:00:00,0.16110696
2026-01-05 04:01:00,0.16698803
2026-01-05 04:02:00,0.20917456
2026-01-05 04:03:00,0.23777446
2026-01-05 04:04:00,0.12046514
2026-01-05 04:05:00,0.15386441
2026-01-05 04:06:00,0.12272441
2026-01-05 04:07:00,0.07742743
2026-01-05 04:08:00,0.08516649
2026-01-05 04:09:00,0.11634654
2026-01-05 04:10:00,0.06304658
2026-01-05 04:11:00,0.10790593
2026-01-05 04:12:00,0.15161018
2026-01-05 04:13:00,0.16324703
2026-01-05 04:14:00,0.13745262
2026-01-05 04:15:00,0.10933556
2026-01-05 04:16:00,0.1637645
2026-01-05 04:17:00,0.112437464
2026-01-05 04:18:00,0.1683291
2026-01-05 04:19:00,0.17064767
2026-01-05 04:20:00,0.17564067
2026-01-05 04:21:00,0.11582969
2026-01-05 04:22:00,0.12334432
2026-01-05 04:23:00,0.16075598
2026-01-05 04:24:00,0.117261305
2026-01-05 04:25:00,0.15073471
2026-01-05 04:26:00,0.16523224
2026-01-05 04:27:00,0.14934646
2026-01-05 04:28:00,0.19475618
2026-01-05 04:29:00,0.11434367
2026-01-05 04:30:00,0.14240968
2026-01-05 04:31:00,0.21922885
2026-01-05 04:32:00,0.28281137
2026-01-05 04:33:00,0.2993906
2026-01-05 04:34:00,0.2870731
2026-01-05 04:35:00,0.26246548
2026-01-05 04:36:00,0.25323114
2026-01-05 04:37:00,0.2786947
2026-01-05 04:38:00,0.24816927
2026-01-05 04:39:00,0.28276297
2026-01-05 04:40:00,0.3697093
2026-01-05 04:41:00,0.36198908
2026-01-05 04:42:00,0.3036772
2026-01-05 04:43:00,0.2501077
2026-01-05 04:44:00,0.28576785
2026-01-05 04:45:00,0.28521466
2026-01-05 04:46:00,0.32226104
2026-01-05 04:47:00,0.30001757
2026-01-05 04:48:00,0.33421656
2026-01-05 04:49:00,0.32621574
2026-01-05 04:50:00,0.29598004
2026-01-05 04:51:00,0.28151688
2026-01-05 04:52:00,0.23755093
2026-01-05 04:53:00,0.3234553
2026-01-05 04:54:00,0.3191715
2026-01-05 04:55:00,0.3449768
2026-01-05 04:56:00,0.32157028
2026-01-05 04:57:00,0.27953976
2026-01-05 04:58:00,0.27369767
2026-01-05 04:59:00,0.32182863
2026-01-05 05:00:00,0.30133387
2026-01-05 05:01:00,0.26858753
2026-01-05 05:02:00,0.27960104
2026-01-05 05:03:00,0.30357555
2026-01-05 05:04:00,0.37148458
2026-01-05 05:05:00,0.38249615
2026-01-05 05:06:00,0.40433553
2026-01-05 05:07:00,0.427538
2026-01-05 05:08:00,0.3740916
2026-01-05 05:09:00,0.3326072
2026-01-05 05:10:00,0.289718
2026-01-05 05:11:00,0.24042904
2026-01-05 05:12:00,0.28028667
2026-01-05 05:13:00,0.29683864
2026-01-05 05:14:00,0.30374384
2026-01-05 05:15:00,0.2033078
2026-01-05 05:16:00,0.29693425
2026-01-05 05:17:00,0.2651807
2026-01-05 05:18:00,0.3539111
2026-01-05 05:19:00,0.29560134
2026-01-05 05:20:00,0.26753065
2026-01-05 05:21:00,0.18618855
2026-01-05 05:22:00,0.2140539
2026-01-05 05:23:00,0.18125606
2026-01-05 05:24:00,0.15231384
2026-01-05 05:25:00,0.40272546
2026-01-05 05:26:00,0.40139186
2026-01-05 05:27:00,0.40283203
2026-01-05 05:28:00,0.4525466
2026-01-05 05:29:00,0.4019738
2026-01-05 05:30:00,0.39459816
2026-01-05 05:31:00,0.32994065
2026-01-05 05:32:00,0.31065893
2026-01-05 05:33:00,0.28725198
2026-01-05 05:34:00,0.3064495
2026-01-05 05:35:00,0.3473811
2026-01-05 05:36:00,0.3849758
2026-01-05 05:37:00,0.3470269
2026-01-05 05:38:00,0.38645583
2026-01-05 05:39:00,0.38161376
2026-01-05 05:40:00,0.36643764
2026-01-05 05:41:00,0.33754742
2026-01-05 05:42:00,0.31728184
2026-01-05 05:43:00,0.39105043
2026-01-05 05:44:00,0.4018054
2026-01-05 05:45:00,0.4066401
2026-01-05 05:46:00,0.39383978
2026-01-05 05:47:00,0.49059713
2026-01-05 05:48:00,0.5341624
2026-01-05 05:49:00,0.49337235
2026-01-05 05:50:00,0.47390464
2026-01-05 05:51:00,0.45852077
2026-01-05 05:52:00,0.4589161
2026-01-05 05:53:00,0.42553335
2026-01-05 05:54:00,0.4405552
2026-01-05 05:55:00,0.49503425
2026-01-05 05:56:00,0.434651
2026-01-05 05:57:00,0.38663948
2026-01-05 05:58:00,0.36838803
2026-01-05 05:59:00,0.35356903
2026-01-05 06:00:00,0.43746236
2026-01-05 06:01:00,0.47488916
2026-01-05 06:02:00,0.50714064
2026-01-05 06:03:00,0.488578
2026-01-05 06:04:00,0.47073546
2026-01-05 06:05:00,0.4078172
2026-01-05 06:06:00,0.4393825
2026-01-05 06:07:00,0.45690712
2026-01-05 06:08:00,0.5049393
2026-01-05 06:09:00,0.4893676
2026-01-05 06:10:00,0.47791532
2026-01-05 06:11:00,0.47996387
2026-01-05 06:12:00,0.5108343
2026-01-05 06:13:00,0.44486222
2026-01-05 06:14:00,0.47253054
2026-01-05 06:15:00,0.4678352
2026-01-05 06:16:00,0.4221017
2026-01-05 06:17:00,0.33910018
2026-01-05 06:18:00,0.34077618
2026-01-05 06:19:00,0.4057978
2026-01-05 06:20:00,0.47480893
2026-01-05 06:21:00,0.4856393
2026-01-05 06:22:00,0.559981
2026-01-05 06:23:00,0.54829025
2026-01-05 06:24:00,0.57749736
2026-01-05 06:25:00,0.54829955
2026-01-05 06:26:00,0.6303672
2026-01-05 06:27:00,0.5769799
2026-01-05 06:28:00,0.4746604
2026-01-05 06:29:00,0.5161883
2026-01-05 06:30:00,0.4787064
2026-01-05 06:31:00,0.43904957
2026-01-05 06:32:00,0.38844404
2026-01-05 06:33:00,0.3817685
2026-01-05 06:34:00,0.45506448
2026-01-05 06:35:00,0.53632206
2026-01-05 06:36:00,0.4614173
2026-01-05 06:37:00,0.445212
2026-01-05 06:38:00,0.4034968
2026-01-05 06:39:00,0.44636717
2026-01-05 06:40:00,0.45803812
2026-01-05 06:41:00,0.43211564
2026-01-05 06:42:00,0.43687215
2026-01-05 06:43:00,0.4194657
2026-01-05 06:44:00,0.4873172
2026-01-05 06:45:00,0.5072331
2026-01-05 06:46:00,0.53064185
2026-01-05 06:47:00,0.41886994
2026-01-05 06:48:00,0.42019826
2026-01-05 06:49:00,0.507567
2026-01-05 06:50:00,0.55780405
2026-01-05 06:51:00,0.47723004
2026-01-05 06:52:00,0.46458146
2026-01-05 06:53:00,0.41755098
2026-01-05 06:54:00,0.49091527
2026-01-05 06:55:00,0.49986297
2026-01-05 06:56:00,0.46773577
2026-01-05 06:57:00,0.4703794
2026-01-05 06:58:00,0.36727205
2026-01-05 06:59:00,0.33343005
2026-01-05 07:00:00,0.34727147
2026-01-05 07:01:00,0.3924941
2026-01-05 07:02:00,0.32273817
2026-01-05 07:03:00,0.3210875
2026-01-05 07:04:00,0.3753207
2026-01-05 07:05:00,0.32688758
2026-01-05 07:06:00,0.34967223
2026-01-05 07:07:00,0.36422336
2026-01-05 07:08:00,0.44366407
2026-01-05 07:09:00,0.43908617
2026-01-05 07:10:00,0.4373332
2026-01-05 07:11:00,0.4769001
2026-01-05 07:12:00,0.42616645
2026-01-05 07:13:00,0.4238272
2026-01-05 07:14:00,0.41239852
2026-01-05 07:15:00,0.41467375
2026-01-05 07:16:00,0.4563767
2026-01-05 07:17:00,0.48309067
2026-01-05 07:18:00,0.45567074
2026-01-05 07:19:00,0.4659767
2026-01-05 07:20:00,0.52972484
2026-01-05 07:21:00,0.4956178
2026-01-05 07:22:00,0.50341755
2026-01-05 07:23:00,0.4971772
2026-01-05 07:24:00,0.4967592
2026-01-05 07:25:00,0.43378547
2026-01-05 07:26:00,0.4976233
2026-01-05 07:27:00,0.46906635
2026-01-05 07:28:00,0.51492774
2026-01-05 07:29:00,0.4913391
2026-01-05 07:30:00,0.46958914
2026-01-05 07:31:00,0.52324104
2026-01-05 07:32:00,0.563948
2026-01-05 07:33:00,0.5701062
2026-01-05 07:34:00,0.59798783
2026-01-05 07:35:00,0.5817673
2026-01-05 07:36:00,0.57816833
2026-01-05 07:37:00,0.5488435
2026-01-05 07:38:00,0.5846086
2026-01-05 07:39:00,0.5537297
2026-01-05 07:40:00,0.61258024
2026-01-05 07:41:00,0.5947993
2026-01-05 07:42:00,0.5920107
2026-01-05 07:43:00,0.61909
2026-01-05 07:44:00,0.6147245
2026-01-05 07:45:00,0.5979532
2026-01-05 07:46:00,0.5933549
2026-01-05 07:47:00,0.6261939
2026-01-05 07:48:00,0.59425455
2026-01-05 07:49:00,0.5864506
2026-01-05 07:50:00,0.5848474
2026-01-05 07:51:00,0.6176598
2026-01-05 07:52:00,0.60938525
2026-01-05 07:53:00,0.67821366
2026-01-05 07:54:00,0.6630574
2026-01-05 07:55:00,0.64598274
2026-01-05 07:56:00,0.63305503
2026-01-05 07:57:00,0.57545185
2026-01-05 07:58:00,0.5337682
2026-01-05 07:59:00,0.5157761
2026-01-05 08:00:00,0.5659976
2026-01-05 08:01:00,0.5655574
2026-01-05 08:02:00,0.5472058
2026-01-05 08:03:00,0.59888345
2026-01-05 08:04:00,0.6595264
2026-01-05 08:05:00,0.7035999
2026-01-05 08:06:00,0.65992206
2026-01-05 08:07:00,0.6341655
2026-01-05 08:08:00,0.70294213
2026-01-05 08:09:00,0.7034258
2026-01-05 08:10:00,0.6836331
2026-01-05 08:11:00,0.7049755
2026-01-05 08:12:00,0.73628116
2026-01-05 08:13:00,0.70204484
2026-01-05 08:14:00,0.70229524
2026-01-05 08:15:00,0.73092246
2026-01-05 08:16:00,0.67389756
2026-01-05 08:17:00,0.6684516
2026-01-05 08:18:00,0.6184834
2026-01-05 08:19:00,0.5778564
2026-01-05 08:20:00,0.5574099
2026-01-05 08:21:00,0.5803188
2026-01-05 08:22:00,0.5695401
2026-01-05 08:23:00,0.5466783
2026-01-05 08:24:00,0.55375475
2026-01-05 08:25:00,0.5124344
2026-01-05 08:26:00,0.5375603
2026-01-05 08:27:00,0.5888891
2026-01-05 08:28:00,0.58779746
2026-01-05 08:29:00,0.58196455
2026-01-05 08:30:00,0.5997508
2026-01-05 08:31:00,0.5201466
2026-01-05 08:32:00,0.5496307
2026-01-05 08:33:00,0.67946714
2026-01-05 08:34:00,0.6700422
2026-01-05 08:35:00,0.66162115
2026-01-05 08:36:00,0.6884906
2026-01-05 08:37:00,0.7493869
2026-01-05 08:38:00,0.7787039
2026-01-05 08:39:00,0.6805594
2026-01-05 08:40:00,0.6991332
2026-01-05 08:41:00,0.79666865
2026-01-05 08:42:00,0.8085277
2026-01-05 08:43:00,0.748462
2026-01-05 08:44:00,0.75076437
2026-01-05 08:45:00,0.690487
2026-01-05 08:46:00,0.73567647
2026-01-05 08:47:00,0.6898079
2026-01-05 08:48:00,0.6889182
2026-01-05 08:49:00,0.6509228
2026-01-05 08:50:00,0.62852407
2026-01-05 08:51:00,0.6893247
2026-01-05 08:52:00,0.6900566
2026-01-05 08:53:00,0.6643265
2026-01-05 08:54:00,0.61731637
2026-01-05 08:55:00,0.54511034
2026-01-05 08:56:00,0.5035996
2026-01-05 08:57:00,0.52004087
2026-01-05 08:58:00,0.5699992
2026-01-05 08:59:00,0.5544384
2026-01-05 09:00:00,0.625459
2026-01-05 09:01:00,0.5993765
2026-01-05 09:02:00,0.59466016
2026-01-05 09:03:00,0.5567582
2026-01-05 09:04:00,0.60480136
2026-01-05 09:05:00,0.69337
2026-01-05 09:06:00,0.6205787
2026-01-05 09:07:00,0.61033523
2026-01-05 09:08:00,0.6654469
2026-01-05 09:09:00,0.60777825
2026-01-05 09:10:00,0.63536555
2026-01-05 09:11:00,0.6870343
2026-01-05 09:12:00,0.6889365
2026-01-05 09:13:00,0.709664
2026-01-05 09:14:00,0.7772547
2026-01-05 09:15:00,0.84703463
2026-01-05 09:16:00,0.8309115
2026-01-05 09:17:00,0.7973566
2026-01-05 09:18:00,0.75107634
2026-01-05 09:19:00,0.78447026
2026-01-05 09:20:00,0.72133666
2026-01-05 09:21:00,0.7081151
2026-01-05 09:22:00,0.7102546
2026-01-05 09:23:00,0.68808776
2026-01-05 09:24:00,0.6990992
2026-01-05 09:25:00,0.8007092
2026-01-05 09:26:00,0.78683716
2026-01-05 09:27:00,0.7616135
2026-01-05 09:28:00,0.7965277
2026-01-05 09:29:00,0.7977089
2026-01-05 09:30:00,0.8468754
2026-01-05 09:31:00,0.8412119
2026-01-05 09:32:00,0.81956595
2026-01-05 09:33:00,0.7383281
2026-01-05 09:34:00,0.6702369
2026-01-05 09:35:00,0.599042
2026-01-05 09:36:00,0.6222315
2026-01-05 09:37:00,0.57398903
2026-01-05 09:38:00,0.6344054
2026-01-05 09:39:00,0.6410611
2026-01-05 09:40:00,0.63629264
2026-01-05 09:41:00,0.608004
2026-01-05 09:42:00,0.6407076
2026-01-05 09:43:00,0.6138089
2026-01-05 09:44:00,0.5819106
2026-01-05 09:45:00,0.6395967
2026-01-05 09:46:00,0.65940166
2026-01-05 09:47:00,0.6541227
2026-01-05 09:48:00,0.6844025
2026-01-05 09:49:00,0.6870415
2026-01-05 09:50:00,0.7045138
2026-01-05 09:51:00,0.6726745
2026-01-05 09:52:00,0.75895244
2026-01-05 09:53:00,0.73240715
2026-01-05 09:54:00,0.7934903
2026-01-05 09:55:00,0.7799702
2026-01-05 09:56:00,0.80744886
2026-01-05 09:57:00,0.82989216
2026-01-05 09:58:00,0.8671226
2026-01-05 09:59:00,0.82195264
2026-01-05 10:00:00,0.8571232
2026-01-05 10:01:00,0.9203884
2026-01-05 10:02:00,0.89446265
2026-01-05 10:03:00,0.8824221
2026-01-05 10:04:00,0.8490934
2026-01-05 10:05:00,0.82558554
2026-01-05 10:06:00,0.88634646
2026-01-05 10:07:00,0.8336935
2026-01-05 10:08:00,0.78781015
2026-01-05 10:09:00,0.84779054
2026-01-05 10:10:00,0.86359024
2026-01-05 10:11:00,0.9380302
2026-01-05 10:12:00,0.90375346
2026-01-05 10:13:00,0.895358
2026-01-05 10:14:00,0.8562258
2026-01-05 10:15:00,0.85245264
2026-01-05 10:16:00,0.77235436
2026-01-05 10:17:00,0.7970944
2026-01-05 10:18:00,0.80546397
2026-01-05 10:19:00,0.79799026
2026-01-05 10:20:00,0.9035072
2026-01-05 10:21:00,0.8422716
2026-01-05 10:22:00,0.85316104
2026-01-05 10:23:00,0.7891471
2026-01-05 10:24:00,0.7991593
2026-01-05 10:25:00,0.8721841
2026-01-05 10:26:00,0.91689616
2026-01-05 10:27:00,0.8393072
2026-01-05 10:28:00,0.80741143
2026-01-05 10:29:00,0.81702113
2026-01-05 10:30:00,0.8067169
2026-01-05 10:31:00,0.7445127
2026-01-05 10:32:00,0.7590454
2026-01-05 10:33:00,0.7569176
2026-01-05 10:34:00,0.8322026
2026-01-05 10:35:00,0.8149935
2026-01-05 10:36:00,0.85620993
2026-01-05 10:37:00,0.79689896
2026-01-05 10:38:00,0.7520485
2026-01-05 10:39:00,0.7809078
2026-01-05 10:40:00,0.82206154
2026-01-05 10:41:00,0.77838653
2026-01-05 10:42:00,0.777563
2026-01-05 10:43:00,0.7206694
2026-01-05 10:44:00,0.71642524
2026-01-05 10:45:00,0.7533243
2026-01-05 10:46:00,0.7364692
2026-01-05 10:47:00,0.7284687
2026-01-05 10:48:00,0.68594354
2026-01-05 10:49:00,0.66614085
2026-01-05 10:50:00,0.74424165
2026-01-05 10:51:00,0.7487453
2026-01-05 10:52:00,0.709936
2026-01-05 10:53:00,0.70178795
2026-01-05 10:54:00,0.6430391
2026-01-05 10:55:00,0.61237335
2026-01-05 10:56:00,0.6791921
2026-01-05 10:57:00,0.6806028
2026-01-05 10:58:00,0.7632786
2026-01-05 10:59:00,0.75994575
2026-01-05 11:00:00,0.7593021
2026-01-05 11:01:00,0.7858319
2026-01-05 11:02:00,0.6777464
2026-01-05 11:03:00,0.69345456
2026-01-05 11:04:00,0.6977941
2026-01-05 11:05:00,0.7632319
2026-01-05 11:06:00,0.8026241
2026-01-05 11:07:00,0.75497335
2026-01-05 11:08:00,0.8062106
2026-01-05 11:09:00,0.7932128
2026-01-05 11:10:00,0.7556108
2026-01-05 11:11:00,0.7651203
2026-01-05 11:12:00,0.7579146
2026-01-05 11:13:00,0.82097465
2026-01-05 11:14:00,0.83111554
2026-01-05 11:15:00,0.8350855
2026-01-05 11:16:00,0.8665757
2026-01-05 11:17:00,0.90327346
2026-01-05 11:18:00,0.924702
2026-01-05 11:19:00,0.9698873
2026-01-05 11:20:00,0.97906274
2026-01-05 11:21:00,0.96989864
2026-01-05 11:22:00,0.98
2026-01-05 11:23:00,0.98
2026-01-05 11:24:00,0.9681597
2026-01-05 11:25:00,0.98
2026-01-05 11:26:00,0.98
2026-01-05 11:27:00,0.98
2026-01-05 11:28:00,0.98
2026-01-05 11:29:00,0.98
2026-01-05 11:30:00,0.98
2026-01-05 11:31:00,0.98
2026-01-05 11:32:00,0.98
2026-01-05 11:33:00,0.98
2026-01-05 11:34:00,0.98
2026-01-05 11:35:00,0.94773287
2026-01-05 11:36:00,0.94000345
2026-01-05 11:37:00,0.938375
2026-01-05 11:38:00,0.91127086
2026-01-05 11:39:00,0.9375303
2026-01-05 11:40:00,0.9771149
2026-01-05 11:41:00,0.98
2026-01-05 11:42:00,0.9727706
2026-01-05 11:43:00,0.98
2026-01-05 11:44:00,0.975477
2026-01-05 11:45:00,0.91116405
2026-01-05 11:46:00,0.92835784
2026-01-05 11:47:00,0.9231344
2026-01-05 11:48:00,0.98
2026-01-05 11:49:00,0.98
2026-01-05 11:50:00,0.98
2026-01-05 11:51:00,0.98
2026-01-05 11:52:00,0.98
2026-01-05 11:53:00,0.97770596
2026-01-05 11:54:00,0.89327073
2026-01-05 11:55:00,0.85026556
2026-01-05 11:56:00,0.843712
2026-01-05 11:57:00,0.7553868
2026-01-05 11:58:00,0.7365929
2026-01-05 11:59:00,0.7311868
2026-01-05 12:00:00,0.72751623
2026-01-05 12:01:00,0.70630234
2026-01-05 12:02:00,0.6996084
2026-01-05 12:03:00,0.77608025
2026-01-05 12:04:00,0.8039779
2026-01-05 12:05:00,0.7807588
2026-01-05 12:06:00,0.7790877
2026-01-05 12:07:00,0.77916366
2026-01-05 12:08:00,0.7496592
2026-01-05 12:09:00,0.722479
2026-01-05 12:10:00,0.7686697
2026-01-05 12:11:00,0.75396276
2026-01-05 12:12:00,0.7134452
2026-01-05 12:13:00,0.71824014
2026-01-05 12:14:00,0.72910583
2026-01-05 12:15:00,0.6554815
2026-01-05 12:16:00,0.66503274
2026-01-05 12:17:00,0.71017575
2026-01-05 12:18:00,0.7350436
2026-01-05 12:19:00,0.8290704
2026-01-05 12:20:00,0.8764329
2026-01-05 12:21:00,0.92792416
2026-01-05 12:22:00,0.98
2026-01-05 12:23:00,0.98
2026-01-05 12:24:00,0.98
2026-01-05 12:25:00,0.98
2026-01-05 12:26:00,0.98
2026-01-05 12:27:00,0.98
2026-01-05 12:28:00,0.9515197
2026-01-05 12:29:00,0.95498586
2026-01-05 12:30:00,0.9161792
2026-01-05 12:31:00,0.87907594
2026-01-05 12:32:00,0.8889562
2026-01-05 12:33:00,0.8759973
2026-01-05 12:34:00,0.79248095
2026-01-05 12:35:00,0.73452204
2026-01-05 12:36:00,0.6935287
2026-01-05 12:37:00,0.6663832
2026-01-05 12:38:00,0.69330126
2026-01-05 12:39:00,0.71024215
2026-01-05 12:40:00,0.7596765
2026-01-05 12:41:00,0.79265165
2026-01-05 12:42:00,0.8357469
2026-01-05 12:43:00,0.8568478
2026-01-05 12:44:00,0.86030513
2026-01-05 12:45:00,0.8990653
2026-01-05 12:46:00,0.92751926
2026-01-05 12:47:00,0.9319557
2026-01-05 12:48:00,0.9718273
2026-01-05 12:49:00,0.86382544
2026-01-05 12:50:00,0.8466667
2026-01-05 12:51:00,0.8302571
2026-01-05 12:52:00,0.8734883
2026-01-05 12:53:00,0.929998
2026-01-05 12:54:00,0.8611119
2026-01-05 12:55:00,0.9121781
2026-01-05 12:56:00,0.85584146
2026-01-05 12:57:00,0.8052075
2026-01-05 12:58:00,0.79488736
2026-01-05 12:59:00,0.7820215
2026-01-05 13:00:00,0.7205615
2026-01-05 13:01:00,0.75233454
2026-01-05 13:02:00,0.7827306
2026-01-05 13:03:00,0.82566404
2026-01-05 13:04:00,0.8056458
2026-01-05 13:05:00,0.8029664
2026-01-05 13:06:00,0.80084944
2026-01-05 13:07:00,0.86762017
2026-01-05 13:08:00,0.7481405
2026-01-05 13:09:00,0.71329165
2026-01-05 13:10:00,0.71970993
2026-01-05 13:11:00,0.6819497
2026-01-05 13:12:00,0.6802791
2026-01-05 13:13:00,0.6840102
2026-01-05 13:14:00,0.66615635
2026-01-05 13:15:00,0.67859423
2026-01-05 13:16:00,0.71256113
2026-01-05 13:17:00,0.7092103
2026-01-05 13:18:00,0.6974262
2026-01-05 13:19:00,0.69805723
2026-01-05 13:20:00,0.7049457
2026-01-05 13:21:00,0.641942
2026-01-05 13:22:00,0.67202723
2026-01-05 13:23:00,0.66317666
2026-01-05 13:24:00,0.7235083
2026-01-05 13:25:00,0.7521663
2026-01-05 13:26:00,0.80166376
2026-01-05 13:27:00,0.75992984
2026-01-05 13:28:00,0.74708986
2026-01-05 13:29:00,0.7004044
2026-01-05 13:30:00,0.678914
2026-01-05 13:31:00,0.7374038
2026-01-05 13:32:00,0.8005983
2026-01-05 13:33:00,0.7532804
2026-01-05 13:34:00,0.73730963
2026-01-05 13:35:00,0.7378668
2026-01-05 13:36:00,0.76481795
2026-01-05 13:37:00,0.69576234
2026-01-05 13:38:00,0.638469
2026-01-05 13:39:00,0.98
2026-01-05 13:40:00,0.98
2026-01-05 13:41:00,0.9786702
2026-01-05 13:42:00,0.9310187
2026-01-05 13:43:00,0.9041585
2026-01-05 13:44:00,0.8627503
2026-01-05 13:45:00,0.8202767
2026-01-05 13:46:00,0.83336514
2026-01-05 13:47:00,0.8261003
2026-01-05 13:48:00,0.7846362
2026-01-05 13:49:00,0.775928
2026-01-05 13:50:00,0.783407
2026-01-05 13:51:00,0.84505403
2026-01-05 13:52:00,0.86560297
2026-01-05 13:53:00,0.9025397
2026-01-05 13:54:00,0.8642466
2026-01-05 13:55:00,0.83306575
2026-01-05 13:56:00,0.81640834
2026-01-05 13:57:00,0.80513847
2026-01-05 13:58:00,0.7604973
2026-01-05 13:59:00,0.8106273
2026-01-05 14:00:00,0.8416331
2026-01-05 14:01:00,0.8227437
2026-01-05 14:02:00,0.84337217
2026-01-05 14:03:00,0.84568006
2026-01-05 14:04:00,0.8677387
2026-01-05 14:05:00,0.8055059
2026-01-05 14:06:00,0.79621977
2026-01-05 14:07:00,0.7911903
2026-01-05 14:08:00,0.81382823
2026-01-05 14:09:00,0.7845605
2026-01-05 14:10:00,0.6827554
2026-01-05 14:11:00,0.64579856
2026-01-05 14:12:00,0.6525936
2026-01-05 14:13:00,0.66380715
2026-01-05 14:14:00,0.73887926
2026-01-05 14:15:00,0.76386344
2026-01-05 14:16:00,0.76675546
2026-01-05 14:17:00,0.7648122
2026-01-05 14:18:00,0.80843824
2026-01-05 14:19:00,0.7807517
2026-01-05 14:20:00,0.7732208
2026-01-05 14:21:00,0.7282797
2026-01-05 14:22:00,0.7872057
2026-01-05 14:23:00,0.80030537
2026-01-05 14:24:00,0.76829934
2026-01-05 14:25:00,0.76251864
2026-01-05 14:26:00,0.7821061
2026-01-05 14:27:00,0.7696523
2026-01-05 14:28:00,0.7467846
2026-01-05 14:29:00,0.7208934
2026-01-05 14:30:00,0.73674136
2026-01-05 14:31:00,0.7233787
2026-01-05 14:32:00,0.70719415
2026-01-05 14:33:00,0.6569488
2026-01-05 14:34:00,0.6672071
2026-01-05 14:35:00,0.66622573
2026-01-05 14:36:00,0.6596406
2026-01-05 14:37:00,0.6743334
2026-01-05 14:38:00,0.70975375
2026-01-05 14:39:00,0.7404161
2026-01-05 14:40:00,0.76260465
2026-01-05 14:41:00,0.75121415
2026-01-05 14:42:00,0.72761333
2026-01-05 14:43:00,0.6867548
2026-01-05 14:44:00,0.66712576
2026-01-05 14:45:00,0.6735091
2026-01-05 14:46:00,0.64707375
2026-01-05 14:47:00,0.65797573
2026-01-05 14:48:00,0.6254732
2026-01-05 14:49:00,0.56767726
2026-01-05 14:50:00,0.61364806
2026-01-05 14:51:00,0.604115
2026-01-05 14:52:00,0.58076596
2026-01-05 14:53:00,0.54893786
2026-01-05 14:54:00,0.5802564
2026-01-05 14:55:00,0.6470688
2026-01-05 14:56:00,0.63734096
2026-01-05 14:57:00,0.63581526
2026-01-05 14:58:00,0.6858223
2026-01-05 14:59:00,0.6164681
2026-01-05 15:00:00,0.7036766
2026-01-05 15:01:00,0.80291903
2026-01-05 15:02:00,0.68812543
2026-01-05 15:03:00,0.6867889
2026-01-05 15:04:00,0.66062135
2026-01-05 15:05:00,0.6546334
2026-01-05 15:06:00,0.6428987
2026-01-05 15:07:00,0.68122673
2026-01-05 15:08:00,0.679433
2026-01-05 15:09:00,0.6457664
2026-01-05 15:10:00,0.6442586
2026-01-05 15:11:00,0.76273465
2026-01-05 15:12:00,0.7019928
2026-01-05 15:13:00,0.6291893
2026-01-05 15:14:00,0.70904857
2026-01-05 15:15:00,0.67814547
2026-01-05 15:16:00,0.6707488
2026-01-05 15:17:00,0.6541917
2026-01-05 15:18:00,0.677324
2026-01-05 15:19:00,0.74801177
2026-01-05 15:20:00,0.7656567
2026-01-05 15:21:00,0.6982092
2026-01-05 15:22:00,0.64171666
2026-01-05 15:23:00,0.6292886
2026-01-05 15:24:00,0.62318105
2026-01-05 15:25:00,0.55947614
2026-01-05 15:26:00,0.60255384
2026-01-05 15:27:00,0.56597024
2026-01-05 15:28:00,0.6354905
2026-01-05 15:29:00,0.7125188
2026-01-05 15:30:00,0.7005929
2026-01-05 15:31:00,0.7170628
2026-01-05 15:32:00,0.66532207
2026-01-05 15:33:00,0.69188195
2026-01-05 15:34:00,0.67137253
2026-01-05 15:35:00,0.6288673
2026-01-05 15:36:00,0.6215993
2026-01-05 15:37:00,0.6077734
2026-01-05 15:38:00,0.60059136
2026-01-05 15:39:00,0.644889
2026-01-05 15:40:00,0.61615276
2026-01-05 15:41:00,0.6904361
2026-01-05 15:42:00,0.63627934
2026-01-05 15:43:00,0.7039792
2026-01-05 15:44:00,0.6608886
2026-01-05 15:45:00,0.6617673
2026-01-05 15:46:00,0.64290947
2026-01-05 15:47:00,0.6313191
2026-01-05 15:48:00,0.6663588
2026-01-05 15:49:00,0.7264328
2026-01-05 15:50:00,0.76922673
2026-01-05 15:51:00,0.7446792
2026-01-05 15:52:00,0.7455566
2026-01-05 15:53:00,0.7076066
2026-01-05 15:54:00,0.6642092
2026-01-05 15:55:00,0.6179886
2026-01-05 15:56:00,0.6037092
2026-01-05 15:57:00,0.61795336
2026-01-05 15:58:00,0.5444946
2026-01-05 15:59:00,0.5514241
2026-01-05 16:00:00,0.62018687
2026-01-05 16:01:00,0.66757613
2026-01-05 16:02:00,0.6427821
2026-01-05 16:03:00,0.58739525
2026-01-05 16:04:00,0.6105982
2026-01-05 16:05:00,0.5207449
2026-01-05 16:06:00,0.57507306
2026-01-05 16:07:00,0.5719948
2026-01-05 16:08:00,0.6508473
2026-01-05 16:09:00,0.5809496
2026-01-05 16:10:00,0.62233645
2026-01-05 16:11:00,0.6195539
2026-01-05 16:12:00,0.6076597
2026-01-05 16:13:00,0.55505234
2026-01-05 16:14:00,0.5851638
2026-01-05 16:15:00,0.6159681
2026-01-05 16:16:00,0.6885535
2026-01-05 16:17:00,0.72413445
2026-01-05 16:18:00,0.69267607
2026-01-05 16:19:00,0.6472204
2026-01-05 16:20:00,0.5907002
2026-01-05 16:21:00,0.6522542
2026-01-05 16:22:00,0.6187115
2026-01-05 16:23:00,0.6780715
2026-01-05 16:24:00,0.6943592
2026-01-05 16:25:00,0.7014196
2026-01-05 16:26:00,0.6823263
2026-01-05 16:27:00,0.7033439
2026-01-05 16:28:00,0.6955157
2026-01-05 16:29:00,0.6740451
2026-01-05 16:30:00,0.6967815
2026-01-05 16:31:00,0.6839803
2026-01-05 16:32:00,0.64590865
2026-01-05 16:33:00,0.66668886
2026-01-05 16:34:00,0.6591335
2026-01-05 16:35:00,0.6741774
2026-01-05 16:36:00,0.65018564
2026-01-05 16:37:00,0.5977812
2026-01-05 16:38:00,0.66721493
2026-01-05 16:39:00,0.7234332
2026-01-05 16:40:00,0.7485184
2026-01-05 16:41:00,0.7206101
2026-01-05 16:42:00,0.6983109
2026-01-05 16:43:00,0.7449781
2026-01-05 16:44:00,0.71834177
2026-01-05 16:45:00,0.68256325
2026-01-05 16:46:00,0.7497143
2026-01-05 16:47:00,0.73457223
2026-01-05 16:48:00,0.7931607
2026-01-05 16:49:00,0.7202642
2026-01-05 16:50:00,0.72973704
2026-01-05 16:51:00,0.8004423
2026-01-05 16:52:00,0.78371185
2026-01-05 16:53:00,0.75644344
2026-01-05 16:54:00,0.6950801
2026-01-05 16:55:00,0.72850287
2026-01-05 16:56:00,0.685026
2026-01-05 16:57:00,0.67191285
2026-01-05 16:58:00,0.61413354
2026-01-05 16:59:00,0.6725048
2026-01-05 17:00:00,0.709998
2026-01-05 17:01:00,0.69690484
2026-01-05 17:02:00,0.6398282
2026-01-05 17:03:00,0.6947913
2026-01-05 17:04:00,0.66915506
2026-01-05 17:05:00,0.61586976
2026-01-05 17:06:00,0.5404416
2026-01-05 17:07:00,0.5155643
2026-01-05 17:08:00,0.46020076
2026-01-05 17:09:00,0.4424092
2026-01-05 17:10:00,0.50525004
2026-01-05 17:11:00,0.4910262
2026-01-05 17:12:00,0.5074974
2026-01-05 17:13:00,0.47972304
2026-01-05 17:14:00,0.4858785
2026-01-05 17:15:00,0.56588453
2026-01-05 17:16:00,0.54878426
2026-01-05 17:17:00,0.56240195
2026-01-05 17:18:00,0.4969355
2026-01-05 17:19:00,0.56011087
2026-01-05 17:20:00,0.5382988
2026-01-05 17:21:00,0.5792839
2026-01-05 17:22:00,0.5699707
2026-01-05 17:23:00,0.59071106
2026-01-05 17:24:00,0.6120783
2026-01-05 17:25:00,0.5866994
2026-01-05 17:26:00,0.62501997
2026-01-05 17:27:00,0.58612937
2026-01-05 17:28:00,0.6117127
2026-01-05 17:29:00,0.58840626
2026-01-05 17:30:00,0.59643453
2026-01-05 17:31:00,0.5712359
2026-01-05 17:32:00,0.5684073
2026-01-05 17:33:00,0.520692
2026-01-05 17:34:00,0.52955645
2026-01-05 17:35:00,0.5294484
2026-01-05 17:36:00,0.5058458
2026-01-05 17:37:00,0.5034062
2026-01-05 17:38:00,0.5085922
2026-01-05 17:39:00,0.48321748
2026-01-05 17:40:00,0.47924483
2026-01-05 17:41:00,0.4403861
2026-01-05 17:42:00,0.53855497
2026-01-05 17:43:00,0.5772731
2026-01-05 17:44:00,0.5813198
2026-01-05 17:45:00,0.6208704
2026-01-05 17:46:00,0.53106916
2026-01-05 17:47:00,0.42518157
2026-01-05 17:48:00,0.41396704
2026-01-05 17:49:00,0.36434525
2026-01-05 17:50:00,0.36423796
2026-01-05 17:51:00,0.3816961
2026-01-05 17:52:00,0.42621422
2026-01-05 17:53:00,0.38469008
2026-01-05 17:54:00,0.40786994
2026-01-05 17:55:00,0.41365206
2026-01-05 17:56:00,0.43216267
2026-01-05 17:57:00,0.41436747
2026-01-05 17:58:00,0.4739785
2026-01-05 17:59:00,0.46922123
2026-01-05 18:00:00,0.5398185
2026-01-05 18:01:00,0.5020516
2026-01-05 18:02:00,0.5285011
2026-01-05 18:03:00,0.5206013
2026-01-05 18:04:00,0.50247705
2026-01-05 18:05:00,0.52407163
2026-01-05 18:06:00,0.5065457
2026-01-05 18:07:00,0.3957769
2026-01-05 18:08:00,0.27770028
2026-01-05 18:09:00,0.34234822
2026-01-05 18:10:00,0.4000047
2026-01-05 18:11:00,0.479199
2026-01-05 18:12:00,0.47573003
2026-01-05 18:13:00,0.42140153
2026-01-05 18:14:00,0.40620863
2026-01-05 18:15:00,0.40933886
2026-01-05 18:16:00,0.37134764
2026-01-05 18:17:00,0.4424878
2026-01-05 18:18:00,0.53144157
2026-01-05 18:19:00,0.542698
2026-01-05 18:20:00,0.5333561
2026-01-05 18:21:00,0.4732654
2026-01-05 18:22:00,0.53150624
2026-01-05 18:23:00,0.526151
2026-01-05 18:24:00,0.5064738
2026-01-05 18:25:00,0.5190529
2026-01-05 18:26:00,0.487819
2026-01-05 18:27:00,0.48825616
2026-01-05 18:28:00,0.4249537
2026-01-05 18:29:00,0.46776682
2026-01-05 18:30:00,0.4593643
2026-01-05 18:31:00,0.502032
2026-01-05 18:32:00,0.48675844
2026-01-05 18:33:00,0.47517413
2026-01-05 18:34:00,0.42134187
2026-01-05 18:35:00,0.4505694
2026-01-05 18:36:00,0.41190523
2026-01-05 18:37:00,0.39178148
2026-01-05 18:38:00,0.3926372
2026-01-05 18:39:00,0.3981025
2026-01-05 18:40:00,0.3299089
2026-01-05 18:41:00,0.32605383
2026-01-05 18:42:00,0.36342016
2026-01-05 18:43:00,0.35072625
2026-01-05 18:44:00,0.3450641
2026-01-05 18:45:00,0.3552127
2026-01-05 18:46:00,0.35288712
2026-01-05 18:47:00,0.31443807
2026-01-05 18:48:00,0.3187046
2026-01-05 18:49:00,0.3637197
2026-01-05 18:50:00,0.323197
2026-01-05 18:51:00,0.31285748
2026-01-05 18:52:00,0.8982171
2026-01-05 18:53:00,0.83073
2026-01-05 18:54:00,0.7386017
2026-01-05 18:55:00,0.6327813
2026-01-05 18:56:00,0.5806891
2026-01-05 18:57:00,0.48710957
2026-01-05 18:58:00,0.41286606
2026-01-05 18:59:00,0.33161154
2026-01-05 19:00:00,0.2759438
2026-01-05 19:01:00,0.3244209
2026-01-05 19:02:00,0.28761554
2026-01-05 19:03:00,0.30352178
2026-01-05 19:04:00,0.26750317
2026-01-05 19:05:00,0.29936558
2026-01-05 19:06:00,0.25818875
2026-01-05 19:07:00,0.2636629
2026-01-05 19:08:00,0.26983282
2026-01-05 19:09:00,0.36696842
2026-01-05 19:10:00,0.38879454
2026-01-05 19:11:00,0.3602122
2026-01-05 19:12:00,0.38523522
2026-01-05 19:13:00,0.4665245
2026-01-05 19:14:00,0.39069423
2026-01-05 19:15:00,0.3524739
2026-01-05 19:16:00,0.34156045
2026-01-05 19:17:00,0.32431248
2026-01-05 19:18:00,0.31179646
2026-01-05 19:19:00,0.26138434
2026-01-05 19:20:00,0.32328027
2026-01-05 19:21:00,0.267098
2026-01-05 19:22:00,0.26423284
2026-01-05 19:23:00,0.3113577
2026-01-05 19:24:00,0.31158483
2026-01-05 19:25:00,0.27373332
2026-01-05 19:26:00,0.22404252
2026-01-05 19:27:00,0.22297463
2026-01-05 19:28:00,0.20080896
2026-01-05 19:29:00,0.2188029
2026-01-05 19:30:00,0.17098434
2026-01-05 19:31:00,0.21546376
2026-01-05 19:32:00,0.22837743
2026-01-05 19:33:00,0.2431208
2026-01-05 19:34:00,0.3066251
2026-01-05 19:35:00,0.2897846
2026-01-05 19:36:00,0.26266065
2026-01-05 19:37:00,0.24471878
2026-01-05 19:38:00,0.24231176
2026-01-05 19:39:00,0.24404982
2026-01-05 19:40:00,0.21594967
2026-01-05 19:41:00,0.14229235
2026-01-05 19:42:00,0.13290437
2026-01-05 19:43:00,0.16098833
2026-01-05 19:44:00,0.1777739
2026-01-05 19:45:00,0.2356397
2026-01-05 19:46:00,0.31900513
2026-01-05 19:47:00,0.3477471
2026-01-05 19:48:00,0.3990094
2026-01-05 19:49:00,0.42143345
2026-01-05 19:50:00,0.4796815
2026-01-05 19:51:00,0.53880113
2026-01-05 19:52:00,0.55709743
2026-01-05 19:53:00,0.5640326
2026-01-05 19:54:00,0.5338429
2026-01-05 19:55:00,0.512519
2026-01-05 19:56:00,0.4809362
2026-01-05 19:57:00,0.4901392
2026-01-05 19:58:00,0.44483793
2026-01-05 19:59:00,0.42422688
2026-01-05 20:00:00,0.31859896
2026-01-05 20:01:00,0.3844489
2026-01-05 20:02:00,0.36718586
2026-01-05 20:03:00,0.37824413
2026-01-05 20:04:00,0.42840445
2026-01-05 20:05:00,0.42815107
2026-01-05 20:06:00,0.47357926
2026-01-05 20:07:00,0.4078296
2026-01-05 20:08:00,0.49280465
2026-01-05 20:09:00,0.5184716
2026-01-05 20:10:00,0.5068698
2026-01-05 20:11:00,0.54473263
2026-01-05 20:12:00,0.47571972
2026-01-05 20:13:00,0.44733086
2026-01-05 20:14:00,0.49043038
2026-01-05 20:15:00,0.39753264
2026-01-05 20:16:00,0.40907097
2026-01-05 20:17:00,0.41845894
2026-01-05 20:18:00,0.48448226
2026-01-05 20:19:00,0.40304127
2026-01-05 20:20:00,0.45572433
2026-01-05 20:21:00,0.41733438
2026-01-05 20:22:00,0.3864202
2026-01-05 20:23:00,0.32688594
2026-01-05 20:24:00,0.27738753
2026-01-05 20:25:00,0.29141146
2026-01-05 20:26:00,0.24358718
2026-01-05 20:27:00,0.27360186
2026-01-05 20:28:00,0.24499412
2026-01-05 20:29:00,0.19658153
2026-01-05 20:30:00,0.1793606
2026-01-05 20:31:00,0.19800813
2026-01-05 20:32:00,0.190512
2026-01-05 20:33:00,0.19598912
2026-01-05 20:34:00,0.22741944
2026-01-05 20:35:00,0.2716958
2026-01-05 20:36:00,0.25664172
2026-01-05 20:37:00,0.21333973
2026-01-05 20:38:00,0.2182278
2026-01-05 20:39:00,0.23842077
2026-01-05 20:40:00,0.17965744
2026-01-05 20:41:00,0.14831449
2026-01-05 20:42:00,0.12625091
2026-01-05 20:43:00,0.12632251
2026-01-05 20:44:00,0.10417588
2026-01-05 20:45:00,0.14244041
2026-01-05 20:46:00,0.085073695
2026-01-05 20:47:00,0.05
2026-01-05 20:48:00,0.05
2026-01-05 20:49:00,0.28078344
2026-01-05 20:50:00,0.19430496
2026-01-05 20:51:00,0.1528522
2026-01-05 20:52:00,0.12636693
2026-01-05 20:53:00,0.10510321
2026-01-05 20:54:00,0.109624
2026-01-05 20:55:00,0.08309739
2026-01-05 20:56:00,0.14577496
2026-01-05 20:57:00,0.16507383
2026-01-05 20:58:00,0.13200349
2026-01-05 20:59:00,0.13843998
2026-01-05 21:00:00,0.14618114
2026-01-05 21:01:00,0.19744225
2026-01-05 21:02:00,0.17240405
2026-01-05 21:03:00,0.2043973
2026-01-05 21:04:00,0.20506065
2026-01-05 21:05:00,0.26385048
2026-01-05 21:06:00,0.3100539
2026-01-05 21:07:00,0.30890962
2026-01-05 21:08:00,0.28955978
2026-01-05 21:09:00,0.30256093
2026-01-05 21:10:00,0.28706607
2026-01-05 21:11:00,0.34725016
2026-01-05 21:12:00,0.33854106
2026-01-05 21:13:00,0.31114772
2026-01-05 21:14:00,0.2837612
2026-01-05 21:15:00,0.22839548
2026-01-05 21:16:00,0.24820338
2026-01-05 21:17:00,0.21131952
2026-01-05 21:18:00,0.25406444
2026-01-05 21:19:00,0.19769499
2026-01-05 21:20:00,0.48701698
2026-01-05 21:21:00,0.48118487
2026-01-05 21:22:00,0.34878278
2026-01-05 21:23:00,0.3979329
2026-01-05 21:24:00,0.3487919
2026-01-05 21:25:00,0.3290001
2026-01-05 21:26:00,0.33025992
2026-01-05 21:27:00,0.33944333
2026-01-05 21:28:00,0.33129767
2026-01-05 21:29:00,0.35395885
2026-01-05 21:30:00,0.35666013
2026-01-05 21:31:00,0.40961498
2026-01-05 21:32:00,0.40943426
2026-01-05 21:33:00,0.46747687
2026-01-05 21:34:00,0.47874677
2026-01-05 21:35:00,0.38117
2026-01-05 21:36:00,0.46833208
2026-01-05 21:37:00,0.421305
2026-01-05 21:38:00,0.4609907
2026-01-05 21:39:00,0.43886852
2026-01-05 21:40:00,0.45997375
2026-01-05 21:41:00,0.40946814
2026-01-05 21:42:00,0.41561142
2026-01-05 21:43:00,0.38612837
2026-01-05 21:44:00,0.4323004
2026-01-05 21:45:00,0.42916262
2026-01-05 21:46:00,0.44615513
2026-01-05 21:47:00,0.33776826
2026-01-05 21:48:00,0.32116732
2026-01-05 21:49:00,0.3257094
2026-01-05 21:50:00,0.3223767
2026-01-05 21:51:00,0.34877527
2026-01-05 21:52:00,0.31993997
2026-01-05 21:53:00,0.3099577
2026-01-05 21:54:00,0.34602863
2026-01-05 21:55:00,0.24077311
2026-01-05 21:56:00,0.25861463
2026-01-05 21:57:00,0.23805375
2026-01-05 21:58:00,0.19595435
2026-01-05 21:59:00,0.20713106
2026-01-05 22:00:00,0.2530034
2026-01-05 22:01:00,0.28762713
2026-01-05 22:02:00,0.2724642
2026-01-05 22:03:00,0.2989021
2026-01-05 22:04:00,0.32287183
2026-01-05 22:05:00,0.30666047
2026-01-05 22:06:00,0.26747197
2026-01-05 22:07:00,0.23368698
2026-01-05 22:08:00,0.26148322
2026-01-05 22:09:00,0.25181103
2026-01-05 22:10:00,0.20270683
2026-01-05 22:11:00,0.13193977
2026-01-05 22:12:00,0.16745824
2026-01-05 22:13:00,0.14494763
2026-01-05 22:14:00,0.15928175
2026-01-05 22:15:00,0.20879951
2026-01-05 22:16:00,0.15236863
2026-01-05 22:17:00,0.15096219
2026-01-05 22:18:00,0.14460486
2026-01-05 22:19:00,0.16073292
2026-01-05 22:20:00,0.20990717
2026-01-05 22:21:00,0.15236318
2026-01-05 22:22:00,0.1753533
2026-01-05 22:23:00,0.2149343
2026-01-05 22:24:00,0.20259427
2026-01-05 22:25:00,0.19316053
2026-01-05 22:26:00,0.2066797
2026-01-05 22:27:00,0.21613482
2026-01-05 22:28:00,0.23429817
2026-01-05 22:29:00,0.2501292
2026-01-05 22:30:00,0.20292774
2026-01-05 22:31:00,0.23835644
2026-01-05 22:32:00,0.27797645
2026-01-05 22:33:00,0.27516425
2026-01-05 22:34:00,0.2053333
2026-01-05 22:35:00,0.19623147
2026-01-05 22:36:00,0.2001905
2026-01-05 22:37:00,0.15023969
2026-01-05 22:38:00,0.13563097
2026-01-05 22:39:00,0.08018965
2026-01-05 22:40:00,0.1098185
2026-01-05 22:41:00,0.1193924
2026-01-05 22:42:00,0.0557001
2026-01-05 22:43:00,0.07696279
2026-01-05 22:44:00,0.08017563
2026-01-05 22:45:00,0.1060189
2026-01-05 22:46:00,0.09344781
2026-01-05 22:47:00,0.06545592
2026-01-05 22:48:00,0.05
2026-01-05 22:49:00,0.05
2026-01-05 22:50:00,0.05
2026-01-05 22:51:00,0.051938266
2026-01-05 22:52:00,0.05156082
2026-01-05 22:53:00,0.05
2026-01-05 22:54:00,0.05
2026-01-05 22:55:00,0.14460336
2026-01-05 22:56:00,0.11351075
2026-01-05 22:57:00,0.4450972
2026-01-05 22:58:00,0.51732934
2026-01-05 22:59:00,0.4751764
2026-01-05 23:00:00,0.36952397
2026-01-05 23:01:00,0.36546454
2026-01-05 23:02:00,0.29508904
2026-01-05 23:03:00,0.305948
2026-01-05 23:04:00,0.27346283
2026-01-05 23:05:00,0.23632668
2026-01-05 23:06:00,0.28567737
2026-01-05 23:07:00,0.29064333
2026-01-05 23:08:00,0.31251687
2026-01-05 23:09:00,0.31196848
2026-01-05 23:10:00,0.27698395
2026-01-05 23:11:00,0.2875966
2026-01-05 23:12:00,0.3217363
2026-01-05 23:13:00,0.31054142
2026-01-05 23:14:00,0.36722353
2026-01-05 23:15:00,0.38157246
2026-01-05 23:16:00,0.36943367
2026-01-05 23:17:00,0.36000788
2026-01-05 23:18:00,0.34689635
2026-01-05 23:19:00,0.27939898
2026-01-05 23:20:00,0.26383123
2026-01-05 23:21:00,0.26202515
2026-01-05 23:22:00,0.23492455
2026-01-05 23:23:00,0.24018288
2026-01-05 23:24:00,0.23239681
2026-01-05 23:25:00,0.25535247
2026-01-05 23:26:00,0.27206585
2026-01-05 23:27:00,0.26761612
2026-01-05 23:28:00,0.20215611
2026-01-05 23:29:00,0.26825547
2026-01-05 23:30:00,0.25176495
2026-01-05 23:31:00,0.23903441
2026-01-05 23:32:00,0.21685593
2026-01-05 23:33:00,0.19061382
2026-01-05 23:34:00,0.24776669
2026-01-05 23:35:00,0.29402286
2026-01-05 23:36:00,0.2989081
2026-01-05 23:37:00,0.28132203
2026-01-05 23:38:00,0.29420263
2026-01-05 23:39:00,0.28423488
2026-01-05 23:40:00,0.26449868
2026-01-05 23:41:00,0.26746953
2026-01-05 23:42:00,0.23902723
2026-01-05 23:43:00,0.2405925
2026-01-05 23:44:00,0.24010628
2026-01-05 23:45:00,0.25560328
2026-01-05 23:46:00,0.2209736
2026-01-05 23:47:00,0.24228148
2026-01-05 23:48:00,0.19722338
2026-01-05 23:49:00,0.16911663
2026-01-05 23:50:00,0.35400972
2026-01-05 23:51:00,0.2724746
2026-01-05 23:52:00,0.2847309
2026-01-05 23:53:00,0.21970135
2026-01-05 23:54:00,0.1732079
2026-01-05 23:55:00,0.2106802
2026-01-05 23:56:00,0.17381541
2026-01-05 23:57:00,0.15659189
2026-01-05 23:58:00,0.10893461
2026-01-05 23:59:00,0.13982743
2026-01-06 00:00:00,0.12159355
2026-01-06 00:01:00,0.14532115
2026-01-06 00:02:00,0.15961403
2026-01-06 00:03:00,0.15463315
2026-01-06 00:04:00,0.12648328
2026-01-06 00:05:00,0.0892505
2026-01-06 00:06:00,0.13942905
2026-01-06 00:07:00,0.16478512
2026-01-06 00:08:00,0.12994991
2026-01-06 00:09:00,0.12736045
2026-01-06 00:10:00,0.11149076
2026-01-06 00:11:00,0.06385853
2026-01-06 00:12:00,0.07234767
2026-01-06 00:13:00,0.056495655
2026-01-06 00:14:00,0.05
2026-01-06 00:15:00,0.05
2026-01-06 00:16:00,0.05
2026-01-06 00:17:00,0.05
2026-01-06 00:18:00,0.05
2026-01-06 00:19:00,0.05
2026-01-06 00:20:00,0.05
2026-01-06 00:21:00,0.05
2026-01-06 00:22:00,0.05
2026-01-06 00:23:00,0.05
2026-01-06 00:24:00,0.05
2026-01-06 00:25:00,0.05
2026-01-06 00:26:00,0.05
2026-01-06 00:27:00,0.05
2026-01-06 00:28:00,0.05
2026-01-06 00:29:00,0.05
2026-01-06 00:30:00,0.05
2026-01-06 00:31:00,0.05
2026-01-06 00:32:00,0.05
2026-01-06 00:33:00,0.05
2026-01-06 00:34:00,0.05
2026-01-06 00:35:00,0.05171818
2026-01-06 00:36:00,0.121249914
2026-01-06 00:37:00,0.12022066
2026-01-06 00:38:00,0.19114031
2026-01-06 00:39:00,0.17130151
2026-01-06 00:40:00,0.20859882
2026-01-06 00:41:00,0.16128625
2026-01-06 00:42:00,0.17226599
2026-01-06 00:43:00,0.07190385
2026-01-06 00:44:00,0.05
2026-01-06 00:45:00,0.051895175
2026-01-06 00:46:00,0.05
2026-01-06 00:47:00,0.05
2026-01-06 00:48:00,0.06769437
2026-01-06 00:49:00,0.05
2026-01-06 00:50:00,0.05
2026-01-06 00:51:00,0.05
2026-01-06 00:52:00,0.05
2026-01-06 00:53:00,0.05
2026-01-06 00:54:00,0.05
2026-01-06 00:55:00,0.05
2026-01-06 00:56:00,0.059825867
2026-01-06 00:57:00,0.05
2026-01-06 00:58:00,0.09381215
2026-01-06 00:59:00,0.05196821
2026-01-06 01:00:00,0.058048256
2026-01-06 01:01:00,0.10807104
2026-01-06 01:02:00,0.15203829
2026-01-06 01:03:00,0.13044003
2026-01-06 01:04:00,0.1495994
2026-01-06 01:05:00,0.16188729
2026-01-06 01:06:00,0.1347645
2026-01-06 01:07:00,0.15606445
2026-01-06 01:08:00,0.22553961
2026-01-06 01:09:00,0.23384283
2026-01-06 01:10:00,0.24528602
2026-01-06 01:11:00,0.2600639
2026-01-06 01:12:00,0.18835264
2026-01-06 01:13:00,0.19924498
2026-01-06 01:14:00,0.15020537
2026-01-06 01:15:00,0.122182906
2026-01-06 01:16:00,0.20649464
2026-01-06 01:17:00,0.18747279
2026-01-06 01:18:00,0.15051587
2026-01-06 01:19:00,0.19224568
2026-01-06 01:20:00,0.14664684
2026-01-06 01:21:00,0.12472657
2026-01-06 01:22:00,0.17243932
2026-01-06 01:23:00,0.16810444
2026-01-06 01:24:00,0.09996273
2026-01-06 01:25:00,0.12151703
2026-01-06 01:26:00,0.10375017
2026-01-06 01:27:00,0.16487896
2026-01-06 01:28:00,0.13529776
2026-01-06 01:29:00,0.17440161
2026-01-06 01:30:00,0.23937832
2026-01-06 01:31:00,0.19411369
2026-01-06 01:32:00,0.17880213
2026-01-06 01:33:00,0.18801193
2026-01-06 01:34:00,0.14666921
2026-01-06 01:35:00,0.15376285
2026-01-06 01:36:00,0.14050393
2026-01-06 01:37:00,0.12752359
2026-01-06 01:38:00,0.12736586
2026-01-06 01:39:00,0.12813798
2026-01-06 01:40:00,0.13257733
2026-01-06 01:41:00,0.10617786
2026-01-06 01:42:00,0.083661325
2026-01-06 01:43:00,0.080434486
2026-01-06 01:44:00,0.08044422
2026-01-06 01:45:00,0.06471494
2026-01-06 01:46:00,0.0807812
2026-01-06 01:47:00,0.05
2026-01-06 01:48:00,0.05
2026-01-06 01:49:00,0.05
2026-01-06 01:50:00,0.05
2026-01-06 01:51:00,0.05
2026-01-06 01:52:00,0.05
2026-01-06 01:53:00,0.056450907
2026-01-06 01:54:00,0.05
2026-01-06 01:55:00,0.05
2026-01-06 01:56:00,0.05
2026-01-06 01:57:00,0.05
2026-01-06 01:58:00,0.05
2026-01-06 01:59:00,0.05
2026-01-06 02:00:00,0.05
2026-01-06 02:01:00,0.05
2026-01-06 02:02:00,0.05
2026-01-06 02:03:00,0.05
2026-01-06 02:04:00,0.05
2026-01-06 02:05:00,0.105252795
2026-01-06 02:06:00,0.13259456
2026-01-06 02:07:00,0.11274473
2026-01-06 02:08:00,0.071137816
2026-01-06 02:09:00,0.12024969
2026-01-06 02:10:00,0.12217616
2026-01-06 02:11:00,0.22115754
2026-01-06 02:12:00,0.1978866
2026-01-06 02:13:00,0.27002832
2026-01-06 02:14:00,0.25124267
2026-01-06 02:15:00,0.29370508
2026-01-06 02:16:00,0.34722808
2026-01-06 02:17:00,0.28771564
2026-01-06 02:18:00,0.25451452
2026-01-06 02:19:00,0.20208268
2026-01-06 02:20:00,0.14599945
2026-01-06 02:21:00,0.17031619
2026-01-06 02:22:00,0.15817285
2026-01-06 02:23:00,0.15699401
2026-01-06 02:24:00,0.17609787
2026-01-06 02:25:00,0.09716205
2026-01-06 02:26:00,0.1503411
2026-01-06 02:27:00,0.13386546
2026-01-06 02:28:00,0.15400198
2026-01-06 02:29:00,0.1760945
2026-01-06 02:30:00,0.22645766
2026-01-06 02:31:00,0.21380048
2026-01-06 02:32:00,0.12143975
2026-01-06 02:33:00,0.12373375
2026-01-06 02:34:00,0.13162288
2026-01-06 02:35:00,0.08951785
2026-01-06 02:36:00,0.098087154
2026-01-06 02:37:00,0.08566663
2026-01-06 02:38:00,0.05
2026-01-06 02:39:00,0.06900539
2026-01-06 02:40:00,0.05091256
2026-01-06 02:41:00,0.05
2026-01-06 02:42:00,0.05
2026-01-06 02:43:00,0.08609258
2026-01-06 02:44:00,0.08769379
2026-01-06 02:45:00,0.09400521
2026-01-06 02:46:00,0.079060145
2026-01-06 02:47:00,0.10148885
2026-01-06 02:48:00,0.15761957
2026-01-06 02:49:00,0.18123999
2026-01-06 02:50:00,0.20456967
2026-01-06 02:51:00,0.22284634
2026-01-06 02:52:00,0.16024102
2026-01-06 02:53:00,0.1228483
2026-01-06 02:54:00,0.11533169
2026-01-06 02:55:00,0.08762096
2026-01-06 02:56:00,0.05
2026-01-06 02:57:00,0.05
2026-01-06 02:58:00,0.05
2026-01-06 02:59:00,0.05
2026-01-06 03:00:00,0.05
2026-01-06 03:01:00,0.05
2026-01-06 03:02:00,0.05
2026-01-06 03:03:00,0.05
2026-01-06 03:04:00,0.05
2026-01-06 03:05:00,0.05
2026-01-06 03:06:00,0.05402999
2026-01-06 03:07:00,0.068877205
2026-01-06 03:08:00,0.05
2026-01-06 03:09:00,0.05
2026-01-06 03:10:00,0.05
2026-01-06 03:11:00,0.05
2026-01-06 03:12:00,0.05
2026-01-06 03:13:00,0.05
2026-01-06 03:14:00,0.05
2026-01-06 03:15:00,0.05
2026-01-06 03:16:00,0.05
2026-01-06 03:17:00,0.05867176
2026-01-06 03:18:00,0.05
2026-01-06 03:19:00,0.05
2026-01-06 03:20:00,0.059819683
2026-01-06 03:21:00,0.12856776
2026-01-06 03:22:00,0.070722565
2026-01-06 03:23:00,0.05
2026-01-06 03:24:00,0.1610925
2026-01-06 03:25:00,0.14911026
2026-01-06 03:26:00,0.07341631
2026-01-06 03:27:00,0.056161392
2026-01-06 03:28:00,0.05
2026-01-06 03:29:00,0.05
2026-01-06 03:30:00,0.05
2026-01-06 03:31:00,0.05
2026-01-06 03:32:00,0.05
2026-01-06 03:33:00,0.05
2026-01-06 03:34:00,0.05
2026-01-06 03:35:00,0.05
2026-01-06 03:36:00,0.05
2026-01-06 03:37:00,0.05
2026-01-06 03:38:00,0.05
2026-01-06 03:39:00,0.05
2026-01-06 03:40:00,0.05
2026-01-06 03:41:00,0.05
2026-01-06 03:42:00,0.05
2026-01-06 03:43:00,0.05
2026-01-06 03:44:00,0.05
2026-01-06 03:45:00,0.05
2026-01-06 03:46:00,0.05
2026-01-06 03:47:00,0.05
2026-01-06 03:48:00,0.05
2026-01-06 03:49:00,0.072513446
2026-01-06 03:50:00,0.050959744
2026-01-06 03:51:00,0.11400537
2026-01-06 03:52:00,0.17578942
2026-01-06 03:53:00,0.2050137
2026-01-06 03:54:00,0.16261464
2026-01-06 03:55:00,0.075431585
2026-01-06 03:56:00,0.12587945
2026-01-06 03:57:00,0.13364482
2026-01-06 03:58:00,0.10657718
2026-01-06 03:59:00,0.15847705
2026-01-06 04:00:00,0.12487196
2026-01-06 04:01:00,0.1115035
2026-01-06 04:02:00,0.13721856
2026-01-06 04:03:00,0.09538914
2026-01-06 04:04:00,0.097123556
2026-01-06 04:05:00,0.14671671
2026-01-06 04:06:00,0.15727434
2026-01-06 04:07:00,0.20849313
2026-01-06 04:08:00,0.25111476
2026-01-06 04:09:00,0.24534564
2026-01-06 04:10:00,0.14631252
2026-01-06 04:11:00,0.10449468
2026-01-06 04:12:00,0.14084058
2026-01-06 04:13:00,0.08178959
2026-01-06 04:14:00,0.076459445
2026-01-06 04:15:00,0.098217204
2026-01-06 04:16:00,0.1635327
2026-01-06 04:17:00,0.14189428
2026-01-06 04:18:00,0.11930332
2026-01-06 04:19:00,0.1222166
2026-01-06 04:20:00,0.14108662
2026-01-06 04:21:00,0.13829629
2026-01-06 04:22:00,0.1839256
2026-01-06 04:23:00,0.15202408
2026-01-06 04:24:00,0.15950303
2026-01-06 04:25:00,0.17944206
2026-01-06 04:26:00,0.16402467
2026-01-06 04:27:00,0.19949506
2026-01-06 04:28:00,0.20455463
2026-01-06 04:29:00,0.23486197
2026-01-06 04:30:00,0.23901226
2026-01-06 04:31:00,0.25017992
2026-01-06 04:32:00,0.22015986
2026-01-06 04:33:00,0.19266394
2026-01-06 04:34:00,0.24163233
2026-01-06 04:35:00,0.26318586
2026-01-06 04:36:00,0.21673433
2026-01-06 04:37:00,0.22221048
2026-01-06 04:38:00,0.12512153
2026-01-06 04:39:00,0.1078519
2026-01-06 04:40:00,0.15342148
2026-01-06 04:41:00,0.15195763
2026-01-06 04:42:00,0.1603925
2026-01-06 04:43:00,0.05
2026-01-06 04:44:00,0.05
2026-01-06 04:45:00,0.06612418
2026-01-06 04:46:00,0.09555954
2026-01-06 04:47:00,0.1425828
2026-01-06 04:48:00,0.13899994
2026-01-06 04:49:00,0.13754821
2026-01-06 04:50:00,0.08961476
2026-01-06 04:51:00,0.09068058
2026-01-06 04:52:00,0.05
2026-01-06 04:53:00,0.05
2026-01-06 04:54:00,0.05
2026-01-06 04:55:00,0.05
2026-01-06 04:56:00,0.05
2026-01-06 04:57:00,0.066791765
2026-01-06 04:58:00,0.0577544
2026-01-06 04:59:00,0.05
2026-01-06 05:00:00,0.052960996
2026-01-06 05:01:00,0.05
2026-01-06 05:02:00,0.05
2026-01-06 05:03:00,0.05
2026-01-06 05:04:00,0.05
2026-01-06 05:05:00,0.05
2026-01-06 05:06:00,0.05
2026-01-06 05:07:00,0.05
2026-01-06 05:08:00,0.05
2026-01-06 05:09:00,0.05
2026-01-06 05:10:00,0.05
2026-01-06 05:11:00,0.05
2026-01-06 05:12:00,0.05
2026-01-06 05:13:00,0.05
2026-01-06 05:14:00,0.0695389
2026-01-06 05:15:00,0.0765733
2026-01-06 05:16:00,0.12008021
2026-01-06 05:17:00,0.121637434
2026-01-06 05:18:00,0.14739965
2026-01-06 05:19:00,0.093672745
2026-01-06 05:20:00,0.05
2026-01-06 05:21:00,0.05
2026-01-06 05:22:00,0.065434285
2026-01-06 05:23:00,0.097664714
2026-01-06 05:24:00,0.08736527
2026-01-06 05:25:00,0.15854207
2026-01-06 05:26:00,0.14610697
2026-01-06 05:27:00,0.16996337
2026-01-06 05:28:00,0.19892809
2026-01-06 05:29:00,0.2706065
2026-01-06 05:30:00,0.25518665
2026-01-06 05:31:00,0.22762084
2026-01-06 05:32:00,0.16852933
2026-01-06 05:33:00,0.2362529
2026-01-06 05:34:00,0.25338775
2026-01-06 05:35:00,0.27048537
2026-01-06 05:36:00,0.39282855
2026-01-06 05:37:00,0.39378577
2026-01-06 05:38:00,0.3296397
2026-01-06 05:39:00,0.31495017
2026-01-06 05:40:00,0.27034885
2026-01-06 05:41:00,0.2525406
2026-01-06 05:42:00,0.23595665
2026-01-06 05:43:00,0.21339068
2026-01-06 05:44:00,0.16044843
2026-01-06 05:45:00,0.23124184
2026-01-06 05:46:00,0.24469468
2026-01-06 05:47:00,0.23616765
2026-01-06 05:48:00,0.2677165
2026-01-06 05:49:00,0.28534803
2026-01-06 05:50:00,0.29382354
2026-01-06 05:51:00,0.31806302
2026-01-06 05:52:00,0.31839058
2026-01-06 05:53:00,0.3402134
2026-01-06 05:54:00,0.36367604
2026-01-06 05:55:00,0.36171615
2026-01-06 05:56:00,0.3446588
2026-01-06 05:57:00,0.39906818
2026-01-06 05:58:00,0.3688634
2026-01-06 05:59:00,0.37591428
2026-01-06 06:00:00,0.38337564
2026-01-06 06:01:00,0.3493724
2026-01-06 06:02:00,0.31022984
2026-01-06 06:03:00,0.29244864
2026-01-06 06:04:00,0.2706266
2026-01-06 06:05:00,0.21198514
2026-01-06 06:06:00,0.1903719
2026-01-06 06:07:00,0.20726804
2026-01-06 06:08:00,0.26287302
2026-01-06 06:09:00,0.28563932
2026-01-06 06:10:00,0.18049923
2026-01-06 06:11:00,0.21347587
2026-01-06 06:12:00,0.19590831
2026-01-06 06:13:00,0.22026767
2026-01-06 06:14:00,0.22406201
2026-01-06 06:15:00,0.22048314
2026-01-06 06:16:00,0.22088122
2026-01-06 06:17:00,0.22451255
2026-01-06 06:18:00,0.2825993
2026-01-06 06:19:00,0.28154933
2026-01-06 06:20:00,0.32486415
2026-01-06 06:21:00,0.3589616
2026-01-06 06:22:00,0.37949002
2026-01-06 06:23:00,0.30030277
2026-01-06 06:24:00,0.3436539
2026-01-06 06:25:00,0.32062894
2026-01-06 06:26:00,0.34646463
2026-01-06 06:27:00,0.30277663
2026-01-06 06:28:00,0.2541557
2026-01-06 06:29:00,0.3359567
2026-01-06 06:30:00,0.29395258
2026-01-06 06:31:00,0.33950627
2026-01-06 06:32:00,0.34038222
2026-01-06 06:33:00,0.31972057
2026-01-06 06:34:00,0.31579763
2026-01-06 06:35:00,0.26201212
2026-01-06 06:36:00,0.26409736
2026-01-06 06:37:00,0.2233307
2026-01-06 06:38:00,0.2133917
2026-01-06 06:39:00,0.25715208
2026-01-06 06:40:00,0.27064183
2026-01-06 06:41:00,0.21367262
2026-01-06 06:42:00,0.25468203
2026-01-06 06:43:00,0.25814193
2026-01-06 06:44:00,0.23999648
2026-01-06 06:45:00,0.27493203
2026-01-06 06:46:00,0.2705924
2026-01-06 06:47:00,0.22673674
2026-01-06 06:48:00,0.30700347
2026-01-06 06:49:00,0.30632013
2026-01-06 06:50:00,0.30320275
2026-01-06 06:51:00,0.28746116
2026-01-06 06:52:00,0.33645704
2026-01-06 06:53:00,0.31341484
2026-01-06 06:54:00,0.25148734
2026-01-06 06:55:00,0.22924156
2026-01-06 06:56:00,0.28906903
2026-01-06 06:57:00,0.3244001
2026-01-06 06:58:00,0.31349432
2026-01-06 06:59:00,0.36866745
2026-01-06 07:00:00,0.39448985
2026-01-06 07:01:00,0.37774086
2026-01-06 07:02:00,0.3664347
2026-01-06 07:03:00,0.37591782
2026-01-06 07:04:00,0.33826992
2026-01-06 07:05:00,0.3371653
2026-01-06 07:06:00,0.5434132
2026-01-06 07:07:00,0.43888715
2026-01-06 07:08:00,0.40621537
2026-01-06 07:09:00,0.37456238
2026-01-06 07:10:00,0.401123
2026-01-06 07:11:00,0.31266764
2026-01-06 07:12:00,0.29147148
2026-01-06 07:13:00,0.2693385
2026-01-06 07:14:00,0.30779237
2026-01-06 07:15:00,0.3039763
2026-01-06 07:16:00,0.37484476
2026-01-06 07:17:00,0.3953529
2026-01-06 07:18:00,0.37188146
2026-01-06 07:19:00,0.37675464
2026-01-06 07:20:00,0.3578893
2026-01-06 07:21:00,0.3894138
2026-01-06 07:22:00,0.33104676
2026-01-06 07:23:00,0.297944
2026-01-06 07:24:00,0.3188876
2026-01-06 07:25:00,0.36915457
2026-01-06 07:26:00,0.2784658
2026-01-06 07:27:00,0.33824655
2026-01-06 07:28:00,0.33280283
2026-01-06 07:29:00,0.25817528
2026-01-06 07:30:00,0.14492433
2026-01-06 07:31:00,0.09973956
2026-01-06 07:32:00,0.11866263
2026-01-06 07:33:00,0.13432454
2026-01-06 07:34:00,0.1767934
2026-01-06 07:35:00,0.16864952
2026-01-06 07:36:00,0.13890432
2026-01-06 07:37:00,0.13942371
2026-01-06 07:38:00,0.15785421
2026-01-06 07:39:00,0.18277985
2026-01-06 07:40:00,0.16499566
2026-01-06 07:41:00,0.21633923
2026-01-06 07:42:00,0.20274119
2026-01-06 07:43:00,0.180377
2026-01-06 07:44:00,0.17297317
2026-01-06 07:45:00,0.23092853
2026-01-06 07:46:00,0.23601915
2026-01-06 07:47:00,0.21831062
2026-01-06 07:48:00,0.26692006
2026-01-06 07:49:00,0.36038256
2026-01-06 07:50:00,0.3691213
2026-01-06 07:51:00,0.41820306
2026-01-06 07:52:00,0.4555232
2026-01-06 07:53:00,0.42426434
2026-01-06 07:54:00,0.42087236
2026-01-06 07:55:00,0.36545962
2026-01-06 07:56:00,0.3576589
2026-01-06 07:57:00,0.33370712
2026-01-06 07:58:00,0.32067832
2026-01-06 07:59:00,0.29488602
2026-01-06 08:00:00,0.2897435
2026-01-06 08:01:00,0.31785992
2026-01-06 08:02:00,0.3177323
2026-01-06 08:03:00,0.24789377
2026-01-06 08:04:00,0.22844647
2026-01-06 08:05:00,0.17969772
2026-01-06 08:06:00,0.20546111
2026-01-06 08:07:00,0.23960742
2026-01-06 08:08:00,0.26122493
2026-01-06 08:09:00,0.23942842
2026-01-06 08:10:00,0.26081938
2026-01-06 08:11:00,0.25189367
2026-01-06 08:12:00,0.21703073
2026-01-06 08:13:00,0.2602361
2026-01-06 08:14:00,0.30310196
2026-01-06 08:15:00,0.3478461
2026-01-06 08:16:00,0.32679367
2026-01-06 08:17:00,0.37900648
2026-01-06 08:18:00,0.36019695
2026-01-06 08:19:00,0.38884792
2026-01-06 08:20:00,0.36870247
2026-01-06 08:21:00,0.36171797
2026-01-06 08:22:00,0.26747638
2026-01-06 08:23:00,0.26561657
2026-01-06 08:24:00,0.27969736
2026-01-06 08:25:00,0.27267766
2026-01-06 08:26:00,0.3529405
2026-01-06 08:27:00,0.3101074
2026-01-06 08:28:00,0.29472753
2026-01-06 08:29:00,0.26699737
2026-01-06 08:30:00,0.2552003
2026-01-06 08:31:00,0.30822527
2026-01-06 08:32:00,0.37494358
2026-01-06 08:33:00,0.34924182
2026-01-06 08:34:00,0.32477784
2026-01-06 08:35:00,0.28497624
2026-01-06 08:36:00,0.34696522
2026-01-06 08:37:00,0.39665362
2026-01-06 08:38:00,0.39335707
2026-01-06 08:39:00,0.338789
2026-01-06 08:40:00,0.29223305
2026-01-06 08:41:00,0.30856237
2026-01-06 08:42:00,0.33880258
2026-01-06 08:43:00,0.26207298
2026-01-06 08:44:00,0.26134372
2026-01-06 08:45:00,0.3383254
2026-01-06 08:46:00,0.33578455
2026-01-06 08:47:00,0.40180087
2026-01-06 08:48:00,0.42898002
2026-01-06 08:49:00,0.38471943
2026-01-06 08:50:00,0.3757315
2026-01-06 08:51:00,0.3740889
2026-01-06 08:52:00,0.33969212
2026-01-06 08:53:00,0.30741966
2026-01-06 08:54:00,0.37686116
2026-01-06 08:55:00,0.3414486
2026-01-06 08:56:00,0.3911672
2026-01-06 08:57:00,0.37637752
2026-01-06 08:58:00,0.3792707
2026-01-06 08:59:00,0.40549743
2026-01-06 09:00:00,0.38327533
2026-01-06 09:01:00,0.40955472
2026-01-06 09:02:00,0.32922342
2026-01-06 09:03:00,0.35482892
2026-01-06 09:04:00,0.26212102
2026-01-06 09:05:00,0.26656148
2026-01-06 09:06:00,0.3139544
2026-01-06 09:07:00,0.3483419
2026-01-06 09:08:00,0.3032139
2026-01-06 09:09:00,0.2669094
2026-01-06 09:10:00,0.25281218
2026-01-06 09:11:00,0.27490127
2026-01-06 09:12:00,0.20656006
2026-01-06 09:13:00,0.22449705
2026-01-06 09:14:00,0.2540475
2026-01-06 09:15:00,0.25751734
2026-01-06 09:16:00,0.29310572
2026-01-06 09:17:00,0.31384474
2026-01-06 09:18:00,0.30237085
2026-01-06 09:19:00,0.23609455
2026-01-06 09:20:00,0.2579653
2026-01-06 09:21:00,0.23468745
2026-01-06 09:22:00,0.2283215
2026-01-06 09:23:00,0.2648236
2026-01-06 09:24:00,0.3359937
2026-01-06 09:25:00,0.34331408
2026-01-06 09:26:00,0.37379315
2026-01-06 09:27:00,0.32195124
2026-01-06 09:28:00,0.34191558
2026-01-06 09:29:00,0.34812415
2026-01-06 09:30:00,0.40545967
2026-01-06 09:31:00,0.38747895
2026-01-06 09:32:00,0.38294727
2026-01-06 09:33:00,0.43085372
2026-01-06 09:34:00,0.42895094
2026-01-06 09:35:00,0.38658503
2026-01-06 09:36:00,0.4940841
2026-01-06 09:37:00,0.44783056
2026-01-06 09:38:00,0.44588917
2026-01-06 09:39:00,0.4606145
2026-01-06 09:40:00,0.47105452
2026-01-06 09:41:00,0.46242023
2026-01-06 09:42:00,0.45473105
2026-01-06 09:43:00,0.44570485
2026-01-06 09:44:00,0.40221515
2026-01-06 09:45:00,0.49290493
2026-01-06 09:46:00,0.481585
2026-01-06 09:47:00,0.5039011
2026-01-06 09:48:00,0.48722196
2026-01-06 09:49:00,0.4711257
2026-01-06 09:50:00,0.45234266
2026-01-06 09:51:00,0.39133865
2026-01-06 09:52:00,0.3908361
2026-01-06 09:53:00,0.3805701
2026-01-06 09:54:00,0.43431827
2026-01-06 09:55:00,0.38908884
2026-01-06 09:56:00,0.37231088
2026-01-06 09:57:00,0.34407404
2026-01-06 09:58:00,0.4117854
2026-01-06 09:59:00,0.38165233
2026-01-06 10:00:00,0.41124803
2026-01-06 10:01:00,0.45483997
2026-01-06 10:02:00,0.45034233
2026-01-06 10:03:00,0.39702585
2026-01-06 10:04:00,0.34852952
2026-01-06 10:05:00,0.39291784
2026-01-06 10:06:00,0.34898868
2026-01-06 10:07:00,0.37472633
2026-01-06 10:08:00,0.38734514
2026-01-06 10:09:00,0.4095128
2026-01-06 10:10:00,0.43373182
2026-01-06 10:11:00,0.39984947
2026-01-06 10:12:00,0.3670495
2026-01-06 10:13:00,0.40453744
2026-01-06 10:14:00,0.3853009
2026-01-06 10:15:00,0.28281626
2026-01-06 10:16:00,0.32453135
2026-01-06 10:17:00,0.295553
2026-01-06 10:18:00,0.32907298
2026-01-06 10:19:00,0.39698267
2026-01-06 10:20:00,0.4044607
2026-01-06 10:21:00,0.45054382
2026-01-06 10:22:00,0.45930445
2026-01-06 10:23:00,0.5247521
2026-01-06 10:24:00,0.47902462
2026-01-06 10:25:00,0.47915298
2026-01-06 10:26:00,0.5065677
2026-01-06 10:27:00,0.49728757
2026-01-06 10:28:00,0.542496
2026-01-06 10:29:00,0.5207581
2026-01-06 10:30:00,0.6008558
2026-01-06 10:31:00,0.6766988
2026-01-06 10:32:00,0.67290896
2026-01-06 10:33:00,0.6802827
2026-01-06 10:34:00,0.7126684
2026-01-06 10:35:00,0.6473471
2026-01-06 10:36:00,0.5822977
2026-01-06 10:37:00,0.625227
2026-01-06 10:38:00,0.62546235
2026-01-06 10:39:00,0.60569644
2026-01-06 10:40:00,0.59705395
2026-01-06 10:41:00,0.49325293
2026-01-06 10:42:00,0.48561147
2026-01-06 10:43:00,0.45611793
2026-01-06 10:44:00,0.49586427
2026-01-06 10:45:00,0.5355446
2026-01-06 10:46:00,0.55535144
2026-01-06 10:47:00,0.5663595
2026-01-06 10:48:00,0.5008091
2026-01-06 10:49:00,0.52405626
2026-01-06 10:50:00,0.54702747
2026-01-06 10:51:00,0.59282607
2026-01-06 10:52:00,0.6699145
2026-01-06 10:53:00,0.5884377
2026-01-06 10:54:00,0.5656746
2026-01-06 10:55:00,0.530613
2026-01-06 10:56:00,0.5349789
2026-01-06 10:57:00,0.53266263
2026-01-06 10:58:00,0.5206632
2026-01-06 10:59:00,0.56012183
2026-01-06 11:00:00,0.51129335
2026-01-06 11:01:00,0.4688128
2026-01-06 11:02:00,0.4304361
2026-01-06 11:03:00,0.42171475
2026-01-06 11:04:00,0.37898955
2026-01-06 11:05:00,0.3869117
2026-01-06 11:06:00,0.38955155
2026-01-06 11:07:00,0.36716717
2026-01-06 11:08:00,0.41301236
2026-01-06 11:09:00,0.41788653
2026-01-06 11:10:00,0.46728358
2026-01-06 11:11:00,0.46244752
2026-01-06 11:12:00,0.4648588
2026-01-06 11:13:00,0.44555956
2026-01-06 11:14:00,0.45005924
2026-01-06 11:15:00,0.48299527
2026-01-06 11:16:00,0.4683787
2026-01-06 11:17:00,0.4921458
2026-01-06 11:18:00,0.4607894
2026-01-06 11:19:00,0.49483725
2026-01-06 11:20:00,0.47262657
2026-01-06 11:21:00,0.50947934
2026-01-06 11:22:00,0.5117786
2026-01-06 11:23:00,0.5723155
2026-01-06 11:24:00,0.5210308
2026-01-06 11:25:00,0.4609863
2026-01-06 11:26:00,0.44016522
2026-01-06 11:27:00,0.39029527
2026-01-06 11:28:00,0.34451076
2026-01-06 11:29:00,0.3825809
2026-01-06 11:30:00,0.3925964
2026-01-06 11:31:00,0.38281038
2026-01-06 11:32:00,0.37753543
2026-01-06 11:33:00,0.36429062
2026-01-06 11:34:00,0.44202843
2026-01-06 11:35:00,0.4181307
2026-01-06 11:36:00,0.37269777
2026-01-06 11:37:00,0.41564465
2026-01-06 11:38:00,0.41470096
2026-01-06 11:39:00,0.504031
2026-01-06 11:40:00,0.4836323
2026-01-06 11:41:00,0.5197695
2026-01-06 11:42:00,0.56248033
2026-01-06 11:43:00,0.53764874
2026-01-06 11:44:00,0.5059557
2026-01-06 11:45:00,0.53618467
2026-01-06 11:46:00,0.5573511
2026-01-06 11:47:00,0.49741858
2026-01-06 11:48:00,0.4535817
2026-01-06 11:49:00,0.35694572
2026-01-06 11:50:00,0.39332673
2026-01-06 11:51:00,0.39252177
2026-01-06 11:52:00,0.395781
2026-01-06 11:53:00,0.3376202
2026-01-06 11:54:00,0.30785796
2026-01-06 11:55:00,0.3052942
2026-01-06 11:56:00,0.29517224
2026-01-06 11:57:00,0.31747758
2026-01-06 11:58:00,0.35663453
2026-01-06 11:59:00,0.4601151
2026-01-06 12:00:00,0.4637421
2026-01-06 12:01:00,0.5125055
2026-01-06 12:02:00,0.47956216
2026-01-06 12:03:00,0.41546446
2026-01-06 12:04:00,0.40940908
2026-01-06 12:05:00,0.35402972
2026-01-06 12:06:00,0.3675846
2026-01-06 12:07:00,0.3482577
2026-01-06 12:08:00,0.2835317
2026-01-06 12:09:00,0.3716027
2026-01-06 12:10:00,0.3616913
2026-01-06 12:11:00,0.30857688
2026-01-06 12:12:00,0.36114937
2026-01-06 12:13:00,0.34445035
2026-01-06 12:14:00,0.4018439
2026-01-06 12:15:00,0.38170862
2026-01-06 12:16:00,0.37088877
2026-01-06 12:17:00,0.39636812
2026-01-06 12:18:00,0.4297487
2026-01-06 12:19:00,0.46747318
2026-01-06 12:20:00,0.46785414
2026-01-06 12:21:00,0.49294204
2026-01-06 12:22:00,0.5247061
2026-01-06 12:23:00,0.53212917
2026-01-06 12:24:00,0.52523136
2026-01-06 12:25:00,0.46678168
2026-01-06 12:26:00,0.4947882
2026-01-06 12:27:00,0.49827528
2026-01-06 12:28:00,0.48325258
2026-01-06 12:29:00,0.53708744
2026-01-06 12:30:00,0.47839168
2026-01-06 12:31:00,0.5472661
2026-01-06 12:32:00,0.54397774
2026-01-06 12:33:00,0.5545432
2026-01-06 12:34:00,0.53575975
2026-01-06 12:35:00,0.46759626
2026-01-06 12:36:00,0.46598256
2026-01-06 12:37:00,0.48346993
2026-01-06 12:38:00,0.513215
2026-01-06 12:39:00,0.5056073
2026-01-06 12:40:00,0.41882482
2026-01-06 12:41:00,0.36501652
2026-01-06 12:42:00,0.45925632
2026-01-06 12:43:00,0.42017055
2026-01-06 12:44:00,0.48499054
2026-01-06 12:45:00,0.4501747
2026-01-06 12:46:00,0.44820416
2026-01-06 12:47:00,0.47869238
2026-01-06 12:48:00,0.44891962
2026-01-06 12:49:00,0.5180189
2026-01-06 12:50:00,0.5209243
2026-01-06 12:51:00,0.53899544
2026-01-06 12:52:00,0.52647537
2026-01-06 12:53:00,0.55200255
2026-01-06 12:54:00,0.6122827
2026-01-06 12:55:00,0.5993291
2026-01-06 12:56:00,0.66184336
2026-01-06 12:57:00,0.6256953
2026-01-06 12:58:00,0.64745766
2026-01-06 12:59:00,0.65647036
2026-01-06 13:00:00,0.60244435
2026-01-06 13:01:00,0.604026
2026-01-06 13:02:00,0.597213
2026-01-06 13:03:00,0.5565119
2026-01-06 13:04:00,0.5675036
2026-01-06 13:05:00,0.56913596
2026-01-06 13:06:00,0.561871
2026-01-06 13:07:00,0.55533546
2026-01-06 13:08:00,0.54845303
2026-01-06 13:09:00,0.5310009
2026-01-06 13:10:00,0.5352332
2026-01-06 13:11:00,0.50776356
2026-01-06 13:12:00,0.61450666
2026-01-06 13:13:00,0.55005056
2026-01-06 13:14:00,0.5237204
2026-01-06 13:15:00,0.5026416
2026-01-06 13:16:00,0.58508354
2026-01-06 13:17:00,0.52648956
2026-01-06 13:18:00,0.5424096
2026-01-06 13:19:00,0.54993886
2026-01-06 13:20:00,0.5602577
2026-01-06 13:21:00,0.60584384
2026-01-06 13:22:00,0.6469455
2026-01-06 13:23:00,0.6180702
2026-01-06 13:24:00,0.6172861
2026-01-06 13:25:00,0.5342218
2026-01-06 13:26:00,0.5363121
2026-01-06 13:27:00,0.50249314
2026-01-06 13:28:00,0.4956648
2026-01-06 13:29:00,0.42940378
2026-01-06 13:30:00,0.4520336
2026-01-06 13:31:00,0.38877532
2026-01-06 13:32:00,0.40435138
2026-01-06 13:33:00,0.36366898
2026-01-06 13:34:00,0.34129462
2026-01-06 13:35:00,0.4008637
2026-01-06 13:36:00,0.43297288
2026-01-06 13:37:00,0.48494262
2026-01-06 13:38:00,0.54915327
2026-01-06 13:39:00,0.51490164
2026-01-06 13:40:00,0.5742394
2026-01-06 13:41:00,0.51022756
2026-01-06 13:42:00,0.5397771
2026-01-06 13:43:00,0.5173609
2026-01-06 13:44:00,0.4792351
2026-01-06 13:45:00,0.5059253
2026-01-06 13:46:00,0.5436744
2026-01-06 13:47:00,0.5771907
2026-01-06 13:48:00,0.5799835
2026-01-06 13:49:00,0.5792105
2026-01-06 13:50:00,0.5942692
2026-01-06 13:51:00,0.5991723
2026-01-06 13:52:00,0.6131595
2026-01-06 13:53:00,0.6125059
2026-01-06 13:54:00,0.6374281
2026-01-06 13:55:00,0.56152856
2026-01-06 13:56:00,0.5515098
2026-01-06 13:57:00,0.49216065
2026-01-06 13:58:00,0.5039521
2026-01-06 13:59:00,0.5693797
2026-01-06 14:00:00,0.5449025
2026-01-06 14:01:00,0.5464067
2026-01-06 14:02:00,0.57292926
2026-01-06 14:03:00,0.48433062
2026-01-06 14:04:00,0.464613
2026-01-06 14:05:00,0.48190615
2026-01-06 14:06:00,0.3673234
2026-01-06 14:07:00,0.33868232
2026-01-06 14:08:00,0.39540645
2026-01-06 14:09:00,0.44364512
2026-01-06 14:10:00,0.46284413
2026-01-06 14:11:00,0.5007886
2026-01-06 14:12:00,0.50897974
2026-01-06 14:13:00,0.53009266
2026-01-06 14:14:00,0.51463985
2026-01-06 14:15:00,0.51764673
2026-01-06 14:16:00,0.49045023
2026-01-06 14:17:00,0.54122776
2026-01-06 14:18:00,0.59822994
2026-01-06 14:19:00,0.6449695
2026-01-06 14:20:00,0.61641216
2026-01-06 14:21:00,0.5682756
2026-01-06 14:22:00,0.6131822
2026-01-06 14:23:00,0.62513566
2026-01-06 14:24:00,0.6274817
2026-01-06 14:25:00,0.59111273
2026-01-06 14:26:00,0.59998614
2026-01-06 14:27:00,0.5476727
2026-01-06 14:28:00,0.5682782
2026-01-06 14:29:00,0.61698824
2026-01-06 14:30:00,0.67184746
2026-01-06 14:31:00,0.68537635
2026-01-06 14:32:00,0.61416
2026-01-06 14:33:00,0.61177367
2026-01-06 14:34:00,0.68723047
2026-01-06 14:35:00,0.6362769
2026-01-06 14:36:00,0.6217343
2026-01-06 14:37:00,0.6672206
2026-01-06 14:38:00,0.67716914
2026-01-06 14:39:00,0.7607992
2026-01-06 14:40:00,0.709174
2026-01-06 14:41:00,0.65135914
2026-01-06 14:42:00,0.68668014
2026-01-06 14:43:00,0.62233037
2026-01-06 14:44:00,0.6030478
2026-01-06 14:45:00,0.59050703
2026-01-06 14:46:00,0.62298906
2026-01-06 14:47:00,0.6359573
2026-01-06 14:48:00,0.6415534
2026-01-06 14:49:00,0.61227494
2026-01-06 14:50:00,0.64998883
2026-01-06 14:51:00,0.7970707
2026-01-06 14:52:00,0.7989563
2026-01-06 14:53:00,0.7769783
2026-01-06 14:54:00,0.70080847
2026-01-06 14:55:00,0.65709835
2026-01-06 14:56:00,0.6337865
2026-01-06 14:57:00,0.5994542
2026-01-06 14:58:00,0.5885593
2026-01-06 14:59:00,0.6502493
2026-01-06 15:00:00,0.6857194
2026-01-06 15:01:00,0.6620607
2026-01-06 15:02:00,0.59826535
2026-01-06 15:03:00,0.6413477
2026-01-06 15:04:00,0.62547445
2026-01-06 15:05:00,0.5437207
2026-01-06 15:06:00,0.56601167
2026-01-06 15:07:00,0.5989964
2026-01-06 15:08:00,0.491225
2026-01-06 15:09:00,0.45607564
2026-01-06 15:10:00,0.45224807
2026-01-06 15:11:00,0.48247072
2026-01-06 15:12:00,0.4602104
2026-01-06 15:13:00,0.4270199
2026-01-06 15:14:00,0.45880154
2026-01-06 15:15:00,0.44016507
2026-01-06 15:16:00,0.4633784
2026-01-06 15:17:00,0.4185353
2026-01-06 15:18:00,0.36759007
2026-01-06 15:19:00,0.40496734
2026-01-06 15:20:00,0.4191869
2026-01-06 15:21:00,0.45900843
2026-01-06 15:22:00,0.43738407
2026-01-06 15:23:00,0.40693066
2026-01-06 15:24:00,0.4650876
2026-01-06 15:25:00,0.4031857
2026-01-06 15:26:00,0.4571532
2026-01-06 15:27:00,0.5095052
2026-01-06 15:28:00,0.53919226
2026-01-06 15:29:00,0.504528
2026-01-06 15:30:00,0.4674274
2026-01-06 15:31:00,0.4574924
2026-01-06 15:32:00,0.40489143
2026-01-06 15:33:00,0.36977056
2026-01-06 15:34:00,0.4016544
2026-01-06 15:35:00,0.43110967
2026-01-06 15:36:00,0.39018887
2026-01-06 15:37:00,0.42150652
2026-01-06 15:38:00,0.44138268
2026-01-06 15:39:00,0.5018284
2026-01-06 15:40:00,0.5197444
2026-01-06 15:41:00,0.55574065
2026-01-06 15:42:00,0.5655325
2026-01-06 15:43:00,0.59459007
2026-01-06 15:44:00,0.530576
2026-01-06 15:45:00,0.5182324
2026-01-06 15:46:00,0.510121
2026-01-06 15:47:00,0.49440163
2026-01-06 15:48:00,0.5073788
2026-01-06 15:49:00,0.52687085
2026-01-06 15:50:00,0.5350516
2026-01-06 15:51:00,0.5197424
2026-01-06 15:52:00,0.483239
2026-01-06 15:53:00,0.5229045
2026-01-06 15:54:00,0.5294305
2026-01-06 15:55:00,0.48063198
2026-01-06 15:56:00,0.46866563
2026-01-06 15:57:00,0.395603
2026-01-06 15:58:00,0.39946282
2026-01-06 15:59:00,0.39359418
2026-01-06 16:00:00,0.37308162
2026-01-06 16:01:00,0.44050252
2026-01-06 16:02:00,0.3928291
2026-01-06 16:03:00,0.4234006
2026-01-06 16:04:00,0.510668
2026-01-06 16:05:00,0.54650503
2026-01-06 16:06:00,0.5350512
2026-01-06 16:07:00,0.4803407
2026-01-06 16:08:00,0.4208151
2026-01-06 16:09:00,0.40399957
2026-01-06 16:10:00,0.37743863
2026-01-06 16:11:00,0.3516278
2026-01-06 16:12:00,0.343538
2026-01-06 16:13:00,0.34498453
2026-01-06 16:14:00,0.36973998
2026-01-06 16:15:00,0.32352072
2026-01-06 16:16:00,0.30314687
2026-01-06 16:17:00,0.3052313
2026-01-06 16:18:00,0.30564177
2026-01-06 16:19:00,0.38722074
2026-01-06 16:20:00,0.3980311
2026-01-06 16:21:00,0.3340677
2026-01-06 16:22:00,0.35641652
2026-01-06 16:23:00,0.3820008
2026-01-06 16:24:00,0.37863046
2026-01-06 16:25:00,0.3319226
2026-01-06 16:26:00,0.40773275
2026-01-06 16:27:00,0.36428368
2026-01-06 16:28:00,0.39345965
2026-01-06 16:29:00,0.40179536
2026-01-06 16:30:00,0.42541707
2026-01-06 16:31:00,0.49131313
2026-01-06 16:32:00,0.50605077
2026-01-06 16:33:00,0.47471902
2026-01-06 16:34:00,0.51240164
2026-01-06 16:35:00,0.47750735
2026-01-06 16:36:00,0.47711205
2026-01-06 16:37:00,0.41840366
2026-01-06 16:38:00,0.37470475
2026-01-06 16:39:00,0.377809
2026-01-06 16:40:00,0.39325324
2026-01-06 16:41:00,0.32456297
2026-01-06 16:42:00,0.34927496
2026-01-06 16:43:00,0.3192611
2026-01-06 16:44:00,0.37553257
2026-01-06 16:45:00,0.3619556
2026-01-06 16:46:00,0.31851766
2026-01-06 16:47:00,0.3264508
2026-01-06 16:48:00,0.29398653
2026-01-06 16:49:00,0.35144523
2026-01-06 16:50:00,0.35348913
2026-01-06 16:51:00,0.3491995
2026-01-06 16:52:00,0.3749103
2026-01-06 16:53:00,0.33461222
2026-01-06 16:54:00,0.2860875
2026-01-06 16:55:00,0.30926263
2026-01-06 16:56:00,0.2701803
2026-01-06 16:57:00,0.23412831
2026-01-06 16:58:00,0.27834827
2026-01-06 16:59:00,0.30647993
2026-01-06 17:00:00,0.2611222
2026-01-06 17:01:00,0.24469753
2026-01-06 17:02:00,0.21811955
2026-01-06 17:03:00,0.3007863
2026-01-06 17:04:00,0.3419436
2026-01-06 17:05:00,0.32665026
2026-01-06 17:06:00,0.352378
2026-01-06 17:07:00,0.29866818
2026-01-06 17:08:00,0.27651247
2026-01-06 17:09:00,0.28714526
2026-01-06 17:10:00,0.3107376
2026-01-06 17:11:00,0.31037042
2026-01-06 17:12:00,0.32376674
2026-01-06 17:13:00,0.32921946
2026-01-06 17:14:00,0.32447448
2026-01-06 17:15:00,0.3147213
2026-01-06 17:16:00,0.30045846
2026-01-06 17:17:00,0.31357947
2026-01-06 17:18:00,0.33272058
2026-01-06 17:19:00,0.3417467
2026-01-06 17:20:00,0.29488692
2026-01-06 17:21:00,0.25887707
2026-01-06 17:22:00,0.28157467
2026-01-06 17:23:00,0.34528232
2026-01-06 17:24:00,0.35103714
2026-01-06 17:25:00,0.33368227
2026-01-06 17:26:00,0.3430701
2026-01-06 17:27:00,0.2971743
2026-01-06 17:28:00,0.35269457
2026-01-06 17:29:00,0.35879302
2026-01-06 17:30:00,0.33007523
2026-01-06 17:31:00,0.32367495
2026-01-06 17:32:00,0.3032906
2026-01-06 17:33:00,0.3579988
2026-01-06 17:34:00,0.34768736
2026-01-06 17:35:00,0.3524185
2026-01-06 17:36:00,0.37341893
2026-01-06 17:37:00,0.34007293
2026-01-06 17:38:00,0.34668693
2026-01-06 17:39:00,0.3559141
2026-01-06 17:40:00,0.2911757
2026-01-06 17:41:00,0.30380055
2026-01-06 17:42:00,0.30339023
2026-01-06 17:43:00,0.309955
2026-01-06 17:44:00,0.3121342
2026-01-06 17:45:00,0.32299376
2026-01-06 17:46:00,0.37602454
2026-01-06 17:47:00,0.32405186
2026-01-06 17:48:00,0.30964425
2026-01-06 17:49:00,0.33665308
2026-01-06 17:50:00,0.35398653
2026-01-06 17:51:00,0.36898547
2026-01-06 17:52:00,0.47446442
2026-01-06 17:53:00,0.48584038
2026-01-06 17:54:00,0.51689136
2026-01-06 17:55:00,0.4878509
2026-01-06 17:56:00,0.43361312
2026-01-06 17:57:00,0.41077122
2026-01-06 17:58:00,0.4307208
2026-01-06 17:59:00,0.43678227
2026-01-06 18:00:00,0.44212884
2026-01-06 18:01:00,0.422257
2026-01-06 18:02:00,0.39750975
2026-01-06 18:03:00,0.3824133
2026-01-06 18:04:00,0.4046111
2026-01-06 18:05:00,0.42959642
2026-01-06 18:06:00,0.37861747
2026-01-06 18:07:00,0.40237355
2026-01-06 18:08:00,0.36762
2026-01-06 18:09:00,0.38034588
2026-01-06 18:10:00,0.3655317
2026-01-06 18:11:00,0.42212638
2026-01-06 18:12:00,0.39475256
2026-01-06 18:13:00,0.39334977
2026-01-06 18:14:00,0.4090922
2026-01-06 18:15:00,0.36426693
2026-01-06 18:16:00,0.35498562
2026-01-06 18:17:00,0.33861163
2026-01-06 18:18:00,0.3135724
2026-01-06 18:19:00,0.29341403
2026-01-06 18:20:00,0.33685198
2026-01-06 18:21:00,0.30830655
2026-01-06 18:22:00,0.32855737
2026-01-06 18:23:00,0.33703002
2026-01-06 18:24:00,0.27627638
2026-01-06 18:25:00,0.29694358
2026-01-06 18:26:00,0.23856477
2026-01-06 18:27:00,0.26643527
2026-01-06 18:28:00,0.24657963
2026-01-06 18:29:00,0.2488498
2026-01-06 18:30:00,0.19874753
2026-01-06 18:31:00,0.20923513
2026-01-06 18:32:00,0.25098175
2026-01-06 18:33:00,0.21994741
2026-01-06 18:34:00,0.19930328
2026-01-06 18:35:00,0.22269784
2026-01-06 18:36:00,0.24513648
2026-01-06 18:37:00,0.14914401
2026-01-06 18:38:00,0.23873037
2026-01-06 18:39:00,0.26159185
2026-01-06 18:40:00,0.28927526
2026-01-06 18:41:00,0.28104204
2026-01-06 18:42:00,0.20491146
2026-01-06 18:43:00,0.23599103
2026-01-06 18:44:00,0.21490462
2026-01-06 18:45:00,0.23978685
2026-01-06 18:46:00,0.23208629
2026-01-06 18:47:00,0.24319261
2026-01-06 18:48:00,0.21280637
2026-01-06 18:49:00,0.25034398
2026-01-06 18:50:00,0.20268553
2026-01-06 18:51:00,0.29611555
2026-01-06 18:52:00,0.3816843
2026-01-06 18:53:00,0.43611574
2026-01-06 18:54:00,0.47182217
2026-01-06 18:55:00,0.45018947
2026-01-06 18:56:00,0.48024982
2026-01-06 18:57:00,0.4573152
2026-01-06 18:58:00,0.37784073
2026-01-06 18:59:00,0.4269121
2026-01-06 19:00:00,0.457002
2026-01-06 19:01:00,0.43819767
2026-01-06 19:02:00,0.37306356
2026-01-06 19:03:00,0.33861938
2026-01-06 19:04:00,0.25745296
2026-01-06 19:05:00,0.29334918
2026-01-06 19:06:00,0.22435847
2026-01-06 19:07:00,0.23641323
2026-01-06 19:08:00,0.20220342
2026-01-06 19:09:00,0.14733098
2026-01-06 19:10:00,0.16337185
2026-01-06 19:11:00,0.15516463
2026-01-06 19:12:00,0.1944151
2026-01-06 19:13:00,0.14621553
2026-01-06 19:14:00,0.12220551
2026-01-06 19:15:00,0.05
2026-01-06 19:16:00,0.05
2026-01-06 19:17:00,0.055165283
2026-01-06 19:18:00,0.15176573
2026-01-06 19:19:00,0.16092627
2026-01-06 19:20:00,0.13261497
2026-01-06 19:21:00,0.12750721
2026-01-06 19:22:00,0.16961263
2026-01-06 19:23:00,0.15275495
2026-01-06 19:24:00,0.16725087
2026-01-06 19:25:00,0.17049584
2026-01-06 19:26:00,0.15116346
2026-01-06 19:27:00,0.13500722
2026-01-06 19:28:00,0.15284899
2026-01-06 19:29:00,0.118380256
2026-01-06 19:30:00,0.14373915
2026-01-06 19:31:00,0.13006265
2026-01-06 19:32:00,0.14136404
2026-01-06 19:33:00,0.20195122
2026-01-06 19:34:00,0.19553162
2026-01-06 19:35:00,0.23307203
2026-01-06 19:36:00,0.15906253
2026-01-06 19:37:00,0.14376767
2026-01-06 19:38:00,0.14954577
2026-01-06 19:39:00,0.23061486
2026-01-06 19:40:00,0.14979489
2026-01-06 19:41:00,0.14991826
2026-01-06 19:42:00,0.21207598
2026-01-06 19:43:00,0.17952125
2026-01-06 19:44:00,0.17238694
2026-01-06 19:45:00,0.18753552
2026-01-06 19:46:00,0.19551226
2026-01-06 19:47:00,0.2580309
2026-01-06 19:48:00,0.27078593
2026-01-06 19:49:00,0.31762257
2026-01-06 19:50:00,0.29313132
2026-01-06 19:51:00,0.25530925
2026-01-06 19:52:00,0.24103585
2026-01-06 19:53:00,0.19050018
2026-01-06 19:54:00,0.20964329
2026-01-06 19:55:00,0.19241093
2026-01-06 19:56:00,0.1650526
2026-01-06 19:57:00,0.18663293
2026-01-06 19:58:00,0.14072426
2026-01-06 19:59:00,0.17498963
2026-01-06 20:00:00,0.1564931
2026-01-06 20:01:00,0.20490684
2026-01-06 20:02:00,0.18730755
2026-01-06 20:03:00,0.21203582
2026-01-06 20:04:00,0.21662591
2026-01-06 20:05:00,0.24335665
2026-01-06 20:06:00,0.24252525
2026-01-06 20:07:00,0.17076139
2026-01-06 20:08:00,0.21156137
2026-01-06 20:09:00,0.20517363
2026-01-06 20:10:00,0.23432049
2026-01-06 20:11:00,0.25710073
2026-01-06 20:12:00,0.21945302
2026-01-06 20:13:00,0.17909361
2026-01-06 20:14:00,0.20470573
2026-01-06 20:15:00,0.18986173
2026-01-06 20:16:00,0.22572967
2026-01-06 20:17:00,0.21408054
2026-01-06 20:18:00,0.25136566
2026-01-06 20:19:00,0.26160187
2026-01-06 20:20:00,0.26554444
2026-01-06 20:21:00,0.24263087
2026-01-06 20:22:00,0.24574693
2026-01-06 20:23:00,0.28696996
2026-01-06 20:24:00,0.27495202
2026-01-06 20:25:00,0.28725097
2026-01-06 20:26:00,0.27911353
2026-01-06 20:27:00,0.2746973
2026-01-06 20:28:00,0.33452734
2026-01-06 20:29:00,0.36864474
2026-01-06 20:30:00,0.355081
2026-01-06 20:31:00,0.34794596
2026-01-06 20:32:00,0.3046706
2026-01-06 20:33:00,0.28595537
2026-01-06 20:34:00,0.28797463
2026-01-06 20:35:00,0.31142366
2026-01-06 20:36:00,0.32888415
2026-01-06 20:37:00,0.2705519
2026-01-06 20:38:00,0.30027953
2026-01-06 20:39:00,0.2849426
2026-01-06 20:40:00,0.23484813
2026-01-06 20:41:00,0.28164074
2026-01-06 20:42:00,0.32971054
2026-01-06 20:43:00,0.32589853
2026-01-06 20:44:00,0.34013873
2026-01-06 20:45:00,0.35553166
2026-01-06 20:46:00,0.39477202
2026-01-06 20:47:00,0.40411127
2026-01-06 20:48:00,0.3304197
2026-01-06 20:49:00,0.39607012
2026-01-06 20:50:00,0.41864964
2026-01-06 20:51:00,0.376363
2026-01-06 20:52:00,0.31660306
2026-01-06 20:53:00,0.32294947
2026-01-06 20:54:00,0.2974136
2026-01-06 20:55:00,0.29819945
2026-01-06 20:56:00,0.31540784
2026-01-06 20:57:00,0.27879485
2026-01-06 20:58:00,0.2230738
2026-01-06 20:59:00,0.23183733
2026-01-06 21:00:00,0.20308167
2026-01-06 21:01:00,0.20375624
2026-01-06 21:02:00,0.1447507
2026-01-06 21:03:00,0.13406238
2026-01-06 21:04:00,0.16286585
2026-01-06 21:05:00,0.18495591
2026-01-06 21:06:00,0.14945906
2026-01-06 21:07:00,0.10155795
2026-01-06 21:08:00,0.10480258
2026-01-06 21:09:00,0.12955125
2026-01-06 21:10:00,0.14603883
2026-01-06 21:11:00,0.124467455
2026-01-06 21:12:00,0.13697489
2026-01-06 21:13:00,0.196617
2026-01-06 21:14:00,0.19955364
2026-01-06 21:15:00,0.12867828
2026-01-06 21:16:00,0.13688181
2026-01-06 21:17:00,0.21801455
2026-01-06 21:18:00,0.15935831
2026-01-06 21:19:00,0.158035
2026-01-06 21:20:00,0.14653128
2026-01-06 21:21:00,0.14879303
2026-01-06 21:22:00,0.15476534
2026-01-06 21:23:00,0.19804569
2026-01-06 21:24:00,0.19561337
2026-01-06 21:25:00,0.24103235
2026-01-06 21:26:00,0.2269791
2026-01-06 21:27:00,0.20470911
2026-01-06 21:28:00,0.17141739
2026-01-06 21:29:00,0.094831675
2026-01-06 21:30:00,0.10804667
2026-01-06 21:31:00,0.19129266
2026-01-06 21:32:00,0.20400809
2026-01-06 21:33:00,0.22480679
2026-01-06 21:34:00,0.19991075
2026-01-06 21:35:00,0.18371493
2026-01-06 21:36:00,0.21793468
2026-01-06 21:37:00,0.29034016
2026-01-06 21:38:00,0.33608487
2026-01-06 21:39:00,0.3508237
2026-01-06 21:40:00,0.33354175
2026-01-06 21:41:00,0.32458752
2026-01-06 21:42:00,0.27778324
2026-01-06 21:43:00,0.2068999
2026-01-06 21:44:00,0.1545053
2026-01-06 21:45:00,0.15332977
2026-01-06 21:46:00,0.1385405
2026-01-06 21:47:00,0.077800564
2026-01-06 21:48:00,0.079169035
2026-01-06 21:49:00,0.069148526
2026-01-06 21:50:00,0.05
2026-01-06 21:51:00,0.05
2026-01-06 21:52:00,0.05
2026-01-06 21:53:00,0.05
2026-01-06 21:54:00,0.05
2026-01-06 21:55:00,0.05
2026-01-06 21:56:00,0.05
2026-01-06 21:57:00,0.05
2026-01-06 21:58:00,0.05
2026-01-06 21:59:00,0.05
2026-01-06 22:00:00,0.05
2026-01-06 22:01:00,0.05
2026-01-06 22:02:00,0.05
2026-01-06 22:03:00,0.05
2026-01-06 22:04:00,0.05
2026-01-06 22:05:00,0.05
2026-01-06 22:06:00,0.05
2026-01-06 22:07:00,0.12319508
2026-01-06 22:08:00,0.11398581
2026-01-06 22:09:00,0.13552059
2026-01-06 22:10:00,0.15890962
2026-01-06 22:11:00,0.18380241
2026-01-06 22:12:00,0.18899871
2026-01-06 22:13:00,0.18992524
2026-01-06 22:14:00,0.18700945
2026-01-06 22:15:00,0.15724619
2026-01-06 22:16:00,0.16589713
2026-01-06 22:17:00,0.24195401
2026-01-06 22:18:00,0.279181
2026-01-06 22:19:00,0.27713284
2026-01-06 22:20:00,0.29729876
2026-01-06 22:21:00,0.24682528
2026-01-06 22:22:00,0.22471058
2026-01-06 22:23:00,0.25267422
2026-01-06 22:24:00,0.2999484
2026-01-06 22:25:00,0.25309455
2026-01-06 22:26:00,0.22145562
2026-01-06 22:27:00,0.29892215
2026-01-06 22:28:00,0.39356583
2026-01-06 22:29:00,0.43221515
2026-01-06 22:30:00,0.40501148
2026-01-06 22:31:00,0.3831103
2026-01-06 22:32:00,0.3421643
2026-01-06 22:33:00,0.35545328
2026-01-06 22:34:00,0.38513497
2026-01-06 22:35:00,0.31742173
2026-01-06 22:36:00,0.2829904
2026-01-06 22:37:00,0.3024726
2026-01-06 22:38:00,0.27898303
2026-01-06 22:39:00,0.24312054
2026-01-06 22:40:00,0.27048787
2026-01-06 22:41:00,0.29961866
2026-01-06 22:42:00,0.26445287
2026-01-06 22:43:00,0.25870666
2026-01-06 22:44:00,0.19668654
2026-01-06 22:45:00,0.1522266
2026-01-06 22:46:00,0.15217075
2026-01-06 22:47:00,0.1484563
2026-01-06 22:48:00,0.739751
2026-01-06 22:49:00,0.595736
2026-01-06 22:50:00,0.460721
2026-01-06 22:51:00,0.40669042
2026-01-06 22:52:00,0.2677623
2026-01-06 22:53:00,0.18449225
2026-01-06 22:54:00,0.07899351
2026-01-06 22:55:00,0.07744519
2026-01-06 22:56:00,0.05
2026-01-06 22:57:00,0.05
2026-01-06 22:58:00,0.050226465
2026-01-06 22:59:00,0.11169671
2026-01-06 23:00:00,0.05
2026-01-06 23:01:00,0.05
2026-01-06 23:02:00,0.05
2026-01-06 23:03:00,0.05
2026-01-06 23:04:00,0.05
2026-01-06 23:05:00,0.05
2026-01-06 23:06:00,0.05
2026-01-06 23:07:00,0.05
2026-01-06 23:08:00,0.05
2026-01-06 23:09:00,0.05
2026-01-06 23:10:00,0.05
2026-01-06 23:11:00,0.05
2026-01-06 23:12:00,0.05
2026-01-06 23:13:00,0.05
2026-01-06 23:14:00,0.05
2026-01-06 23:15:00,0.05
2026-01-06 23:16:00,0.05
2026-01-06 23:17:00,0.05
2026-01-06 23:18:00,0.05
2026-01-06 23:19:00,0.05
2026-01-06 23:20:00,0.05
2026-01-06 23:21:00,0.061793197
2026-01-06 23:22:00,0.05
2026-01-06 23:23:00,0.05
2026-01-06 23:24:00,0.09277966
2026-01-06 23:25:00,0.05
2026-01-06 23:26:00,0.123474814
2026-01-06 23:27:00,0.06697836
2026-01-06 23:28:00,0.05475172
2026-01-06 23:29:00,0.05
2026-01-06 23:30:00,0.1122212
2026-01-06 23:31:00,0.09004693
2026-01-06 23:32:00,0.06974315
2026-01-06 23:33:00,0.056263324
2026-01-06 23:34:00,0.06251176
2026-01-06 23:35:00,0.051294267
2026-01-06 23:36:00,0.05
2026-01-06 23:37:00,0.05
2026-01-06 23:38:00,0.05
2026-01-06 23:39:00,0.05
2026-01-06 23:40:00,0.05
2026-01-06 23:41:00,0.053411398
2026-01-06 23:42:00,0.05
2026-01-06 23:43:00,0.08418006
2026-01-06 23:44:00,0.05
2026-01-06 23:45:00,0.07462473
2026-01-06 23:46:00,0.05263624
2026-01-06 23:47:00,0.05
2026-01-06 23:48:00,0.05
2026-01-06 23:49:00,0.06908777
2026-01-06 23:50:00,0.077672526
2026-01-06 23:51:00,0.13818815
2026-01-06 23:52:00,0.104052275
2026-01-06 23:53:00,0.14450943
2026-01-06 23:54:00,0.11372866
2026-01-06 23:55:00,0.12050919
2026-01-06 23:56:00,0.12640099
2026-01-06 23:57:00,0.14961362
2026-01-06 23:58:00,0.15453921
2026-01-06 23:59:00,0.119474046
2026-01-07 00:00:00,0.15041469
2026-01-07 00:01:00,0.21441789
2026-01-07 00:02:00,0.18068546
2026-01-07 00:03:00,0.09959774
2026-01-07 00:04:00,0.11838256
2026-01-07 00:05:00,0.102448285
2026-01-07 00:06:00,0.09579576
2026-01-07 00:07:00,0.117170796
2026-01-07 00:08:00,0.09633738
2026-01-07 00:09:00,0.08467682
2026-01-07 00:10:00,0.0807032
2026-01-07 00:11:00,0.13984743
2026-01-07 00:12:00,0.13667798
2026-01-07 00:13:00,0.08313782
2026-01-07 00:14:00,0.05
2026-01-07 00:15:00,0.05
2026-01-07 00:16:00,0.05
2026-01-07 00:17:00,0.05
2026-01-07 00:18:00,0.05
2026-01-07 00:19:00,0.05
2026-01-07 00:20:00,0.05
2026-01-07 00:21:00,0.05
2026-01-07 00:22:00,0.05
2026-01-07 00:23:00,0.06766197
2026-01-07 00:24:00,0.093334675
2026-01-07 00:25:00,0.05
2026-01-07 00:26:00,0.05
2026-01-07 00:27:00,0.05
2026-01-07 00:28:00,0.05
2026-01-07 00:29:00,0.05
2026-01-07 00:30:00,0.05
2026-01-07 00:31:00,0.05498666
2026-01-07 00:32:00,0.117871255
2026-01-07 00:33:00,0.16049765
2026-01-07 00:34:00,0.149902
2026-01-07 00:35:00,0.13698505
2026-01-07 00:36:00,0.05
2026-01-07 00:37:00,0.05
2026-01-07 00:38:00,0.05
2026-01-07 00:39:00,0.05
2026-01-07 00:40:00,0.05
2026-01-07 00:41:00,0.05
2026-01-07 00:42:00,0.09237408
2026-01-07 00:43:00,0.09102093
2026-01-07 00:44:00,0.18205574
2026-01-07 00:45:00,0.18390171
2026-01-07 00:46:00,0.123906024
2026-01-07 00:47:00,0.098648734
2026-01-07 00:48:00,0.0829982
2026-01-07 00:49:00,0.10720807
2026-01-07 00:50:00,0.06791968
2026-01-07 00:51:00,0.05775916
2026-01-07 00:52:00,0.053902954
2026-01-07 00:53:00,0.05
2026-01-07 00:54:00,0.07546691
2026-01-07 00:55:00,0.10233202
2026-01-07 00:56:00,0.14807267
2026-01-07 00:57:00,0.13026555
2026-01-07 00:58:00,0.17524044
2026-01-07 00:59:00,0.11397195
2026-01-07 01:00:00,0.056645248
2026-01-07 01:01:00,0.05
2026-01-07 01:02:00,0.05
2026-01-07 01:03:00,0.07180837
2026-01-07 01:04:00,0.05
2026-01-07 01:05:00,0.05
2026-01-07 01:06:00,0.05
2026-01-07 01:07:00,0.057813935
2026-01-07 01:08:00,0.05
2026-01-07 01:09:00,0.05
2026-01-07 01:10:00,0.05
2026-01-07 01:11:00,0.05
2026-01-07 01:12:00,0.05
2026-01-07 01:13:00,0.05
2026-01-07 01:14:00,0.05
2026-01-07 01:15:00,0.062028527
2026-01-07 01:16:00,0.05
2026-01-07 01:17:00,0.10239149
2026-01-07 01:18:00,0.15799232
2026-01-07 01:19:00,0.15526117
2026-01-07 01:20:00,0.0905862
2026-01-07 01:21:00,0.18262757
2026-01-07 01:22:00,0.1912372
2026-01-07 01:23:00,0.17073229
2026-01-07 01:24:00,0.20308937
2026-01-07 01:25:00,0.22272605
2026-01-07 01:26:00,0.26515865
2026-01-07 01:27:00,0.22528681
2026-01-07 01:28:00,0.2278594
2026-01-07 01:29:00,0.17007448
2026-01-07 01:30:00,0.1910228
2026-01-07 01:31:00,0.18274653
2026-01-07 01:32:00,0.18731324
2026-01-07 01:33:00,0.17444316
2026-01-07 01:34:00,0.15844022
2026-01-07 01:35:00,0.119051136
2026-01-07 01:36:00,0.14918317
2026-01-07 01:37:00,0.20489936
2026-01-07 01:38:00,0.1743273
2026-01-07 01:39:00,0.19063354
2026-01-07 01:40:00,0.20080537
2026-01-07 01:41:00,0.19322461
2026-01-07 01:42:00,0.12488738
2026-01-07 01:43:00,0.07104207
2026-01-07 01:44:00,0.05
2026-01-07 01:45:00,0.05
2026-01-07 01:46:00,0.05
2026-01-07 01:47:00,0.050012406
2026-01-07 01:48:00,0.05315076
2026-01-07 01:49:00,0.05
2026-01-07 01:50:00,0.05
2026-01-07 01:51:00,0.05
2026-01-07 01:52:00,0.05
2026-01-07 01:53:00,0.05
2026-01-07 01:54:00,0.05
2026-01-07 01:55:00,0.05
2026-01-07 01:56:00,0.05
2026-01-07 01:57:00,0.088581175
2026-01-07 01:58:00,0.0762665
2026-01-07 01:59:00,0.051199205
2026-01-07 02:00:00,0.11249288
2026-01-07 02:01:00,0.11401132
2026-01-07 02:02:00,0.15726314
2026-01-07 02:03:00,0.12602586
2026-01-07 02:04:00,0.18099384
2026-01-07 02:05:00,0.18627211
2026-01-07 02:06:00,0.19760433
2026-01-07 02:07:00,0.19593365
2026-01-07 02:08:00,0.16894266
2026-01-07 02:09:00,0.16429305
2026-01-07 02:10:00,0.14240973
2026-01-07 02:11:00,0.17839335
2026-01-07 02:12:00,0.16502519
2026-01-07 02:13:00,0.1010197
2026-01-07 02:14:00,0.05
2026-01-07 02:15:00,0.05
2026-01-07 02:16:00,0.05
2026-01-07 02:17:00,0.05
2026-01-07 02:18:00,0.05
2026-01-07 02:19:00,0.05
2026-01-07 02:20:00,0.05
2026-01-07 02:21:00,0.05
2026-01-07 02:22:00,0.21318686
2026-01-07 02:23:00,0.08114233
2026-01-07 02:24:00,0.058015544
2026-01-07 02:25:00,0.17084792
2026-01-07 02:26:00,0.21328475
2026-01-07 02:27:00,0.25762555
2026-01-07 02:28:00,0.17927164
2026-01-07 02:29:00,0.15005569
2026-01-07 02:30:00,0.076440595
2026-01-07 02:31:00,0.13373487
2026-01-07 02:32:00,0.16746664
2026-01-07 02:33:00,0.17308347
2026-01-07 02:34:00,0.17175873
2026-01-07 02:35:00,0.21985576
2026-01-07 02:36:00,0.25794154
2026-01-07 02:37:00,0.2913551
2026-01-07 02:38:00,0.29446247
2026-01-07 02:39:00,0.26543728
2026-01-07 02:40:00,0.28368393
2026-01-07 02:41:00,0.30267677
2026-01-07 02:42:00,0.28009427
2026-01-07 02:43:00,0.25307396
2026-01-07 02:44:00,0.28775236
2026-01-07 02:45:00,0.34102228
2026-01-07 02:46:00,0.29360673
2026-01-07 02:47:00,0.26952782
2026-01-07 02:48:00,0.27203882
2026-01-07 02:49:00,0.27985746
2026-01-07 02:50:00,0.24676622
2026-01-07 02:51:00,0.3126258
2026-01-07 02:52:00,0.31482258
2026-01-07 02:53:00,0.32127398
2026-01-07 02:54:00,0.37636486
2026-01-07 02:55:00,0.33878344
2026-01-07 02:56:00,0.3186844
2026-01-07 02:57:00,0.25364652
2026-01-07 02:58:00,0.23709805
2026-01-07 02:59:00,0.16925676
2026-01-07 03:00:00,0.19635932
2026-01-07 03:01:00,0.2082244
2026-01-07 03:02:00,0.1913019
2026-01-07 03:03:00,0.18284291
2026-01-07 03:04:00,0.20957983
2026-01-07 03:05:00,0.15833068
2026-01-07 03:06:00,0.16482326
2026-01-07 03:07:00,0.19065331
2026-01-07 03:08:00,0.11518873
2026-01-07 03:09:00,0.14449297
2026-01-07 03:10:00,0.077136055
2026-01-07 03:11:00,0.07746969
2026-01-07 03:12:00,0.05
2026-01-07 03:13:00,0.101654105
2026-01-07 03:14:00,0.05857569
2026-01-07 03:15:00,0.05
2026-01-07 03:16:00,0.05
2026-01-07 03:17:00,0.05
2026-01-07 03:18:00,0.05
2026-01-07 03:19:00,0.05
2026-01-07 03:20:00,0.05
2026-01-07 03:21:00,0.05
2026-01-07 03:22:00,0.05
2026-01-07 03:23:00,0.05
2026-01-07 03:24:00,0.05
2026-01-07 03:25:00,0.07726088
2026-01-07 03:26:00,0.07651087
2026-01-07 03:27:00,0.05
2026-01-07 03:28:00,0.05
2026-01-07 03:29:00,0.08313338
2026-01-07 03:30:00,0.13775174
2026-01-07 03:31:00,0.15723896
2026-01-07 03:32:00,0.109136716
2026-01-07 03:33:00,0.091514505
2026-01-07 03:34:00,0.17372805
2026-01-07 03:35:00,0.11540154
2026-01-07 03:36:00,0.07255358
2026-01-07 03:37:00,0.11680457
2026-01-07 03:38:00,0.10262122
2026-01-07 03:39:00,0.05960193
2026-01-07 03:40:00,0.12846571
2026-01-07 03:41:00,0.14919567
2026-01-07 03:42:00,0.13460441
2026-01-07 03:43:00,0.09067261
2026-01-07 03:44:00,0.1780335
2026-01-07 03:45:00,0.17558189
2026-01-07 03:46:00,0.23024823
2026-01-07 03:47:00,0.26044405
2026-01-07 03:48:00,0.23169336
2026-01-07 03:49:00,0.20561172
2026-01-07 03:50:00,0.2600375
2026-01-07 03:51:00,0.31080806
2026-01-07 03:52:00,0.22399044
2026-01-07 03:53:00,0.24123701
2026-01-07 03:54:00,0.2303151
2026-01-07 03:55:00,0.18383382
2026-01-07 03:56:00,0.19292514
2026-01-07 03:57:00,0.13688691
2026-01-07 03:58:00,0.12070905
2026-01-07 03:59:00,0.09259648
2026-01-07 04:00:00,0.07873218
2026-01-07 04:01:00,0.08316166
2026-01-07 04:02:00,0.05
2026-01-07 04:03:00,0.122182645
2026-01-07 04:04:00,0.14588396
2026-01-07 04:05:00,0.2197932
2026-01-07 04:06:00,0.20965695
2026-01-07 04:07:00,0.18483639
2026-01-07 04:08:00,0.25434303
2026-01-07 04:09:00,0.22488365
2026-01-07 04:10:00,0.21382542
2026-01-07 04:11:00,0.2396393
2026-01-07 04:12:00,0.18513119
2026-01-07 04:13:00,0.21299878
2026-01-07 04:14:00,0.23357345
2026-01-07 04:15:00,0.2799959
2026-01-07 04:16:00,0.307588
2026-01-07 04:17:00,0.34942508
2026-01-07 04:18:00,0.3315543
2026-01-07 04:19:00,0.2850785
2026-01-07 04:20:00,0.36128247
2026-01-07 04:21:00,0.2859785
2026-01-07 04:22:00,0.22076197
2026-01-07 04:23:00,0.24048442
2026-01-07 04:24:00,0.30107954
2026-01-07 04:25:00,0.29946598
2026-01-07 04:26:00,0.33042812
2026-01-07 04:27:00,0.23916575
2026-01-07 04:28:00,0.21511152
2026-01-07 04:29:00,0.13806257
2026-01-07 04:30:00,0.17340907
2026-01-07 04:31:00,0.11287955
2026-01-07 04:32:00,0.06802644
2026-01-07 04:33:00,0.09849307
2026-01-07 04:34:00,0.14849223
2026-01-07 04:35:00,0.14571783
2026-01-07 04:36:00,0.17238925
2026-01-07 04:37:00,0.19568999
2026-01-07 04:38:00,0.18705666
2026-01-07 04:39:00,0.14400159
2026-01-07 04:40:00,0.17083374
2026-01-07 04:41:00,0.19750658
2026-01-07 04:42:00,0.23334199
2026-01-07 04:43:00,0.24309169
2026-01-07 04:44:00,0.19289835
2026-01-07 04:45:00,0.22113386
2026-01-07 04:46:00,0.2195016
2026-01-07 04:47:00,0.19880576
2026-01-07 04:48:00,0.18734995
2026-01-07 04:49:00,0.16104616
2026-01-07 04:50:00,0.20007132
2026-01-07 04:51:00,0.1437569
2026-01-07 04:52:00,0.10899372
2026-01-07 04:53:00,0.1036612
2026-01-07 04:54:00,0.17651749
2026-01-07 04:55:00,0.2212279
2026-01-07 04:56:00,0.1546182
2026-01-07 04:57:00,0.21308656
2026-01-07 04:58:00,0.26686227
2026-01-07 04:59:00,0.21546088
2026-01-07 05:00:00,0.114335835
2026-01-07 05:01:00,0.119332656
2026-01-07 05:02:00,0.17177813
2026-01-07 05:03:00,0.23884419
2026-01-07 05:04:00,0.20212428
2026-01-07 05:05:00,0.27331725
2026-01-07 05:06:00,0.17968152
2026-01-07 05:07:00,0.16799529
2026-01-07 05:08:00,0.15534106
2026-01-07 05:09:00,0.20654474
2026-01-07 05:10:00,0.25955456
2026-01-07 05:11:00,0.29462445
2026-01-07 05:12:00,0.23476194
2026-01-07 05:13:00,0.26827946
2026-01-07 05:14:00,0.28503698
2026-01-07 05:15:00,0.21330743
2026-01-07 05:16:00,0.13154982
2026-01-07 05:17:00,0.18059786
2026-01-07 05:18:00,0.17706355
2026-01-07 05:19:00,0.12967391
2026-01-07 05:20:00,0.1292212
2026-01-07 05:21:00,0.15175875
2026-01-07 05:22:00,0.15468325
2026-01-07 05:23:00,0.098674215
2026-01-07 05:24:00,0.18471359
2026-01-07 05:25:00,0.22868235
2026-01-07 05:26:00,0.21561606
2026-01-07 05:27:00,0.20527278
2026-01-07 05:28:00,0.2220068
2026-01-07 05:29:00,0.17790443
2026-01-07 05:30:00,0.195489
2026-01-07 05:31:00,0.14559743
2026-01-07 05:32:00,0.15017223
2026-01-07 05:33:00,0.11052682
2026-01-07 05:34:00,0.076139964
2026-01-07 05:35:00,0.15512386
2026-01-07 05:36:00,0.16439685
2026-01-07 05:37:00,0.17892307
2026-01-07 05:38:00,0.10360369
2026-01-07 05:39:00,0.0909531
2026-01-07 05:40:00,0.12171133
2026-01-07 05:41:00,0.13939425
2026-01-07 05:42:00,0.06180441
2026-01-07 05:43:00,0.0849371
2026-01-07 05:44:00,0.1126648
2026-01-07 05:45:00,0.17493132
2026-01-07 05:46:00,0.15472582
2026-01-07 05:47:00,0.07273244
2026-01-07 05:48:00,0.05
2026-01-07 05:49:00,0.05
2026-01-07 05:50:00,0.0678947
2026-01-07 05:51:00,0.05
2026-01-07 05:52:00,0.05
2026-01-07 05:53:00,0.09514069
2026-01-07 05:54:00,0.10465018
2026-01-07 05:55:00,0.1497034
2026-01-07 05:56:00,0.090247594
2026-01-07 05:57:00,0.05
2026-01-07 05:58:00,0.11129187
2026-01-07 05:59:00,0.12596427
2026-01-07 06:00:00,0.13986449
2026-01-07 06:01:00,0.104070224
2026-01-07 06:02:00,0.120134965
2026-01-07 06:03:00,0.08525388
2026-01-07 06:04:00,0.14665918
2026-01-07 06:05:00,0.26495397
2026-01-07 06:06:00,0.2841766
2026-01-07 06:07:00,0.25723943
2026-01-07 06:08:00,0.15663128
2026-01-07 06:09:00,0.09815298
2026-01-07 06:10:00,0.17403206
2026-01-07 06:11:00,0.1405787
2026-01-07 06:12:00,0.13623098
2026-01-07 06:13:00,0.17336859
2026-01-07 06:14:00,0.24070153
2026-01-07 06:15:00,0.23545787
2026-01-07 06:16:00,0.22251342
2026-01-07 06:17:00,0.2297372
2026-01-07 06:18:00,0.20849246
2026-01-07 06:19:00,0.19117862
2026-01-07 06:20:00,0.21475548
2026-01-07 06:21:00,0.22745954
2026-01-07 06:22:00,0.3170761
2026-01-07 06:23:00,0.33188888
2026-01-07 06:24:00,0.37408394
2026-01-07 06:25:00,0.32408133
2026-01-07 06:26:00,0.3420115
2026-01-07 06:27:00,0.3086565
2026-01-07 06:28:00,0.3227819
2026-01-07 06:29:00,0.34757426
2026-01-07 06:30:00,0.34491187
2026-01-07 06:31:00,0.4368352
2026-01-07 06:32:00,0.48230523
2026-01-07 06:33:00,0.51418275
2026-01-07 06:34:00,0.5270661
2026-01-07 06:35:00,0.57895625
2026-01-07 06:36:00,0.49875647
2026-01-07 06:37:00,0.5373373
2026-01-07 06:38:00,0.47844514
2026-01-07 06:39:00,0.4414152
2026-01-07 06:40:00,0.4524516
2026-01-07 06:41:00,0.4895529
2026-01-07 06:42:00,0.428289
2026-01-07 06:43:00,0.39764234
2026-01-07 06:44:00,0.39392534
2026-01-07 06:45:00,0.37922475
2026-01-07 06:46:00,0.40739113
2026-01-07 06:47:00,0.536655
2026-01-07 06:48:00,0.53498864
2026-01-07 06:49:00,0.48735008
2026-01-07 06:50:00,0.4211453
2026-01-07 06:51:00,0.39916232
2026-01-07 06:52:00,0.35441348
2026-01-07 06:53:00,0.36963186
2026-01-07 06:54:00,0.38308704
2026-01-07 06:55:00,0.35893363
2026-01-07 06:56:00,0.43471292
2026-01-07 06:57:00,0.39568928
2026-01-07 06:58:00,0.38450375
2026-01-07 06:59:00,0.40463242
2026-01-07 07:00:00,0.43334213
2026-01-07 07:01:00,0.4752516
2026-01-07 07:02:00,0.4799208
2026-01-07 07:03:00,0.50918883
2026-01-07 07:04:00,0.4675504
2026-01-07 07:05:00,0.4926464
2026-01-07 07:06:00,0.51527643
2026-01-07 07:07:00,0.56049824
2026-01-07 07:08:00,0.47492522
2026-01-07 07:09:00,0.42672408
2026-01-07 07:10:00,0.45166788
2026-01-07 07:11:00,0.33571187
2026-01-07 07:12:00,0.35484314
2026-01-07 07:13:00,0.39523175
2026-01-07 07:14:00,0.36701807
2026-01-07 07:15:00,0.3469849
2026-01-07 07:16:00,0.30287242
2026-01-07 07:17:00,0.28446856
2026-01-07 07:18:00,0.26877216
2026-01-07 07:19:00,0.24679652
2026-01-07 07:20:00,0.22446147
2026-01-07 07:21:00,0.22265613
2026-01-07 07:22:00,0.22058724
2026-01-07 07:23:00,0.3050493
2026-01-07 07:24:00,0.2920977
2026-01-07 07:25:00,0.3097916
2026-01-07 07:26:00,0.2893046
2026-01-07 07:27:00,0.270024
2026-01-07 07:28:00,0.2077708
2026-01-07 07:29:00,0.1558939
2026-01-07 07:30:00,0.12281779
2026-01-07 07:31:00,0.14809142
2026-01-07 07:32:00,0.2071181
2026-01-07 07:33:00,0.14698492
2026-01-07 07:34:00,0.1412417
2026-01-07 07:35:00,0.103321165
2026-01-07 07:36:00,0.112614535
2026-01-07 07:37:00,0.174842
2026-01-07 07:38:00,0.17126085
2026-01-07 07:39:00,0.18401644
2026-01-07 07:40:00,0.25593698
2026-01-07 07:41:00,0.28228632
2026-01-07 07:42:00,0.2578835
2026-01-07 07:43:00,0.27226862
2026-01-07 07:44:00,0.24611977
2026-01-07 07:45:00,0.2720594
2026-01-07 07:46:00,0.29979354
2026-01-07 07:47:00,0.2500842
2026-01-07 07:48:00,0.26611912
2026-01-07 07:49:00,0.2692375
2026-01-07 07:50:00,0.29867148
2026-01-07 07:51:00,0.33729255
2026-01-07 07:52:00,0.35874295
2026-01-07 07:53:00,0.34732652
2026-01-07 07:54:00,0.38635913
2026-01-07 07:55:00,0.35008812
2026-01-07 07:56:00,0.29889512
2026-01-07 07:57:00,0.17688154
2026-01-07 07:58:00,0.18970937
2026-01-07 07:59:00,0.17152919
2026-01-07 08:00:00,0.20364979
2026-01-07 08:01:00,0.13851574
2026-01-07 08:02:00,0.13162851
2026-01-07 08:03:00,0.1700643
2026-01-07 08:04:00,0.14549497
2026-01-07 08:05:00,0.18052879
2026-01-07 08:06:00,0.17418253
2026-01-07 08:07:00,0.18938626
2026-01-07 08:08:00,0.22856595
2026-01-07 08:09:00,0.2789903
2026-01-07 08:10:00,0.29104194
2026-01-07 08:11:00,0.26594263
2026-01-07 08:12:00,0.2571633
2026-01-07 08:13:00,0.29295915
2026-01-07 08:14:00,0.25963593
2026-01-07 08:15:00,0.26277888
2026-01-07 08:16:00,0.25743043
2026-01-07 08:17:00,0.26388335
2026-01-07 08:18:00,0.23365569
2026-01-07 08:19:00,0.17221212
2026-01-07 08:20:00,0.21066377
2026-01-07 08:21:00,0.26384693
2026-01-07 08:22:00,0.20259514
2026-01-07 08:23:00,0.2327594
2026-01-07 08:24:00,0.28915247
2026-01-07 08:25:00,0.3216148
2026-01-07 08:26:00,0.31104833
2026-01-07 08:27:00,0.2803254
2026-01-07 08:28:00,0.29311046
2026-01-07 08:29:00,0.31161597
2026-01-07 08:30:00,0.3226328
2026-01-07 08:31:00,0.32180128
2026-01-07 08:32:00,0.28500617
2026-01-07 08:33:00,0.31143865
2026-01-07 08:34:00,0.33775342
2026-01-07 08:35:00,0.35123178
2026-01-07 08:36:00,0.36010864
2026-01-07 08:37:00,0.43107536
2026-01-07 08:38:00,0.40428922
2026-01-07 08:39:00,0.4559479
2026-01-07 08:40:00,0.42292482
2026-01-07 08:41:00,0.46633163
2026-01-07 08:42:00,0.5113115
2026-01-07 08:43:00,0.49170494
2026-01-07 08:44:00,0.55189604
2026-01-07 08:45:00,0.5596632
2026-01-07 08:46:00,0.51302475
2026-01-07 08:47:00,0.49031007
2026-01-07 08:48:00,0.52975714
2026-01-07 08:49:00,0.5577282
2026-01-07 08:50:00,0.50428474
2026-01-07 08:51:00,0.4919354
2026-01-07 08:52:00,0.49435228
2026-01-07 08:53:00,0.46819755
2026-01-07 08:54:00,0.55881804
2026-01-07 08:55:00,0.5572899
2026-01-07 08:56:00,0.5441313
2026-01-07 08:57:00,0.5821979
2026-01-07 08:58:00,0.5550425
2026-01-07 08:59:00,0.5850308
2026-01-07 09:00:00,0.5056791
2026-01-07 09:01:00,0.48130384
2026-01-07 09:02:00,0.5190526
2026-01-07 09:03:00,0.57469136
2026-01-07 09:04:00,0.53220385
2026-01-07 09:05:00,0.48851871
2026-01-07 09:06:00,0.5066832
2026-01-07 09:07:00,0.47583923
2026-01-07 09:08:00,0.46170473
2026-01-07 09:09:00,0.49456376
2026-01-07 09:10:00,0.468037
2026-01-07 09:11:00,0.38684246
2026-01-07 09:12:00,0.3387799
2026-01-07 09:13:00,0.34706646
2026-01-07 09:14:00,0.27981728
2026-01-07 09:15:00,0.2806606
2026-01-07 09:16:00,0.2377008
2026-01-07 09:17:00,0.31952083
2026-01-07 09:18:00,0.4158647
2026-01-07 09:19:00,0.3756286
2026-01-07 09:20:00,0.39127046
2026-01-07 09:21:00,0.35703504
2026-01-07 09:22:00,0.35164237
2026-01-07 09:23:00,0.4312526
2026-01-07 09:24:00,0.41374755
2026-01-07 09:25:00,0.4049285
2026-01-07 09:26:00,0.37061468
2026-01-07 09:27:00,0.42265376
2026-01-07 09:28:00,0.29421028
2026-01-07 09:29:00,0.28891966
2026-01-07 09:30:00,0.29998696
2026-01-07 09:31:00,0.28561932
2026-01-07 09:32:00,0.33344373
2026-01-07 09:33:00,0.39103898
2026-01-07 09:34:00,0.33952114
2026-01-07 09:35:00,0.43240276
2026-01-07 09:36:00,0.3772407
2026-01-07 09:37:00,0.43502358
2026-01-07 09:38:00,0.44268787
2026-01-07 09:39:00,0.42365372
2026-01-07 09:40:00,0.40997124
2026-01-07 09:41:00,0.41247284
2026-01-07 09:42:00,0.42450657
2026-01-07 09:43:00,0.39048943
2026-01-07 09:44:00,0.38669673
2026-01-07 09:45:00,0.3617923
2026-01-07 09:46:00,0.32115903
2026-01-07 09:47:00,0.29973954
2026-01-07 09:48:00,0.2667804
2026-01-07 09:49:00,0.26570383
2026-01-07 09:50:00,0.29887128
2026-01-07 09:51:00,0.31696722
2026-01-07 09:52:00,0.40781298
2026-01-07 09:53:00,0.32405105
2026-01-07 09:54:00,0.35423338
2026-01-07 09:55:00,0.36353558
2026-01-07 09:56:00,0.40451455
2026-01-07 09:57:00,0.4382977
2026-01-07 09:58:00,0.43417025
2026-01-07 09:59:00,0.44392878
2026-01-07 10:00:00,0.4162876
2026-01-07 10:01:00,0.44521713
2026-01-07 10:02:00,0.3721792
2026-01-07 10:03:00,0.41126126
2026-01-07 10:04:00,0.4152653
2026-01-07 10:05:00,0.4004417
2026-01-07 10:06:00,0.3970331
2026-01-07 10:07:00,0.39687827
2026-01-07 10:08:00,0.45504314
2026-01-07 10:09:00,0.5860494
2026-01-07 10:10:00,0.62607694
2026-01-07 10:11:00,0.59154075
2026-01-07 10:12:00,0.60761786
2026-01-07 10:13:00,0.62419647
2026-01-07 10:14:00,0.57555455
2026-01-07 10:15:00,0.5174236
2026-01-07 10:16:00,0.5118886
2026-01-07 10:17:00,0.5416805
2026-01-07 10:18:00,0.47235253
2026-01-07 10:19:00,0.44425106
2026-01-07 10:20:00,0.4701832
2026-01-07 10:21:00,0.47284684
2026-01-07 10:22:00,0.53032225
2026-01-07 10:23:00,0.47013655
2026-01-07 10:24:00,0.5653492
2026-01-07 10:25:00,0.49738052
2026-01-07 10:26:00,0.41524404
2026-01-07 10:27:00,0.41852978
2026-01-07 10:28:00,0.37857172
2026-01-07 10:29:00,0.38567907
2026-01-07 10:30:00,0.39085925
2026-01-07 10:31:00,0.39078307
2026-01-07 10:32:00,0.36488712
2026-01-07 10:33:00,0.39210486
2026-01-07 10:34:00,0.38718438
2026-01-07 10:35:00,0.4395363
2026-01-07 10:36:00,0.43637687
2026-01-07 10:37:00,0.40213716
2026-01-07 10:38:00,0.34175175
2026-01-07 10:39:00,0.34685853
2026-01-07 10:40:00,0.30770996
2026-01-07 10:41:00,0.26849964
2026-01-07 10:42:00,0.3075592
2026-01-07 10:43:00,0.25132492
2026-01-07 10:44:00,0.32721955
2026-01-07 10:45:00,0.34697887
2026-01-07 10:46:00,0.35705006
2026-01-07 10:47:00,0.32671326
2026-01-07 10:48:00,0.3708033
2026-01-07 10:49:00,0.380709
2026-01-07 10:50:00,0.3625282
2026-01-07 10:51:00,0.38127208
2026-01-07 10:52:00,0.323245
2026-01-07 10:53:00,0.27179104
2026-01-07 10:54:00,0.24509136
2026-01-07 10:55:00,0.27934816
2026-01-07 10:56:00,0.2967846
2026-01-07 10:57:00,0.35494697
2026-01-07 10:58:00,0.3297285
2026-01-07 10:59:00,0.36634445
2026-01-07 11:00:00,0.37251988
2026-01-07 11:01:00,0.34506422
2026-01-07 11:02:00,0.37296876
2026-01-07 11:03:00,0.3806174
2026-01-07 11:04:00,0.36515883
2026-01-07 11:05:00,0.37781027
2026-01-07 11:06:00,0.38261664
2026-01-07 11:07:00,0.3861001
2026-01-07 11:08:00,0.37897632
2026-01-07 11:09:00,0.33675542
2026-01-07 11:10:00,0.3531277
2026-01-07 11:11:00,0.33311754
2026-01-07 11:12:00,0.3060299
2026-01-07 11:13:00,0.31232023
2026-01-07 11:14:00,0.357122
2026-01-07 11:15:00,0.37642828
2026-01-07 11:16:00,0.3655447
2026-01-07 11:17:00,0.35394824
2026-01-07 11:18:00,0.39159006
2026-01-07 11:19:00,0.3049424
2026-01-07 11:20:00,0.3530141
2026-01-07 11:21:00,0.29040805
2026-01-07 11:22:00,0.25117764
2026-01-07 11:23:00,0.25115383
2026-01-07 11:24:00,0.3585297
2026-01-07 11:25:00,0.43762916
2026-01-07 11:26:00,0.47158486
2026-01-07 11:27:00,0.48884746
2026-01-07 11:28:00,0.4159971
2026-01-07 11:29:00,0.42975664
2026-01-07 11:30:00,0.41419637
2026-01-07 11:31:00,0.3892028
2026-01-07 11:32:00,0.4050871
2026-01-07 11:33:00,0.39468324
2026-01-07 11:34:00,0.43874687
2026-01-07 11:35:00,0.3670937
2026-01-07 11:36:00,0.38162956
2026-01-07 11:37:00,0.35685596
2026-01-07 11:38:00,0.35286015
2026-01-07 11:39:00,0.3777716
2026-01-07 11:40:00,0.34382954
2026-01-07 11:41:00,0.36388084
2026-01-07 11:42:00,0.36728138
2026-01-07 11:43:00,0.35249564
2026-01-07 11:44:00,0.3465088
2026-01-07 11:45:00,0.3536568
2026-01-07 11:46:00,0.33571634
2026-01-07 11:47:00,0.35022277
2026-01-07 11:48:00,0.3521719
2026-01-07 11:49:00,0.3406546
2026-01-07 11:50:00,0.41811714
2026-01-07 11:51:00,0.44241163
2026-01-07 11:52:00,0.4328572
2026-01-07 11:53:00,0.44522244
2026-01-07 11:54:00,0.4097033
2026-01-07 11:55:00,0.4006394
2026-01-07 11:56:00,0.39697978
2026-01-07 11:57:00,0.35655534
2026-01-07 11:58:00,0.38474151
2026-01-07 11:59:00,0.3749645
2026-01-07 12:00:00,0.37198558
2026-01-07 12:01:00,0.36072457
2026-01-07 12:02:00,0.49148625
2026-01-07 12:03:00,0.46692786
2026-01-07 12:04:00,0.3881004
2026-01-07 12:05:00,0.33433732
2026-01-07 12:06:00,0.37925273
2026-01-07 12:07:00,0.44366866
2026-01-07 12:08:00,0.42220876
2026-01-07 12:09:00,0.48090258
2026-01-07 12:10:00,0.51341325
2026-01-07 12:11:00,0.50608665
2026-01-07 12:12:00,0.8138002
2026-01-07 12:13:00,0.7655399
2026-01-07 12:14:00,0.75472033
2026-01-07 12:15:00,0.73024815
2026-01-07 12:16:00,0.66861457
2026-01-07 12:17:00,0.6351691
2026-01-07 12:18:00,0.6932043
2026-01-07 12:19:00,0.6795158
2026-01-07 12:20:00,0.6933865
2026-01-07 12:21:00,0.69439673
2026-01-07 12:22:00,0.98
2026-01-07 12:23:00,0.97210634
2026-01-07 12:24:00,0.93805885
2026-01-07 12:25:00,0.9056266
2026-01-07 12:26:00,0.86255294
2026-01-07 12:27:00,0.7886811
2026-01-07 12:28:00,0.7672227
2026-01-07 12:29:00,0.73210937
2026-01-07 12:30:00,0.6923945
2026-01-07 12:31:00,0.77717394
2026-01-07 12:32:00,0.68796295
2026-01-07 12:33:00,0.7070252
2026-01-07 12:34:00,0.65272623
2026-01-07 12:35:00,0.6433545
2026-01-07 12:36:00,0.73290694
2026-01-07 12:37:00,0.674613
2026-01-07 12:38:00,0.63097763
2026-01-07 12:39:00,0.61945987
2026-01-07 12:40:00,0.57598007
2026-01-07 12:41:00,0.6054784
2026-01-07 12:42:00,0.5760765
2026-01-07 12:43:00,0.5967339
2026-01-07 12:44:00,0.5365454
2026-01-07 12:45:00,0.46217558
2026-01-07 12:46:00,0.4569576
2026-01-07 12:47:00,0.3986474
2026-01-07 12:48:00,0.46853018
2026-01-07 12:49:00,0.41094488
2026-01-07 12:50:00,0.37768692
2026-01-07 12:51:00,0.40516973
2026-01-07 12:52:00,0.39047587
2026-01-07 12:53:00,0.33969244
2026-01-07 12:54:00,0.4353171
2026-01-07 12:55:00,0.4016354
2026-01-07 12:56:00,0.40286773
2026-01-07 12:57:00,0.40348583
2026-01-07 12:58:00,0.44083408
2026-01-07 12:59:00,0.46527386
2026-01-07 13:00:00,0.43618837
2026-01-07 13:01:00,0.42946333
2026-01-07 13:02:00,0.42722595
2026-01-07 13:03:00,0.46419525
2026-01-07 13:04:00,0.42150733
2026-01-07 13:05:00,0.5096825
2026-01-07 13:06:00,0.47970182
2026-01-07 13:07:00,0.48212636
2026-01-07 13:08:00,0.43829608
2026-01-07 13:09:00,0.39243367
2026-01-07 13:10:00,0.3671772
2026-01-07 13:11:00,0.34008467
2026-01-07 13:12:00,0.33739698
2026-01-07 13:13:00,0.31232238
2026-01-07 13:14:00,0.35622033
2026-01-07 13:15:00,0.3374506
2026-01-07 13:16:00,0.3157343
2026-01-07 13:17:00,0.31577396
2026-01-07 13:18:00,0.37122717
2026-01-07 13:19:00,0.39110968
2026-01-07 13:20:00,0.39680266
2026-01-07 13:21:00,0.34868932
2026-01-07 13:22:00,0.3160215
2026-01-07 13:23:00,0.28052166
2026-01-07 13:24:00,0.35125458
2026-01-07 13:25:00,0.38525927
2026-01-07 13:26:00,0.36083788
2026-01-07 13:27:00,0.3502414
2026-01-07 13:28:00,0.33003682
2026-01-07 13:29:00,0.30900633
2026-01-07 13:30:00,0.34348506
2026-01-07 13:31:00,0.3452719
2026-01-07 13:32:00,0.4416435
2026-01-07 13:33:00,0.49705228
2026-01-07 13:34:00,0.5503721
2026-01-07 13:35:00,0.57387996
2026-01-07 13:36:00,0.55172473
2026-01-07 13:37:00,0.57213783
2026-01-07 13:38:00,0.55303043
2026-01-07 13:39:00,0.6145932
2026-01-07 13:40:00,0.62216794
2026-01-07 13:41:00,0.62343645
2026-01-07 13:42:00,0.61916816
2026-01-07 13:43:00,0.6797449
2026-01-07 13:44:00,0.60849035
2026-01-07 13:45:00,0.67379284
2026-01-07 13:46:00,0.6528683
2026-01-07 13:47:00,0.5847924
2026-01-07 13:48:00,0.54829425
2026-01-07 13:49:00,0.47874585
2026-01-07 13:50:00,0.50691336
2026-01-07 13:51:00,0.46512258
2026-01-07 13:52:00,0.47492623
2026-01-07 13:53:00,0.52254003
2026-01-07 13:54:00,0.49406746
2026-01-07 13:55:00,0.48400095
2026-01-07 13:56:00,0.43330064
2026-01-07 13:57:00,0.4232278
2026-01-07 13:58:00,0.5324267
2026-01-07 13:59:00,0.5610165
2026-01-07 14:00:00,0.54558253
2026-01-07 14:01:00,0.5174747
2026-01-07 14:02:00,0.514347
2026-01-07 14:03:00,0.5183459
2026-01-07 14:04:00,0.5000287
2026-01-07 14:05:00,0.52111036
2026-01-07 14:06:00,0.48113313
2026-01-07 14:07:00,0.4441241
2026-01-07 14:08:00,0.4631864
2026-01-07 14:09:00,0.41913715
2026-01-07 14:10:00,0.45448476
2026-01-07 14:11:00,0.45723885
2026-01-07 14:12:00,0.38719338
2026-01-07 14:13:00,0.40021342
2026-01-07 14:14:00,0.34037122
2026-01-07 14:15:00,0.38042158
2026-01-07 14:16:00,0.37954932
2026-01-07 14:17:00,0.46270296
2026-01-07 14:18:00,0.50797725
2026-01-07 14:19:00,0.46431282
2026-01-07 14:20:00,0.38570276
2026-01-07 14:21:00,0.3639698
2026-01-07 14:22:00,0.32529157
2026-01-07 14:23:00,0.41154957
2026-01-07 14:24:00,0.4174265
2026-01-07 14:25:00,0.460544
2026-01-07 14:26:00,0.45143512
2026-01-07 14:27:00,0.44723013
2026-01-07 14:28:00,0.4492035
2026-01-07 14:29:00,0.4965456
2026-01-07 14:30:00,0.5082634
2026-01-07 14:31:00,0.4642447
2026-01-07 14:32:00,0.5309003
2026-01-07 14:33:00,0.5155689
2026-01-07 14:34:00,0.49491403
2026-01-07 14:35:00,0.38091
2026-01-07 14:36:00,0.41454002
2026-01-07 14:37:00,0.42410135
2026-01-07 14:38:00,0.43281114
2026-01-07 14:39:00,0.4206706
2026-01-07 14:40:00,0.40256172
2026-01-07 14:41:00,0.39408284
2026-01-07 14:42:00,0.41954735
2026-01-07 14:43:00,0.44996807
2026-01-07 14:44:00,0.4431039
2026-01-07 14:45:00,0.48394203
2026-01-07 14:46:00,0.48035067
2026-01-07 14:47:00,0.45999026
2026-01-07 14:48:00,0.4693177
2026-01-07 14:49:00,0.4155399
2026-01-07 14:50:00,0.42970115
2026-01-07 14:51:00,0.3716858
2026-01-07 14:52:00,0.33884183
2026-01-07 14:53:00,0.26893845
2026-01-07 14:54:00,0.2783216
2026-01-07 14:55:00,0.35829502
2026-01-07 14:56:00,0.36275277
2026-01-07 14:57:00,0.39723063
2026-01-07 14:58:00,0.49724928
2026-01-07 14:59:00,0.51128566
2026-01-07 15:00:00,0.47737765
2026-01-07 15:01:00,0.45163688
2026-01-07 15:02:00,0.45303294
2026-01-07 15:03:00,0.42892343
2026-01-07 15:04:00,0.40968278
2026-01-07 15:05:00,0.45366254
2026-01-07 15:06:00,0.49570718
2026-01-07 15:07:00,0.4274131
2026-01-07 15:08:00,0.39767796
2026-01-07 15:09:00,0.38443437
2026-01-07 15:10:00,0.4147198
2026-01-07 15:11:00,0.4642873
2026-01-07 15:12:00,0.5721903
2026-01-07 15:13:00,0.5447001
2026-01-07 15:14:00,0.5213514
2026-01-07 15:15:00,0.53998667
2026-01-07 15:16:00,0.5062434
2026-01-07 15:17:00,0.49679324
2026-01-07 15:18:00,0.47707918
2026-01-07 15:19:00,0.37062037
2026-01-07 15:20:00,0.38241622
2026-01-07 15:21:00,0.38098675
2026-01-07 15:22:00,0.4377571
2026-01-07 15:23:00,0.43929768
2026-01-07 15:24:00,0.3902466
2026-01-07 15:25:00,0.38492635
2026-01-07 15:26:00,0.30665287
2026-01-07 15:27:00,0.269788
2026-01-07 15:28:00,0.30966908
2026-01-07 15:29:00,0.31098536
2026-01-07 15:30:00,0.35892943
2026-01-07 15:31:00,0.28740084
2026-01-07 15:32:00,0.2905103
2026-01-07 15:33:00,0.28398716
2026-01-07 15:34:00,0.33517826
2026-01-07 15:35:00,0.37088817
2026-01-07 15:36:00,0.40245816
2026-01-07 15:37:00,0.4674058
2026-01-07 15:38:00,0.45071438
2026-01-07 15:39:00,0.5034213
2026-01-07 15:40:00,0.45667624
2026-01-07 15:41:00,0.4121396
2026-01-07 15:42:00,0.44444624
2026-01-07 15:43:00,0.38380396
2026-01-07 15:44:00,0.41104808
2026-01-07 15:45:00,0.41718903
2026-01-07 15:46:00,0.46159446
2026-01-07 15:47:00,0.45712948
2026-01-07 15:48:00,0.45757496
2026-01-07 15:49:00,0.47604668
2026-01-07 15:50:00,0.44609708
2026-01-07 15:51:00,0.41673383
2026-01-07 15:52:00,0.43687743
2026-01-07 15:53:00,0.43519294
2026-01-07 15:54:00,0.41845396
2026-01-07 15:55:00,0.41596675
2026-01-07 15:56:00,0.4807035
2026-01-07 15:57:00,0.4586891
2026-01-07 15:58:00,0.43720642
2026-01-07 15:59:00,0.3679557
2026-01-07 16:00:00,0.3707788
2026-01-07 16:01:00,0.40127525
2026-01-07 16:02:00,0.4364341
2026-01-07 16:03:00,0.43959022
2026-01-07 16:04:00,0.47632742
2026-01-07 16:05:00,0.5010702
2026-01-07 16:06:00,0.5390308
2026-01-07 16:07:00,0.56873673
2026-01-07 16:08:00,0.61942106
2026-01-07 16:09:00,0.5963914
2026-01-07 16:10:00,0.52883685
2026-01-07 16:11:00,0.54624474
2026-01-07 16:12:00,0.56686026
2026-01-07 16:13:00,0.61733073
2026-01-07 16:14:00,0.65214163
2026-01-07 16:15:00,0.710661
2026-01-07 16:16:00,0.7113998
2026-01-07 16:17:00,0.69636333
2026-01-07 16:18:00,0.6179033
2026-01-07 16:19:00,0.6133682
2026-01-07 16:20:00,0.5746968
2026-01-07 16:21:00,0.56960416
2026-01-07 16:22:00,0.55856335
2026-01-07 16:23:00,0.56501865
2026-01-07 16:24:00,0.54811877
2026-01-07 16:25:00,0.5737885
2026-01-07 16:26:00,0.45100105
2026-01-07 16:27:00,0.45448563
2026-01-07 16:28:00,0.49811414
2026-01-07 16:29:00,0.5648774
2026-01-07 16:30:00,0.58069855
2026-01-07 16:31:00,0.63329315
2026-01-07 16:32:00,0.6209642
2026-01-07 16:33:00,0.6029005
2026-01-07 16:34:00,0.60726553
2026-01-07 16:35:00,0.58989835
2026-01-07 16:36:00,0.54267514
2026-01-07 16:37:00,0.5098354
2026-01-07 16:38:00,0.4556671
2026-01-07 16:39:00,0.47137398
2026-01-07 16:40:00,0.4650652
2026-01-07 16:41:00,0.44431418
2026-01-07 16:42:00,0.41688725
2026-01-07 16:43:00,0.4344438
2026-01-07 16:44:00,0.46153107
2026-01-07 16:45:00,0.40993226
2026-01-07 16:46:00,0.35609367
2026-01-07 16:47:00,0.39616895
2026-01-07 16:48:00,0.3397713
2026-01-07 16:49:00,0.3647089
2026-01-07 16:50:00,0.43034685
2026-01-07 16:51:00,0.49074507
2026-01-07 16:52:00,0.51097506
2026-01-07 16:53:00,0.52834207
2026-01-07 16:54:00,0.60596144
2026-01-07 16:55:00,0.49383676
2026-01-07 16:56:00,0.46540192
2026-01-07 16:57:00,0.49167228
2026-01-07 16:58:00,0.468327
2026-01-07 16:59:00,0.50984895
2026-01-07 17:00:00,0.4968007
2026-01-07 17:01:00,0.49155694
2026-01-07 17:02:00,0.4703925
2026-01-07 17:03:00,0.44092417
2026-01-07 17:04:00,0.41274565
2026-01-07 17:05:00,0.4194686
2026-01-07 17:06:00,0.38374048
2026-01-07 17:07:00,0.4198973
2026-01-07 17:08:00,0.44107816
2026-01-07 17:09:00,0.4783278
2026-01-07 17:10:00,0.4233794
2026-01-07 17:11:00,0.34992012
2026-01-07 17:12:00,0.35006452
2026-01-07 17:13:00,0.466232
2026-01-07 17:14:00,0.50771743
2026-01-07 17:15:00,0.4729728
2026-01-07 17:16:00,0.48008093
2026-01-07 17:17:00,0.49865812
2026-01-07 17:18:00,0.4318248
2026-01-07 17:19:00,0.47977322
2026-01-07 17:20:00,0.46231827
2026-01-07 17:21:00,0.44924378
2026-01-07 17:22:00,0.44170818
2026-01-07 17:23:00,0.4795198
2026-01-07 17:24:00,0.43823174
2026-01-07 17:25:00,0.36208925
2026-01-07 17:26:00,0.3731491
2026-01-07 17:27:00,0.28857353
2026-01-07 17:28:00,0.28038
2026-01-07 17:29:00,0.33227482
2026-01-07 17:30:00,0.3556205
2026-01-07 17:31:00,0.39554265
2026-01-07 17:32:00,0.41530442
2026-01-07 17:33:00,0.5049981
2026-01-07 17:34:00,0.46748674
2026-01-07 17:35:00,0.47234458
2026-01-07 17:36:00,0.44327703
2026-01-07 17:37:00,0.4722451
2026-01-07 17:38:00,0.45807394
2026-01-07 17:39:00,0.5161665
2026-01-07 17:40:00,0.47953844
2026-01-07 17:41:00,0.5232715
2026-01-07 17:42:00,0.5308596
2026-01-07 17:43:00,0.5127297
2026-01-07 17:44:00,0.51895946
2026-01-07 17:45:00,0.51335675
2026-01-07 17:46:00,0.511903
2026-01-07 17:47:00,0.48796546
2026-01-07 17:48:00,0.4460673
2026-01-07 17:49:00,0.42209473
2026-01-07 17:50:00,0.34603
2026-01-07 17:51:00,0.3769672
2026-01-07 17:52:00,0.32225794
2026-01-07 17:53:00,0.31253913
2026-01-07 17:54:00,0.3381385
2026-01-07 17:55:00,0.36925703
2026-01-07 17:56:00,0.29323718
2026-01-07 17:57:00,0.2905241
2026-01-07 17:58:00,0.31000486
2026-01-07 17:59:00,0.31153113
2026-01-07 18:00:00,0.36453074
2026-01-07 18:01:00,0.32656825
2026-01-07 18:02:00,0.24246655
2026-01-07 18:03:00,0.2793809
2026-01-07 18:04:00,0.25935882
2026-01-07 18:05:00,0.19199361
2026-01-07 18:06:00,0.19393206
2026-01-07 18:07:00,0.2511916
2026-01-07 18:08:00,0.20403133
2026-01-07 18:09:00,0.30452728
2026-01-07 18:10:00,0.26994196
2026-01-07 18:11:00,0.2750327
2026-01-07 18:12:00,0.22738408
2026-01-07 18:13:00,0.2338907
2026-01-07 18:14:00,0.23277621
2026-01-07 18:15:00,0.17743482
2026-01-07 18:16:00,0.29904744
2026-01-07 18:17:00,0.2779984
2026-01-07 18:18:00,0.2585823
2026-01-07 18:19:00,0.29917347
2026-01-07 18:20:00,0.37024027
2026-01-07 18:21:00,0.40802327
2026-01-07 18:22:00,0.34959325
2026-01-07 18:23:00,0.3523556
2026-01-07 18:24:00,0.2710002
2026-01-07 18:25:00,0.30739093
2026-01-07 18:26:00,0.23930934
2026-01-07 18:27:00,0.20986854
2026-01-07 18:28:00,0.21469785
2026-01-07 18:29:00,0.23698413
2026-01-07 18:30:00,0.22916494
2026-01-07 18:31:00,0.29308718
2026-01-07 18:32:00,0.31997722
2026-01-07 18:33:00,0.34149086
2026-01-07 18:34:00,0.2862339
2026-01-07 18:35:00,0.35246387
2026-01-07 18:36:00,0.31321388
2026-01-07 18:37:00,0.3786441
2026-01-07 18:38:00,0.45014203
2026-01-07 18:39:00,0.45545468
2026-01-07 18:40:00,0.48103285
2026-01-07 18:41:00,0.33988383
2026-01-07 18:42:00,0.32546
2026-01-07 18:43:00,0.3639934
2026-01-07 18:44:00,0.39225474
2026-01-07 18:45:00,0.33240277
2026-01-07 18:46:00,0.3142961
2026-01-07 18:47:00,0.20784943
2026-01-07 18:48:00,0.22781022
2026-01-07 18:49:00,0.15423882
2026-01-07 18:50:00,0.20702307
2026-01-07 18:51:00,0.2575923
2026-01-07 18:52:00,0.23775029
2026-01-07 18:53:00,0.25923952
2026-01-07 18:54:00,0.24939293
2026-01-07 18:55:00,0.25861284
2026-01-07 18:56:00,0.21144706
2026-01-07 18:57:00,0.23876344
2026-01-07 18:58:00,0.17326638
2026-01-07 18:59:00,0.105378434
2026-01-07 19:00:00,0.11116092
2026-01-07 19:01:00,0.11282771
2026-01-07 19:02:00,0.13362263
2026-01-07 19:03:00,0.11580145
2026-01-07 19:04:00,0.20073396
2026-01-07 19:05:00,0.20978864
2026-01-07 19:06:00,0.22093041
2026-01-07 19:07:00,0.22967553
2026-01-07 19:08:00,0.26986888
2026-01-07 19:09:00,0.28969204
2026-01-07 19:10:00,0.30249053
2026-01-07 19:11:00,0.32594517
2026-01-07 19:12:00,0.24502105
2026-01-07 19:13:00,0.1720033
2026-01-07 19:14:00,0.1731805
2026-01-07 19:15:00,0.16932109
2026-01-07 19:16:00,0.19679217
2026-01-07 19:17:00,0.19959642
2026-01-07 19:18:00,0.22457305
2026-01-07 19:19:00,0.17437613
2026-01-07 19:20:00,0.17751221
2026-01-07 19:21:00,0.12710835
2026-01-07 19:22:00,0.14977702
2026-01-07 19:23:00,0.079950355
2026-01-07 19:24:00,0.104697704
2026-01-07 19:25:00,0.054697186
2026-01-07 19:26:00,0.052040096
2026-01-07 19:27:00,0.10065853
2026-01-07 19:28:00,0.11861056
2026-01-07 19:29:00,0.060130022
2026-01-07 19:30:00,0.05
2026-01-07 19:31:00,0.05
2026-01-07 19:32:00,0.05
2026-01-07 19:33:00,0.05
2026-01-07 19:34:00,0.05
2026-01-07 19:35:00,0.05
2026-01-07 19:36:00,0.083313495
2026-01-07 19:37:00,0.09241664
2026-01-07 19:38:00,0.090259664
2026-01-07 19:39:00,0.056215625
2026-01-07 19:40:00,0.05014249
2026-01-07 19:41:00,0.05
2026-01-07 19:42:00,0.05
2026-01-07 19:43:00,0.05
2026-01-07 19:44:00,0.05
2026-01-07 19:45:00,0.15745729
2026-01-07 19:46:00,0.10662813
2026-01-07 19:47:00,0.10862271
2026-01-07 19:48:00,0.058442175
2026-01-07 19:49:00,0.053643957
2026-01-07 19:50:00,0.050787617
2026-01-07 19:51:00,0.09576926
2026-01-07 19:52:00,0.08530131
2026-01-07 19:53:00,0.08593575
2026-01-07 19:54:00,0.07689082
2026-01-07 19:55:00,0.05
2026-01-07 19:56:00,0.05
2026-01-07 19:57:00,0.05
2026-01-07 19:58:00,0.05
2026-01-07 19:59:00,0.065547474
2026-01-07 20:00:00,0.06555595
2026-01-07 20:01:00,0.064793736
2026-01-07 20:02:00,0.05
2026-01-07 20:03:00,0.05
2026-01-07 20:04:00,0.05
2026-01-07 20:05:00,0.06640556
2026-01-07 20:06:00,0.12798996
2026-01-07 20:07:00,0.12440822
2026-01-07 20:08:00,0.087632254
2026-01-07 20:09:00,0.093998216
2026-01-07 20:10:00,0.114406556
2026-01-07 20:11:00,0.10654925
2026-01-07 20:12:00,0.08931597
2026-01-07 20:13:00,0.11850065
2026-01-07 20:14:00,0.14264913
2026-01-07 20:15:00,0.13104802
2026-01-07 20:16:00,0.06800124
2026-01-07 20:17:00,0.09435356
2026-01-07 20:18:00,0.06958733
2026-01-07 20:19:00,0.086007275
2026-01-07 20:20:00,0.0985247
2026-01-07 20:21:00,0.05
2026-01-07 20:22:00,0.05
2026-01-07 20:23:00,0.07292167
2026-01-07 20:24:00,0.1056823
2026-01-07 20:25:00,0.11497045
2026-01-07 20:26:00,0.05
2026-01-07 20:27:00,0.100511655
2026-01-07 20:28:00,0.121781014
2026-01-07 20:29:00,0.076716155
2026-01-07 20:30:00,0.051820017
2026-01-07 20:31:00,0.069616646
2026-01-07 20:32:00,0.10387381
2026-01-07 20:33:00,0.08862268
2026-01-07 20:34:00,0.12707363
2026-01-07 20:35:00,0.057659544
2026-01-07 20:36:00,0.05
2026-01-07 20:37:00,0.05
2026-01-07 20:38:00,0.05
2026-01-07 20:39:00,0.05
2026-01-07 20:40:00,0.1036024
2026-01-07 20:41:00,0.11682291
2026-01-07 20:42:00,0.09400979
2026-01-07 20:43:00,0.089638375
2026-01-07 20:44:00,0.11336124
2026-01-07 20:45:00,0.05367914
2026-01-07 20:46:00,0.05
2026-01-07 20:47:00,0.10446389
2026-01-07 20:48:00,0.066023216
2026-01-07 20:49:00,0.05
2026-01-07 20:50:00,0.051240914
2026-01-07 20:51:00,0.07005365
2026-01-07 20:52:00,0.05098327
2026-01-07 20:53:00,0.061465308
2026-01-07 20:54:00,0.09229614
2026-01-07 20:55:00,0.17474964
2026-01-07 20:56:00,0.16704798
2026-01-07 20:57:00,0.16330956
2026-01-07 20:58:00,0.22256975
2026-01-07 20:59:00,0.19397423
2026-01-07 21:00:00,0.136609
2026-01-07 21:01:00,0.14676753
2026-01-07 21:02:00,0.18910113
2026-01-07 21:03:00,0.19939397
2026-01-07 21:04:00,0.19049221
2026-01-07 21:05:00,0.12819913
2026-01-07 21:06:00,0.12644237
2026-01-07 21:07:00,0.17643937
2026-01-07 21:08:00,0.123698264
2026-01-07 21:09:00,0.114704065
2026-01-07 21:10:00,0.100673035
2026-01-07 21:11:00,0.075309135
2026-01-07 21:12:00,0.08975317
2026-01-07 21:13:00,0.11081101
2026-01-07 21:14:00,0.12971942
2026-01-07 21:15:00,0.090684325
2026-01-07 21:16:00,0.05
2026-01-07 21:17:00,0.05
2026-01-07 21:18:00,0.05
2026-01-07 21:19:00,0.11400377
2026-01-07 21:20:00,0.19045636
2026-01-07 21:21:00,0.26499638
2026-01-07 21:22:00,0.2162979
2026-01-07 21:23:00,0.23183152
2026-01-07 21:24:00,0.25814313
2026-01-07 21:25:00,0.2778035
2026-01-07 21:26:00,0.2513389
2026-01-07 21:27:00,0.29229218
2026-01-07 21:28:00,0.27878013
2026-01-07 21:29:00,0.27141315
2026-01-07 21:30:00,0.19795704
2026-01-07 21:31:00,0.33043805
2026-01-07 21:32:00,0.2919962
2026-01-07 21:33:00,0.28762776
2026-01-07 21:34:00,0.27604735
2026-01-07 21:35:00,0.26455212
2026-01-07 21:36:00,0.24599089
2026-01-07 21:37:00,0.26308626
2026-01-07 21:38:00,0.24010858
2026-01-07 21:39:00,0.16929594
2026-01-07 21:40:00,0.18558268
2026-01-07 21:41:00,0.14582548
2026-01-07 21:42:00,0.08894161
2026-01-07 21:43:00,0.05
2026-01-07 21:44:00,0.06453691
2026-01-07 21:45:00,0.063851275
2026-01-07 21:46:00,0.05
2026-01-07 21:47:00,0.05
2026-01-07 21:48:00,0.05
2026-01-07 21:49:00,0.05
2026-01-07 21:50:00,0.05
2026-01-07 21:51:00,0.070727326
2026-01-07 21:52:00,0.105621934
2026-01-07 21:53:00,0.14677975
2026-01-07 21:54:00,0.05
2026-01-07 21:55:00,0.1083093
2026-01-07 21:56:00,0.13381612
2026-01-07 21:57:00,0.23026991
2026-01-07 21:58:00,0.18923694
2026-01-07 21:59:00,0.112220995
2026-01-07 22:00:00,0.11217067
2026-01-07 22:01:00,0.10079687
2026-01-07 22:02:00,0.12746945
2026-01-07 22:03:00,0.16883296
2026-01-07 22:04:00,0.16037199
2026-01-07 22:05:00,0.14642435
2026-01-07 22:06:00,0.1641023
2026-01-07 22:07:00,0.14917652
2026-01-07 22:08:00,0.13207096
2026-01-07 22:09:00,0.17139074
2026-01-07 22:10:00,0.21644291
2026-01-07 22:11:00,0.2508307
2026-01-07 22:12:00,0.23235205
2026-01-07 22:13:00,0.13646181
2026-01-07 22:14:00,0.12787879
2026-01-07 22:15:00,0.09556429
2026-01-07 22:16:00,0.09093821
2026-01-07 22:17:00,0.06500085
2026-01-07 22:18:00,0.067126006
2026-01-07 22:19:00,0.05
2026-01-07 22:20:00,0.05
2026-01-07 22:21:00,0.05
2026-01-07 22:22:00,0.05
2026-01-07 22:23:00,0.05
2026-01-07 22:24:00,0.059702367
2026-01-07 22:25:00,0.09947469
2026-01-07 22:26:00,0.13126257
2026-01-07 22:27:00,0.14080398
2026-01-07 22:28:00,0.16640368
2026-01-07 22:29:00,0.21589519
2026-01-07 22:30:00,0.22348143
2026-01-07 22:31:00,0.13994873
2026-01-07 22:32:00,0.11542262
2026-01-07 22:33:00,0.14183225
2026-01-07 22:34:00,0.113168254
2026-01-07 22:35:00,0.17666353
2026-01-07 22:36:00,0.16772608
2026-01-07 22:37:00,0.1654194
2026-01-07 22:38:00,0.20485598
2026-01-07 22:39:00,0.18881306
2026-01-07 22:40:00,0.18839811
2026-01-07 22:41:00,0.21690993
2026-01-07 22:42:00,0.14826508
2026-01-07 22:43:00,0.13257101
2026-01-07 22:44:00,0.1626911
2026-01-07 22:45:00,0.1598403
2026-01-07 22:46:00,0.21326804
2026-01-07 22:47:00,0.14067268
2026-01-07 22:48:00,0.06930349
2026-01-07 22:49:00,0.10201332
2026-01-07 22:50:00,0.13593343
2026-01-07 22:51:00,0.12476014
2026-01-07 22:52:00,0.13820928
2026-01-07 22:53:00,0.16435803
2026-01-07 22:54:00,0.12603542
2026-01-07 22:55:00,0.09504281
2026-01-07 22:56:00,0.10237646
2026-01-07 22:57:00,0.1376821
2026-01-07 22:58:00,0.08734585
2026-01-07 22:59:00,0.079741575
2026-01-07 23:00:00,0.07087904
2026-01-07 23:01:00,0.08919858
2026-01-07 23:02:00,0.088971764
2026-01-07 23:03:00,0.067261465
2026-01-07 23:04:00,0.11905201
2026-01-07 23:05:00,0.095172696
2026-01-07 23:06:00,0.08307675
2026-01-07 23:07:00,0.05
2026-01-07 23:08:00,0.05
2026-01-07 23:09:00,0.05
2026-01-07 23:10:00,0.05
2026-01-07 23:11:00,0.07068999
2026-01-07 23:12:00,0.09420096
2026-01-07 23:13:00,0.17728879
2026-01-07 23:14:00,0.1402954
2026-01-07 23:15:00,0.07138787
2026-01-07 23:16:00,0.05
2026-01-07 23:17:00,0.05
2026-01-07 23:18:00,0.05
2026-01-07 23:19:00,0.05
2026-01-07 23:20:00,0.05
2026-01-07 23:21:00,0.11064646
2026-01-07 23:22:00,0.12899049
2026-01-07 23:23:00,0.21133664
2026-01-07 23:24:00,0.18718064
2026-01-07 23:25:00,0.11390293
2026-01-07 23:26:00,0.15390718
2026-01-07 23:27:00,0.07503235
2026-01-07 23:28:00,0.05
2026-01-07 23:29:00,0.06991037
2026-01-07 23:30:00,0.0671818
2026-01-07 23:31:00,0.06112185
2026-01-07 23:32:00,0.05
2026-01-07 23:33:00,0.05
2026-01-07 23:34:00,0.066564694
2026-01-07 23:35:00,0.06896626
2026-01-07 23:36:00,0.05
2026-01-07 23:37:00,0.05
2026-01-07 23:38:00,0.05
2026-01-07 23:39:00,0.05
2026-01-07 23:40:00,0.05
2026-01-07 23:41:00,0.05
2026-01-07 23:42:00,0.05
2026-01-07 23:43:00,0.05
2026-01-07 23:44:00,0.05
2026-01-07 23:45:00,0.05
2026-01-07 23:46:00,0.05
2026-01-07 23:47:00,0.05
2026-01-07 23:48:00,0.05
2026-01-07 23:49:00,0.05
2026-01-07 23:50:00,0.0690511
2026-01-07 23:51:00,0.07584597
2026-01-07 23:52:00,0.09100107
2026-01-07 23:53:00,0.05
2026-01-07 23:54:00,0.05
2026-01-07 23:55:00,0.05
2026-01-07 23:56:00,0.05
2026-01-07 23:57:00,0.05
2026-01-07 23:58:00,0.06291386
2026-01-07 23:59:00,0.07015076
2026-01-08 00:00:00,0.053307872
2026-01-08 00:01:00,0.05068686
2026-01-08 00:02:00,0.12874785
2026-01-08 00:03:00,0.13412991
2026-01-08 00:04:00,0.11124424
2026-01-08 00:05:00,0.05
2026-01-08 00:06:00,0.10471597
2026-01-08 00:07:00,0.10398395
2026-01-08 00:08:00,0.05
2026-01-08 00:09:00,0.05
2026-01-08 00:10:00,0.05
2026-01-08 00:11:00,0.05
2026-01-08 00:12:00,0.05
2026-01-08 00:13:00,0.05
2026-01-08 00:14:00,0.05
2026-01-08 00:15:00,0.05
2026-01-08 00:16:00,0.08913899
2026-01-08 00:17:00,0.07825098
2026-01-08 00:18:00,0.2043449
2026-01-08 00:19:00,0.17596918
2026-01-08 00:20:00,0.13632064
2026-01-08 00:21:00,0.09493628
2026-01-08 00:22:00,0.08948853
2026-01-08 00:23:00,0.05
2026-01-08 00:24:00,0.05
2026-01-08 00:25:00,0.05
2026-01-08 00:26:00,0.05
2026-01-08 00:27:00,0.05
2026-01-08 00:28:00,0.05
2026-01-08 00:29:00,0.05
2026-01-08 00:30:00,0.09330186
2026-01-08 00:31:00,0.05342092
2026-01-08 00:32:00,0.05385263
2026-01-08 00:33:00,0.05
2026-01-08 00:34:00,0.05
2026-01-08 00:35:00,0.05
2026-01-08 00:36:00,0.05
2026-01-08 00:37:00,0.05
2026-01-08 00:38:00,0.11931827
2026-01-08 00:39:00,0.13724358
2026-01-08 00:40:00,0.09671284
2026-01-08 00:41:00,0.08517469
2026-01-08 00:42:00,0.05717216
2026-01-08 00:43:00,0.09550505
2026-01-08 00:44:00,0.05
2026-01-08 00:45:00,0.05
2026-01-08 00:46:00,0.05
2026-01-08 00:47:00,0.05
2026-01-08 00:48:00,0.07537387
2026-01-08 00:49:00,0.13558817
2026-01-08 00:50:00,0.15697664
2026-01-08 00:51:00,0.15216768
2026-01-08 00:52:00,0.18286566
2026-01-08 00:53:00,0.13356471
2026-01-08 00:54:00,0.060223863
2026-01-08 00:55:00,0.0840247
2026-01-08 00:56:00,0.05
2026-01-08 00:57:00,0.052978892
2026-01-08 00:58:00,0.06474881
2026-01-08 00:59:00,0.0807408
2026-01-08 01:00:00,0.12306462
2026-01-08 01:01:00,0.15779853
2026-01-08 01:02:00,0.16429569
2026-01-08 01:03:00,0.14481777
2026-01-08 01:04:00,0.14891481
2026-01-08 01:05:00,0.124551184
2026-01-08 01:06:00,0.11815421
2026-01-08 01:07:00,0.22487974
2026-01-08 01:08:00,0.22565486
2026-01-08 01:09:00,0.23711748
2026-01-08 01:10:00,0.20146172
2026-01-08 01:11:00,0.23770854
2026-01-08 01:12:00,0.26069188
2026-01-08 01:13:00,0.28214842
2026-01-08 01:14:00,0.27981895
2026-01-08 01:15:00,0.3104771
2026-01-08 01:16:00,0.34821203
2026-01-08 01:17:00,0.3434147
2026-01-08 01:18:00,0.32312298
2026-01-08 01:19:00,0.34485257
2026-01-08 01:20:00,0.29292688
2026-01-08 01:21:00,0.25263315
2026-01-08 01:22:00,0.24218093
2026-01-08 01:23:00,0.16507457
2026-01-08 01:24:00,0.19692709
2026-01-08 01:25:00,0.15464364
2026-01-08 01:26:00,0.13543272
2026-01-08 01:27:00,0.1281204
2026-01-08 01:28:00,0.4014778
2026-01-08 01:29:00,0.3407396
2026-01-08 01:30:00,0.30080503
2026-01-08 01:31:00,0.268394
2026-01-08 01:32:00,0.22638182
2026-01-08 01:33:00,0.17739847
2026-01-08 01:34:00,0.20875296
2026-01-08 01:35:00,0.112001255
2026-01-08 01:36:00,0.10045069
2026-01-08 01:37:00,0.08054462
2026-01-08 01:38:00,0.09876881
2026-01-08 01:39:00,0.05
2026-01-08 01:40:00,0.05
2026-01-08 01:41:00,0.05
2026-01-08 01:42:00,0.082220204
2026-01-08 01:43:00,0.09988255
2026-01-08 01:44:00,0.055845752
2026-01-08 01:45:00,0.05
2026-01-08 01:46:00,0.087246954
2026-01-08 01:47:00,0.05
2026-01-08 01:48:00,0.05
2026-01-08 01:49:00,0.05779375
2026-01-08 01:50:00,0.050229255
2026-01-08 01:51:00,0.16664764
2026-01-08 01:52:00,0.14951634
2026-01-08 01:53:00,0.16834772
2026-01-08 01:54:00,0.13711347
2026-01-08 01:55:00,0.16021629
2026-01-08 01:56:00,0.19526304
2026-01-08 01:57:00,0.16922185
2026-01-08 01:58:00,0.16665651
2026-01-08 01:59:00,0.13073228
2026-01-08 02:00:00,0.08777359
2026-01-08 02:01:00,0.13555416
2026-01-08 02:02:00,0.1159335
2026-01-08 02:03:00,0.05
2026-01-08 02:04:00,0.10576659
2026-01-08 02:05:00,0.07875813
2026-01-08 02:06:00,0.0761889
2026-01-08 02:07:00,0.14936571
2026-01-08 02:08:00,0.14543147
2026-01-08 02:09:00,0.14099711
2026-01-08 02:10:00,0.094372876
2026-01-08 02:11:00,0.05
2026-01-08 02:12:00,0.05
2026-01-08 02:13:00,0.06493328
2026-01-08 02:14:00,0.08593799
2026-01-08 02:15:00,0.07384019
2026-01-08 02:16:00,0.08282049
2026-01-08 02:17:00,0.05
2026-01-08 02:18:00,0.05
2026-01-08 02:19:00,0.06490804
2026-01-08 02:20:00,0.15293945
2026-01-08 02:21:00,0.15533185
2026-01-08 02:22:00,0.11957792
2026-01-08 02:23:00,0.122413464
2026-01-08 02:24:00,0.113990694
2026-01-08 02:25:00,0.13679394
2026-01-08 02:26:00,0.14151247
2026-01-08 02:27:00,0.09443245
2026-01-08 02:28:00,0.05
2026-01-08 02:29:00,0.058509603
2026-01-08 02:30:00,0.123951495
2026-01-08 02:31:00,0.13206105
2026-01-08 02:32:00,0.16893381
2026-01-08 02:33:00,0.21089152
2026-01-08 02:34:00,0.2197065
2026-01-08 02:35:00,0.18461986
2026-01-08 02:36:00,0.19278732
2026-01-08 02:37:00,0.2408275
2026-01-08 02:38:00,0.25799298
2026-01-08 02:39:00,0.28257555
2026-01-08 02:40:00,0.25681624
2026-01-08 02:41:00,0.24358213
2026-01-08 02:42:00,0.23480882
2026-01-08 02:43:00,0.22949028
2026-01-08 02:44:00,0.2734267
2026-01-08 02:45:00,0.1733009
2026-01-08 02:46:00,0.17635189
2026-01-08 02:47:00,0.17481595
2026-01-08 02:48:00,0.12178155
2026-01-08 02:49:00,0.15477979
2026-01-08 02:50:00,0.12934692
2026-01-08 02:51:00,0.12070716
2026-01-08 02:52:00,0.20105122
2026-01-08 02:53:00,0.24147578
2026-01-08 02:54:00,0.26130757
2026-01-08 02:55:00,0.2718654
2026-01-08 02:56:00,0.25982156
2026-01-08 02:57:00,0.3353651
2026-01-08 02:58:00,0.35703862
2026-01-08 02:59:00,0.31497172
2026-01-08 03:00:00,0.25031057
2026-01-08 03:01:00,0.27801904
2026-01-08 03:02:00,0.26936358
2026-01-08 03:03:00,0.2066934
2026-01-08 03:04:00,0.22352625
2026-01-08 03:05:00,0.21127427
2026-01-08 03:06:00,0.23213829
2026-01-08 03:07:00,0.24790958
2026-01-08 03:08:00,0.22054026
2026-01-08 03:09:00,0.24511626
2026-01-08 03:10:00,0.22259957
2026-01-08 03:11:00,0.20458199
2026-01-08 03:12:00,0.18412177
2026-01-08 03:13:00,0.23191546
2026-01-08 03:14:00,0.21950755
2026-01-08 03:15:00,0.27429387
2026-01-08 03:16:00,0.3412177
2026-01-08 03:17:00,0.3019764
2026-01-08 03:18:00,0.17865895
2026-01-08 03:19:00,0.22390151
2026-01-08 03:20:00,0.21013899
2026-01-08 03:21:00,0.17658186
2026-01-08 03:22:00,0.15688048
2026-01-08 03:23:00,0.14578353
2026-01-08 03:24:00,0.2041265
2026-01-08 03:25:00,0.21238256
2026-01-08 03:26:00,0.26499733
2026-01-08 03:27:00,0.28189948
2026-01-08 03:28:00,0.26538324
2026-01-08 03:29:00,0.24701507
2026-01-08 03:30:00,0.26826704
2026-01-08 03:31:00,0.29824367
2026-01-08 03:32:00,0.3329492
2026-01-08 03:33:00,0.3146176
2026-01-08 03:34:00,0.31529507
2026-01-08 03:35:00,0.3323447
2026-01-08 03:36:00,0.30938342
2026-01-08 03:37:00,0.25829348
2026-01-08 03:38:00,0.22451127
2026-01-08 03:39:00,0.21611504
2026-01-08 03:40:00,0.2445945
2026-01-08 03:41:00,0.29474095
2026-01-08 03:42:00,0.23634948
2026-01-08 03:43:00,0.2130525
2026-01-08 03:44:00,0.20127393
2026-01-08 03:45:00,0.23661646
2026-01-08 03:46:00,0.2162944
2026-01-08 03:47:00,0.2016094
2026-01-08 03:48:00,0.14888528
2026-01-08 03:49:00,0.17627181
2026-01-08 03:50:00,0.1757522
2026-01-08 03:51:00,0.15564561
2026-01-08 03:52:00,0.1530064
2026-01-08 03:53:00,0.20611656
2026-01-08 03:54:00,0.16978075
2026-01-08 03:55:00,0.14295931
2026-01-08 03:56:00,0.20211878
2026-01-08 03:57:00,0.20956537
2026-01-08 03:58:00,0.24025467
2026-01-08 03:59:00,0.2578483
2026-01-08 04:00:00,0.25663078
2026-01-08 04:01:00,0.24307218
2026-01-08 04:02:00,0.27787295
2026-01-08 04:03:00,0.32320145
2026-01-08 04:04:00,0.36185867
2026-01-08 04:05:00,0.30671814
2026-01-08 04:06:00,0.35568562
2026-01-08 04:07:00,0.33430365
2026-01-08 04:08:00,0.29883048
2026-01-08 04:09:00,0.28970554
2026-01-08 04:10:00,0.32141146
2026-01-08 04:11:00,0.3390372
2026-01-08 04:12:00,0.323502
2026-01-08 04:13:00,0.35301512
2026-01-08 04:14:00,0.3523387
2026-01-08 04:15:00,0.32328704
2026-01-08 04:16:00,0.2912412
2026-01-08 04:17:00,0.30657434
2026-01-08 04:18:00,0.30105552
2026-01-08 04:19:00,0.24434376
2026-01-08 04:20:00,0.28116092
2026-01-08 04:21:00,0.26202086
2026-01-08 04:22:00,0.32739365
2026-01-08 04:23:00,0.26781836
2026-01-08 04:24:00,0.26198673
2026-01-08 04:25:00,0.23593758
2026-01-08 04:26:00,0.20104149
2026-01-08 04:27:00,0.18856958
2026-01-08 04:28:00,0.2674772
2026-01-08 04:29:00,0.27507213
2026-01-08 04:30:00,0.2447443
2026-01-08 04:31:00,0.17545415
2026-01-08 04:32:00,0.11608642
2026-01-08 04:33:00,0.10895289
2026-01-08 04:34:00,0.09859011
2026-01-08 04:35:00,0.10553118
2026-01-08 04:36:00,0.05
2026-01-08 04:37:00,0.05
2026-01-08 04:38:00,0.10930817
2026-01-08 04:39:00,0.18962745
2026-01-08 04:40:00,0.122920364
2026-01-08 04:41:00,0.105362885
2026-01-08 04:42:00,0.08718751
2026-01-08 04:43:00,0.11055582
2026-01-08 04:44:00,0.0775266
2026-01-08 04:45:00,0.1633131
2026-01-08 04:46:00,0.17677926
2026-01-08 04:47:00,0.18259382
2026-01-08 04:48:00,0.25667036
2026-01-08 04:49:00,0.26056328
2026-01-08 04:50:00,0.28089204
2026-01-08 04:51:00,0.25364393
2026-01-08 04:52:00,0.2780178
2026-01-08 04:53:00,0.24939117
2026-01-08 04:54:00,0.33637688
2026-01-08 04:55:00,0.3554343
2026-01-08 04:56:00,0.3596197
2026-01-08 04:57:00,0.31426474
2026-01-08 04:58:00,0.34874174
2026-01-08 04:59:00,0.29029304
2026-01-08 05:00:00,0.22864716
2026-01-08 05:01:00,0.21268837
2026-01-08 05:02:00,0.29891044
2026-01-08 05:03:00,0.37629104
2026-01-08 05:04:00,0.35379612
2026-01-08 05:05:00,0.3244297
2026-01-08 05:06:00,0.2589866
2026-01-08 05:07:00,0.26771328
2026-01-08 05:08:00,0.27928174
2026-01-08 05:09:00,0.31519243
2026-01-08 05:10:00,0.35323027
2026-01-08 05:11:00,0.34404406
2026-01-08 05:12:00,0.3658669
2026-01-08 05:13:00,0.3358069
2026-01-08 05:14:00,0.35778332
2026-01-08 05:15:00,0.3363507
2026-01-08 05:16:00,0.35541692
2026-01-08 05:17:00,0.3698333
2026-01-08 05:18:00,0.37081993
2026-01-08 05:19:00,0.40086678
2026-01-08 05:20:00,0.33402053
2026-01-08 05:21:00,0.29284835
2026-01-08 05:22:00,0.28687042
2026-01-08 05:23:00,0.23454802
2026-01-08 05:24:00,0.22797231
2026-01-08 05:25:00,0.2233166
2026-01-08 05:26:00,0.28651014
2026-01-08 05:27:00,0.29806626
2026-01-08 05:28:00,0.34427768
2026-01-08 05:29:00,0.35778588
2026-01-08 05:30:00,0.33682364
2026-01-08 05:31:00,0.34441763
2026-01-08 05:32:00,0.37533647
2026-01-08 05:33:00,0.42244485
2026-01-08 05:34:00,0.4128603
2026-01-08 05:35:00,0.3435388
2026-01-08 05:36:00,0.27705577
2026-01-08 05:37:00,0.27165163
2026-01-08 05:38:00,0.186325
2026-01-08 05:39:00,0.27324972
2026-01-08 05:40:00,0.3053987
2026-01-08 05:41:00,0.2857771
2026-01-08 05:42:00,0.24887149
2026-01-08 05:43:00,0.30053467
2026-01-08 05:44:00,0.26250044
2026-01-08 05:45:00,0.23143142
2026-01-08 05:46:00,0.21304542
2026-01-08 05:47:00,0.23143809
2026-01-08 05:48:00,0.2687344
2026-01-08 05:49:00,0.32602885
2026-01-08 05:50:00,0.37293872
2026-01-08 05:51:00,0.37443516
2026-01-08 05:52:00,0.4167092
2026-01-08 05:53:00,0.38804808
2026-01-08 05:54:00,0.315793
2026-01-08 05:55:00,0.2954157
2026-01-08 05:56:00,0.2713716
2026-01-08 05:57:00,0.2563303
2026-01-08 05:58:00,0.22950539
2026-01-08 05:59:00,0.22486578
2026-01-08 06:00:00,0.26395133
2026-01-08 06:01:00,0.34382874
2026-01-08 06:02:00,0.27980107
2026-01-08 06:03:00,0.23850955
2026-01-08 06:04:00,0.22048251
2026-01-08 06:05:00,0.26629496
2026-01-08 06:06:00,0.26972482
2026-01-08 06:07:00,0.25222397
2026-01-08 06:08:00,0.29386717
2026-01-08 06:09:00,0.3418757
2026-01-08 06:10:00,0.34714818
2026-01-08 06:11:00,0.32021132
2026-01-08 06:12:00,0.33900034
2026-01-08 06:13:00,0.33625546
2026-01-08 06:14:00,0.33353165
2026-01-08 06:15:00,0.32028174
2026-01-08 06:16:00,0.36569875
2026-01-08 06:17:00,0.38059008
2026-01-08 06:18:00,0.4258348
2026-01-08 06:19:00,0.47959706
2026-01-08 06:20:00,0.49407673
2026-01-08 06:21:00,0.46889207
2026-01-08 06:22:00,0.5077068
2026-01-08 06:23:00,0.52054256
2026-01-08 06:24:00,0.6179724
2026-01-08 06:25:00,0.6159901
2026-01-08 06:26:00,0.6297829
2026-01-08 06:27:00,0.6262949
2026-01-08 06:28:00,0.6076184
2026-01-08 06:29:00,0.5841617
2026-01-08 06:30:00,0.5848166
2026-01-08 06:31:00,0.5946101
2026-01-08 06:32:00,0.6290624
2026-01-08 06:33:00,0.627051
2026-01-08 06:34:00,0.59444493
2026-01-08 06:35:00,0.57000303
2026-01-08 06:36:00,0.5077874
2026-01-08 06:37:00,0.57002956
2026-01-08 06:38:00,0.53931135
2026-01-08 06:39:00,0.5715098
2026-01-08 06:40:00,0.5736115
2026-01-08 06:41:00,0.5767472
2026-01-08 06:42:00,0.56289977
2026-01-08 06:43:00,0.52346116
2026-01-08 06:44:00,0.48006332
2026-01-08 06:45:00,0.5481326
2026-01-08 06:46:00,0.5462915
2026-01-08 06:47:00,0.5851654
2026-01-08 06:48:00,0.6314304
2026-01-08 06:49:00,0.60227966
2026-01-08 06:50:00,0.6089508
2026-01-08 06:51:00,0.60006416
2026-01-08 06:52:00,0.54391533
2026-01-08 06:53:00,0.5312437
2026-01-08 06:54:00,0.5506212
2026-01-08 06:55:00,0.5251031
2026-01-08 06:56:00,0.50871
2026-01-08 06:57:00,0.49980366
2026-01-08 06:58:00,0.5831219
2026-01-08 06:59:00,0.50206786
2026-01-08 07:00:00,0.52104217
2026-01-08 07:01:00,0.50841564
2026-01-08 07:02:00,0.48142308
2026-01-08 07:03:00,0.4712176
2026-01-08 07:04:00,0.4997552
2026-01-08 07:05:00,0.5284123
2026-01-08 07:06:00,0.5333532
2026-01-08 07:07:00,0.5742845
2026-01-08 07:08:00,0.6191017
2026-01-08 07:09:00,0.642352
2026-01-08 07:10:00,0.6093563
2026-01-08 07:11:00,0.6207424
2026-01-08 07:12:00,0.6315248
2026-01-08 07:13:00,0.58896816
2026-01-08 07:14:00,0.51978064
2026-01-08 07:15:00,0.43811154
2026-01-08 07:16:00,0.44679812
2026-01-08 07:17:00,0.46403402
2026-01-08 07:18:00,0.42081514
2026-01-08 07:19:00,0.4702832
2026-01-08 07:20:00,0.48015818
2026-01-08 07:21:00,0.53724945
2026-01-08 07:22:00,0.5507337
2026-01-08 07:23:00,0.5057813
2026-01-08 07:24:00,0.5255265
2026-01-08 07:25:00,0.5522822
2026-01-08 07:26:00,0.52830493
2026-01-08 07:27:00,0.47058392
2026-01-08 07:28:00,0.47929293
2026-01-08 07:29:00,0.4433764
2026-01-08 07:30:00,0.49531922
2026-01-08 07:31:00,0.48210075
2026-01-08 07:32:00,0.5553276
2026-01-08 07:33:00,0.4688625
2026-01-08 07:34:00,0.4797894
2026-01-08 07:35:00,0.54174256
2026-01-08 07:36:00,0.50606817
2026-01-08 07:37:00,0.5026083
2026-01-08 07:38:00,0.4897882
2026-01-08 07:39:00,0.46688077
2026-01-08 07:40:00,0.48305786
2026-01-08 07:41:00,0.43645522
2026-01-08 07:42:00,0.44107506
2026-01-08 07:43:00,0.4705199
2026-01-08 07:44:00,0.46848163
2026-01-08 07:45:00,0.43531796
2026-01-08 07:46:00,0.4861388
2026-01-08 07:47:00,0.5210126
2026-01-08 07:48:00,0.4823544
2026-01-08 07:49:00,0.43678764
2026-01-08 07:50:00,0.40866902
2026-01-08 07:51:00,0.4428032
2026-01-08 07:52:00,0.4635339
2026-01-08 07:53:00,0.5033018
2026-01-08 07:54:00,0.49535397
2026-01-08 07:55:00,0.46421358
2026-01-08 07:56:00,0.50942254
2026-01-08 07:57:00,0.49223772
2026-01-08 07:58:00,0.50614214
2026-01-08 07:59:00,0.44958982
2026-01-08 08:00:00,0.43688062
2026-01-08 08:01:00,0.48847067
2026-01-08 08:02:00,0.46702078
2026-01-08 08:03:00,0.508632
2026-01-08 08:04:00,0.42120722
2026-01-08 08:05:00,0.4117552
2026-01-08 08:06:00,0.41869438
2026-01-08 08:07:00,0.5017476
2026-01-08 08:08:00,0.46180567
2026-01-08 08:09:00,0.49877444
2026-01-08 08:10:00,0.54833615
2026-01-08 08:11:00,0.5229088
2026-01-08 08:12:00,0.5135469
2026-01-08 08:13:00,0.52565247
2026-01-08 08:14:00,0.47197723
2026-01-08 08:15:00,0.4637634
2026-01-08 08:16:00,0.5255671
2026-01-08 08:17:00,0.5524
2026-01-08 08:18:00,0.5500215
2026-01-08 08:19:00,0.5587375
2026-01-08 08:20:00,0.58558077
2026-01-08 08:21:00,0.61804765
2026-01-08 08:22:00,0.5948749
2026-01-08 08:23:00,0.6573119
2026-01-08 08:24:00,0.70612943
2026-01-08 08:25:00,0.72558796
2026-01-08 08:26:00,0.68279105
2026-01-08 08:27:00,0.63643694
2026-01-08 08:28:00,0.62164545
2026-01-08 08:29:00,0.6236413
2026-01-08 08:30:00,0.55241615
2026-01-08 08:31:00,0.5775252
2026-01-08 08:32:00,0.6324448
2026-01-08 08:33:00,0.65463966
2026-01-08 08:34:00,0.62506586
2026-01-08 08:35:00,0.5932318
2026-01-08 08:36:00,0.60782224
2026-01-08 08:37:00,0.6032265
2026-01-08 08:38:00,0.6229593
2026-01-08 08:39:00,0.64756745
2026-01-08 08:40:00,0.6899203
2026-01-08 08:41:00,0.6400306
2026-01-08 08:42:00,0.64838785
2026-01-08 08:43:00,0.63277847
2026-01-08 08:44:00,0.6291169
2026-01-08 08:45:00,0.6643752
2026-01-08 08:46:00,0.7012664
2026-01-08 08:47:00,0.75232375
2026-01-08 08:48:00,0.76048666
2026-01-08 08:49:00,0.74667627
2026-01-08 08:50:00,0.72836006
2026-01-08 08:51:00,0.65233755
2026-01-08 08:52:00,0.7054796
2026-01-08 08:53:00,0.68800783
2026-01-08 08:54:00,0.70514816
2026-01-08 08:55:00,0.72794354
2026-01-08 08:56:00,0.6720447
2026-01-08 08:57:00,0.6335982
2026-01-08 08:58:00,0.6971434
2026-01-08 08:59:00,0.70544255
2026-01-08 09:00:00,0.67833763
2026-01-08 09:01:00,0.671671
2026-01-08 09:02:00,0.714141
2026-01-08 09:03:00,0.74723625
2026-01-08 09:04:00,0.6817674
2026-01-08 09:05:00,0.7456497
2026-01-08 09:06:00,0.7777946
2026-01-08 09:07:00,0.76272136
2026-01-08 09:08:00,0.707382
2026-01-08 09:09:00,0.7463968
2026-01-08 09:10:00,0.7592843
2026-01-08 09:11:00,0.69386876
2026-01-08 09:12:00,0.68281186
2026-01-08 09:13:00,0.8070657
2026-01-08 09:14:00,0.7970883
2026-01-08 09:15:00,0.7576657
2026-01-08 09:16:00,0.7108309
2026-01-08 09:17:00,0.7790615
2026-01-08 09:18:00,0.80495447
2026-01-08 09:19:00,0.85125715
2026-01-08 09:20:00,0.847579
2026-01-08 09:21:00,0.8845218
2026-01-08 09:22:00,0.83450836
2026-01-08 09:23:00,0.829025
2026-01-08 09:24:00,0.8290508
2026-01-08 09:25:00,0.87298197
2026-01-08 09:26:00,0.87094575
2026-01-08 09:27:00,0.8313891
2026-01-08 09:28:00,0.822671
2026-01-08 09:29:00,0.7451209
2026-01-08 09:30:00,0.64808226
2026-01-08 09:31:00,0.6849884
2026-01-08 09:32:00,0.67078745
2026-01-08 09:33:00,0.66234416
2026-01-08 09:34:00,0.6983589
2026-01-08 09:35:00,0.75422263
2026-01-08 09:36:00,0.7712036
2026-01-08 09:37:00,0.84265625
2026-01-08 09:38:00,0.85146374
2026-01-08 09:39:00,0.8516335
2026-01-08 09:40:00,0.84940225
2026-01-08 09:41:00,0.7863992
2026-01-08 09:42:00,0.8181808
2026-01-08 09:43:00,0.7114455
2026-01-08 09:44:00,0.68770134
2026-01-08 09:45:00,0.6903074
2026-01-08 09:46:00,0.66028017
2026-01-08 09:47:00,0.6462578
2026-01-08 09:48:00,0.72508454
2026-01-08 09:49:00,0.76827264
2026-01-08 09:50:00,0.7364928
2026-01-08 09:51:00,0.71598643
2026-01-08 09:52:00,0.6649033
2026-01-08 09:53:00,0.6972665
2026-01-08 09:54:00,0.6889306
2026-01-08 09:55:00,0.6126714
2026-01-08 09:56:00,0.62528133
2026-01-08 09:57:00,0.65048826
2026-01-08 09:58:00,0.6947226
2026-01-08 09:59:00,0.6940354
2026-01-08 10:00:00,0.68150705
2026-01-08 10:01:00,0.76441455
2026-01-08 10:02:00,0.76157784
2026-01-08 10:03:00,0.7875623
2026-01-08 10:04:00,0.7611787
2026-01-08 10:05:00,0.78615785
2026-01-08 10:06:00,0.72339094
2026-01-08 10:07:00,0.705461
2026-01-08 10:08:00,0.65919006
2026-01-08 10:09:00,0.6408251
2026-01-08 10:10:00,0.69821894
2026-01-08 10:11:00,0.6765807
2026-01-08 10:12:00,0.70996773
2026-01-08 10:13:00,0.7727145
2026-01-08 10:14:00,0.7687177
2026-01-08 10:15:00,0.8059639
2026-01-08 10:16:00,0.821792
2026-01-08 10:17:00,0.8198363
2026-01-08 10:18:00,0.8434602
2026-01-08 10:19:00,0.9088465
2026-01-08 10:20:00,0.8699806
2026-01-08 10:21:00,0.8214131
2026-01-08 10:22:00,0.77444845
2026-01-08 10:23:00,0.8118001
2026-01-08 10:24:00,0.8516262
2026-01-08 10:25:00,0.8216745
2026-01-08 10:26:00,0.7302239
2026-01-08 10:27:00,0.704603
2026-01-08 10:28:00,0.72999924
2026-01-08 10:29:00,0.72884315
2026-01-08 10:30:00,0.73772436
2026-01-08 10:31:00,0.71780884
2026-01-08 10:32:00,0.76104486
2026-01-08 10:33:00,0.77404654
2026-01-08 10:34:00,0.79579896
2026-01-08 10:35:00,0.79877466
2026-01-08 10:36:00,0.8161834
2026-01-08 10:37:00,0.82962596
2026-01-08 10:38:00,0.78658515
2026-01-08 10:39:00,0.79909056
2026-01-08 10:40:00,0.82739025
2026-01-08 10:41:00,0.8680277
2026-01-08 10:42:00,0.8759087
2026-01-08 10:43:00,0.8279602
2026-01-08 10:44:00,0.79005975
2026-01-08 10:45:00,0.77029246
2026-01-08 10:46:00,0.77714485
2026-01-08 10:47:00,0.7710344
2026-01-08 10:48:00,0.7254057
2026-01-08 10:49:00,0.6832401
2026-01-08 10:50:00,0.6057474
2026-01-08 10:51:00,0.49366727
2026-01-08 10:52:00,0.510112
2026-01-08 10:53:00,0.62337184
2026-01-08 10:54:00,0.70668256
2026-01-08 10:55:00,0.6723772
2026-01-08 10:56:00,0.68599033
2026-01-08 10:57:00,0.6339832
2026-01-08 10:58:00,0.59228307
2026-01-08 10:59:00,0.55855155
2026-01-08 11:00:00,0.56644416
2026-01-08 11:01:00,0.57547295
2026-01-08 11:02:00,0.60123146
2026-01-08 11:03:00,0.64139485
2026-01-08 11:04:00,0.63838583
2026-01-08 11:05:00,0.6505848
2026-01-08 11:06:00,0.6166508
2026-01-08 11:07:00,0.5754471
2026-01-08 11:08:00,0.53140306
2026-01-08 11:09:00,0.57685333
2026-01-08 11:10:00,0.5792227
2026-01-08 11:11:00,0.5201149
2026-01-08 11:12:00,0.5380973
2026-01-08 11:13:00,0.5072517
2026-01-08 11:14:00,0.595281
2026-01-08 11:15:00,0.58673877
2026-01-08 11:16:00,0.6293313
2026-01-08 11:17:00,0.6848524
2026-01-08 11:18:00,0.6542135
2026-01-08 11:19:00,0.66730136
2026-01-08 11:20:00,0.6984752
2026-01-08 11:21:00,0.70967394
2026-01-08 11:22:00,0.72983414
2026-01-08 11:23:00,0.6807869
2026-01-08 11:24:00,0.7110442
2026-01-08 11:25:00,0.69730645
2026-01-08 11:26:00,0.71812546
2026-01-08 11:27:00,0.76013297
2026-01-08 11:28:00,0.78876466
2026-01-08 11:29:00,0.80233383
2026-01-08 11:30:00,0.82658476
2026-01-08 11:31:00,0.8507774
2026-01-08 11:32:00,0.9053481
2026-01-08 11:33:00,0.8944006
2026-01-08 11:34:00,0.8922781
2026-01-08 11:35:00,0.92107815
2026-01-08 11:36:00,0.8907039
2026-01-08 11:37:00,0.8289918
2026-01-08 11:38:00,0.84538335
2026-01-08 11:39:00,0.8325197
2026-01-08 11:40:00,0.78065085
2026-01-08 11:41:00,0.80127954
2026-01-08 11:42:00,0.8575064
2026-01-08 11:43:00,0.7868243
2026-01-08 11:44:00,0.82790315
2026-01-08 11:45:00,0.72334325
2026-01-08 11:46:00,0.7126421
2026-01-08 11:47:00,0.79245126
2026-01-08 11:48:00,0.7791438
2026-01-08 11:49:00,0.78365254
2026-01-08 11:50:00,0.8147384
2026-01-08 11:51:00,0.74418384
2026-01-08 11:52:00,0.750836
2026-01-08 11:53:00,0.7566598
2026-01-08 11:54:00,0.83396065
2026-01-08 11:55:00,0.78117293
2026-01-08 11:56:00,0.7667939
2026-01-08 11:57:00,0.73170954
2026-01-08 11:58:00,0.69520617
2026-01-08 11:59:00,0.74811167
2026-01-08 12:00:00,0.7527702
2026-01-08 12:01:00,0.73378223
2026-01-08 12:02:00,0.7178367
2026-01-08 12:03:00,0.7013654
2026-01-08 12:04:00,0.6898023
2026-01-08 12:05:00,0.6475514
2026-01-08 12:06:00,0.64892167
2026-01-08 12:07:00,0.64617515
2026-01-08 12:08:00,0.6277161
2026-01-08 12:09:00,0.64725846
2026-01-08 12:10:00,0.66864145
2026-01-08 12:11:00,0.65646225
2026-01-08 12:12:00,0.66176724
2026-01-08 12:13:00,0.75876695
2026-01-08 12:14:00,0.8464874
2026-01-08 12:15:00,0.80021715
2026-01-08 12:16:00,0.76324147
2026-01-08 12:17:00,0.7234325
2026-01-08 12:18:00,0.77147275
2026-01-08 12:19:00,0.75745225
2026-01-08 12:20:00,0.7700868
2026-01-08 12:21:00,0.8520071
2026-01-08 12:22:00,0.8470807
2026-01-08 12:23:00,0.87122077
2026-01-08 12:24:00,0.88599974
2026-01-08 12:25:00,0.8552536
2026-01-08 12:26:00,0.89286447
2026-01-08 12:27:00,0.85111374
2026-01-08 12:28:00,0.9002875
2026-01-08 12:29:00,0.8684348
2026-01-08 12:30:00,0.84350985
2026-01-08 12:31:00,0.7961578
2026-01-08 12:32:00,0.7591622
2026-01-08 12:33:00,0.74502474
2026-01-08 12:34:00,0.65183306
2026-01-08 12:35:00,0.654015
2026-01-08 12:36:00,0.64503384
2026-01-08 12:37:00,0.68868726
2026-01-08 12:38:00,0.71416336
2026-01-08 12:39:00,0.6923722
2026-01-08 12:40:00,0.6822829
2026-01-08 12:41:00,0.6819528
2026-01-08 12:42:00,0.75046605
2026-01-08 12:43:00,0.7211614
2026-01-08 12:44:00,0.69829607
2026-01-08 12:45:00,0.6608995
2026-01-08 12:46:00,0.6123486
2026-01-08 12:47:00,0.639235
2026-01-08 12:48:00,0.6597976
2026-01-08 12:49:00,0.72190005
2026-01-08 12:50:00,0.76937026
2026-01-08 12:51:00,0.8672607
2026-01-08 12:52:00,0.8584693
2026-01-08 12:53:00,0.84290355
2026-01-08 12:54:00,0.78698313
2026-01-08 12:55:00,0.8153961
2026-01-08 12:56:00,0.8184012
2026-01-08 12:57:00,0.8424617
2026-01-08 12:58:00,0.79296774
2026-01-08 12:59:00,0.80704784
2026-01-08 13:00:00,0.81413037
2026-01-08 13:01:00,0.81798416
2026-01-08 13:02:00,0.78862154
2026-01-08 13:03:00,0.83649504
2026-01-08 13:04:00,0.91496086
2026-01-08 13:05:00,0.8607058
2026-01-08 13:06:00,0.88400453
2026-01-08 13:07:00,0.76148903
2026-01-08 13:08:00,0.79061407
2026-01-08 13:09:00,0.71583885
2026-01-08 13:10:00,0.700833
2026-01-08 13:11:00,0.65548474
2026-01-08 13:12:00,0.6576397
2026-01-08 13:13:00,0.7017768
2026-01-08 13:14:00,0.6345165
2026-01-08 13:15:00,0.6325276
2026-01-08 13:16:00,0.6245191
2026-01-08 13:17:00,0.70090425
2026-01-08 13:18:00,0.72518283
2026-01-08 13:19:00,0.6831353
2026-01-08 13:20:00,0.6726632
2026-01-08 13:21:00,0.744099
2026-01-08 13:22:00,0.7761242
2026-01-08 13:23:00,0.74025655
2026-01-08 13:24:00,0.73327756
2026-01-08 13:25:00,0.7281075
2026-01-08 13:26:00,0.7112078
2026-01-08 13:27:00,0.64874196
2026-01-08 13:28:00,0.6325477
2026-01-08 13:29:00,0.7002918
2026-01-08 13:30:00,0.69177234
2026-01-08 13:31:00,0.69501907
2026-01-08 13:32:00,0.7077258
2026-01-08 13:33:00,0.8024887
2026-01-08 13:34:00,0.8012673
2026-01-08 13:35:00,0.84351355
2026-01-08 13:36:00,0.8146615
2026-01-08 13:37:00,0.80163485
2026-01-08 13:38:00,0.8004938
2026-01-08 13:39:00,0.76794153
2026-01-08 13:40:00,0.7607745
2026-01-08 13:41:00,0.7978154
2026-01-08 13:42:00,0.7643197
2026-01-08 13:43:00,0.76548475
2026-01-08 13:44:00,0.7948646
2026-01-08 13:45:00,0.7605279
2026-01-08 13:46:00,0.8056946
2026-01-08 13:47:00,0.80630744
2026-01-08 13:48:00,0.79731125
2026-01-08 13:49:00,0.71527344
2026-01-08 13:50:00,0.7051392
2026-01-08 13:51:00,0.72558254
2026-01-08 13:52:00,0.79929864
2026-01-08 13:53:00,0.81997675
2026-01-08 13:54:00,0.8612908
2026-01-08 13:55:00,0.8058434
2026-01-08 13:56:00,0.7980791
2026-01-08 13:57:00,0.84479415
2026-01-08 13:58:00,0.80338776
2026-01-08 13:59:00,0.8393665
2026-01-08 14:00:00,0.8631447
2026-01-08 14:01:00,0.8666302
2026-01-08 14:02:00,0.84565264
2026-01-08 14:03:00,0.80000186
2026-01-08 14:04:00,0.8684219
2026-01-08 14:05:00,0.88557893
2026-01-08 14:06:00,0.88966423
2026-01-08 14:07:00,0.8632342
2026-01-08 14:08:00,0.8568971
2026-01-08 14:09:00,0.8560899
2026-01-08 14:10:00,0.8647022
2026-01-08 14:11:00,0.8859521
2026-01-08 14:12:00,0.8447771
2026-01-08 14:13:00,0.7794781
2026-01-08 14:14:00,0.78138447
2026-01-08 14:15:00,0.7098243
2026-01-08 14:16:00,0.70087665
2026-01-08 14:17:00,0.6851685
2026-01-08 14:18:00,0.7106988
2026-01-08 14:19:00,0.7937644
2026-01-08 14:20:00,0.7130405
2026-01-08 14:21:00,0.80746824
2026-01-08 14:22:00,0.7939935
2026-01-08 14:23:00,0.8047737
2026-01-08 14:24:00,0.744127
2026-01-08 14:25:00,0.7847407
2026-01-08 14:26:00,0.7838294
2026-01-08 14:27:00,0.7788128
2026-01-08 14:28:00,0.6990999
2026-01-08 14:29:00,0.70614964
2026-01-08 14:30:00,0.7434546
2026-01-08 14:31:00,0.73442817
2026-01-08 14:32:00,0.78247976
2026-01-08 14:33:00,0.8249714
2026-01-08 14:34:00,0.7930398
2026-01-08 14:35:00,0.85304624
2026-01-08 14:36:00,0.84619415
2026-01-08 14:37:00,0.8400023
2026-01-08 14:38:00,0.8362088
2026-01-08 14:39:00,0.8314653
2026-01-08 14:40:00,0.7190558
2026-01-08 14:41:00,0.7133561
2026-01-08 14:42:00,0.66090626
2026-01-08 14:43:00,0.73219454
2026-01-08 14:44:00,0.7961001
2026-01-08 14:45:00,0.82545716
2026-01-08 14:46:00,0.8087788
2026-01-08 14:47:00,0.7625816
2026-01-08 14:48:00,0.7340257
2026-01-08 14:49:00,0.811691
2026-01-08 14:50:00,0.7776766
2026-01-08 14:51:00,0.67977405
2026-01-08 14:52:00,0.7250603
2026-01-08 14:53:00,0.7854627
2026-01-08 14:54:00,0.84730643
2026-01-08 14:55:00,0.87929255
2026-01-08 14:56:00,0.91517055
2026-01-08 14:57:00,0.9021583
2026-01-08 14:58:00,0.8049408
2026-01-08 14:59:00,0.79959023
2026-01-08 15:00:00,0.81833714
2026-01-08 15:01:00,0.805232
2026-01-08 15:02:00,0.79127336
2026-01-08 15:03:00,0.7470204
2026-01-08 15:04:00,0.7047227
2026-01-08 15:05:00,0.77932346
2026-01-08 15:06:00,0.8493228
2026-01-08 15:07:00,0.83856064
2026-01-08 15:08:00,0.83994395
2026-01-08 15:09:00,0.79063845
2026-01-08 15:10:00,0.8101313
2026-01-08 15:11:00,0.8726638
2026-01-08 15:12:00,0.7985541
2026-01-08 15:13:00,0.8100128
2026-01-08 15:14:00,0.8234749
2026-01-08 15:15:00,0.83531743
2026-01-08 15:16:00,0.8907345
2026-01-08 15:17:00,0.95735925
2026-01-08 15:18:00,0.9277864
2026-01-08 15:19:00,0.9367577
2026-01-08 15:20:00,0.9213651
2026-01-08 15:21:00,0.8784609
2026-01-08 15:22:00,0.8750167
2026-01-08 15:23:00,0.8877853
2026-01-08 15:24:00,0.88125914
2026-01-08 15:25:00,0.8312395
2026-01-08 15:26:00,0.80183476
2026-01-08 15:27:00,0.7749964
2026-01-08 15:28:00,0.7347511
2026-01-08 15:29:00,0.7438717
2026-01-08 15:30:00,0.75635195
2026-01-08 15:31:00,0.790196
2026-01-08 15:32:00,0.7477523
2026-01-08 15:33:00,0.71981484
2026-01-08 15:34:00,0.7792987
2026-01-08 15:35:00,0.76516527
2026-01-08 15:36:00,0.7598511
2026-01-08 15:37:00,0.7466556
2026-01-08 15:38:00,0.78674364
2026-01-08 15:39:00,0.82507783
2026-01-08 15:40:00,0.8579028
2026-01-08 15:41:00,0.84453726
2026-01-08 15:42:00,0.7961814
2026-01-08 15:43:00,0.86350006
2026-01-08 15:44:00,0.88257676
2026-01-08 15:45:00,0.8475078
2026-01-08 15:46:00,0.89036214
2026-01-08 15:47:00,0.8513093
2026-01-08 15:48:00,0.89313096
2026-01-08 15:49:00,0.9342075
2026-01-08 15:50:00,0.875904
2026-01-08 15:51:00,0.8822909
2026-01-08 15:52:00,0.89608014
2026-01-08 15:53:00,0.98
2026-01-08 15:54:00,0.9265961
2026-01-08 15:55:00,0.96254015
2026-01-08 15:56:00,0.9388949
2026-01-08 15:57:00,0.86668664
2026-01-08 15:58:00,0.84500337
2026-01-08 15:59:00,0.82984567
2026-01-08 16:00:00,0.7733388
2026-01-08 16:01:00,0.776087
2026-01-08 16:02:00,0.80433226
2026-01-08 16:03:00,0.80142474
2026-01-08 16:04:00,0.76743865
2026-01-08 16:05:00,0.75179666
2026-01-08 16:06:00,0.74305296
2026-01-08 16:07:00,0.7437728
2026-01-08 16:08:00,0.78002447
2026-01-08 16:09:00,0.7797489
2026-01-08 16:10:00,0.7123982
2026-01-08 16:11:00,0.6839383
2026-01-08 16:12:00,0.6867763
2026-01-08 16:13:00,0.72759837
2026-01-08 16:14:00,0.7719901
2026-01-08 16:15:00,0.83179027
2026-01-08 16:16:00,0.8209294
2026-01-08 16:17:00,0.8361306
2026-01-08 16:18:00,0.76128995
2026-01-08 16:19:00,0.7676949
2026-01-08 16:20:00,0.7132659
2026-01-08 16:21:00,0.70358413
2026-01-08 16:22:00,0.8182555
2026-01-08 16:23:00,0.814585
2026-01-08 16:24:00,0.7643962
2026-01-08 16:25:00,0.76896906
2026-01-08 16:26:00,0.73606354
2026-01-08 16:27:00,0.6879255
2026-01-08 16:28:00,0.7660752
2026-01-08 16:29:00,0.79640085
2026-01-08 16:30:00,0.79533005
2026-01-08 16:31:00,0.76473093
2026-01-08 16:32:00,0.73970103
2026-01-08 16:33:00,0.79068404
2026-01-08 16:34:00,0.78803164
2026-01-08 16:35:00,0.6498951
2026-01-08 16:36:00,0.74283785
2026-01-08 16:37:00,0.73870856
2026-01-08 16:38:00,0.7411999
2026-01-08 16:39:00,0.77310276
2026-01-08 16:40:00,0.77747905
2026-01-08 16:41:00,0.79264265
2026-01-08 16:42:00,0.7596447
2026-01-08 16:43:00,0.6969202
2026-01-08 16:44:00,0.6994911
2026-01-08 16:45:00,0.7477875
2026-01-08 16:46:00,0.7089191
2026-01-08 16:47:00,0.66982675
2026-01-08 16:48:00,0.9052777
2026-01-08 16:49:00,0.84169984
2026-01-08 16:50:00,0.78843457
2026-01-08 16:51:00,0.74365866
2026-01-08 16:52:00,0.7170083
2026-01-08 16:53:00,0.63393867
2026-01-08 16:54:00,0.6003354
2026-01-08 16:55:00,0.60137385
2026-01-08 16:56:00,0.6029763
2026-01-08 16:57:00,0.6425822
2026-01-08 16:58:00,0.7068603
2026-01-08 16:59:00,0.75337625
2026-01-08 17:00:00,0.7726087
2026-01-08 17:01:00,0.7480316
2026-01-08 17:02:00,0.70664096
2026-01-08 17:03:00,0.694335
2026-01-08 17:04:00,0.70580924
2026-01-08 17:05:00,0.7258684
2026-01-08 17:06:00,0.7363852
2026-01-08 17:07:00,0.7162802
2026-01-08 17:08:00,0.7340734
2026-01-08 17:09:00,0.76935405
2026-01-08 17:10:00,0.7865196
2026-01-08 17:11:00,0.76574874
2026-01-08 17:12:00,0.7144801
2026-01-08 17:13:00,0.66626996
2026-01-08 17:14:00,0.6288697
2026-01-08 17:15:00,0.6318867
2026-01-08 17:16:00,0.6450606
2026-01-08 17:17:00,0.5796923
2026-01-08 17:18:00,0.5558571
2026-01-08 17:19:00,0.56369954
2026-01-08 17:20:00,0.52507335
2026-01-08 17:21:00,0.5427564
2026-01-08 17:22:00,0.5292456
2026-01-08 17:23:00,0.500049
2026-01-08 17:24:00,0.5041251
2026-01-08 17:25:00,0.52130926
2026-01-08 17:26:00,0.48735666
2026-01-08 17:27:00,0.4802267
2026-01-08 17:28:00,0.50194806
2026-01-08 17:29:00,0.47260973
2026-01-08 17:30:00,0.40966028
2026-01-08 17:31:00,0.35646224
2026-01-08 17:32:00,0.35212883
2026-01-08 17:33:00,0.311995
2026-01-08 17:34:00,0.31376716
2026-01-08 17:35:00,0.39577138
2026-01-08 17:36:00,0.3493407
2026-01-08 17:37:00,0.3503312
2026-01-08 17:38:00,0.44770563
2026-01-08 17:39:00,0.4681899
2026-01-08 17:40:00,0.4558679
2026-01-08 17:41:00,0.45283183
2026-01-08 17:42:00,0.47335497
2026-01-08 17:43:00,0.54275906
2026-01-08 17:44:00,0.5174122
2026-01-08 17:45:00,0.48488912
2026-01-08 17:46:00,0.42998624
2026-01-08 17:47:00,0.43861803
2026-01-08 17:48:00,0.38607422
2026-01-08 17:49:00,0.37527627
2026-01-08 17:50:00,0.34741235
2026-01-08 17:51:00,0.400956
2026-01-08 17:52:00,0.38678154
2026-01-08 17:53:00,0.40982032
2026-01-08 17:54:00,0.35084128
2026-01-08 17:55:00,0.36587074
2026-01-08 17:56:00,0.32617736
2026-01-08 17:57:00,0.3206262
2026-01-08 17:58:00,0.4208594
2026-01-08 17:59:00,0.46177915
2026-01-08 18:00:00,0.45686814
2026-01-08 18:01:00,0.5853106
2026-01-08 18:02:00,0.5387794
2026-01-08 18:03:00,0.57905275
2026-01-08 18:04:00,0.50805515
2026-01-08 18:05:00,0.49415404
2026-01-08 18:06:00,0.43707693
2026-01-08 18:07:00,0.4486353
2026-01-08 18:08:00,0.45108357
2026-01-08 18:09:00,0.4386574
2026-01-08 18:10:00,0.48308113
2026-01-08 18:11:00,0.4574517
2026-01-08 18:12:00,0.46949774
2026-01-08 18:13:00,0.50019544
2026-01-08 18:14:00,0.4361535
2026-01-08 18:15:00,0.40649462
2026-01-08 18:16:00,0.4111669
2026-01-08 18:17:00,0.43838468
2026-01-08 18:18:00,0.4949361
2026-01-08 18:19:00,0.48134655
2026-01-08 18:20:00,0.46468845
2026-01-08 18:21:00,0.426986
2026-01-08 18:22:00,0.4402712
2026-01-08 18:23:00,0.4272778
2026-01-08 18:24:00,0.41611573
2026-01-08 18:25:00,0.41292098
2026-01-08 18:26:00,0.43567124
2026-01-08 18:27:00,0.411856
2026-01-08 18:28:00,0.3814779
2026-01-08 18:29:00,0.40155455
2026-01-08 18:30:00,0.28159645
2026-01-08 18:31:00,0.26798642
2026-01-08 18:32:00,0.23342958
2026-01-08 18:33:00,0.29568988
2026-01-08 18:34:00,0.28707176
2026-01-08 18:35:00,0.27422196
2026-01-08 18:36:00,0.28275427
2026-01-08 18:37:00,0.2686046
2026-01-08 18:38:00,0.26316667
2026-01-08 18:39:00,0.27802506
2026-01-08 18:40:00,0.27079993
2026-01-08 18:41:00,0.26373708
2026-01-08 18:42:00,0.23387325
2026-01-08 18:43:00,0.20052525
2026-01-08 18:44:00,0.21829394
2026-01-08 18:45:00,0.24435186
2026-01-08 18:46:00,0.19880733
2026-01-08 18:47:00,0.24430293
2026-01-08 18:48:00,0.28619602
2026-01-08 18:49:00,0.33303645
2026-01-08 18:50:00,0.349011
2026-01-08 18:51:00,0.3770689
2026-01-08 18:52:00,0.46467376
2026-01-08 18:53:00,0.44568238
2026-01-08 18:54:00,0.39831787
2026-01-08 18:55:00,0.33508235
2026-01-08 18:56:00,0.40836984
2026-01-08 18:57:00,0.47619396
2026-01-08 18:58:00,0.43073204
2026-01-08 18:59:00,0.39667383
2026-01-08 19:00:00,0.38134935
2026-01-08 19:01:00,0.42905688
2026-01-08 19:02:00,0.3723619
2026-01-08 19:03:00,0.29290652
2026-01-08 19:04:00,0.3850499
2026-01-08 19:05:00,0.39549345
2026-01-08 19:06:00,0.41066065
2026-01-08 19:07:00,0.39811155
2026-01-08 19:08:00,0.41328016
2026-01-08 19:09:00,0.3479141
2026-01-08 19:10:00,0.31458744
2026-01-08 19:11:00,0.32164907
2026-01-08 19:12:00,0.23298317
2026-01-08 19:13:00,0.2300251
2026-01-08 19:14:00,0.22471778
2026-01-08 19:15:00,0.22217426
2026-01-08 19:16:00,0.20977914
2026-01-08 19:17:00,0.18046413
2026-01-08 19:18:00,0.120329924
2026-01-08 19:19:00,0.14355916
2026-01-08 19:20:00,0.14701709
2026-01-08 19:21:00,0.10707429
2026-01-08 19:22:00,0.12772204
2026-01-08 19:23:00,0.13230148
2026-01-08 19:24:00,0.12975481
2026-01-08 19:25:00,0.059460577
2026-01-08 19:26:00,0.10826028
2026-01-08 19:27:00,0.07640747
2026-01-08 19:28:00,0.09884033
2026-01-08 19:29:00,0.08450193
2026-01-08 19:30:00,0.08797756
2026-01-08 19:31:00,0.15270153
2026-01-08 19:32:00,0.18730658
2026-01-08 19:33:00,0.24296644
2026-01-08 19:34:00,0.26207405
2026-01-08 19:35:00,0.28217041
2026-01-08 19:36:00,0.2134552
2026-01-08 19:37:00,0.20866957
2026-01-08 19:38:00,0.2078596
2026-01-08 19:39:00,0.26494592
2026-01-08 19:40:00,0.24815847
2026-01-08 19:41:00,0.26344687
2026-01-08 19:42:00,0.27583778
2026-01-08 19:43:00,0.32440415
2026-01-08 19:44:00,0.3173189
2026-01-08 19:45:00,0.3491525
2026-01-08 19:46:00,0.27702457
2026-01-08 19:47:00,0.21419224
2026-01-08 19:48:00,0.1295055
2026-01-08 19:49:00,0.17425923
2026-01-08 19:50:00,0.21083269
2026-01-08 19:51:00,0.25329986
2026-01-08 19:52:00,0.22929564
2026-01-08 19:53:00,0.21165828
2026-01-08 19:54:00,0.21302624
2026-01-08 19:55:00,0.2767694
2026-01-08 19:56:00,0.34531343
2026-01-08 19:57:00,0.3722687
2026-01-08 19:58:00,0.37845197
2026-01-08 19:59:00,0.42421147
2026-01-08 20:00:00,0.402558
2026-01-08 20:01:00,0.37713003
2026-01-08 20:02:00,0.3641107
2026-01-08 20:03:00,0.31804326
2026-01-08 20:04:00,0.30770785
2026-01-08 20:05:00,0.26040217
2026-01-08 20:06:00,0.30247685
2026-01-08 20:07:00,0.32183245
2026-01-08 20:08:00,0.3749747
2026-01-08 20:09:00,0.3014123
2026-01-08 20:10:00,0.3748751
2026-01-08 20:11:00,0.30339533
2026-01-08 20:12:00,0.25250244
2026-01-08 20:13:00,0.22868271
2026-01-08 20:14:00,0.2838129
2026-01-08 20:15:00,0.2911499
2026-01-08 20:16:00,0.2790274
2026-01-08 20:17:00,0.2458267
2026-01-08 20:18:00,0.19185415
2026-01-08 20:19:00,0.24244675
2026-01-08 20:20:00,0.27553767
2026-01-08 20:21:00,0.3280395
2026-01-08 20:22:00,0.33802202
2026-01-08 20:23:00,0.22555569
2026-01-08 20:24:00,0.17789447
2026-01-08 20:25:00,0.20233178
2026-01-08 20:26:00,0.19133848
2026-01-08 20:27:00,0.173568
2026-01-08 20:28:00,0.13535255
2026-01-08 20:29:00,0.18213622
2026-01-08 20:30:00,0.20543098
2026-01-08 20:31:00,0.22857225
2026-01-08 20:32:00,0.20438103
2026-01-08 20:33:00,0.21443173
2026-01-08 20:34:00,0.16302773
2026-01-08 20:35:00,0.16396545
2026-01-08 20:36:00,0.068816446
2026-01-08 20:37:00,0.05
2026-01-08 20:38:00,0.05
2026-01-08 20:39:00,0.1359439
2026-01-08 20:40:00,0.07177802
2026-01-08 20:41:00,0.05
2026-01-08 20:42:00,0.05939082
2026-01-08 20:43:00,0.14390104
2026-01-08 20:44:00,0.15887639
2026-01-08 20:45:00,0.19256891
2026-01-08 20:46:00,0.1818931
2026-01-08 20:47:00,0.16506799
2026-01-08 20:48:00,0.1732189
2026-01-08 20:49:00,0.15101705
2026-01-08 20:50:00,0.18581241
2026-01-08 20:51:00,0.12452165
2026-01-08 20:52:00,0.16790412
2026-01-08 20:53:00,0.17370912
2026-01-08 20:54:00,0.16880892
2026-01-08 20:55:00,0.107091166
2026-01-08 20:56:00,0.076760136
2026-01-08 20:57:00,0.13591509
2026-01-08 20:58:00,0.13397
2026-01-08 20:59:00,0.15158327
2026-01-08 21:00:00,0.12139353
2026-01-08 21:01:00,0.12756182
2026-01-08 21:02:00,0.079436965
2026-01-08 21:03:00,0.09396813
2026-01-08 21:04:00,0.11809229
2026-01-08 21:05:00,0.13821106
2026-01-08 21:06:00,0.1076784
2026-01-08 21:07:00,0.10197622
2026-01-08 21:08:00,0.131827
2026-01-08 21:09:00,0.12927188
2026-01-08 21:10:00,0.12381435
2026-01-08 21:11:00,0.20635271
2026-01-08 21:12:00,0.16803855
2026-01-08 21:13:00,0.2139751
2026-01-08 21:14:00,0.1667625
2026-01-08 21:15:00,0.19563559
2026-01-08 21:16:00,0.22426435
2026-01-08 21:17:00,0.20179322
2026-01-08 21:18:00,0.15276691
2026-01-08 21:19:00,0.077476494
2026-01-08 21:20:00,0.06235461
2026-01-08 21:21:00,0.094028726
2026-01-08 21:22:00,0.05894847
2026-01-08 21:23:00,0.07359159
2026-01-08 21:24:00,0.05
2026-01-08 21:25:00,0.05
2026-01-08 21:26:00,0.06644357
2026-01-08 21:27:00,0.066114284
2026-01-08 21:28:00,0.05010441
2026-01-08 21:29:00,0.05
2026-01-08 21:30:00,0.05
2026-01-08 21:31:00,0.05
2026-01-08 21:32:00,0.05
2026-01-08 21:33:00,0.05
2026-01-08 21:34:00,0.05
2026-01-08 21:35:00,0.05
2026-01-08 21:36:00,0.05
2026-01-08 21:37:00,0.05
2026-01-08 21:38:00,0.05
2026-01-08 21:39:00,0.05
2026-01-08 21:40:00,0.05
2026-01-08 21:41:00,0.05
2026-01-08 21:42:00,0.0947115
2026-01-08 21:43:00,0.11910042
2026-01-08 21:44:00,0.06854776
2026-01-08 21:45:00,0.05
2026-01-08 21:46:00,0.09688983
2026-01-08 21:47:00,0.07085202
2026-01-08 21:48:00,0.11807831
2026-01-08 21:49:00,0.10525368
2026-01-08 21:50:00,0.11628645
2026-01-08 21:51:00,0.065294854
2026-01-08 21:52:00,0.05
2026-01-08 21:53:00,0.05
2026-01-08 21:54:00,0.05
2026-01-08 21:55:00,0.058591582
2026-01-08 21:56:00,0.08594448
2026-01-08 21:57:00,0.07293573
2026-01-08 21:58:00,0.05
2026-01-08 21:59:00,0.06056911
2026-01-08 22:00:00,0.16186586
2026-01-08 22:01:00,0.19195567
2026-01-08 22:02:00,0.1742853
2026-01-08 22:03:00,0.15149494
2026-01-08 22:04:00,0.1636354
2026-01-08 22:05:00,0.15454657
2026-01-08 22:06:00,0.08396186
2026-01-08 22:07:00,0.05
2026-01-08 22:08:00,0.09218434
2026-01-08 22:09:00,0.09835897
2026-01-08 22:10:00,0.05
2026-01-08 22:11:00,0.056247674
2026-01-08 22:12:00,0.05
2026-01-08 22:13:00,0.05
2026-01-08 22:14:00,0.05
2026-01-08 22:15:00,0.05
2026-01-08 22:16:00,0.05
2026-01-08 22:17:00,0.05
2026-01-08 22:18:00,0.05
2026-01-08 22:19:00,0.05
2026-01-08 22:20:00,0.074644975
2026-01-08 22:21:00,0.05
2026-01-08 22:22:00,0.11659937
2026-01-08 22:23:00,0.06524462
2026-01-08 22:24:00,0.08280874
2026-01-08 22:25:00,0.1078527
2026-01-08 22:26:00,0.07612007
2026-01-08 22:27:00,0.11005406
2026-01-08 22:28:00,0.092791066
2026-01-08 22:29:00,0.1252454
2026-01-08 22:30:00,0.053687293
2026-01-08 22:31:00,0.07480883
2026-01-08 22:32:00,0.064328544
2026-01-08 22:33:00,0.11712961
2026-01-08 22:34:00,0.117929235
2026-01-08 22:35:00,0.170363
2026-01-08 22:36:00,0.1889069
2026-01-08 22:37:00,0.18053187
2026-01-08 22:38:00,0.2094034
2026-01-08 22:39:00,0.23619029
2026-01-08 22:40:00,0.24791798
2026-01-08 22:41:00,0.14810887
2026-01-08 22:42:00,0.10864424
2026-01-08 22:43:00,0.16697383
2026-01-08 22:44:00,0.115005665
2026-01-08 22:45:00,0.15270224
2026-01-08 22:46:00,0.18031411
2026-01-08 22:47:00,0.14840055
2026-01-08 22:48:00,0.06823296
2026-01-08 22:49:00,0.051504
2026-01-08 22:50:00,0.1419633
2026-01-08 22:51:00,0.1075074
2026-01-08 22:52:00,0.07854239
2026-01-08 22:53:00,0.05
2026-01-08 22:54:00,0.10018247
2026-01-08 22:55:00,0.09378042
2026-01-08 22:56:00,0.07254616
2026-01-08 22:57:00,0.13456151
2026-01-08 22:58:00,0.15823251
2026-01-08 22:59:00,0.120034926
2026-01-08 23:00:00,0.072698295
2026-01-08 23:01:00,0.12439606
2026-01-08 23:02:00,0.12628044
2026-01-08 23:03:00,0.06535813
2026-01-08 23:04:00,0.05
2026-01-08 23:05:00,0.05
2026-01-08 23:06:00,0.05
2026-01-08 23:07:00,0.05
2026-01-08 23:08:00,0.05
2026-01-08 23:09:00,0.05
2026-01-08 23:10:00,0.05
2026-01-08 23:11:00,0.05
2026-01-08 23:12:00,0.05
2026-01-08 23:13:00,0.05
2026-01-08 23:14:00,0.05
2026-01-08 23:15:00,0.05
2026-01-08 23:16:00,0.05
2026-01-08 23:17:00,0.05
2026-01-08 23:18:00,0.05
2026-01-08 23:19:00,0.16304457
2026-01-08 23:20:00,0.19727986
2026-01-08 23:21:00,0.1490479
2026-01-08 23:22:00,0.16273817
2026-01-08 23:23:00,0.12884119
2026-01-08 23:24:00,0.14716217
2026-01-08 23:25:00,0.091147065
2026-01-08 23:26:00,0.050297007
2026-01-08 23:27:00,0.070770346
2026-01-08 23:28:00,0.1157446
2026-01-08 23:29:00,0.13730864
2026-01-08 23:30:00,0.1711956
2026-01-08 23:31:00,0.18314916
2026-01-08 23:32:00,0.18608345
2026-01-08 23:33:00,0.16172574
2026-01-08 23:34:00,0.19197516
2026-01-08 23:35:00,0.22827083
2026-01-08 23:36:00,0.21813454
2026-01-08 23:37:00,0.20664863
2026-01-08 23:38:00,0.26440716
2026-01-08 23:39:00,0.2530646
2026-01-08 23:40:00,0.2464668
2026-01-08 23:41:00,0.2567319
2026-01-08 23:42:00,0.24288838
2026-01-08 23:43:00,0.20124522
2026-01-08 23:44:00,0.21086039
2026-01-08 23:45:00,0.20303255
2026-01-08 23:46:00,0.27106655
2026-01-08 23:47:00,0.29150158
2026-01-08 23:48:00,0.25494078
2026-01-08 23:49:00,0.2742831
2026-01-08 23:50:00,0.27522728
2026-01-08 23:51:00,0.31615564
2026-01-08 23:52:00,0.2804523
2026-01-08 23:53:00,0.27612856
2026-01-08 23:54:00,0.26063842
2026-01-08 23:55:00,0.2526893
2026-01-08 23:56:00,0.20762827
2026-01-08 23:57:00,0.22461617
2026-01-08 23:58:00,0.2339272
2026-01-08 23:59:00,0.27718413
2026-01-09 00:00:00,0.2627412
2026-01-09 00:01:00,0.23566395
2026-01-09 00:02:00,0.25880286
2026-01-09 00:03:00,0.21675572
2026-01-09 00:04:00,0.25324523
2026-01-09 00:05:00,0.28673553
2026-01-09 00:06:00,0.3245301
2026-01-09 00:07:00,0.32408124
2026-01-09 00:08:00,0.2891502
2026-01-09 00:09:00,0.28084803
2026-01-09 00:10:00,0.28405267
2026-01-09 00:11:00,0.24940023
2026-01-09 00:12:00,0.29325834
2026-01-09 00:13:00,0.30349493
2026-01-09 00:14:00,0.25402904
2026-01-09 00:15:00,0.31953335
2026-01-09 00:16:00,0.30838737
2026-01-09 00:17:00,0.25048316
2026-01-09 00:18:00,0.2077753
2026-01-09 00:19:00,0.26121604
2026-01-09 00:20:00,0.32388034
2026-01-09 00:21:00,0.34892264
2026-01-09 00:22:00,0.38436595
2026-01-09 00:23:00,0.4128779
2026-01-09 00:24:00,0.41273302
2026-01-09 00:25:00,0.40349722
2026-01-09 00:26:00,0.403446
2026-01-09 00:27:00,0.4112581
2026-01-09 00:28:00,0.35935423
2026-01-09 00:29:00,0.37055877
2026-01-09 00:30:00,0.40994745
2026-01-09 00:31:00,0.3796
2026-01-09 00:32:00,0.3474202
2026-01-09 00:33:00,0.3494217
2026-01-09 00:34:00,0.3062305
2026-01-09 00:35:00,0.23982403
2026-01-09 00:36:00,0.2773278
2026-01-09 00:37:00,0.247901
2026-01-09 00:38:00,0.23962124
2026-01-09 00:39:00,0.20687814
2026-01-09 00:40:00,0.25224724
2026-01-09 00:41:00,0.2770616
2026-01-09 00:42:00,0.25615242
2026-01-09 00:43:00,0.19936824
2026-01-09 00:44:00,0.18046443
2026-01-09 00:45:00,0.19977549
2026-01-09 00:46:00,0.20230058
2026-01-09 00:47:00,0.20146209
2026-01-09 00:48:00,0.20481499
2026-01-09 00:49:00,0.22980416
2026-01-09 00:50:00,0.22078893
2026-01-09 00:51:00,0.23219109
2026-01-09 00:52:00,0.18522541
2026-01-09 00:53:00,0.28366974
2026-01-09 00:54:00,0.26075238
2026-01-09 00:55:00,0.25918916
2026-01-09 00:56:00,0.2722889
2026-01-09 00:57:00,0.24527366
2026-01-09 00:58:00,0.2371879
2026-01-09 00:59:00,0.22928701
2026-01-09 01:00:00,0.18565395
2026-01-09 01:01:00,0.19964127
2026-01-09 01:02:00,0.12902214
2026-01-09 01:03:00,0.20015505
2026-01-09 01:04:00,0.22723348
2026-01-09 01:05:00,0.24601766
2026-01-09 01:06:00,0.16829485
2026-01-09 01:07:00,0.13458104
2026-01-09 01:08:00,0.19086626
2026-01-09 01:09:00,0.35315183
2026-01-09 01:10:00,0.38422024
2026-01-09 01:11:00,0.4065212
2026-01-09 01:12:00,0.4065876
2026-01-09 01:13:00,0.3517785
2026-01-09 01:14:00,0.37508994
2026-01-09 01:15:00,0.31271052
2026-01-09 01:16:00,0.25097594
2026-01-09 01:17:00,0.19169237
2026-01-09 01:18:00,0.22715183
2026-01-09 01:19:00,0.21847971
2026-01-09 01:20:00,0.2168632
2026-01-09 01:21:00,0.21075681
2026-01-09 01:22:00,0.16075805
2026-01-09 01:23:00,0.13299057
2026-01-09 01:24:00,0.10948894
2026-01-09 01:25:00,0.05650624
2026-01-09 01:26:00,0.05
2026-01-09 01:27:00,0.05
2026-01-09 01:28:00,0.05
2026-01-09 01:29:00,0.078667484
2026-01-09 01:30:00,0.05
2026-01-09 01:31:00,0.05
2026-01-09 01:32:00,0.11451382
2026-01-09 01:33:00,0.078382134
2026-01-09 01:34:00,0.10147256
2026-01-09 01:35:00,0.109906994
2026-01-09 01:36:00,0.1571975
2026-01-09 01:37:00,0.16884448
2026-01-09 01:38:00,0.15052606
2026-01-09 01:39:00,0.15363269
2026-01-09 01:40:00,0.15711251
2026-01-09 01:41:00,0.15342918
2026-01-09 01:42:00,0.100982025
2026-01-09 01:43:00,0.15525712
2026-01-09 01:44:00,0.19816282
2026-01-09 01:45:00,0.15325028
2026-01-09 01:46:00,0.14170872
2026-01-09 01:47:00,0.13415587
2026-01-09 01:48:00,0.08999
2026-01-09 01:49:00,0.05
2026-01-09 01:50:00,0.05
2026-01-09 01:51:00,0.05
2026-01-09 01:52:00,0.05
2026-01-09 01:53:00,0.05
2026-01-09 01:54:00,0.05
2026-01-09 01:55:00,0.08648932
2026-01-09 01:56:00,0.08766243
2026-01-09 01:57:00,0.05
2026-01-09 01:58:00,0.06049083
2026-01-09 01:59:00,0.07479683
2026-01-09 02:00:00,0.099120654
2026-01-09 02:01:00,0.18201289
2026-01-09 02:02:00,0.14788175
2026-01-09 02:03:00,0.05
2026-01-09 02:04:00,0.05
2026-01-09 02:05:00,0.05
2026-01-09 02:06:00,0.05
2026-01-09 02:07:00,0.05
2026-01-09 02:08:00,0.05
2026-01-09 02:09:00,0.05
2026-01-09 02:10:00,0.05
2026-01-09 02:11:00,0.05
2026-01-09 02:12:00,0.05
2026-01-09 02:13:00,0.05
2026-01-09 02:14:00,0.05
2026-01-09 02:15:00,0.05
2026-01-09 02:16:00,0.05
2026-01-09 02:17:00,0.05
2026-01-09 02:18:00,0.05
2026-01-09 02:19:00,0.05
2026-01-09 02:20:00,0.05
2026-01-09 02:21:00,0.05
2026-01-09 02:22:00,0.05
2026-01-09 02:23:00,0.09600473
2026-01-09 02:24:00,0.05
2026-01-09 02:25:00,0.05
2026-01-09 02:26:00,0.057820633
2026-01-09 02:27:00,0.05570079
2026-01-09 02:28:00,0.108895354
2026-01-09 02:29:00,0.10258869
2026-01-09 02:30:00,0.099798165
2026-01-09 02:31:00,0.13925134
2026-01-09 02:32:00,0.21544555
2026-01-09 02:33:00,0.26946995
2026-01-09 02:34:00,0.25746092
2026-01-09 02:35:00,0.24995306
2026-01-09 02:36:00,0.24695037
2026-01-09 02:37:00,0.2482546
2026-01-09 02:38:00,0.20973639
2026-01-09 02:39:00,0.24571344
2026-01-09 02:40:00,0.24966934
2026-01-09 02:41:00,0.24330689
2026-01-09 02:42:00,0.18845889
2026-01-09 02:43:00,0.19139333
2026-01-09 02:44:00,0.11593072
2026-01-09 02:45:00,0.09902557
2026-01-09 02:46:00,0.08427314
2026-01-09 02:47:00,0.10476317
2026-01-09 02:48:00,0.18738705
2026-01-09 02:49:00,0.21114245
2026-01-09 02:50:00,0.26811668
2026-01-09 02:51:00,0.2884651
2026-01-09 02:52:00,0.3264394
2026-01-09 02:53:00,0.3907191
2026-01-09 02:54:00,0.34635845
2026-01-09 02:55:00,0.30299693
2026-01-09 02:56:00,0.32180223
2026-01-09 02:57:00,0.3122651
2026-01-09 02:58:00,0.31251407
2026-01-09 02:59:00,0.29404446
2026-01-09 03:00:00,0.26321122
2026-01-09 03:01:00,0.32358834
2026-01-09 03:02:00,0.2703733
2026-01-09 03:03:00,0.29292896
2026-01-09 03:04:00,0.3072573
2026-01-09 03:05:00,0.23637362
2026-01-09 03:06:00,0.20115422
2026-01-09 03:07:00,0.1755405
2026-01-09 03:08:00,0.20113173
2026-01-09 03:09:00,0.18747602
2026-01-09 03:10:00,0.18623602
2026-01-09 03:11:00,0.13027865
2026-01-09 03:12:00,0.23020625
2026-01-09 03:13:00,0.23201734
2026-01-09 03:14:00,0.25086236
2026-01-09 03:15:00,0.22668163
2026-01-09 03:16:00,0.2000225
2026-01-09 03:17:00,0.27817607
2026-01-09 03:18:00,0.1969689
2026-01-09 03:19:00,0.21014114
2026-01-09 03:20:00,0.16272195
2026-01-09 03:21:00,0.15142506
2026-01-09 03:22:00,0.13177715
2026-01-09 03:23:00,0.09985502
2026-01-09 03:24:00,0.111412965
2026-01-09 03:25:00,0.05
2026-01-09 03:26:00,0.05
2026-01-09 03:27:00,0.05
2026-01-09 03:28:00,0.05
2026-01-09 03:29:00,0.07566816
2026-01-09 03:30:00,0.06438844
2026-01-09 03:31:00,0.06836165
2026-01-09 03:32:00,0.057899464
2026-01-09 03:33:00,0.06877255
2026-01-09 03:34:00,0.13443662
2026-01-09 03:35:00,0.24151517
2026-01-09 03:36:00,0.2710054
2026-01-09 03:37:00,0.3119039
2026-01-09 03:38:00,0.37474144
2026-01-09 03:39:00,0.37392363
2026-01-09 03:40:00,0.42610058
2026-01-09 03:41:00,0.44306386
2026-01-09 03:42:00,0.43280825
2026-01-09 03:43:00,0.43170226
2026-01-09 03:44:00,0.34388974
2026-01-09 03:45:00,0.34771925
2026-01-09 03:46:00,0.27788362
2026-01-09 03:47:00,0.21045013
2026-01-09 03:48:00,0.22121368
2026-01-09 03:49:00,0.17891459
2026-01-09 03:50:00,0.18435502
2026-01-09 03:51:00,0.19525944
2026-01-09 03:52:00,0.2071537
2026-01-09 03:53:00,0.17468742
2026-01-09 03:54:00,0.21700874
2026-01-09 03:55:00,0.21650606
2026-01-09 03:56:00,0.23733474
2026-01-09 03:57:00,0.1910755
2026-01-09 03:58:00,0.18932074
2026-01-09 03:59:00,0.23881078
2026-01-09 04:00:00,0.27933678
2026-01-09 04:01:00,0.24600196
2026-01-09 04:02:00,0.2254837
2026-01-09 04:03:00,0.18896241
2026-01-09 04:04:00,0.1687347
2026-01-09 04:05:00,0.12050024
2026-01-09 04:06:00,0.12664169
2026-01-09 04:07:00,0.16322616
2026-01-09 04:08:00,0.14023827
2026-01-09 04:09:00,0.14694957
2026-01-09 04:10:00,0.1480109
2026-01-09 04:11:00,0.20009485
2026-01-09 04:12:00,0.18142682
2026-01-09 04:13:00,0.16579068
2026-01-09 04:14:00,0.14065692
2026-01-09 04:15:00,0.10595829
2026-01-09 04:16:00,0.14078756
2026-01-09 04:17:00,0.14634316
2026-01-09 04:18:00,0.15913592
2026-01-09 04:19:00,0.21978357
2026-01-09 04:20:00,0.27796233
2026-01-09 04:21:00,0.21243976
2026-01-09 04:22:00,0.24400765
2026-01-09 04:23:00,0.2562487
2026-01-09 04:24:00,0.24010737
2026-01-09 04:25:00,0.25691503
2026-01-09 04:26:00,0.19030231
2026-01-09 04:27:00,0.25666684
2026-01-09 04:28:00,0.27990177
2026-01-09 04:29:00,0.24615999
2026-01-09 04:30:00,0.22639705
2026-01-09 04:31:00,0.16359398
2026-01-09 04:32:00,0.16147126
2026-01-09 04:33:00,0.15285619
2026-01-09 04:34:00,0.11132424
2026-01-09 04:35:00,0.15727669
2026-01-09 04:36:00,0.21964636
2026-01-09 04:37:00,0.22495002
2026-01-09 04:38:00,0.21878804
2026-01-09 04:39:00,0.24283467
2026-01-09 04:40:00,0.24686329
2026-01-09 04:41:00,0.20815891
2026-01-09 04:42:00,0.18982211
2026-01-09 04:43:00,0.18729335
2026-01-09 04:44:00,0.2068435
2026-01-09 04:45:00,0.21536759
2026-01-09 04:46:00,0.23134325
2026-01-09 04:47:00,0.17672543
2026-01-09 04:48:00,0.2141716
2026-01-09 04:49:00,0.22224297
2026-01-09 04:50:00,0.33173358
2026-01-09 04:51:00,0.3149447
2026-01-09 04:52:00,0.3280364
2026-01-09 04:53:00,0.44040516
2026-01-09 04:54:00,0.43847358
2026-01-09 04:55:00,0.42632216
2026-01-09 04:56:00,0.37846592
2026-01-09 04:57:00,0.43514073
2026-01-09 04:58:00,0.3798821
2026-01-09 04:59:00,0.39258853
2026-01-09 05:00:00,0.36834717
2026-01-09 05:01:00,0.35750985
2026-01-09 05:02:00,0.29825196
2026-01-09 05:03:00,0.35451356
2026-01-09 05:04:00,0.341534
2026-01-09 05:05:00,0.29219806
2026-01-09 05:06:00,0.34561744
2026-01-09 05:07:00,0.32458767
2026-01-09 05:08:00,0.33888775
2026-01-09 05:09:00,0.37241414
2026-01-09 05:10:00,0.38866132
2026-01-09 05:11:00,0.2968804
2026-01-09 05:12:00,0.32822028
2026-01-09 05:13:00,0.3253131
2026-01-09 05:14:00,0.31360102
2026-01-09 05:15:00,0.31172344
2026-01-09 05:16:00,0.2500574
2026-01-09 05:17:00,0.26551265
2026-01-09 05:18:00,0.21756907
2026-01-09 05:19:00,0.21670337
2026-01-09 05:20:00,0.23369165
2026-01-09 05:21:00,0.28613254
2026-01-09 05:22:00,0.2587332
2026-01-09 05:23:00,0.32447508
2026-01-09 05:24:00,0.3648697
2026-01-09 05:25:00,0.34708396
2026-01-09 05:26:00,0.3036494
2026-01-09 05:27:00,0.2503891
2026-01-09 05:28:00,0.2701148
2026-01-09 05:29:00,0.24800354
2026-01-09 05:30:00,0.30522963
2026-01-09 05:31:00,0.28282544
2026-01-09 05:32:00,0.253471
2026-01-09 05:33:00,0.27194026
2026-01-09 05:34:00,0.25224876
2026-01-09 05:35:00,0.26202038
2026-01-09 05:36:00,0.31021196
2026-01-09 05:37:00,0.31990218
2026-01-09 05:38:00,0.32907113
2026-01-09 05:39:00,0.34097865
2026-01-09 05:40:00,0.2761087
2026-01-09 05:41:00,0.29993102
2026-01-09 05:42:00,0.31267673
2026-01-09 05:43:00,0.35382697
2026-01-09 05:44:00,0.38030759
2026-01-09 05:45:00,0.37246537
2026-01-09 05:46:00,0.4147304
2026-01-09 05:47:00,0.40071973
2026-01-09 05:48:00,0.40952802
2026-01-09 05:49:00,0.39540622
2026-01-09 05:50:00,0.41343746
2026-01-09 05:51:00,0.39660352
2026-01-09 05:52:00,0.46218535
2026-01-09 05:53:00,0.5374207
2026-01-09 05:54:00,0.561008
2026-01-09 05:55:00,0.60951066
2026-01-09 05:56:00,0.5310208
2026-01-09 05:57:00,0.46363202
2026-01-09 05:58:00,0.44573554
2026-01-09 05:59:00,0.44389117
2026-01-09 06:00:00,0.4327257
2026-01-09 06:01:00,0.36480546
2026-01-09 06:02:00,0.4141772
2026-01-09 06:03:00,0.4998129
2026-01-09 06:04:00,0.54377896
2026-01-09 06:05:00,0.57651895
2026-01-09 06:06:00,0.57237357
2026-01-09 06:07:00,0.5259053
2026-01-09 06:08:00,0.51988584
2026-01-09 06:09:00,0.5957808
2026-01-09 06:10:00,0.5674117
2026-01-09 06:11:00,0.5373043
2026-01-09 06:12:00,0.5722068
2026-01-09 06:13:00,0.6070836
2026-01-09 06:14:00,0.55841804
2026-01-09 06:15:00,0.53721386
2026-01-09 06:16:00,0.50820076
2026-01-09 06:17:00,0.5044843
2026-01-09 06:18:00,0.5425369
2026-01-09 06:19:00,0.50134885
2026-01-09 06:20:00,0.5393157
2026-01-09 06:21:00,0.53483707
2026-01-09 06:22:00,0.6198109
2026-01-09 06:23:00,0.61780494
2026-01-09 06:24:00,0.5994423
2026-01-09 06:25:00,0.60952693
2026-01-09 06:26:00,0.5824434
2026-01-09 06:27:00,0.4993147
2026-01-09 06:28:00,0.48513967
2026-01-09 06:29:00,0.47158122
2026-01-09 06:30:00,0.40578008
2026-01-09 06:31:00,0.40612802
2026-01-09 06:32:00,0.32679898
2026-01-09 06:33:00,0.32270712
2026-01-09 06:34:00,0.34270802
2026-01-09 06:35:00,0.35535905
2026-01-09 06:36:00,0.3467897
2026-01-09 06:37:00,0.35204184
2026-01-09 06:38:00,0.329047
2026-01-09 06:39:00,0.33980164
2026-01-09 06:40:00,0.35170144
2026-01-09 06:41:00,0.32443064
2026-01-09 06:42:00,0.34617442
2026-01-09 06:43:00,0.3660439
2026-01-09 06:44:00,0.36733246
2026-01-09 06:45:00,0.47212347
2026-01-09 06:46:00,0.46617654
2026-01-09 06:47:00,0.45527953
2026-01-09 06:48:00,0.4396434
2026-01-09 06:49:00,0.40343195
2026-01-09 06:50:00,0.43650657
2026-01-09 06:51:00,0.41216516
2026-01-09 06:52:00,0.3946189
2026-01-09 06:53:00,0.37978047
2026-01-09 06:54:00,0.34837705
2026-01-09 06:55:00,0.2889563
2026-01-09 06:56:00,0.2859311
2026-01-09 06:57:00,0.33671516
2026-01-09 06:58:00,0.35649845
2026-01-09 06:59:00,0.42935926
2026-01-09 07:00:00,0.46412277
2026-01-09 07:01:00,0.48714197
2026-01-09 07:02:00,0.5627835
2026-01-09 07:03:00,0.55329835
2026-01-09 07:04:00,0.55109745
2026-01-09 07:05:00,0.54620767
2026-01-09 07:06:00,0.60403574
2026-01-09 07:07:00,0.5957034
2026-01-09 07:08:00,0.56212264
2026-01-09 07:09:00,0.5807832
2026-01-09 07:10:00,0.5419103
2026-01-09 07:11:00,0.8288657
2026-01-09 07:12:00,0.79272264
2026-01-09 07:13:00,0.74029315
2026-01-09 07:14:00,0.7263481
2026-01-09 07:15:00,0.6347426
2026-01-09 07:16:00,0.61927843
2026-01-09 07:17:00,0.58232516
2026-01-09 07:18:00,0.6832388
2026-01-09 07:19:00,0.66940856
2026-01-09 07:20:00,0.6279183
2026-01-09 07:21:00,0.55957615
2026-01-09 07:22:00,0.604977
2026-01-09 07:23:00,0.58130974
2026-01-09 07:24:00,0.54254484
2026-01-09 07:25:00,0.552551
2026-01-09 07:26:00,0.57477665
2026-01-09 07:27:00,0.59501094
2026-01-09 07:28:00,0.5894216
2026-01-09 07:29:00,0.59017575
2026-01-09 07:30:00,0.5940659
2026-01-09 07:31:00,0.60207176
2026-01-09 07:32:00,0.6132048
2026-01-09 07:33:00,0.6504379
2026-01-09 07:34:00,0.64336234
2026-01-09 07:35:00,0.60210204
2026-01-09 07:36:00,0.59120995
2026-01-09 07:37:00,0.6172698
2026-01-09 07:38:00,0.5397829
2026-01-09 07:39:00,0.46886998
2026-01-09 07:40:00,0.5117303
2026-01-09 07:41:00,0.5753706
2026-01-09 07:42:00,0.5226382
2026-01-09 07:43:00,0.5288794
2026-01-09 07:44:00,0.51474744
2026-01-09 07:45:00,0.507419
2026-01-09 07:46:00,0.52345407
2026-01-09 07:47:00,0.4743917
2026-01-09 07:48:00,0.43680075
2026-01-09 07:49:00,0.43457514
2026-01-09 07:50:00,0.43888122
2026-01-09 07:51:00,0.4037376
2026-01-09 07:52:00,0.448147
2026-01-09 07:53:00,0.4408322
2026-01-09 07:54:00,0.4340488
2026-01-09 07:55:00,0.45610327
2026-01-09 07:56:00,0.46004653
2026-01-09 07:57:00,0.5024452
2026-01-09 07:58:00,0.47073132
2026-01-09 07:59:00,0.423111
2026-01-09 08:00:00,0.42291906
2026-01-09 08:01:00,0.437658
2026-01-09 08:02:00,0.3992926
2026-01-09 08:03:00,0.35823065
2026-01-09 08:04:00,0.3833698
2026-01-09 08:05:00,0.3690085
2026-01-09 08:06:00,0.32812053
2026-01-09 08:07:00,0.38733122
2026-01-09 08:08:00,0.37803292
2026-01-09 08:09:00,0.44085592
2026-01-09 08:10:00,0.4539124
2026-01-09 08:11:00,0.4766887
2026-01-09 08:12:00,0.47750518
2026-01-09 08:13:00,0.38062227
2026-01-09 08:14:00,0.3523373
2026-01-09 08:15:00,0.36687028
2026-01-09 08:16:00,0.39997008
2026-01-09 08:17:00,0.3443575
2026-01-09 08:18:00,0.36274832
2026-01-09 08:19:00,0.3370327
2026-01-09 08:20:00,0.36776087
2026-01-09 08:21:00,0.38598084
2026-01-09 08:22:00,0.43337008
2026-01-09 08:23:00,0.49001157
2026-01-09 08:24:00,0.5179187
2026-01-09 08:25:00,0.55975956
2026-01-09 08:26:00,0.54993355
2026-01-09 08:27:00,0.66794175
2026-01-09 08:28:00,0.61494124
2026-01-09 08:29:00,0.59393257
2026-01-09 08:30:00,0.63187814
2026-01-09 08:31:00,0.6609513
2026-01-09 08:32:00,0.67719394
2026-01-09 08:33:00,0.6997626
2026-01-09 08:34:00,0.61027884
2026-01-09 08:35:00,0.67497575
2026-01-09 08:36:00,0.66287696
2026-01-09 08:37:00,0.70984477
2026-01-09 08:38:00,0.6219854
2026-01-09 08:39:00,0.63286537
2026-01-09 08:40:00,0.61017865
2026-01-09 08:41:00,0.63483804
2026-01-09 08:42:00,0.64742875
2026-01-09 08:43:00,0.66107696
2026-01-09 08:44:00,0.6167393
2026-01-09 08:45:00,0.6161327
2026-01-09 08:46:00,0.6107516
2026-01-09 08:47:00,0.63292474
2026-01-09 08:48:00,0.67318785
2026-01-09 08:49:00,0.6767811
2026-01-09 08:50:00,0.6231247
2026-01-09 08:51:00,0.6292144
2026-01-09 08:52:00,0.7350599
2026-01-09 08:53:00,0.79393786
2026-01-09 08:54:00,0.66339195
2026-01-09 08:55:00,0.6649017
2026-01-09 08:56:00,0.70114356
2026-01-09 08:57:00,0.69000995
2026-01-09 08:58:00,0.66875774
2026-01-09 08:59:00,0.6570318
2026-01-09 09:00:00,0.6791107
2026-01-09 09:01:00,0.6314973
2026-01-09 09:02:00,0.6812793
2026-01-09 09:03:00,0.67739123
2026-01-09 09:04:00,0.6387522
2026-01-09 09:05:00,0.68567836
2026-01-09 09:06:00,0.62216985
2026-01-09 09:07:00,0.6034372
2026-01-09 09:08:00,0.58564246
2026-01-09 09:09:00,0.6779937
2026-01-09 09:10:00,0.64989555
2026-01-09 09:11:00,0.56534445
2026-01-09 09:12:00,0.55058
2026-01-09 09:13:00,0.57858753
2026-01-09 09:14:00,0.6175917
2026-01-09 09:15:00,0.7132692
2026-01-09 09:16:00,0.7666019
2026-01-09 09:17:00,0.7670038
2026-01-09 09:18:00,0.7242943
2026-01-09 09:19:00,0.7857133
2026-01-09 09:20:00,0.76260877
2026-01-09 09:21:00,0.7298621
2026-01-09 09:22:00,0.70947134
2026-01-09 09:23:00,0.65739566
2026-01-09 09:24:00,0.64106894
2026-01-09 09:25:00,0.6354164
2026-01-09 09:26:00,0.668858
2026-01-09 09:27:00,0.65496534
2026-01-09 09:28:00,0.6070998
2026-01-09 09:29:00,0.549701
2026-01-09 09:30:00,0.5695175
2026-01-09 09:31:00,0.58236015
2026-01-09 09:32:00,0.56918675
2026-01-09 09:33:00,0.5606299
2026-01-09 09:34:00,0.5870834
2026-01-09 09:35:00,0.65159065
2026-01-09 09:36:00,0.6241969
2026-01-09 09:37:00,0.63384324
2026-01-09 09:38:00,0.677579
2026-01-09 09:39:00,0.6485265
2026-01-09 09:40:00,0.6523029
2026-01-09 09:41:00,0.6549678
2026-01-09 09:42:00,0.60657215
2026-01-09 09:43:00,0.6213241
2026-01-09 09:44:00,0.6295016
2026-01-09 09:45:00,0.65804976
2026-01-09 09:46:00,0.6147182
2026-01-09 09:47:00,0.6228098
2026-01-09 09:48:00,0.6852068
2026-01-09 09:49:00,0.77052414
2026-01-09 09:50:00,0.81720245
2026-01-09 09:51:00,0.7619391
2026-01-09 09:52:00,0.77630204
2026-01-09 09:53:00,0.7522277
2026-01-09 09:54:00,0.7608406
2026-01-09 09:55:00,0.7265986
2026-01-09 09:56:00,0.6575241
2026-01-09 09:57:00,0.64881176
2026-01-09 09:58:00,0.6835587
2026-01-09 09:59:00,0.69821876
2026-01-09 10:00:00,0.71638054
2026-01-09 10:01:00,0.7257016
2026-01-09 10:02:00,0.7418796
2026-01-09 10:03:00,0.7618379
2026-01-09 10:04:00,0.74810654
2026-01-09 10:05:00,0.74985075
2026-01-09 10:06:00,0.8179439
2026-01-09 10:07:00,0.8166137
2026-01-09 10:08:00,0.81148404
2026-01-09 10:09:00,0.8092499
2026-01-09 10:10:00,0.79443455
2026-01-09 10:11:00,0.7721779
2026-01-09 10:12:00,0.777534
2026-01-09 10:13:00,0.75395626
2026-01-09 10:14:00,0.74674267
2026-01-09 10:15:00,0.71437556
2026-01-09 10:16:00,0.72060776
2026-01-09 10:17:00,0.7454572
2026-01-09 10:18:00,0.7365421
2026-01-09 10:19:00,0.6565492
2026-01-09 10:20:00,0.6869727
2026-01-09 10:21:00,0.69622123
2026-01-09 10:22:00,0.66025925
2026-01-09 10:23:00,0.69789976
2026-01-09 10:24:00,0.64572614
2026-01-09 10:25:00,0.69554424
2026-01-09 10:26:00,0.6973299
2026-01-09 10:27:00,0.6105762
2026-01-09 10:28:00,0.6287136
2026-01-09 10:29:00,0.6220816
2026-01-09 10:30:00,0.6100158
2026-01-09 10:31:00,0.59174174
2026-01-09 10:32:00,0.59941095
2026-01-09 10:33:00,0.59220815
2026-01-09 10:34:00,0.53078145
2026-01-09 10:35:00,0.59947866
2026-01-09 10:36:00,0.60208195
2026-01-09 10:37:00,0.5850324
2026-01-09 10:38:00,0.5535452
2026-01-09 10:39:00,0.60060054
2026-01-09 10:40:00,0.5611818
2026-01-09 10:41:00,0.5822697
2026-01-09 10:42:00,0.57302105
2026-01-09 10:43:00,0.5668968
2026-01-09 10:44:00,0.53819174
2026-01-09 10:45:00,0.5311671
2026-01-09 10:46:00,0.5499234
2026-01-09 10:47:00,0.5762926
2026-01-09 10:48:00,0.55976886
2026-01-09 10:49:00,0.5724056
2026-01-09 10:50:00,0.6232587
2026-01-09 10:51:00,0.5680515
2026-01-09 10:52:00,0.583566
2026-01-09 10:53:00,0.560109
2026-01-09 10:54:00,0.5345022
2026-01-09 10:55:00,0.56354094
2026-01-09 10:56:00,0.5580548
2026-01-09 10:57:00,0.52619356
2026-01-09 10:58:00,0.5985723
2026-01-09 10:59:00,0.64904016
2026-01-09 11:00:00,0.5814213
2026-01-09 11:01:00,0.5375732
2026-01-09 11:02:00,0.5799939
2026-01-09 11:03:00,0.5839327
2026-01-09 11:04:00,0.6590189
2026-01-09 11:05:00,0.6927726
2026-01-09 11:06:00,0.7111947
2026-01-09 11:07:00,0.67533284
2026-01-09 11:08:00,0.7029145
2026-01-09 11:09:00,0.6576433
2026-01-09 11:10:00,0.7192756
2026-01-09 11:11:00,0.7406939
2026-01-09 11:12:00,0.7105604
2026-01-09 11:13:00,0.74805766
2026-01-09 11:14:00,0.84006834
2026-01-09 11:15:00,0.82639134
2026-01-09 11:16:00,0.8445679
2026-01-09 11:17:00,0.8220385
2026-01-09 11:18:00,0.82203585
2026-01-09 11:19:00,0.75836664
2026-01-09 11:20:00,0.76009536
2026-01-09 11:21:00,0.7634858
2026-01-09 11:22:00,0.8368569
2026-01-09 11:23:00,0.7606329
2026-01-09 11:24:00,0.7511057
2026-01-09 11:25:00,0.80513436
2026-01-09 11:26:00,0.79367816
2026-01-09 11:27:00,0.7859883
2026-01-09 11:28:00,0.7524688
2026-01-09 11:29:00,0.7176886
2026-01-09 11:30:00,0.64999187
2026-01-09 11:31:00,0.6356069
2026-01-09 11:32:00,0.60799706
2026-01-09 11:33:00,0.6269212
2026-01-09 11:34:00,0.608132
2026-01-09 11:35:00,0.60319746
2026-01-09 11:36:00,0.5997809
2026-01-09 11:37:00,0.6128267
2026-01-09 11:38:00,0.60564137
2026-01-09 11:39:00,0.57772666
2026-01-09 11:40:00,0.597973
2026-01-09 11:41:00,0.65589356
2026-01-09 11:42:00,0.67164457
2026-01-09 11:43:00,0.6566283
2026-01-09 11:44:00,0.66230404
2026-01-09 11:45:00,0.59044945
2026-01-09 11:46:00,0.6008151
2026-01-09 11:47:00,0.59993565
2026-01-09 11:48:00,0.57782394
2026-01-09 11:49:00,0.5647568
2026-01-09 11:50:00,0.5664303
2026-01-09 11:51:00,0.62409765
2026-01-09 11:52:00,0.6811553
2026-01-09 11:53:00,0.65286005
2026-01-09 11:54:00,0.6432489
2026-01-09 11:55:00,0.6354442
2026-01-09 11:56:00,0.98
2026-01-09 11:57:00,0.98
2026-01-09 11:58:00,0.98
2026-01-09 11:59:00,0.98
2026-01-09 12:00:00,0.9167139
2026-01-09 12:01:00,0.94129604
2026-01-09 12:02:00,0.91291755
2026-01-09 12:03:00,0.8556222
2026-01-09 12:04:00,0.83040667
2026-01-09 12:05:00,0.86767817
2026-01-09 12:06:00,0.83733267
2026-01-09 12:07:00,0.86575556
2026-01-09 12:08:00,0.83001935
2026-01-09 12:09:00,0.79244184
2026-01-09 12:10:00,0.8156306
2026-01-09 12:11:00,0.77623755
2026-01-09 12:12:00,0.8083629
2026-01-09 12:13:00,0.8194981
2026-01-09 12:14:00,0.7810763
2026-01-09 12:15:00,0.7780962
2026-01-09 12:16:00,0.7564933
2026-01-09 12:17:00,0.77271974
2026-01-09 12:18:00,0.8493584
2026-01-09 12:19:00,0.82965547
2026-01-09 12:20:00,0.847815
2026-01-09 12:21:00,0.8442363
2026-01-09 12:22:00,0.8410013
2026-01-09 12:23:00,0.83051425
2026-01-09 12:24:00,0.79322696
2026-01-09 12:25:00,0.80666524
2026-01-09 12:26:00,0.79410636
2026-01-09 12:27:00,0.7579369
2026-01-09 12:28:00,0.8014419
2026-01-09 12:29:00,0.8048777
2026-01-09 12:30:00,0.7949685
2026-01-09 12:31:00,0.8485893
2026-01-09 12:32:00,0.7708835
2026-01-09 12:33:00,0.8237567
2026-01-09 12:34:00,0.7862841
2026-01-09 12:35:00,0.79548097
2026-01-09 12:36:00,0.7719596
2026-01-09 12:37:00,0.7369226
2026-01-09 12:38:00,0.7941631
2026-01-09 12:39:00,0.8685155
2026-01-09 12:40:00,0.853819
2026-01-09 12:41:00,0.8625625
2026-01-09 12:42:00,0.8594625
2026-01-09 12:43:00,0.92354584
2026-01-09 12:44:00,0.82875013
2026-01-09 12:45:00,0.84114236
2026-01-09 12:46:00,0.8083659
2026-01-09 12:47:00,0.71305007
2026-01-09 12:48:00,0.7051683
2026-01-09 12:49:00,0.7862511
2026-01-09 12:50:00,0.7606737
2026-01-09 12:51:00,0.7950048
2026-01-09 12:52:00,0.8428949
2026-01-09 12:53:00,0.8384877
2026-01-09 12:54:00,0.8397473
2026-01-09 12:55:00,0.7674236
2026-01-09 12:56:00,0.7408783
2026-01-09 12:57:00,0.7813699
2026-01-09 12:58:00,0.7847552
2026-01-09 12:59:00,0.8001216
2026-01-09 13:00:00,0.8048764
2026-01-09 13:01:00,0.8915891
2026-01-09 13:02:00,0.86644787
2026-01-09 13:03:00,0.9247385
2026-01-09 13:04:00,0.91947263
2026-01-09 13:05:00,0.9770383
2026-01-09 13:06:00,0.91321355
2026-01-09 13:07:00,0.9108614
2026-01-09 13:08:00,0.88554466
2026-01-09 13:09:00,0.8835601
2026-01-09 13:10:00,0.9250303
2026-01-09 13:11:00,0.9294196
2026-01-09 13:12:00,0.9670995
2026-01-09 13:13:00,0.9261192
2026-01-09 13:14:00,0.88229066
2026-01-09 13:15:00,0.87550324
2026-01-09 13:16:00,0.86704534
2026-01-09 13:17:00,0.85335207
2026-01-09 13:18:00,0.80981916
2026-01-09 13:19:00,0.8560354
2026-01-09 13:20:00,0.8360696
2026-01-09 13:21:00,0.8892319
2026-01-09 13:22:00,0.88158154
2026-01-09 13:23:00,0.8999438
2026-01-09 13:24:00,0.913181
2026-01-09 13:25:00,0.8700521
2026-01-09 13:26:00,0.8780042
2026-01-09 13:27:00,0.9477365
2026-01-09 13:28:00,0.944792
2026-01-09 13:29:00,0.9680397
2026-01-09 13:30:00,0.98
2026-01-09 13:31:00,0.9775915
2026-01-09 13:32:00,0.9695306
2026-01-09 13:33:00,0.97651607
2026-01-09 13:34:00,0.98
2026-01-09 13:35:00,0.92072815
2026-01-09 13:36:00,0.9195183
2026-01-09 13:37:00,0.9011159
2026-01-09 13:38:00,0.87585324
2026-01-09 13:39:00,0.92007613
2026-01-09 13:40:00,0.8795611
2026-01-09 13:41:00,0.8157863
2026-01-09 13:42:00,0.8446962
2026-01-09 13:43:00,0.7826118
2026-01-09 13:44:00,0.7051544
2026-01-09 13:45:00,0.7473039
2026-01-09 13:46:00,0.75606084
2026-01-09 13:47:00,0.7766378
2026-01-09 13:48:00,0.758923
2026-01-09 13:49:00,0.70490587
2026-01-09 13:50:00,0.6631141
2026-01-09 13:51:00,0.66116816
2026-01-09 13:52:00,0.6193275
2026-01-09 13:53:00,0.6439699
2026-01-09 13:54:00,0.6358175
2026-01-09 13:55:00,0.6541736
2026-01-09 13:56:00,0.6698217
2026-01-09 13:57:00,0.6934395
2026-01-09 13:58:00,0.71963006
2026-01-09 13:59:00,0.70994455
2026-01-09 14:00:00,0.7221025
2026-01-09 14:01:00,0.7353228
2026-01-09 14:02:00,0.6408423
2026-01-09 14:03:00,0.6768892
2026-01-09 14:04:00,0.6901408
2026-01-09 14:05:00,0.7188477
2026-01-09 14:06:00,0.6711731
2026-01-09 14:07:00,0.66610545
2026-01-09 14:08:00,0.63036263
2026-01-09 14:09:00,0.6708735
2026-01-09 14:10:00,0.62210345
2026-01-09 14:11:00,0.5962415
2026-01-09 14:12:00,0.63091475
2026-01-09 14:13:00,0.61621356
2026-01-09 14:14:00,0.5906743
2026-01-09 14:15:00,0.64052844
2026-01-09 14:16:00,0.68797934
2026-01-09 14:17:00,0.7225534
2026-01-09 14:18:00,0.75937134
2026-01-09 14:19:00,0.7499761
2026-01-09 14:20:00,0.74235517
2026-01-09 14:21:00,0.71754706
2026-01-09 14:22:00,0.7272982
2026-01-09 14:23:00,0.70838577
2026-01-09 14:24:00,0.6947207
2026-01-09 14:25:00,0.7234081
2026-01-09 14:26:00,0.773126
2026-01-09 14:27:00,0.7873549
2026-01-09 14:28:00,0.85622656
2026-01-09 14:29:00,0.8195337
2026-01-09 14:30:00,0.7404158
2026-01-09 14:31:00,0.76966876
2026-01-09 14:32:00,0.73705983
2026-01-09 14:33:00,0.72692156
2026-01-09 14:34:00,0.6576859
2026-01-09 14:35:00,0.6287477
2026-01-09 14:36:00,0.5779385
2026-01-09 14:37:00,0.5738452
2026-01-09 14:38:00,0.571603
2026-01-09 14:39:00,0.5888537
2026-01-09 14:40:00,0.6506474
2026-01-09 14:41:00,0.68491685
2026-01-09 14:42:00,0.6244132
2026-01-09 14:43:00,0.6578882
2026-01-09 14:44:00,0.66876507
2026-01-09 14:45:00,0.67031837
2026-01-09 14:46:00,0.67468184
2026-01-09 14:47:00,0.68771505
2026-01-09 14:48:00,0.6637763
2026-01-09 14:49:00,0.66206175
2026-01-09 14:50:00,0.71506315
2026-01-09 14:51:00,0.6882373
2026-01-09 14:52:00,0.6504443
2026-01-09 14:53:00,0.6543276
2026-01-09 14:54:00,0.6150709
2026-01-09 14:55:00,0.55519056
2026-01-09 14:56:00,0.55515724
2026-01-09 14:57:00,0.6267736
2026-01-09 14:58:00,0.63309455
2026-01-09 14:59:00,0.64751947
2026-01-09 15:00:00,0.56836325
2026-01-09 15:01:00,0.5981918
2026-01-09 15:02:00,0.61176443
2026-01-09 15:03:00,0.59384036
2026-01-09 15:04:00,0.6110686
2026-01-09 15:05:00,0.62644064
2026-01-09 15:06:00,0.59131724
2026-01-09 15:07:00,0.6145755
2026-01-09 15:08:00,0.6705021
2026-01-09 15:09:00,0.6648686
2026-01-09 15:10:00,0.63401634
2026-01-09 15:11:00,0.63314885
2026-01-09 15:12:00,0.6735541
2026-01-09 15:13:00,0.6274047
2026-01-09 15:14:00,0.65705687
2026-01-09 15:15:00,0.633988
2026-01-09 15:16:00,0.64948124
2026-01-09 15:17:00,0.6313923
2026-01-09 15:18:00,0.6145555
2026-01-09 15:19:00,0.682582
2026-01-09 15:20:00,0.6277907
2026-01-09 15:21:00,0.6530717
2026-01-09 15:22:00,0.72607905
2026-01-09 15:23:00,0.75132364
2026-01-09 15:24:00,0.6937933
2026-01-09 15:25:00,0.642755
2026-01-09 15:26:00,0.6169064
2026-01-09 15:27:00,0.6294149
2026-01-09 15:28:00,0.6435516
2026-01-09 15:29:00,0.5965587
2026-01-09 15:30:00,0.56918925
2026-01-09 15:31:00,0.5463663
2026-01-09 15:32:00,0.55050397
2026-01-09 15:33:00,0.6408333
2026-01-09 15:34:00,0.60712546
2026-01-09 15:35:00,0.5742674
2026-01-09 15:36:00,0.53769416
2026-01-09 15:37:00,0.5746972
2026-01-09 15:38:00,0.58156705
2026-01-09 15:39:00,0.55359393
2026-01-09 15:40:00,0.5490974
2026-01-09 15:41:00,0.5277132
2026-01-09 15:42:00,0.5514363
2026-01-09 15:43:00,0.6687012
2026-01-09 15:44:00,0.691144
2026-01-09 15:45:00,0.68593645
2026-01-09 15:46:00,0.65816474
2026-01-09 15:47:00,0.605376
2026-01-09 15:48:00,0.6397918
2026-01-09 15:49:00,0.66917825
2026-01-09 15:50:00,0.6502924
2026-01-09 15:51:00,0.6999912
2026-01-09 15:52:00,0.69792104
2026-01-09 15:53:00,0.90429515
2026-01-09 15:54:00,0.8788511
2026-01-09 15:55:00,0.8396121
2026-01-09 15:56:00,0.77492726
2026-01-09 15:57:00,0.74984205
2026-01-09 15:58:00,0.7679294
2026-01-09 15:59:00,0.73190564
2026-01-09 16:00:00,0.7377607
2026-01-09 16:01:00,0.68311554
2026-01-09 16:02:00,0.7080451
2026-01-09 16:03:00,0.7128426
2026-01-09 16:04:00,0.65708256
2026-01-09 16:05:00,0.64523846
2026-01-09 16:06:00,0.6808116
2026-01-09 16:07:00,0.6261058
2026-01-09 16:08:00,0.5834319
2026-01-09 16:09:00,0.58431804
2026-01-09 16:10:00,0.6732981
2026-01-09 16:11:00,0.64294523
2026-01-09 16:12:00,0.661732
2026-01-09 16:13:00,0.66958743
2026-01-09 16:14:00,0.6427887
2026-01-09 16:15:00,0.64810675
2026-01-09 16:16:00,0.6285762
2026-01-09 16:17:00,0.61413544
2026-01-09 16:18:00,0.54862976
2026-01-09 16:19:00,0.55375
2026-01-09 16:20:00,0.5953085
2026-01-09 16:21:00,0.599778
2026-01-09 16:22:00,0.6451118
2026-01-09 16:23:00,0.6663073
2026-01-09 16:24:00,0.6601053
2026-01-09 16:25:00,0.63155484
2026-01-09 16:26:00,0.61084384
2026-01-09 16:27:00,0.5523072
2026-01-09 16:28:00,0.54647666
2026-01-09 16:29:00,0.5575205
2026-01-09 16:30:00,0.6303415
2026-01-09 16:31:00,0.6497356
2026-01-09 16:32:00,0.6117333
2026-01-09 16:33:00,0.553672
2026-01-09 16:34:00,0.54944897
2026-01-09 16:35:00,0.5861766
2026-01-09 16:36:00,0.5785504
2026-01-09 16:37:00,0.60191745
2026-01-09 16:38:00,0.5943694
2026-01-09 16:39:00,0.62322855
2026-01-09 16:40:00,0.55708647
2026-01-09 16:41:00,0.6241708
2026-01-09 16:42:00,0.5770989
2026-01-09 16:43:00,0.6099181
2026-01-09 16:44:00,0.5973516
2026-01-09 16:45:00,0.59192073
2026-01-09 16:46:00,0.58178914
2026-01-09 16:47:00,0.59221184
2026-01-09 16:48:00,0.6097527
2026-01-09 16:49:00,0.6497987
2026-01-09 16:50:00,0.70049906
2026-01-09 16:51:00,0.7039727
2026-01-09 16:52:00,0.7623166
2026-01-09 16:53:00,0.7510387
2026-01-09 16:54:00,0.7799153
2026-01-09 16:55:00,0.78040624
2026-01-09 16:56:00,0.741614
2026-01-09 16:57:00,0.73501545
2026-01-09 16:58:00,0.7416948
2026-01-09 16:59:00,0.7262974
2026-01-09 17:00:00,0.729806
2026-01-09 17:01:00,0.75100607
2026-01-09 17:02:00,0.73483235
2026-01-09 17:03:00,0.6030033
2026-01-09 17:04:00,0.66647816
2026-01-09 17:05:00,0.64571154
2026-01-09 17:06:00,0.6054495
2026-01-09 17:07:00,0.55624586
2026-01-09 17:08:00,0.5423554
2026-01-09 17:09:00,0.5203944
2026-01-09 17:10:00,0.49308977
2026-01-09 17:11:00,0.4700347
2026-01-09 17:12:00,0.49716845
2026-01-09 17:13:00,0.5820258
2026-01-09 17:14:00,0.61157227
2026-01-09 17:15:00,0.65070516
2026-01-09 17:16:00,0.6265761
2026-01-09 17:17:00,0.62352926
2026-01-09 17:18:00,0.63346756
2026-01-09 17:19:00,0.59903765
2026-01-09 17:20:00,0.5765837
2026-01-09 17:21:00,0.60700554
2026-01-09 17:22:00,0.6442914
2026-01-09 17:23:00,0.6375471
2026-01-09 17:24:00,0.5807075
2026-01-09 17:25:00,0.56426543
2026-01-09 17:26:00,0.50317675
2026-01-09 17:27:00,0.5075041
2026-01-09 17:28:00,0.51856065
2026-01-09 17:29:00,0.5075554
2026-01-09 17:30:00,0.5177947
2026-01-09 17:31:00,0.53408957
2026-01-09 17:32:00,0.54254633
2026-01-09 17:33:00,0.49185774
2026-01-09 17:34:00,0.48302177
2026-01-09 17:35:00,0.5012837
2026-01-09 17:36:00,0.5647062
2026-01-09 17:37:00,0.548896
2026-01-09 17:38:00,0.5671279
2026-01-09 17:39:00,0.5968602
2026-01-09 17:40:00,0.58108914
2026-01-09 17:41:00,0.62024766
2026-01-09 17:42:00,0.6582905
2026-01-09 17:43:00,0.7002847
2026-01-09 17:44:00,0.7019075
2026-01-09 17:45:00,0.779335
2026-01-09 17:46:00,0.7314178
2026-01-09 17:47:00,0.7967745
2026-01-09 17:48:00,0.8025378
2026-01-09 17:49:00,0.83058965
2026-01-09 17:50:00,0.7898466
2026-01-09 17:51:00,0.7988097
2026-01-09 17:52:00,0.83022183
2026-01-09 17:53:00,0.7584139
2026-01-09 17:54:00,0.7291781
2026-01-09 17:55:00,0.62303025
2026-01-09 17:56:00,0.60375726
2026-01-09 17:57:00,0.5603853
2026-01-09 17:58:00,0.544279
2026-01-09 17:59:00,0.65498394
2026-01-09 18:00:00,0.7084652
2026-01-09 18:01:00,0.6312443
2026-01-09 18:02:00,0.63987494
2026-01-09 18:03:00,0.6574093
2026-01-09 18:04:00,0.6279343
2026-01-09 18:05:00,0.62133205
2026-01-09 18:06:00,0.61903155
2026-01-09 18:07:00,0.5518781
2026-01-09 18:08:00,0.5025749
2026-01-09 18:09:00,0.5052279
2026-01-09 18:10:00,0.50461984
2026-01-09 18:11:00,0.47160876
2026-01-09 18:12:00,0.43767315
2026-01-09 18:13:00,0.4345034
2026-01-09 18:14:00,0.47049177
2026-01-09 18:15:00,0.46496293
2026-01-09 18:16:00,0.5277125
2026-01-09 18:17:00,0.5885709
2026-01-09 18:18:00,0.574382
2026-01-09 18:19:00,0.54102784
2026-01-09 18:20:00,0.54931724
2026-01-09 18:21:00,0.5031916
2026-01-09 18:22:00,0.56993634
2026-01-09 18:23:00,0.4872707
2026-01-09 18:24:00,0.5479712
2026-01-09 18:25:00,0.5391899
2026-01-09 18:26:00,0.549908
2026-01-09 18:27:00,0.59127486
2026-01-09 18:28:00,0.6104165
2026-01-09 18:29:00,0.564626
2026-01-09 18:30:00,0.5757675
2026-01-09 18:31:00,0.6367423
2026-01-09 18:32:00,0.5826491
2026-01-09 18:33:00,0.65308946
2026-01-09 18:34:00,0.6485436
2026-01-09 18:35:00,0.6115467
2026-01-09 18:36:00,0.5590366
2026-01-09 18:37:00,0.5374466
2026-01-09 18:38:00,0.44821474
2026-01-09 18:39:00,0.42762637
2026-01-09 18:40:00,0.4146757
2026-01-09 18:41:00,0.37019497
2026-01-09 18:42:00,0.4020526
2026-01-09 18:43:00,0.39258373
2026-01-09 18:44:00,0.36707535
2026-01-09 18:45:00,0.3559082
2026-01-09 18:46:00,0.37273264
2026-01-09 18:47:00,0.37681502
2026-01-09 18:48:00,0.3494813
2026-01-09 18:49:00,0.35727707
2026-01-09 18:50:00,0.98
2026-01-09 18:51:00,0.8555688
2026-01-09 18:52:00,0.75174373
2026-01-09 18:53:00,0.70057
2026-01-09 18:54:00,0.66107774
2026-01-09 18:55:00,0.5990963
2026-01-09 18:56:00,0.58359766
2026-01-09 18:57:00,0.5073565
2026-01-09 18:58:00,0.44194627
2026-01-09 18:59:00,0.41252008
2026-01-09 19:00:00,0.45770916
2026-01-09 19:01:00,0.44778126
2026-01-09 19:02:00,0.4226149
2026-01-09 19:03:00,0.47345987
2026-01-09 19:04:00,0.4479709
2026-01-09 19:05:00,0.526167
2026-01-09 19:06:00,0.48888373
2026-01-09 19:07:00,0.43504956
2026-01-09 19:08:00,0.41971213
2026-01-09 19:09:00,0.40257895
2026-01-09 19:10:00,0.36468408
2026-01-09 19:11:00,0.46636173
2026-01-09 19:12:00,0.4686754
2026-01-09 19:13:00,0.4766929
2026-01-09 19:14:00,0.44705492
2026-01-09 19:15:00,0.4151606
2026-01-09 19:16:00,0.44992918
2026-01-09 19:17:00,0.37382448
2026-01-09 19:18:00,0.32507682
2026-01-09 19:19:00,0.3159888
2026-01-09 19:20:00,0.37148988
2026-01-09 19:21:00,0.35344818
2026-01-09 19:22:00,0.36838996
2026-01-09 19:23:00,0.3665077
2026-01-09 19:24:00,0.41542122
2026-01-09 19:25:00,0.34508294
2026-01-09 19:26:00,0.37309703
2026-01-09 19:27:00,0.3613712
2026-01-09 19:28:00,0.39542872
2026-01-09 19:29:00,0.3568876
2026-01-09 19:30:00,0.3550684
2026-01-09 19:31:00,0.34820953
2026-01-09 19:32:00,0.30579245
2026-01-09 19:33:00,0.25553945
2026-01-09 19:34:00,0.23719633
2026-01-09 19:35:00,0.24862374
2026-01-09 19:36:00,0.2235526
2026-01-09 19:37:00,0.21745005
2026-01-09 19:38:00,0.14949623
2026-01-09 19:39:00,0.1474742
2026-01-09 19:40:00,0.20127319
2026-01-09 19:41:00,0.237922
2026-01-09 19:42:00,0.23984505
2026-01-09 19:43:00,0.25472778
2026-01-09 19:44:00,0.2254342
2026-01-09 19:45:00,0.2964832
2026-01-09 19:46:00,0.37947267
2026-01-09 19:47:00,0.37959725
2026-01-09 19:48:00,0.4766385
2026-01-09 19:49:00,0.43497425
2026-01-09 19:50:00,0.37370014
2026-01-09 19:51:00,0.3388794
2026-01-09 19:52:00,0.32634333
2026-01-09 19:53:00,0.41596642
2026-01-09 19:54:00,0.394585
2026-01-09 19:55:00,0.35166907
2026-01-09 19:56:00,0.3105295
2026-01-09 19:57:00,0.35411587
2026-01-09 19:58:00,0.38840255
2026-01-09 19:59:00,0.36053148
2026-01-09 20:00:00,0.2791747
2026-01-09 20:01:00,0.23411123
2026-01-09 20:02:00,0.30654398
2026-01-09 20:03:00,0.33178273
2026-01-09 20:04:00,0.32996693
2026-01-09 20:05:00,0.40033016
2026-01-09 20:06:00,0.46854332
2026-01-09 20:07:00,0.4514285
2026-01-09 20:08:00,0.43631768
2026-01-09 20:09:00,0.3997373
2026-01-09 20:10:00,0.37788206
2026-01-09 20:11:00,0.30960774
2026-01-09 20:12:00,0.24653473
2026-01-09 20:13:00,0.17911892
2026-01-09 20:14:00,0.22927888
2026-01-09 20:15:00,0.16949958
2026-01-09 20:16:00,0.25486073
2026-01-09 20:17:00,0.22608335
2026-01-09 20:18:00,0.29822168
2026-01-09 20:19:00,0.2803976
2026-01-09 20:20:00,0.21585943
2026-01-09 20:21:00,0.27038863
2026-01-09 20:22:00,0.32518512
2026-01-09 20:23:00,0.2831878
2026-01-09 20:24:00,0.26743326
2026-01-09 20:25:00,0.22988077
2026-01-09 20:26:00,0.22665116
2026-01-09 20:27:00,0.2327225
2026-01-09 20:28:00,0.21984844
2026-01-09 20:29:00,0.1492132
2026-01-09 20:30:00,0.13365892
2026-01-09 20:31:00,0.17063504
2026-01-09 20:32:00,0.16806692
2026-01-09 20:33:00,0.16087362
2026-01-09 20:34:00,0.13003379
2026-01-09 20:35:00,0.11440209
2026-01-09 20:36:00,0.18069325
2026-01-09 20:37:00,0.13964492
2026-01-09 20:38:00,0.17621773
2026-01-09 20:39:00,0.18282773
2026-01-09 20:40:00,0.19673328
2026-01-09 20:41:00,0.17035435
2026-01-09 20:42:00,0.16122395
2026-01-09 20:43:00,0.1665818
2026-01-09 20:44:00,0.1508291
2026-01-09 20:45:00,0.17033704
2026-01-09 20:46:00,0.19324148
2026-01-09 20:47:00,0.28284162
2026-01-09 20:48:00,0.2894109
2026-01-09 20:49:00,0.20775555
2026-01-09 20:50:00,0.2555618
2026-01-09 20:51:00,0.24478716
2026-01-09 20:52:00,0.32342592
2026-01-09 20:53:00,0.37405366
2026-01-09 20:54:00,0.341504
2026-01-09 20:55:00,0.36056617
2026-01-09 20:56:00,0.32539046
2026-01-09 20:57:00,0.31681657
2026-01-09 20:58:00,0.33578274
2026-01-09 20:59:00,0.37063503
2026-01-09 21:00:00,0.3939107
2026-01-09 21:01:00,0.38243937
2026-01-09 21:02:00,0.46814737
2026-01-09 21:03:00,0.4329856
2026-01-09 21:04:00,0.35087472
2026-01-09 21:05:00,0.28295833
2026-01-09 21:06:00,0.3359496
2026-01-09 21:07:00,0.32260165
2026-01-09 21:08:00,0.31967694
2026-01-09 21:09:00,0.28885037
2026-01-09 21:10:00,0.26401067
2026-01-09 21:11:00,0.22771078
2026-01-09 21:12:00,0.24457358
2026-01-09 21:13:00,0.23727539
2026-01-09 21:14:00,0.25178623
2026-01-09 21:15:00,0.2612437
2026-01-09 21:16:00,0.23926257
2026-01-09 21:17:00,0.17765696
2026-01-09 21:18:00,0.117428645
2026-01-09 21:19:00,0.24484868
2026-01-09 21:20:00,0.3000685
2026-01-09 21:21:00,0.34528407
2026-01-09 21:22:00,0.30622423
2026-01-09 21:23:00,0.29758775
2026-01-09 21:24:00,0.25658163
2026-01-09 21:25:00,0.19892205
2026-01-09 21:26:00,0.17474286
2026-01-09 21:27:00,0.22903205
2026-01-09 21:28:00,0.25949675
2026-01-09 21:29:00,0.21502917
2026-01-09 21:30:00,0.2002654
2026-01-09 21:31:00,0.22917786
2026-01-09 21:32:00,0.20291157
2026-01-09 21:33:00,0.2047074
2026-01-09 21:34:00,0.21918894
2026-01-09 21:35:00,0.23201472
2026-01-09 21:36:00,0.23828287
2026-01-09 21:37:00,0.20767622
2026-01-09 21:38:00,0.18356776
2026-01-09 21:39:00,0.13802223
2026-01-09 21:40:00,0.07895456
2026-01-09 21:41:00,0.08241798
2026-01-09 21:42:00,0.122787274
2026-01-09 21:43:00,0.072008416
2026-01-09 21:44:00,0.09136562
2026-01-09 21:45:00,0.12958455
2026-01-09 21:46:00,0.05983581
2026-01-09 21:47:00,0.05825797
2026-01-09 21:48:00,0.13342336
2026-01-09 21:49:00,0.15875055
2026-01-09 21:50:00,0.08510191
2026-01-09 21:51:00,0.11844373
2026-01-09 21:52:00,0.09282232
2026-01-09 21:53:00,0.12675999
2026-01-09 21:54:00,0.102675185
2026-01-09 21:55:00,0.10594765
2026-01-09 21:56:00,0.08952689
2026-01-09 21:57:00,0.09599724
2026-01-09 21:58:00,0.079082325
2026-01-09 21:59:00,0.077220604
2026-01-09 22:00:00,0.05
2026-01-09 22:01:00,0.06732066
2026-01-09 22:02:00,0.08220651
2026-01-09 22:03:00,0.05
2026-01-09 22:04:00,0.07512793
2026-01-09 22:05:00,0.07518401
2026-01-09 22:06:00,0.08871109
2026-01-09 22:07:00,0.1252219
2026-01-09 22:08:00,0.14131343
2026-01-09 22:09:00,0.1895509
2026-01-09 22:10:00,0.1755447
2026-01-09 22:11:00,0.21572368
2026-01-09 22:12:00,0.21618432
2026-01-09 22:13:00,0.23195304
2026-01-09 22:14:00,0.24225713
2026-01-09 22:15:00,0.28517845
2026-01-09 22:16:00,0.30385125
2026-01-09 22:17:00,0.2744143
2026-01-09 22:18:00,0.23935825
2026-01-09 22:19:00,0.23072644
2026-01-09 22:20:00,0.19433099
2026-01-09 22:21:00,0.14912367
2026-01-09 22:22:00,0.0644591
2026-01-09 22:23:00,0.05
2026-01-09 22:24:00,0.10063201
2026-01-09 22:25:00,0.07859322
2026-01-09 22:26:00,0.16067828
2026-01-09 22:27:00,0.17614707
2026-01-09 22:28:00,0.17222506
2026-01-09 22:29:00,0.11054656
2026-01-09 22:30:00,0.11397737
2026-01-09 22:31:00,0.19259882
2026-01-09 22:32:00,0.25151363
2026-01-09 22:33:00,0.2543447
2026-01-09 22:34:00,0.19999881
2026-01-09 22:35:00,0.15762696
2026-01-09 22:36:00,0.12279446
2026-01-09 22:37:00,0.17594554
2026-01-09 22:38:00,0.2389547
2026-01-09 22:39:00,0.23945798
2026-01-09 22:40:00,0.21993047
2026-01-09 22:41:00,0.27600563
2026-01-09 22:42:00,0.22647265
2026-01-09 22:43:00,0.22208788
2026-01-09 22:44:00,0.2344697
2026-01-09 22:45:00,0.19280085
2026-01-09 22:46:00,0.16351193
2026-01-09 22:47:00,0.13342458
2026-01-09 22:48:00,0.19093461
2026-01-09 22:49:00,0.2637217
2026-01-09 22:50:00,0.2586755
2026-01-09 22:51:00,0.23868562
2026-01-09 22:52:00,0.20700355
2026-01-09 22:53:00,0.20189346
2026-01-09 22:54:00,0.17508781
2026-01-09 22:55:00,0.16852905
2026-01-09 22:56:00,0.18288071
2026-01-09 22:57:00,0.16331802
2026-01-09 22:58:00,0.15392537
2026-01-09 22:59:00,0.14542593
2026-01-09 23:00:00,0.13229895
2026-01-09 23:01:00,0.11524404
2026-01-09 23:02:00,0.147677
2026-01-09 23:03:00,0.076176144
2026-01-09 23:04:00,0.14417452
2026-01-09 23:05:00,0.14916196
2026-01-09 23:06:00,0.1727093
2026-01-09 23:07:00,0.19895503
2026-01-09 23:08:00,0.16575581
2026-01-09 23:09:00,0.12694116
2026-01-09 23:10:00,0.08649627
2026-01-09 23:11:00,0.080676444
2026-01-09 23:12:00,0.11315494
2026-01-09 23:13:00,0.09169874
2026-01-09 23:14:00,0.11960944
2026-01-09 23:15:00,0.05
2026-01-09 23:16:00,0.05
2026-01-09 23:17:00,0.075606905
2026-01-09 23:18:00,0.073583536
2026-01-09 23:19:00,0.05
2026-01-09 23:20:00,0.05
2026-01-09 23:21:00,0.05
2026-01-09 23:22:00,0.05
2026-01-09 23:23:00,0.05
2026-01-09 23:24:00,0.05
2026-01-09 23:25:00,0.05
2026-01-09 23:26:00,0.05
2026-01-09 23:27:00,0.05
2026-01-09 23:28:00,0.05
2026-01-09 23:29:00,0.05
2026-01-09 23:30:00,0.05
2026-01-09 23:31:00,0.05
2026-01-09 23:32:00,0.05
2026-01-09 23:33:00,0.05
2026-01-09 23:34:00,0.05
2026-01-09 23:35:00,0.05
2026-01-09 23:36:00,0.05
2026-01-09 23:37:00,0.05
2026-01-09 23:38:00,0.05
2026-01-09 23:39:00,0.05
2026-01-09 23:40:00,0.05
2026-01-09 23:41:00,0.05
2026-01-09 23:42:00,0.05
2026-01-09 23:43:00,0.05
2026-01-09 23:44:00,0.05
2026-01-09 23:45:00,0.05
2026-01-09 23:46:00,0.05
2026-01-09 23:47:00,0.05
2026-01-09 23:48:00,0.05
2026-01-09 23:49:00,0.05
2026-01-09 23:50:00,0.05
2026-01-09 23:51:00,0.05
2026-01-09 23:52:00,0.05
2026-01-09 23:53:00,0.05
2026-01-09 23:54:00,0.05
2026-01-09 23:55:00,0.05
2026-01-09 23:56:00,0.05
2026-01-09 23:57:00,0.05
2026-01-09 23:58:00,0.05
2026-01-09 23:59:00,0.05
2026-01-10 00:00:00,0.05
2026-01-10 00:01:00,0.05
2026-01-10 00:02:00,0.05
2026-01-10 00:03:00,0.05
2026-01-10 00:04:00,0.05
2026-01-10 00:05:00,0.05
2026-01-10 00:06:00,0.05
2026-01-10 00:07:00,0.05
2026-01-10 00:08:00,0.0714869
2026-01-10 00:09:00,0.05
2026-01-10 00:10:00,0.05
2026-01-10 00:11:00,0.05
2026-01-10 00:12:00,0.05
2026-01-10 00:13:00,0.05
2026-01-10 00:14:00,0.05
2026-01-10 00:15:00,0.05
2026-01-10 00:16:00,0.05
2026-01-10 00:17:00,0.05
2026-01-10 00:18:00,0.05
2026-01-10 00:19:00,0.05
2026-01-10 00:20:00,0.05
2026-01-10 00:21:00,0.05
2026-01-10 00:22:00,0.05
2026-01-10 00:23:00,0.05
2026-01-10 00:24:00,0.05
2026-01-10 00:25:00,0.05
2026-01-10 00:26:00,0.05
2026-01-10 00:27:00,0.05
2026-01-10 00:28:00,0.05
2026-01-10 00:29:00,0.05
2026-01-10 00:30:00,0.05
2026-01-10 00:31:00,0.08239257
2026-01-10 00:32:00,0.09231803
2026-01-10 00:33:00,0.14143333
2026-01-10 00:34:00,0.16573158
2026-01-10 00:35:00,0.2066119
2026-01-10 00:36:00,0.17647508
2026-01-10 00:37:00,0.16487744
2026-01-10 00:38:00,0.15439068
2026-01-10 00:39:00,0.17472212
2026-01-10 00:40:00,0.20329003
2026-01-10 00:41:00,0.20289615
2026-01-10 00:42:00,0.23261806
2026-01-10 00:43:00,0.20237927
2026-01-10 00:44:00,0.23252687
2026-01-10 00:45:00,0.2654992
2026-01-10 00:46:00,0.28232083
2026-01-10 00:47:00,0.2760836
2026-01-10 00:48:00,0.29353175
2026-01-10 00:49:00,0.24531154
2026-01-10 00:50:00,0.24466458
2026-01-10 00:51:00,0.24817657
2026-01-10 00:52:00,0.18622819
2026-01-10 00:53:00,0.20142163
2026-01-10 00:54:00,0.14648576
2026-01-10 00:55:00,0.12880342
2026-01-10 00:56:00,0.13126579
2026-01-10 00:57:00,0.10273459
2026-01-10 00:58:00,0.109041125
2026-01-10 00:59:00,0.114227235
2026-01-10 01:00:00,0.08355321
2026-01-10 01:01:00,0.110883996
2026-01-10 01:02:00,0.08276805
2026-01-10 01:03:00,0.17901194
2026-01-10 01:04:00,0.17168382
2026-01-10 01:05:00,0.122495316
2026-01-10 01:06:00,0.0847463
2026-01-10 01:07:00,0.13532074
2026-01-10 01:08:00,0.11960691
2026-01-10 01:09:00,0.06699303
2026-01-10 01:10:00,0.10731495
2026-01-10 01:11:00,0.093667634
2026-01-10 01:12:00,0.12390014
2026-01-10 01:13:00,0.16302855
2026-01-10 01:14:00,0.17261156
2026-01-10 01:15:00,0.26631498
2026-01-10 01:16:00,0.18772578
2026-01-10 01:17:00,0.15172538
2026-01-10 01:18:00,0.1411153
2026-01-10 01:19:00,0.2320696
2026-01-10 01:20:00,0.29725167
2026-01-10 01:21:00,0.336878
2026-01-10 01:22:00,0.29005325
2026-01-10 01:23:00,0.25167078
2026-01-10 01:24:00,0.2103494
2026-01-10 01:25:00,0.17417164
2026-01-10 01:26:00,0.2319663
2026-01-10 01:27:00,0.21571179
2026-01-10 01:28:00,0.20608199
2026-01-10 01:29:00,0.23269188
2026-01-10 01:30:00,0.15969063
2026-01-10 01:31:00,0.16121103
2026-01-10 01:32:00,0.11666397
2026-01-10 01:33:00,0.10781419
2026-01-10 01:34:00,0.08802771
2026-01-10 01:35:00,0.06779763
2026-01-10 01:36:00,0.08376466
2026-01-10 01:37:00,0.09831612
2026-01-10 01:38:00,0.09409896
2026-01-10 01:39:00,0.11387656
2026-01-10 01:40:00,0.0825375
2026-01-10 01:41:00,0.115751415
2026-01-10 01:42:00,0.11083498
2026-01-10 01:43:00,0.095251754
2026-01-10 01:44:00,0.06851018
2026-01-10 01:45:00,0.06608151
2026-01-10 01:46:00,0.14836806
2026-01-10 01:47:00,0.14675333
2026-01-10 01:48:00,0.10206428
2026-01-10 01:49:00,0.14351967
2026-01-10 01:50:00,0.12606947
2026-01-10 01:51:00,0.14028385
2026-01-10 01:52:00,0.11782568
2026-01-10 01:53:00,0.17266321
2026-01-10 01:54:00,0.14829445
2026-01-10 01:55:00,0.20546223
2026-01-10 01:56:00,0.16021451
2026-01-10 01:57:00,0.14888376
2026-01-10 01:58:00,0.20621885
2026-01-10 01:59:00,0.2097379
2026-01-10 02:00:00,0.29715103
2026-01-10 02:01:00,0.2759911
2026-01-10 02:02:00,0.27761588
2026-01-10 02:03:00,0.34507984
2026-01-10 02:04:00,0.27042896
2026-01-10 02:05:00,0.19684263
2026-01-10 02:06:00,0.16287872
2026-01-10 02:07:00,0.19603331
2026-01-10 02:08:00,0.12965307
2026-01-10 02:09:00,0.15690604
2026-01-10 02:10:00,0.17921218
2026-01-10 02:11:00,0.25928858
2026-01-10 02:12:00,0.29425043
2026-01-10 02:13:00,0.29920596
2026-01-10 02:14:00,0.34361675
2026-01-10 02:15:00,0.3517142
2026-01-10 02:16:00,0.31925386
2026-01-10 02:17:00,0.26205823
2026-01-10 02:18:00,0.23249748
2026-01-10 02:19:00,0.22652319
2026-01-10 02:20:00,0.22968078
2026-01-10 02:21:00,0.14022775
2026-01-10 02:22:00,0.13460724
2026-01-10 02:23:00,0.13941324
2026-01-10 02:24:00,0.16464446
2026-01-10 02:25:00,0.23107953
2026-01-10 02:26:00,0.23460601
2026-01-10 02:27:00,0.19409414
2026-01-10 02:28:00,0.12053528
2026-01-10 02:29:00,0.15311778
2026-01-10 02:30:00,0.1209031
2026-01-10 02:31:00,0.16075622
2026-01-10 02:32:00,0.21869837
2026-01-10 02:33:00,0.15439963
2026-01-10 02:34:00,0.17921807
2026-01-10 02:35:00,0.2316551
2026-01-10 02:36:00,0.26900905
2026-01-10 02:37:00,0.17881344
2026-01-10 02:38:00,0.14559837
2026-01-10 02:39:00,0.09803548
2026-01-10 02:40:00,0.12648016
2026-01-10 02:41:00,0.14830016
2026-01-10 02:42:00,0.05
2026-01-10 02:43:00,0.05
2026-01-10 02:44:00,0.08804073
2026-01-10 02:45:00,0.10255179
2026-01-10 02:46:00,0.115891844
2026-01-10 02:47:00,0.10777283
2026-01-10 02:48:00,0.07260428
2026-01-10 02:49:00,0.08198378
2026-01-10 02:50:00,0.09343836
2026-01-10 02:51:00,0.12656277
2026-01-10 02:52:00,0.1603471
2026-01-10 02:53:00,0.1670635
2026-01-10 02:54:00,0.21366513
2026-01-10 02:55:00,0.19780628
2026-01-10 02:56:00,0.1405134
2026-01-10 02:57:00,0.16470864
2026-01-10 02:58:00,0.17300317
2026-01-10 02:59:00,0.19551837
2026-01-10 03:00:00,0.14583951
2026-01-10 03:01:00,0.22240761
2026-01-10 03:02:00,0.24970159
2026-01-10 03:03:00,0.23493542
2026-01-10 03:04:00,0.19551596
2026-01-10 03:05:00,0.23981827
2026-01-10 03:06:00,0.19348373
2026-01-10 03:07:00,0.28544587
2026-01-10 03:08:00,0.2551331
2026-01-10 03:09:00,0.3206589
2026-01-10 03:10:00,0.3048089
2026-01-10 03:11:00,0.36090147
2026-01-10 03:12:00,0.31994805
2026-01-10 03:13:00,0.31248543
2026-01-10 03:14:00,0.33712295
2026-01-10 03:15:00,0.35414946
2026-01-10 03:16:00,0.38742846
2026-01-10 03:17:00,0.3545833
2026-01-10 03:18:00,0.34732476
2026-01-10 03:19:00,0.3872582
2026-01-10 03:20:00,0.34591958
2026-01-10 03:21:00,0.35906857
2026-01-10 03:22:00,0.33956656
2026-01-10 03:23:00,0.33869532
2026-01-10 03:24:00,0.3331104
2026-01-10 03:25:00,0.29312876
2026-01-10 03:26:00,0.2775194
2026-01-10 03:27:00,0.2794542
2026-01-10 03:28:00,0.2713987
2026-01-10 03:29:00,0.331077
2026-01-10 03:30:00,0.36354116
2026-01-10 03:31:00,0.3646807
2026-01-10 03:32:00,0.32367593
2026-01-10 03:33:00,0.2835886
2026-01-10 03:34:00,0.35869408
2026-01-10 03:35:00,0.30851597
2026-01-10 03:36:00,0.30737495
2026-01-10 03:37:00,0.31628206
2026-01-10 03:38:00,0.29765934
2026-01-10 03:39:00,0.2529651
2026-01-10 03:40:00,0.22061282
2026-01-10 03:41:00,0.20045887
2026-01-10 03:42:00,0.17547245
2026-01-10 03:43:00,0.23404849
2026-01-10 03:44:00,0.23453991
2026-01-10 03:45:00,0.21448061
2026-01-10 03:46:00,0.22133228
2026-01-10 03:47:00,0.26562598
2026-01-10 03:48:00,0.24892811
2026-01-10 03:49:00,0.2837854
2026-01-10 03:50:00,0.22923437
2026-01-10 03:51:00,0.27701002
2026-01-10 03:52:00,0.27398452
2026-01-10 03:53:00,0.26984248
2026-01-10 03:54:00,0.24041308
2026-01-10 03:55:00,0.19210774
2026-01-10 03:56:00,0.13026206
2026-01-10 03:57:00,0.15422639
2026-01-10 03:58:00,0.18138982
2026-01-10 03:59:00,0.14534223
2026-01-10 04:00:00,0.08946073
2026-01-10 04:01:00,0.06427034
2026-01-10 04:02:00,0.0626083
2026-01-10 04:03:00,0.0631132
2026-01-10 04:04:00,0.07263459
2026-01-10 04:05:00,0.128191
2026-01-10 04:06:00,0.18825984
2026-01-10 04:07:00,0.27402508
2026-01-10 04:08:00,0.20793726
2026-01-10 04:09:00,0.17809524
2026-01-10 04:10:00,0.21299265
2026-01-10 04:11:00,0.19915819
2026-01-10 04:12:00,0.23917003
2026-01-10 04:13:00,0.24996966
2026-01-10 04:14:00,0.31491548
2026-01-10 04:15:00,0.3533252
2026-01-10 04:16:00,0.38950717
2026-01-10 04:17:00,0.36398718
2026-01-10 04:18:00,0.3531894
2026-01-10 04:19:00,0.33504465
2026-01-10 04:20:00,0.27042428
2026-01-10 04:21:00,0.33017626
2026-01-10 04:22:00,0.35618743
2026-01-10 04:23:00,0.33659446
2026-01-10 04:24:00,0.384646
2026-01-10 04:25:00,0.3515465
2026-01-10 04:26:00,0.2728752
2026-01-10 04:27:00,0.3144082
2026-01-10 04:28:00,0.26127154
2026-01-10 04:29:00,0.2557871
2026-01-10 04:30:00,0.2669072
2026-01-10 04:31:00,0.2844011
2026-01-10 04:32:00,0.31910264
2026-01-10 04:33:00,0.3404159
2026-01-10 04:34:00,0.35887563
2026-01-10 04:35:00,0.3223228
2026-01-10 04:36:00,0.33218414
2026-01-10 04:37:00,0.26935518
2026-01-10 04:38:00,0.3343505
2026-01-10 04:39:00,0.2756488
2026-01-10 04:40:00,0.2639791
2026-01-10 04:41:00,0.21443675
2026-01-10 04:42:00,0.19249745
2026-01-10 04:43:00,0.20214862
2026-01-10 04:44:00,0.18943205
2026-01-10 04:45:00,0.24474502
2026-01-10 04:46:00,0.25903141
2026-01-10 04:47:00,0.24467501
2026-01-10 04:48:00,0.24473299
2026-01-10 04:49:00,0.29901063
2026-01-10 04:50:00,0.33660617
2026-01-10 04:51:00,0.2893819
2026-01-10 04:52:00,0.2643541
2026-01-10 04:53:00,0.2876402
2026-01-10 04:54:00,0.30430076
2026-01-10 04:55:00,0.26357305
2026-01-10 04:56:00,0.29817864
2026-01-10 04:57:00,0.26451075
2026-01-10 04:58:00,0.3214196
2026-01-10 04:59:00,0.34289616
2026-01-10 05:00:00,0.2962954
2026-01-10 05:01:00,0.2776326
2026-01-10 05:02:00,0.25986373
2026-01-10 05:03:00,0.27186635
2026-01-10 05:04:00,0.26845136
2026-01-10 05:05:00,0.22774607
2026-01-10 05:06:00,0.18044363
2026-01-10 05:07:00,0.21475415
2026-01-10 05:08:00,0.23590608
2026-01-10 05:09:00,0.24823584
2026-01-10 05:10:00,0.26628518
2026-01-10 05:11:00,0.24740298
2026-01-10 05:12:00,0.2622465
2026-01-10 05:13:00,0.37018198
2026-01-10 05:14:00,0.41502422
2026-01-10 05:15:00,0.39785945
2026-01-10 05:16:00,0.37276897
2026-01-10 05:17:00,0.25630286
2026-01-10 05:18:00,0.3064195
2026-01-10 05:19:00,0.34134355
2026-01-10 05:20:00,0.32035694
2026-01-10 05:21:00,0.26563483
2026-01-10 05:22:00,0.22644913
2026-01-10 05:23:00,0.25448614
2026-01-10 05:24:00,0.25903213
2026-01-10 05:25:00,0.29455346
2026-01-10 05:26:00,0.30312905
2026-01-10 05:27:00,0.34633338
2026-01-10 05:28:00,0.36229637
2026-01-10 05:29:00,0.39545378
2026-01-10 05:30:00,0.30932224
2026-01-10 05:31:00,0.26439777
2026-01-10 05:32:00,0.2579703
2026-01-10 05:33:00,0.30991733
2026-01-10 05:34:00,0.38985074
2026-01-10 05:35:00,0.38170278
2026-01-10 05:36:00,0.356417
2026-01-10 05:37:00,0.2795229
2026-01-10 05:38:00,0.32162616
2026-01-10 05:39:00,0.30391577
2026-01-10 05:40:00,0.42806822
2026-01-10 05:41:00,0.3944841
2026-01-10 05:42:00,0.4774793
2026-01-10 05:43:00,0.49966416
2026-01-10 05:44:00,0.44911477
2026-01-10 05:45:00,0.45313168
2026-01-10 05:46:00,0.47850293
2026-01-10 05:47:00,0.46208557
2026-01-10 05:48:00,0.48961765
2026-01-10 05:49:00,0.5141729
2026-01-10 05:50:00,0.52808607
2026-01-10 05:51:00,0.5164809
2026-01-10 05:52:00,0.45957288
2026-01-10 05:53:00,0.4512513
2026-01-10 05:54:00,0.45381722
2026-01-10 05:55:00,0.37420124
2026-01-10 05:56:00,0.38287413
2026-01-10 05:57:00,0.3803201
2026-01-10 05:58:00,0.33008596
2026-01-10 05:59:00,0.32252407
2026-01-10 06:00:00,0.31652242
2026-01-10 06:01:00,0.40078762
2026-01-10 06:02:00,0.41002187
2026-01-10 06:03:00,0.45126387
2026-01-10 06:04:00,0.44316173
2026-01-10 06:05:00,0.36557353
2026-01-10 06:06:00,0.39615268
2026-01-10 06:07:00,0.37117448
2026-01-10 06:08:00,0.36120832
2026-01-10 06:09:00,0.32345513
2026-01-10 06:10:00,0.33386236
2026-01-10 06:11:00,0.38324428
2026-01-10 06:12:00,0.42348897
2026-01-10 06:13:00,0.48676333
2026-01-10 06:14:00,0.5507578
2026-01-10 06:15:00,0.45879084
2026-01-10 06:16:00,0.40838298
2026-01-10 06:17:00,0.3375367
2026-01-10 06:18:00,0.3700749
2026-01-10 06:19:00,0.34712163
2026-01-10 06:20:00,0.3342729
2026-01-10 06:21:00,0.33346772
2026-01-10 06:22:00,0.3568062
2026-01-10 06:23:00,0.30367455
2026-01-10 06:24:00,0.26396453
2026-01-10 06:25:00,0.27795064
2026-01-10 06:26:00,0.3388289
2026-01-10 06:27:00,0.34598437
2026-01-10 06:28:00,0.32203025
2026-01-10 06:29:00,0.24584393
2026-01-10 06:30:00,0.2999015
2026-01-10 06:31:00,0.28220385
2026-01-10 06:32:00,0.24957566
2026-01-10 06:33:00,0.19695614
2026-01-10 06:34:00,0.15970926
2026-01-10 06:35:00,0.14467177
2026-01-10 06:36:00,0.15984622
2026-01-10 06:37:00,0.1351254
2026-01-10 06:38:00,0.16827478
2026-01-10 06:39:00,0.1816006
2026-01-10 06:40:00,0.29271272
2026-01-10 06:41:00,0.23799329
2026-01-10 06:42:00,0.26240328
2026-01-10 06:43:00,0.28547654
2026-01-10 06:44:00,0.2586366
2026-01-10 06:45:00,0.27909148
2026-01-10 06:46:00,0.32499897
2026-01-10 06:47:00,0.3404252
2026-01-10 06:48:00,0.40625167
2026-01-10 06:49:00,0.3244416
2026-01-10 06:50:00,0.3027102
2026-01-10 06:51:00,0.37552464
2026-01-10 06:52:00,0.4201086
2026-01-10 06:53:00,0.44638112
2026-01-10 06:54:00,0.49837598
2026-01-10 06:55:00,0.4203364
2026-01-10 06:56:00,0.45714283
2026-01-10 06:57:00,0.5018713
2026-01-10 06:58:00,0.47421494
2026-01-10 06:59:00,0.5804049
2026-01-10 07:00:00,0.58090043
2026-01-10 07:01:00,0.48590806
2026-01-10 07:02:00,0.5015932
2026-01-10 07:03:00,0.47209474
2026-01-10 07:04:00,0.5204669
2026-01-10 07:05:00,0.5404039
2026-01-10 07:06:00,0.5130279
2026-01-10 07:07:00,0.5719737
2026-01-10 07:08:00,0.6038004
2026-01-10 07:09:00,0.562503
2026-01-10 07:10:00,0.5516611
2026-01-10 07:11:00,0.5685618
2026-01-10 07:12:00,0.5489801
2026-01-10 07:13:00,0.53227633
2026-01-10 07:14:00,0.5318707
2026-01-10 07:15:00,0.4875135
2026-01-10 07:16:00,0.4001431
2026-01-10 07:17:00,0.4187552
2026-01-10 07:18:00,0.34687388
2026-01-10 07:19:00,0.32069442
2026-01-10 07:20:00,0.2655845
2026-01-10 07:21:00,0.21992576
2026-01-10 07:22:00,0.26102862
2026-01-10 07:23:00,0.27301362
2026-01-10 07:24:00,0.28271303
2026-01-10 07:25:00,0.2494533
2026-01-10 07:26:00,0.24537331
2026-01-10 07:27:00,0.28302872
2026-01-10 07:28:00,0.3006468
2026-01-10 07:29:00,0.35196272
2026-01-10 07:30:00,0.4049868
2026-01-10 07:31:00,0.4051932
2026-01-10 07:32:00,0.3414986
2026-01-10 07:33:00,0.3268404
2026-01-10 07:34:00,0.33982965
2026-01-10 07:35:00,0.32474443
2026-01-10 07:36:00,0.29985705
2026-01-10 07:37:00,0.32205218
2026-01-10 07:38:00,0.43701014
2026-01-10 07:39:00,0.42614815
2026-01-10 07:40:00,0.4356867
2026-01-10 07:41:00,0.39220917
2026-01-10 07:42:00,0.4545435
2026-01-10 07:43:00,0.4972608
2026-01-10 07:44:00,0.5339164
2026-01-10 07:45:00,0.58991796
2026-01-10 07:46:00,0.57006973
2026-01-10 07:47:00,0.5569221
2026-01-10 07:48:00,0.62543374
2026-01-10 07:49:00,0.64549404
2026-01-10 07:50:00,0.549987
2026-01-10 07:51:00,0.56919765
2026-01-10 07:52:00,0.545526
2026-01-10 07:53:00,0.58305806
2026-01-10 07:54:00,0.5981034
2026-01-10 07:55:00,0.5261107
2026-01-10 07:56:00,0.54036725
2026-01-10 07:57:00,0.5512699
2026-01-10 07:58:00,0.5675283
2026-01-10 07:59:00,0.5910832
2026-01-10 08:00:00,0.6496856
2026-01-10 08:01:00,0.66043097
2026-01-10 08:02:00,0.65479124
2026-01-10 08:03:00,0.6947194
2026-01-10 08:04:00,0.77535796
2026-01-10 08:05:00,0.7965524
2026-01-10 08:06:00,0.78781027
2026-01-10 08:07:00,0.7889338
2026-01-10 08:08:00,0.7830213
2026-01-10 08:09:00,0.7681938
2026-01-10 08:10:00,0.8405315
2026-01-10 08:11:00,0.79062605
2026-01-10 08:12:00,0.82098395
2026-01-10 08:13:00,0.7977951
2026-01-10 08:14:00,0.7223911
2026-01-10 08:15:00,0.70481557
2026-01-10 08:16:00,0.67441964
2026-01-10 08:17:00,0.6915412
2026-01-10 08:18:00,0.6879535
2026-01-10 08:19:00,0.640231
2026-01-10 08:20:00,0.6961588
2026-01-10 08:21:00,0.7324884
2026-01-10 08:22:00,0.7858592
2026-01-10 08:23:00,0.78110725
2026-01-10 08:24:00,0.76593786
2026-01-10 08:25:00,0.78166384
2026-01-10 08:26:00,0.74500024
2026-01-10 08:27:00,0.73968077
2026-01-10 08:28:00,0.7226668
2026-01-10 08:29:00,0.6557089
2026-01-10 08:30:00,0.65775627
2026-01-10 08:31:00,0.6370117
2026-01-10 08:32:00,0.62597185
2026-01-10 08:33:00,0.64017695
2026-01-10 08:34:00,0.68970364
2026-01-10 08:35:00,0.65052384
2026-01-10 08:36:00,0.6350745
2026-01-10 08:37:00,0.6038274
2026-01-10 08:38:00,0.57258326
2026-01-10 08:39:00,0.55336994
2026-01-10 08:40:00,0.5517249
2026-01-10 08:41:00,0.5816107
2026-01-10 08:42:00,0.59859455
2026-01-10 08:43:00,0.55923337
2026-01-10 08:44:00,0.61716723
2026-01-10 08:45:00,0.65658164
2026-01-10 08:46:00,0.6191239
2026-01-10 08:47:00,0.6697793
2026-01-10 08:48:00,0.6805997
2026-01-10 08:49:00,0.6713227
2026-01-10 08:50:00,0.6834731
2026-01-10 08:51:00,0.6794009
2026-01-10 08:52:00,0.69859165
2026-01-10 08:53:00,0.7020395
2026-01-10 08:54:00,0.6843244
2026-01-10 08:55:00,0.6005927
2026-01-10 08:56:00,0.62578183
2026-01-10 08:57:00,0.613024
2026-01-10 08:58:00,0.6474522
2026-01-10 08:59:00,0.6673762
2026-01-10 09:00:00,0.6526335
2026-01-10 09:01:00,0.69399655
2026-01-10 09:02:00,0.6994248
2026-01-10 09:03:00,0.7028704
2026-01-10 09:04:00,0.6940697
2026-01-10 09:05:00,0.75893867
2026-01-10 09:06:00,0.7228439
2026-01-10 09:07:00,0.7053587
2026-01-10 09:08:00,0.6527839
2026-01-10 09:09:00,0.68307537
2026-01-10 09:10:00,0.65868556
2026-01-10 09:11:00,0.98
2026-01-10 09:12:00,0.98
2026-01-10 09:13:00,0.98
2026-01-10 09:14:00,0.95391876
2026-01-10 09:15:00,0.8047785
2026-01-10 09:16:00,0.7823842
2026-01-10 09:17:00,0.66450465
2026-01-10 09:18:00,0.6793504
2026-01-10 09:19:00,0.72496206
2026-01-10 09:20:00,0.70112926
2026-01-10 09:21:00,0.7403222
2026-01-10 09:22:00,0.72555375
2026-01-10 09:23:00,0.7786648
2026-01-10 09:24:00,0.7467665
2026-01-10 09:25:00,0.64228517
2026-01-10 09:26:00,0.6385708
2026-01-10 09:27:00,0.70751256
2026-01-10 09:28:00,0.72472715
2026-01-10 09:29:00,0.69914937
2026-01-10 09:30:00,0.7098917
2026-01-10 09:31:00,0.74589336
2026-01-10 09:32:00,0.73711324
2026-01-10 09:33:00,0.8378332
2026-01-10 09:34:00,0.805019
2026-01-10 09:35:00,0.8358687
2026-01-10 09:36:00,0.85484093
2026-01-10 09:37:00,0.81401503
2026-01-10 09:38:00,0.787642
2026-01-10 09:39:00,0.82123584
2026-01-10 09:40:00,0.81735235
2026-01-10 09:41:00,0.8216428
2026-01-10 09:42:00,0.7467514
2026-01-10 09:43:00,0.76964575
2026-01-10 09:44:00,0.77607
2026-01-10 09:45:00,0.76803654
2026-01-10 09:46:00,0.7777381
2026-01-10 09:47:00,0.7559559
2026-01-10 09:48:00,0.7287025
2026-01-10 09:49:00,0.7177212
2026-01-10 09:50:00,0.6988147
2026-01-10 09:51:00,0.7872971
2026-01-10 09:52:00,0.81804013
2026-01-10 09:53:00,0.77119416
2026-01-10 09:54:00,0.84836936
2026-01-10 09:55:00,0.8206863
2026-01-10 09:56:00,0.81379104
2026-01-10 09:57:00,0.8422458
2026-01-10 09:58:00,0.75380707
2026-01-10 09:59:00,0.74184024
2026-01-10 10:00:00,0.7174561
2026-01-10 10:01:00,0.7262362
2026-01-10 10:02:00,0.7409891
2026-01-10 10:03:00,0.7367451
2026-01-10 10:04:00,0.73106027
2026-01-10 10:05:00,0.773456
2026-01-10 10:06:00,0.7819883
2026-01-10 10:07:00,0.7795091
2026-01-10 10:08:00,0.7815591
2026-01-10 10:09:00,0.8510383
2026-01-10 10:10:00,0.8485025
2026-01-10 10:11:00,0.81875616
2026-01-10 10:12:00,0.7356785
2026-01-10 10:13:00,0.67831993
2026-01-10 10:14:00,0.66429645
2026-01-10 10:15:00,0.6658103
2026-01-10 10:16:00,0.6493822
2026-01-10 10:17:00,0.67060745
2026-01-10 10:18:00,0.6534165
2026-01-10 10:19:00,0.6238291
2026-01-10 10:20:00,0.657761
2026-01-10 10:21:00,0.7193148
2026-01-10 10:22:00,0.67694783
2026-01-10 10:23:00,0.692071
2026-01-10 10:24:00,0.6201005
2026-01-10 10:25:00,0.5711708
2026-01-10 10:26:00,0.56165034
2026-01-10 10:27:00,0.62190205
2026-01-10 10:28:00,0.6008519
2026-01-10 10:29:00,0.5800525
2026-01-10 10:30:00,0.5950665
2026-01-10 10:31:00,0.6089807
2026-01-10 10:32:00,0.58895415
2026-01-10 10:33:00,0.6814443
2026-01-10 10:34:00,0.6765318
2026-01-10 10:35:00,0.68722963
2026-01-10 10:36:00,0.676516
2026-01-10 10:37:00,0.70038795
2026-01-10 10:38:00,0.75420755
2026-01-10 10:39:00,0.82092714
2026-01-10 10:40:00,0.785329
2026-01-10 10:41:00,0.82715744
2026-01-10 10:42:00,0.84365094
2026-01-10 10:43:00,0.8758746
2026-01-10 10:44:00,0.8629185
2026-01-10 10:45:00,0.8472468
2026-01-10 10:46:00,0.8777929
2026-01-10 10:47:00,0.90670776
2026-01-10 10:48:00,0.9578033
2026-01-10 10:49:00,0.9501766
2026-01-10 10:50:00,0.93099326
2026-01-10 10:51:00,0.8192783
2026-01-10 10:52:00,0.750495
2026-01-10 10:53:00,0.735945
2026-01-10 10:54:00,0.6943363
2026-01-10 10:55:00,0.7327131
2026-01-10 10:56:00,0.68310237
2026-01-10 10:57:00,0.6698573
2026-01-10 10:58:00,0.6592906
2026-01-10 10:59:00,0.7162871
2026-01-10 11:00:00,0.6962512
2026-01-10 11:01:00,0.7202903
2026-01-10 11:02:00,0.7321836
2026-01-10 11:03:00,0.7714737
2026-01-10 11:04:00,0.80554223
2026-01-10 11:05:00,0.80158305
2026-01-10 11:06:00,0.73146987
2026-01-10 11:07:00,0.7255909
2026-01-10 11:08:00,0.72869605
2026-01-10 11:09:00,0.7438333
2026-01-10 11:10:00,0.7168584
2026-01-10 11:11:00,0.76722056
2026-01-10 11:12:00,0.7685029
2026-01-10 11:13:00,0.7323578
2026-01-10 11:14:00,0.7176344
2026-01-10 11:15:00,0.79959846
2026-01-10 11:16:00,0.8244771
2026-01-10 11:17:00,0.8627663
2026-01-10 11:18:00,0.81442785
2026-01-10 11:19:00,0.7841035
2026-01-10 11:20:00,0.7565376
2026-01-10 11:21:00,0.76584524
2026-01-10 11:22:00,0.76010764
2026-01-10 11:23:00,0.74224395
2026-01-10 11:24:00,0.7308604
2026-01-10 11:25:00,0.7032226
2026-01-10 11:26:00,0.70239663
2026-01-10 11:27:00,0.7533915
2026-01-10 11:28:00,0.6952846
2026-01-10 11:29:00,0.71624255
2026-01-10 11:30:00,0.77689934
2026-01-10 11:31:00,0.7702029
2026-01-10 11:32:00,0.75024456
2026-01-10 11:33:00,0.79003656
2026-01-10 11:34:00,0.75033605
2026-01-10 11:35:00,0.75230116
2026-01-10 11:36:00,0.7134508
2026-01-10 11:37:00,0.6445255
2026-01-10 11:38:00,0.6498658
2026-01-10 11:39:00,0.61034876
2026-01-10 11:40:00,0.62408787
2026-01-10 11:41:00,0.6818211
2026-01-10 11:42:00,0.76452947
2026-01-10 11:43:00,0.7702164
2026-01-10 11:44:00,0.8124996
2026-01-10 11:45:00,0.8266131
2026-01-10 11:46:00,0.8083373
2026-01-10 11:47:00,0.7298792
2026-01-10 11:48:00,0.7997701
2026-01-10 11:49:00,0.75706714
2026-01-10 11:50:00,0.815076
2026-01-10 11:51:00,0.8346257
2026-01-10 11:52:00,0.7921182
2026-01-10 11:53:00,0.8045509
2026-01-10 11:54:00,0.88884395
2026-01-10 11:55:00,0.9425214
2026-01-10 11:56:00,0.9099875
2026-01-10 11:57:00,0.8721026
2026-01-10 11:58:00,0.86975265
2026-01-10 11:59:00,0.85697776
2026-01-10 12:00:00,0.8998504
2026-01-10 12:01:00,0.9209024
2026-01-10 12:02:00,0.8430113
2026-01-10 12:03:00,0.8574022
2026-01-10 12:04:00,0.8451446
2026-01-10 12:05:00,0.8425285
2026-01-10 12:06:00,0.84860754
2026-01-10 12:07:00,0.89220357
2026-01-10 12:08:00,0.9234858
2026-01-10 12:09:00,0.883175
2026-01-10 12:10:00,0.87374467
2026-01-10 12:11:00,0.8494822
2026-01-10 12:12:00,0.7778371
2026-01-10 12:13:00,0.7748315
2026-01-10 12:14:00,0.85023963
2026-01-10 12:15:00,0.777351
2026-01-10 12:16:00,0.7778201
2026-01-10 12:17:00,0.7769754
2026-01-10 12:18:00,0.7899595
2026-01-10 12:19:00,0.75189227
2026-01-10 12:20:00,0.69838023
2026-01-10 12:21:00,0.65101445
2026-01-10 12:22:00,0.7158234
2026-01-10 12:23:00,0.6829066
2026-01-10 12:24:00,0.6719514
2026-01-10 12:25:00,0.7660431
2026-01-10 12:26:00,0.73905414
2026-01-10 12:27:00,0.7572923
2026-01-10 12:28:00,0.802929
2026-01-10 12:29:00,0.8429918
2026-01-10 12:30:00,0.785958
2026-01-10 12:31:00,0.7582155
2026-01-10 12:32:00,0.7733202
2026-01-10 12:33:00,0.8522814
2026-01-10 12:34:00,0.81730264
2026-01-10 12:35:00,0.79583585
2026-01-10 12:36:00,0.812611
2026-01-10 12:37:00,0.83604413
2026-01-10 12:38:00,0.86002254
2026-01-10 12:39:00,0.8210139
2026-01-10 12:40:00,0.79769343
2026-01-10 12:41:00,0.8061352
2026-01-10 12:42:00,0.8557681
2026-01-10 12:43:00,0.84139216
2026-01-10 12:44:00,0.83680665
2026-01-10 12:45:00,0.7924355
2026-01-10 12:46:00,0.86717236
2026-01-10 12:47:00,0.8675633
2026-01-10 12:48:00,0.90485364
2026-01-10 12:49:00,0.89723706
2026-01-10 12:50:00,0.8924346
2026-01-10 12:51:00,0.8245829
2026-01-10 12:52:00,0.7361302
2026-01-10 12:53:00,0.7908489
2026-01-10 12:54:00,0.79422426
2026-01-10 12:55:00,0.8024519
2026-01-10 12:56:00,0.75178903
2026-01-10 12:57:00,0.7190053
2026-01-10 12:58:00,0.76744485
2026-01-10 12:59:00,0.8391084
2026-01-10 13:00:00,0.81056714
2026-01-10 13:01:00,0.83600396
2026-01-10 13:02:00,0.8401314
2026-01-10 13:03:00,0.8314899
2026-01-10 13:04:00,0.9024222
2026-01-10 13:05:00,0.8754559
2026-01-10 13:06:00,0.9183854
2026-01-10 13:07:00,0.92349035
2026-01-10 13:08:00,0.9122353
2026-01-10 13:09:00,0.9574173
2026-01-10 13:10:00,0.9556893
2026-01-10 13:11:00,0.9386164
2026-01-10 13:12:00,0.98
2026-01-10 13:13:00,0.98
2026-01-10 13:14:00,0.98
2026-01-10 13:15:00,0.8703883
2026-01-10 13:16:00,0.8814928
2026-01-10 13:17:00,0.8825628
2026-01-10 13:18:00,0.87364376
2026-01-10 13:19:00,0.8911992
2026-01-10 13:20:00,0.893356
2026-01-10 13:21:00,0.9120046
2026-01-10 13:22:00,0.8913042
2026-01-10 13:23:00,0.9428787
2026-01-10 13:24:00,0.96153057
2026-01-10 13:25:00,0.9692057
2026-01-10 13:26:00,0.9742856
2026-01-10 13:27:00,0.98
2026-01-10 13:28:00,0.98
2026-01-10 13:29:00,0.98
2026-01-10 13:30:00,0.98
2026-01-10 13:31:00,0.98
2026-01-10 13:32:00,0.98
2026-01-10 13:33:00,0.98
2026-01-10 13:34:00,0.98
2026-01-10 13:35:00,0.98
2026-01-10 13:36:00,0.98
2026-01-10 13:37:00,0.98
2026-01-10 13:38:00,0.9661804
2026-01-10 13:39:00,0.98
2026-01-10 13:40:00,0.98
2026-01-10 13:41:00,0.9662919
2026-01-10 13:42:00,0.940673
2026-01-10 13:43:00,0.8991689
2026-01-10 13:44:00,0.8772736
2026-01-10 13:45:00,0.8561769
2026-01-10 13:46:00,0.81982887
2026-01-10 13:47:00,0.8271982
2026-01-10 13:48:00,0.83878464
2026-01-10 13:49:00,0.7939026
2026-01-10 13:50:00,0.7260918
2026-01-10 13:51:00,0.7424335
2026-01-10 13:52:00,0.7662645
2026-01-10 13:53:00,0.7960785
2026-01-10 13:54:00,0.8163027
2026-01-10 13:55:00,0.87572724
2026-01-10 13:56:00,0.90732783
2026-01-10 13:57:00,0.98
2026-01-10 13:58:00,0.98
2026-01-10 13:59:00,0.98
2026-01-10 14:00:00,0.9044505
2026-01-10 14:01:00,0.8933469
2026-01-10 14:02:00,0.90354943
2026-01-10 14:03:00,0.8896833
2026-01-10 14:04:00,0.9080569
2026-01-10 14:05:00,0.8859589
2026-01-10 14:06:00,0.84863114
2026-01-10 14:07:00,0.82028216
2026-01-10 14:08:00,0.8078596
2026-01-10 14:09:00,0.8381272
2026-01-10 14:10:00,0.8127119
2026-01-10 14:11:00,0.79718864
2026-01-10 14:12:00,0.81722224
2026-01-10 14:13:00,0.8048396
2026-01-10 14:14:00,0.84601426
2026-01-10 14:15:00,0.80239224
2026-01-10 14:16:00,0.753531
2026-01-10 14:17:00,0.76616323
2026-01-10 14:18:00,0.7817156
2026-01-10 14:19:00,0.7451976
2026-01-10 14:20:00,0.79988647
2026-01-10 14:21:00,0.8733966
2026-01-10 14:22:00,0.8388564
2026-01-10 14:23:00,0.89162725
2026-01-10 14:24:00,0.78534025
2026-01-10 14:25:00,0.8258265
2026-01-10 14:26:00,0.78565896
2026-01-10 14:27:00,0.82199764
2026-01-10 14:28:00,0.7778743
2026-01-10 14:29:00,0.77293074
2026-01-10 14:30:00,0.7860274
2026-01-10 14:31:00,0.7697539
2026-01-10 14:32:00,0.8373239
2026-01-10 14:33:00,0.82260936
2026-01-10 14:34:00,0.89831066
2026-01-10 14:35:00,0.8685166
2026-01-10 14:36:00,0.9165294
2026-01-10 14:37:00,0.8362531
2026-01-10 14:38:00,0.816159
2026-01-10 14:39:00,0.7878341
2026-01-10 14:40:00,0.84483457
2026-01-10 14:41:00,0.8432517
2026-01-10 14:42:00,0.75091076
2026-01-10 14:43:00,0.6971023
2026-01-10 14:44:00,0.6595064
2026-01-10 14:45:00,0.7027811
2026-01-10 14:46:00,0.7374144
2026-01-10 14:47:00,0.72503304
2026-01-10 14:48:00,0.7036816
2026-01-10 14:49:00,0.7345911
2026-01-10 14:50:00,0.6891425
2026-01-10 14:51:00,0.7107638
2026-01-10 14:52:00,0.72719157
2026-01-10 14:53:00,0.7163596
2026-01-10 14:54:00,0.73322076
2026-01-10 14:55:00,0.73684305
2026-01-10 14:56:00,0.7559198
2026-01-10 14:57:00,0.70013905
2026-01-10 14:58:00,0.7266927
2026-01-10 14:59:00,0.7675324
2026-01-10 15:00:00,0.77680415
2026-01-10 15:01:00,0.79646873
2026-01-10 15:02:00,0.78603774
2026-01-10 15:03:00,0.81641346
2026-01-10 15:04:00,0.8112369
2026-01-10 15:05:00,0.7578674
2026-01-10 15:06:00,0.7874134
2026-01-10 15:07:00,0.7163403
2026-01-10 15:08:00,0.7275484
2026-01-10 15:09:00,0.7110975
2026-01-10 15:10:00,0.6933235
2026-01-10 15:11:00,0.7016925
2026-01-10 15:12:00,0.6740569
2026-01-10 15:13:00,0.6974071
2026-01-10 15:14:00,0.7005877
2026-01-10 15:15:00,0.67646444
2026-01-10 15:16:00,0.7324036
2026-01-10 15:17:00,0.73844486
2026-01-10 15:18:00,0.7609561
2026-01-10 15:19:00,0.81301004
2026-01-10 15:20:00,0.8601548
2026-01-10 15:21:00,0.87062323
2026-01-10 15:22:00,0.84486693
2026-01-10 15:23:00,0.7759993
2026-01-10 15:24:00,0.7780063
2026-01-10 15:25:00,0.81527746
2026-01-10 15:26:00,0.8198646
2026-01-10 15:27:00,0.6720367
2026-01-10 15:28:00,0.7085284
2026-01-10 15:29:00,0.7444651
2026-01-10 15:30:00,0.7281245
2026-01-10 15:31:00,0.7645804
2026-01-10 15:32:00,0.7836095
2026-01-10 15:33:00,0.7484823
2026-01-10 15:34:00,0.79434204
2026-01-10 15:35:00,0.7348859
2026-01-10 15:36:00,0.728499
2026-01-10 15:37:00,0.7185357
2026-01-10 15:38:00,0.68253464
2026-01-10 15:39:00,0.6944849
2026-01-10 15:40:00,0.74564373
2026-01-10 15:41:00,0.7901059
2026-01-10 15:42:00,0.8099485
2026-01-10 15:43:00,0.7313204
2026-01-10 15:44:00,0.673281
2026-01-10 15:45:00,0.6798688
2026-01-10 15:46:00,0.98
2026-01-10 15:47:00,0.98
2026-01-10 15:48:00,0.98
2026-01-10 15:49:00,0.98
2026-01-10 15:50:00,0.97859764
2026-01-10 15:51:00,0.97011465
2026-01-10 15:52:00,0.92901087
2026-01-10 15:53:00,0.98
2026-01-10 15:54:00,0.9188761
2026-01-10 15:55:00,0.8635397
2026-01-10 15:56:00,0.80091774
2026-01-10 15:57:00,0.84494686
2026-01-10 15:58:00,0.8561771
2026-01-10 15:59:00,0.8135798
2026-01-10 16:00:00,0.7623363
2026-01-10 16:01:00,0.8057259
2026-01-10 16:02:00,0.80517423
2026-01-10 16:03:00,0.8469716
2026-01-10 16:04:00,0.82687414
2026-01-10 16:05:00,0.8314545
2026-01-10 16:06:00,0.8273621
2026-01-10 16:07:00,0.786723
2026-01-10 16:08:00,0.76859504
2026-01-10 16:09:00,0.71034074
2026-01-10 16:10:00,0.7238872
2026-01-10 16:11:00,0.74701834
2026-01-10 16:12:00,0.7774208
2026-01-10 16:13:00,0.7923972
2026-01-10 16:14:00,0.7743243
2026-01-10 16:15:00,0.8248335
2026-01-10 16:16:00,0.8448366
2026-01-10 16:17:00,0.8830032
2026-01-10 16:18:00,0.9205348
2026-01-10 16:19:00,0.8918925
2026-01-10 16:20:00,0.8859809
2026-01-10 16:21:00,0.8959066
2026-01-10 16:22:00,0.8279843
2026-01-10 16:23:00,0.7662744
2026-01-10 16:24:00,0.7024977
2026-01-10 16:25:00,0.69136
2026-01-10 16:26:00,0.6719915
2026-01-10 16:27:00,0.6099641
2026-01-10 16:28:00,0.6161846
2026-01-10 16:29:00,0.61199206
2026-01-10 16:30:00,0.6591322
2026-01-10 16:31:00,0.7356128
2026-01-10 16:32:00,0.74359524
2026-01-10 16:33:00,0.7046968
2026-01-10 16:34:00,0.72252464
2026-01-10 16:35:00,0.7133093
2026-01-10 16:36:00,0.6947334
2026-01-10 16:37:00,0.6526634
2026-01-10 16:38:00,0.6297328
2026-01-10 16:39:00,0.6199719
2026-01-10 16:40:00,0.650145
2026-01-10 16:41:00,0.6660589
2026-01-10 16:42:00,0.7331587
2026-01-10 16:43:00,0.74871767
2026-01-10 16:44:00,0.75290656
2026-01-10 16:45:00,0.72741544
2026-01-10 16:46:00,0.67459
2026-01-10 16:47:00,0.64456886
2026-01-10 16:48:00,0.61162674
2026-01-10 16:49:00,0.50675213
2026-01-10 16:50:00,0.47223312
2026-01-10 16:51:00,0.5447836
2026-01-10 16:52:00,0.5620597
2026-01-10 16:53:00,0.54802257
2026-01-10 16:54:00,0.56598204
2026-01-10 16:55:00,0.4883027
2026-01-10 16:56:00,0.5061308
2026-01-10 16:57:00,0.5622213
2026-01-10 16:58:00,0.5577527
2026-01-10 16:59:00,0.487479
2026-01-10 17:00:00,0.47702125
2026-01-10 17:01:00,0.535
2026-01-10 17:02:00,0.5473869
2026-01-10 17:03:00,0.49157664
2026-01-10 17:04:00,0.59154
2026-01-10 17:05:00,0.53851974
2026-01-10 17:06:00,0.5300473
2026-01-10 17:07:00,0.49034473
2026-01-10 17:08:00,0.45374417
2026-01-10 17:09:00,0.4432959
2026-01-10 17:10:00,0.47708556
2026-01-10 17:11:00,0.5342171
2026-01-10 17:12:00,0.5195798
2026-01-10 17:13:00,0.48102403
2026-01-10 17:14:00,0.5049733
2026-01-10 17:15:00,0.52804875
2026-01-10 17:16:00,0.5384437
2026-01-10 17:17:00,0.5492904
2026-01-10 17:18:00,0.5436058
2026-01-10 17:19:00,0.54667324
2026-01-10 17:20:00,0.5381715
2026-01-10 17:21:00,0.5802941
2026-01-10 17:22:00,0.6652435
2026-01-10 17:23:00,0.66131276
2026-01-10 17:24:00,0.6501153
2026-01-10 17:25:00,0.65017873
2026-01-10 17:26:00,0.6135534
2026-01-10 17:27:00,0.6366416
2026-01-10 17:28:00,0.6447981
2026-01-10 17:29:00,0.6177035
2026-01-10 17:30:00,0.6455452
2026-01-10 17:31:00,0.63570356
2026-01-10 17:32:00,0.5869544
2026-01-10 17:33:00,0.59483856
2026-01-10 17:34:00,0.5973744
2026-01-10 17:35:00,0.6285112
2026-01-10 17:36:00,0.6518688
2026-01-10 17:37:00,0.63559365
2026-01-10 17:38:00,0.6059726
2026-01-10 17:39:00,0.597541
2026-01-10 17:40:00,0.604113
2026-01-10 17:41:00,0.6148434
2026-01-10 17:42:00,0.6172882
2026-01-10 17:43:00,0.6037167
2026-01-10 17:44:00,0.63460034
2026-01-10 17:45:00,0.5960349
2026-01-10 17:46:00,0.68656904
2026-01-10 17:47:00,0.7010734
2026-01-10 17:48:00,0.6386614
2026-01-10 17:49:00,0.63361704
2026-01-10 17:50:00,0.65234065
2026-01-10 17:51:00,0.62455046
2026-01-10 17:52:00,0.5530186
2026-01-10 17:53:00,0.5053187
2026-01-10 17:54:00,0.5245472
2026-01-10 17:55:00,0.45023534
2026-01-10 17:56:00,0.39394546
2026-01-10 17:57:00,0.4214722
2026-01-10 17:58:00,0.41628766
2026-01-10 17:59:00,0.39245495
2026-01-10 18:00:00,0.37843713
2026-01-10 18:01:00,0.32636383
2026-01-10 18:02:00,0.3565335
2026-01-10 18:03:00,0.3325162
2026-01-10 18:04:00,0.3211184
2026-01-10 18:05:00,0.34580052
2026-01-10 18:06:00,0.3442382
2026-01-10 18:07:00,0.3247465
2026-01-10 18:08:00,0.25528952
2026-01-10 18:09:00,0.2855305
2026-01-10 18:10:00,0.30168182
2026-01-10 18:11:00,0.2925528
2026-01-10 18:12:00,0.26322073
2026-01-10 18:13:00,0.27810887
2026-01-10 18:14:00,0.3103816
2026-01-10 18:15:00,0.32463136
2026-01-10 18:16:00,0.39922088
2026-01-10 18:17:00,0.43037918
2026-01-10 18:18:00,0.42643023
2026-01-10 18:19:00,0.45648748
2026-01-10 18:20:00,0.45642343
2026-01-10 18:21:00,0.45609376
2026-01-10 18:22:00,0.5057055
2026-01-10 18:23:00,0.46343976
2026-01-10 18:24:00,0.4612784
2026-01-10 18:25:00,0.5058146
2026-01-10 18:26:00,0.5114278
2026-01-10 18:27:00,0.48933917
2026-01-10 18:28:00,0.41540235
2026-01-10 18:29:00,0.3246822
2026-01-10 18:30:00,0.41495016
2026-01-10 18:31:00,0.4271594
2026-01-10 18:32:00,0.4025582
2026-01-10 18:33:00,0.41713616
2026-01-10 18:34:00,0.37853268
2026-01-10 18:35:00,0.3675466
2026-01-10 18:36:00,0.33292022
2026-01-10 18:37:00,0.28204122
2026-01-10 18:38:00,0.20743488
2026-01-10 18:39:00,0.15896113
2026-01-10 18:40:00,0.21899423
2026-01-10 18:41:00,0.19376928
2026-01-10 18:42:00,0.23130485
2026-01-10 18:43:00,0.2825796
2026-01-10 18:44:00,0.29202163
2026-01-10 18:45:00,0.28797466
2026-01-10 18:46:00,0.3013875
2026-01-10 18:47:00,0.2916142
2026-01-10 18:48:00,0.34731686
2026-01-10 18:49:00,0.42534143
2026-01-10 18:50:00,0.4799285
2026-01-10 18:51:00,0.38596717
2026-01-10 18:52:00,0.36797804
2026-01-10 18:53:00,0.36894956
2026-01-10 18:54:00,0.38807365
2026-01-10 18:55:00,0.31792748
2026-01-10 18:56:00,0.25262266
2026-01-10 18:57:00,0.31442666
2026-01-10 18:58:00,0.29652533
2026-01-10 18:59:00,0.24280022
2026-01-10 19:00:00,0.20859964
2026-01-10 19:01:00,0.23677588
2026-01-10 19:02:00,0.21405354
2026-01-10 19:03:00,0.23559262
2026-01-10 19:04:00,0.20647144
2026-01-10 19:05:00,0.14893833
2026-01-10 19:06:00,0.22262861
2026-01-10 19:07:00,0.24925391
2026-01-10 19:08:00,0.24434969
2026-01-10 19:09:00,0.23221181
2026-01-10 19:10:00,0.30037418
2026-01-10 19:11:00,0.32802776
2026-01-10 19:12:00,0.37555972
2026-01-10 19:13:00,0.34994856
2026-01-10 19:14:00,0.35164058
2026-01-10 19:15:00,0.3671388
2026-01-10 19:16:00,0.34318703
2026-01-10 19:17:00,0.3392138
2026-01-10 19:18:00,0.31591648
2026-01-10 19:19:00,0.3336713
2026-01-10 19:20:00,0.28106946
2026-01-10 19:21:00,0.3082925
2026-01-10 19:22:00,0.35589182
2026-01-10 19:23:00,0.34257117
2026-01-10 19:24:00,0.3569086
2026-01-10 19:25:00,0.33789313
2026-01-10 19:26:00,0.30847606
2026-01-10 19:27:00,0.3301796
2026-01-10 19:28:00,0.35203245
2026-01-10 19:29:00,0.3284717
2026-01-10 19:30:00,0.30343103
2026-01-10 19:31:00,0.296831
2026-01-10 19:32:00,0.27600557
2026-01-10 19:33:00,0.33991742
2026-01-10 19:34:00,0.35033923
2026-01-10 19:35:00,0.34780654
2026-01-10 19:36:00,0.307526
2026-01-10 19:37:00,0.33726946
2026-01-10 19:38:00,0.31053486
2026-01-10 19:39:00,0.2842123
2026-01-10 19:40:00,0.3169238
2026-01-10 19:41:00,0.33151644
2026-01-10 19:42:00,0.22921728
2026-01-10 19:43:00,0.2288329
2026-01-10 19:44:00,0.23971257
2026-01-10 19:45:00,0.23101729
2026-01-10 19:46:00,0.2429148
2026-01-10 19:47:00,0.17495623
2026-01-10 19:48:00,0.07147811
2026-01-10 19:49:00,0.05039687
2026-01-10 19:50:00,0.08120694
2026-01-10 19:51:00,0.05
2026-01-10 19:52:00,0.05
2026-01-10 19:53:00,0.05
2026-01-10 19:54:00,0.05
2026-01-10 19:55:00,0.05
2026-01-10 19:56:00,0.05
2026-01-10 19:57:00,0.06386151
2026-01-10 19:58:00,0.115042605
2026-01-10 19:59:00,0.12930919
2026-01-10 20:00:00,0.1328798
2026-01-10 20:01:00,0.18172781
2026-01-10 20:02:00,0.20837559
2026-01-10 20:03:00,0.22545935
2026-01-10 20:04:00,0.22397885
2026-01-10 20:05:00,0.21422443
2026-01-10 20:06:00,0.2556792
2026-01-10 20:07:00,0.24357207
2026-01-10 20:08:00,0.29504234
2026-01-10 20:09:00,0.25115964
2026-01-10 20:10:00,0.3099258
2026-01-10 20:11:00,0.32542238
2026-01-10 20:12:00,0.28195807
2026-01-10 20:13:00,0.3009737
2026-01-10 20:14:00,0.27199957
2026-01-10 20:15:00,0.2725957
2026-01-10 20:16:00,0.25224552
2026-01-10 20:17:00,0.24757591
2026-01-10 20:18:00,0.286158
2026-01-10 20:19:00,0.3046416
2026-01-10 20:20:00,0.25579673
2026-01-10 20:21:00,0.21305591
2026-01-10 20:22:00,0.22719538
2026-01-10 20:23:00,0.24300675
2026-01-10 20:24:00,0.21675496
2026-01-10 20:25:00,0.2831412
2026-01-10 20:26:00,0.3130116
2026-01-10 20:27:00,0.28283787
2026-01-10 20:28:00,0.25111967
2026-01-10 20:29:00,0.24162586
2026-01-10 20:30:00,0.22863959
2026-01-10 20:31:00,0.2801228
2026-01-10 20:32:00,0.31653255
2026-01-10 20:33:00,0.3119624
2026-01-10 20:34:00,0.33338276
2026-01-10 20:35:00,0.3588042
2026-01-10 20:36:00,0.3515157
2026-01-10 20:37:00,0.35849744
2026-01-10 20:38:00,0.3724966
2026-01-10 20:39:00,0.38102633
2026-01-10 20:40:00,0.33813143
2026-01-10 20:41:00,0.3026265
2026-01-10 20:42:00,0.28544164
2026-01-10 20:43:00,0.25282428
2026-01-10 20:44:00,0.19207487
2026-01-10 20:45:00,0.22206391
2026-01-10 20:46:00,0.23638898
2026-01-10 20:47:00,0.18205439
2026-01-10 20:48:00,0.17592236
2026-01-10 20:49:00,0.17246439
2026-01-10 20:50:00,0.18385094
2026-01-10 20:51:00,0.1436911
2026-01-10 20:52:00,0.09578076
2026-01-10 20:53:00,0.12657209
2026-01-10 20:54:00,0.072673194
2026-01-10 20:55:00,0.07505915
2026-01-10 20:56:00,0.07343913
2026-01-10 20:57:00,0.07998234
2026-01-10 20:58:00,0.100964546
2026-01-10 20:59:00,0.17402512
2026-01-10 21:00:00,0.113241635
2026-01-10 21:01:00,0.15628754
2026-01-10 21:02:00,0.060264386
2026-01-10 21:03:00,0.12808251
2026-01-10 21:04:00,0.052937116
2026-01-10 21:05:00,0.1628995
2026-01-10 21:06:00,0.15094444
2026-01-10 21:07:00,0.20707835
2026-01-10 21:08:00,0.25039944
2026-01-10 21:09:00,0.22935645
2026-01-10 21:10:00,0.21299441
2026-01-10 21:11:00,0.1787733
2026-01-10 21:12:00,0.21219987
2026-01-10 21:13:00,0.19444805
2026-01-10 21:14:00,0.1622255
2026-01-10 21:15:00,0.18676135
2026-01-10 21:16:00,0.15188688
2026-01-10 21:17:00,0.14246127
2026-01-10 21:18:00,0.15116481
2026-01-10 21:19:00,0.12912272
2026-01-10 21:20:00,0.114811726
2026-01-10 21:21:00,0.18263987
2026-01-10 21:22:00,0.17540644
2026-01-10 21:23:00,0.16246991
2026-01-10 21:24:00,0.15788272
2026-01-10 21:25:00,0.17878054
2026-01-10 21:26:00,0.13840905
2026-01-10 21:27:00,0.15964617
2026-01-10 21:28:00,0.17226471
2026-01-10 21:29:00,0.10203141
2026-01-10 21:30:00,0.18067032
2026-01-10 21:31:00,0.239618
2026-01-10 21:32:00,0.20333286
2026-01-10 21:33:00,0.15701446
2026-01-10 21:34:00,0.16835961
2026-01-10 21:35:00,0.11257996
2026-01-10 21:36:00,0.17280841
2026-01-10 21:37:00,0.15484944
2026-01-10 21:38:00,0.2218784
2026-01-10 21:39:00,0.18563786
2026-01-10 21:40:00,0.18072633
2026-01-10 21:41:00,0.23132646
2026-01-10 21:42:00,0.21420312
2026-01-10 21:43:00,0.22220597
2026-01-10 21:44:00,0.2623348
2026-01-10 21:45:00,0.23324905
2026-01-10 21:46:00,0.17820694
2026-01-10 21:47:00,0.119634226
2026-01-10 21:48:00,0.14737841
2026-01-10 21:49:00,0.16506271
2026-01-10 21:50:00,0.2081939
2026-01-10 21:51:00,0.194393
2026-01-10 21:52:00,0.13537563
2026-01-10 21:53:00,0.05
2026-01-10 21:54:00,0.1689927
2026-01-10 21:55:00,0.19015798
2026-01-10 21:56:00,0.19397378
2026-01-10 21:57:00,0.20310766
2026-01-10 21:58:00,0.14306155
2026-01-10 21:59:00,0.11322815
2026-01-10 22:00:00,0.18726029
2026-01-10 22:01:00,0.21192177
2026-01-10 22:02:00,0.17768422
2026-01-10 22:03:00,0.1276091
2026-01-10 22:04:00,0.109937415
2026-01-10 22:05:00,0.101643026
2026-01-10 22:06:00,0.18854873
2026-01-10 22:07:00,0.17895937
2026-01-10 22:08:00,0.13004015
2026-01-10 22:09:00,0.13022727
2026-01-10 22:10:00,0.14327231
2026-01-10 22:11:00,0.09343404
2026-01-10 22:12:00,0.11484748
2026-01-10 22:13:00,0.16677447
2026-01-10 22:14:00,0.17169453
2026-01-10 22:15:00,0.13874902
2026-01-10 22:16:00,0.119124874
2026-01-10 22:17:00,0.055830397
2026-01-10 22:18:00,0.05855833
2026-01-10 22:19:00,0.07881188
2026-01-10 22:20:00,0.05
2026-01-10 22:21:00,0.13519451
2026-01-10 22:22:00,0.16845755
2026-01-10 22:23:00,0.0956183
2026-01-10 22:24:00,0.05
2026-01-10 22:25:00,0.05
2026-01-10 22:26:00,0.07511368
2026-01-10 22:27:00,0.11693832
2026-01-10 22:28:00,0.18469182
2026-01-10 22:29:00,0.18244855
2026-01-10 22:30:00,0.17156088
2026-01-10 22:31:00,0.11998792
2026-01-10 22:32:00,0.13639347
2026-01-10 22:33:00,0.12961788
2026-01-10 22:34:00,0.12180998
2026-01-10 22:35:00,0.18870188
2026-01-10 22:36:00,0.18043324
2026-01-10 22:37:00,0.23108628
2026-01-10 22:38:00,0.16089237
2026-01-10 22:39:00,0.26732942
2026-01-10 22:40:00,0.24276458
2026-01-10 22:41:00,0.26335195
2026-01-10 22:42:00,0.28862512
2026-01-10 22:43:00,0.25730097
2026-01-10 22:44:00,0.2811083
2026-01-10 22:45:00,0.3050605
2026-01-10 22:46:00,0.26370162
2026-01-10 22:47:00,0.22609659
2026-01-10 22:48:00,0.22133605
2026-01-10 22:49:00,0.21049657
2026-01-10 22:50:00,0.26084188
2026-01-10 22:51:00,0.27951416
2026-01-10 22:52:00,0.2657425
2026-01-10 22:53:00,0.28010657
2026-01-10 22:54:00,0.18718661
2026-01-10 22:55:00,0.15892872
2026-01-10 22:56:00,0.28696164
2026-01-10 22:57:00,0.30810666
2026-01-10 22:58:00,0.29303497
2026-01-10 22:59:00,0.3312249
2026-01-10 23:00:00,0.34415188
2026-01-10 23:01:00,0.30294162
2026-01-10 23:02:00,0.27989754
2026-01-10 23:03:00,0.2814002
2026-01-10 23:04:00,0.24912423
2026-01-10 23:05:00,0.29913548
2026-01-10 23:06:00,0.23995845
2026-01-10 23:07:00,0.24284448
2026-01-10 23:08:00,0.2625452
2026-01-10 23:09:00,0.23893395
2026-01-10 23:10:00,0.20837471
2026-01-10 23:11:00,0.19891122
2026-01-10 23:12:00,0.22584176
2026-01-10 23:13:00,0.19823441
2026-01-10 23:14:00,0.15014406
2026-01-10 23:15:00,0.19473699
2026-01-10 23:16:00,0.20575406
2026-01-10 23:17:00,0.24026498
2026-01-10 23:18:00,0.2620984
2026-01-10 23:19:00,0.33902502
2026-01-10 23:20:00,0.36721286
2026-01-10 23:21:00,0.31959125
2026-01-10 23:22:00,0.32355732
2026-01-10 23:23:00,0.286097
2026-01-10 23:24:00,0.2557669
2026-01-10 23:25:00,0.18952537
2026-01-10 23:26:00,0.17363435
2026-01-10 23:27:00,0.19225515
2026-01-10 23:28:00,0.18493788
2026-01-10 23:29:00,0.13686535
2026-01-10 23:30:00,0.07568543
2026-01-10 23:31:00,0.16478705
2026-01-10 23:32:00,0.17528555
2026-01-10 23:33:00,0.13896732
2026-01-10 23:34:00,0.15698105
2026-01-10 23:35:00,0.24264225
2026-01-10 23:36:00,0.25869426
2026-01-10 23:37:00,0.13715369
2026-01-10 23:38:00,0.2429038
2026-01-10 23:39:00,0.16012567
2026-01-10 23:40:00,0.14969277
2026-01-10 23:41:00,0.10299269
2026-01-10 23:42:00,0.075758904
2026-01-10 23:43:00,0.09167482
2026-01-10 23:44:00,0.05
2026-01-10 23:45:00,0.05
2026-01-10 23:46:00,0.07313888
2026-01-10 23:47:00,0.05
2026-01-10 23:48:00,0.05
2026-01-10 23:49:00,0.05
2026-01-10 23:50:00,0.05
2026-01-10 23:51:00,0.05
2026-01-10 23:52:00,0.05
2026-01-10 23:53:00,0.05
2026-01-10 23:54:00,0.05
2026-01-10 23:55:00,0.05
2026-01-10 23:56:00,0.05
2026-01-10 23:57:00,0.05
2026-01-10 23:58:00,0.05
2026-01-10 23:59:00,0.05
2026-01-11 00:00:00,0.05
2026-01-11 00:01:00,0.05
2026-01-11 00:02:00,0.05
2026-01-11 00:03:00,0.05
2026-01-11 00:04:00,0.05
2026-01-11 00:05:00,0.05
2026-01-11 00:06:00,0.06129361
2026-01-11 00:07:00,0.09448022
2026-01-11 00:08:00,0.09879719
2026-01-11 00:09:00,0.09892853
2026-01-11 00:10:00,0.18402562
2026-01-11 00:11:00,0.22780316
2026-01-11 00:12:00,0.25340623
2026-01-11 00:13:00,0.24887586
2026-01-11 00:14:00,0.19923867
2026-01-11 00:15:00,0.23890673
2026-01-11 00:16:00,0.23608707
2026-01-11 00:17:00,0.20464422
2026-01-11 00:18:00,0.18908803
2026-01-11 00:19:00,0.1458651
2026-01-11 00:20:00,0.18705125
2026-01-11 00:21:00,0.20998195
2026-01-11 00:22:00,0.21103346
2026-01-11 00:23:00,0.20303595
2026-01-11 00:24:00,0.17017505
2026-01-11 00:25:00,0.081979334
2026-01-11 00:26:00,0.05
2026-01-11 00:27:00,0.05
2026-01-11 00:28:00,0.05
2026-01-11 00:29:00,0.05
2026-01-11 00:30:00,0.05
2026-01-11 00:31:00,0.050395865
2026-01-11 00:32:00,0.113438964
2026-01-11 00:33:00,0.08378123
2026-01-11 00:34:00,0.08240607
2026-01-11 00:35:00,0.0845388
2026-01-11 00:36:00,0.13224407
2026-01-11 00:37:00,0.1366975
2026-01-11 00:38:00,0.14191882
2026-01-11 00:39:00,0.075203195
2026-01-11 00:40:00,0.05
2026-01-11 00:41:00,0.09522183
2026-01-11 00:42:00,0.05
2026-01-11 00:43:00,0.07886129
2026-01-11 00:44:00,0.1034618
2026-01-11 00:45:00,0.0762261
2026-01-11 00:46:00,0.05
2026-01-11 00:47:00,0.13080297
2026-01-11 00:48:00,0.18779688
2026-01-11 00:49:00,0.17901802
2026-01-11 00:50:00,0.18112372
2026-01-11 00:51:00,0.15185131
2026-01-11 00:52:00,0.15618093
2026-01-11 00:53:00,0.12783864
2026-01-11 00:54:00,0.12560044
2026-01-11 00:55:00,0.19911882
2026-01-11 00:56:00,0.19054097
2026-01-11 00:57:00,0.14457633
2026-01-11 00:58:00,0.08957849
2026-01-11 00:59:00,0.09874404
2026-01-11 01:00:00,0.07168013
2026-01-11 01:01:00,0.08710591
2026-01-11 01:02:00,0.22762983
2026-01-11 01:03:00,0.22828065
2026-01-11 01:04:00,0.16250557
2026-01-11 01:05:00,0.149243
2026-01-11 01:06:00,0.124115884
2026-01-11 01:07:00,0.18528764
2026-01-11 01:08:00,0.18135202
2026-01-11 01:09:00,0.2500589
2026-01-11 01:10:00,0.2590073
2026-01-11 01:11:00,0.30275607
2026-01-11 01:12:00,0.27840444
2026-01-11 01:13:00,0.27880797
2026-01-11 01:14:00,0.31463093
2026-01-11 01:15:00,0.3354777
2026-01-11 01:16:00,0.34006202
2026-01-11 01:17:00,0.31022656
2026-01-11 01:18:00,0.28979933
2026-01-11 01:19:00,0.32307878
2026-01-11 01:20:00,0.36220795
2026-01-11 01:21:00,0.320811
2026-01-11 01:22:00,0.27682325
2026-01-11 01:23:00,0.2300548
2026-01-11 01:24:00,0.2564818
2026-01-11 01:25:00,0.21051626
2026-01-11 01:26:00,0.23818998
2026-01-11 01:27:00,0.25284424
2026-01-11 01:28:00,0.22275934
2026-01-11 01:29:00,0.27949855
2026-01-11 01:30:00,0.21070889
2026-01-11 01:31:00,0.2723457
2026-01-11 01:32:00,0.27547452
2026-01-11 01:33:00,0.18270567
2026-01-11 01:34:00,0.2440171
2026-01-11 01:35:00,0.2756805
2026-01-11 01:36:00,0.24883641
2026-01-11 01:37:00,0.2027212
2026-01-11 01:38:00,0.13616243
2026-01-11 01:39:00,0.23434956
2026-01-11 01:40:00,0.19116896
2026-01-11 01:41:00,0.13787472
2026-01-11 01:42:00,0.1501444
2026-01-11 01:43:00,0.08524005
2026-01-11 01:44:00,0.051821947
2026-01-11 01:45:00,0.10017818
2026-01-11 01:46:00,0.12347589
2026-01-11 01:47:00,0.11092704
2026-01-11 01:48:00,0.11560985
2026-01-11 01:49:00,0.10152783
2026-01-11 01:50:00,0.103832416
2026-01-11 01:51:00,0.078001484
2026-01-11 01:52:00,0.061541542
2026-01-11 01:53:00,0.05
2026-01-11 01:54:00,0.05
2026-01-11 01:55:00,0.07846562
2026-01-11 01:56:00,0.1161522
2026-01-11 01:57:00,0.08276771
2026-01-11 01:58:00,0.05
2026-01-11 01:59:00,0.05
2026-01-11 02:00:00,0.14120704
2026-01-11 02:01:00,0.10217984
2026-01-11 02:02:00,0.10097866
2026-01-11 02:03:00,0.10991629
2026-01-11 02:04:00,0.11028965
2026-01-11 02:05:00,0.096695974
2026-01-11 02:06:00,0.14876725
2026-01-11 02:07:00,0.16869414
2026-01-11 02:08:00,0.20272723
2026-01-11 02:09:00,0.22382745
2026-01-11 02:10:00,0.25546953
2026-01-11 02:11:00,0.31224597
2026-01-11 02:12:00,0.35439354
2026-01-11 02:13:00,0.43296775
2026-01-11 02:14:00,0.4610059
2026-01-11 02:15:00,0.41137815
2026-01-11 02:16:00,0.42644
2026-01-11 02:17:00,0.43487108
2026-01-11 02:18:00,0.49107173
2026-01-11 02:19:00,0.4273281
2026-01-11 02:20:00,0.4297386
2026-01-11 02:21:00,0.38244596
2026-01-11 02:22:00,0.38673222
2026-01-11 02:23:00,0.3616351
2026-01-11 02:24:00,0.36636582
2026-01-11 02:25:00,0.48445433
2026-01-11 02:26:00,0.4730861
2026-01-11 02:27:00,0.4426
2026-01-11 02:28:00,0.4152446
2026-01-11 02:29:00,0.46434292
2026-01-11 02:30:00,0.4181368
2026-01-11 02:31:00,0.4062111
2026-01-11 02:32:00,0.38687676
2026-01-11 02:33:00,0.3740899
2026-01-11 02:34:00,0.4441805
2026-01-11 02:35:00,0.4230953
2026-01-11 02:36:00,0.3790797
2026-01-11 02:37:00,0.43663642
2026-01-11 02:38:00,0.40288475
2026-01-11 02:39:00,0.32030463
2026-01-11 02:40:00,0.2792189
2026-01-11 02:41:00,0.22145872
2026-01-11 02:42:00,0.14641488
2026-01-11 02:43:00,0.13505226
2026-01-11 02:44:00,0.13648498
2026-01-11 02:45:00,0.18798651
2026-01-11 02:46:00,0.2134596
2026-01-11 02:47:00,0.23519506
2026-01-11 02:48:00,0.19622155
2026-01-11 02:49:00,0.98
2026-01-11 02:50:00,0.98
2026-01-11 02:51:00,0.98
2026-01-11 02:52:00,0.98
2026-01-11 02:53:00,0.82127887
2026-01-11 02:54:00,0.7561185
2026-01-11 02:55:00,0.7356927
2026-01-11 02:56:00,0.66717935
2026-01-11 02:57:00,0.57451254
2026-01-11 02:58:00,0.51235247
2026-01-11 02:59:00,0.44959468
2026-01-11 03:00:00,0.3981764
2026-01-11 03:01:00,0.39443484
2026-01-11 03:02:00,0.37890878
2026-01-11 03:03:00,0.39579397
2026-01-11 03:04:00,0.38781476
2026-01-11 03:05:00,0.33256835
2026-01-11 03:06:00,0.29751447
2026-01-11 03:07:00,0.26380515
2026-01-11 03:08:00,0.24870077
2026-01-11 03:09:00,0.31476384
2026-01-11 03:10:00,0.38254496
2026-01-11 03:11:00,0.40067217
2026-01-11 03:12:00,0.38905826
2026-01-11 03:13:00,0.31951547
2026-01-11 03:14:00,0.31910887
2026-01-11 03:15:00,0.27859765
2026-01-11 03:16:00,0.3383769
2026-01-11 03:17:00,0.2641084
2026-01-11 03:18:00,0.27558112
2026-01-11 03:19:00,0.23594405
2026-01-11 03:20:00,0.23420818
2026-01-11 03:21:00,0.25976294
2026-01-11 03:22:00,0.2976273
2026-01-11 03:23:00,0.2892656
2026-01-11 03:24:00,0.3145516
2026-01-11 03:25:00,0.2809641
2026-01-11 03:26:00,0.28647622
2026-01-11 03:27:00,0.32190275
2026-01-11 03:28:00,0.3277764
2026-01-11 03:29:00,0.29880568
2026-01-11 03:30:00,0.28224596
2026-01-11 03:31:00,0.31887877
2026-01-11 03:32:00,0.2683595
2026-01-11 03:33:00,0.22786066
2026-01-11 03:34:00,0.25251484
2026-01-11 03:35:00,0.23364384
2026-01-11 03:36:00,0.175802
2026-01-11 03:37:00,0.23481838
2026-01-11 03:38:00,0.19117235
2026-01-11 03:39:00,0.18710035
2026-01-11 03:40:00,0.16662604
2026-01-11 03:41:00,0.16073874
2026-01-11 03:42:00,0.13192065
2026-01-11 03:43:00,0.16943973
2026-01-11 03:44:00,0.179895
2026-01-11 03:45:00,0.22450314
2026-01-11 03:46:00,0.20190607
2026-01-11 03:47:00,0.29088086
2026-01-11 03:48:00,0.21130757
2026-01-11 03:49:00,0.15095766
2026-01-11 03:50:00,0.22904173
2026-01-11 03:51:00,0.2497948
2026-01-11 03:52:00,0.2636591
2026-01-11 03:53:00,0.28008777
2026-01-11 03:54:00,0.3008777
2026-01-11 03:55:00,0.3092253
2026-01-11 03:56:00,0.26635697
2026-01-11 03:57:00,0.29836094
2026-01-11 03:58:00,0.32158342
2026-01-11 03:59:00,0.37373778
2026-01-11 04:00:00,0.435232
2026-01-11 04:01:00,0.43453625
2026-01-11 04:02:00,0.37165552
2026-01-11 04:03:00,0.43388882
2026-01-11 04:04:00,0.37959749
2026-01-11 04:05:00,0.38397524
2026-01-11 04:06:00,0.36429632
2026-01-11 04:07:00,0.33931786
2026-01-11 04:08:00,0.36421672
2026-01-11 04:09:00,0.36641237
2026-01-11 04:10:00,0.37926626
2026-01-11 04:11:00,0.33801758
2026-01-11 04:12:00,0.3258164
2026-01-11 04:13:00,0.29085633
2026-01-11 04:14:00,0.2815953
2026-01-11 04:15:00,0.27637148
2026-01-11 04:16:00,0.35017246
2026-01-11 04:17:00,0.33400616
2026-01-11 04:18:00,0.24456957
2026-01-11 04:19:00,0.30320054
2026-01-11 04:20:00,0.3193931
2026-01-11 04:21:00,0.31116503
2026-01-11 04:22:00,0.29143286
2026-01-11 04:23:00,0.252977
2026-01-11 04:24:00,0.33308297
2026-01-11 04:25:00,0.33141902
2026-01-11 04:26:00,0.2583913
2026-01-11 04:27:00,0.2739126
2026-01-11 04:28:00,0.32341698
2026-01-11 04:29:00,0.32705927
2026-01-11 04:30:00,0.28817707
2026-01-11 04:31:00,0.24891448
2026-01-11 04:32:00,0.21583165
2026-01-11 04:33:00,0.28304335
2026-01-11 04:34:00,0.2812343
2026-01-11 04:35:00,0.21537688
2026-01-11 04:36:00,0.23739201
2026-01-11 04:37:00,0.24801189
2026-01-11 04:38:00,0.23427503
2026-01-11 04:39:00,0.19886705
2026-01-11 04:40:00,0.16464284
2026-01-11 04:41:00,0.21926862
2026-01-11 04:42:00,0.23605067
2026-01-11 04:43:00,0.26082683
2026-01-11 04:44:00,0.27435717
2026-01-11 04:45:00,0.29021424
2026-01-11 04:46:00,0.27305162
2026-01-11 04:47:00,0.26785707
2026-01-11 04:48:00,0.31800047
2026-01-11 04:49:00,0.3742125
2026-01-11 04:50:00,0.3205535
2026-01-11 04:51:00,0.31183407
2026-01-11 04:52:00,0.34580767
2026-01-11 04:53:00,0.41886917
2026-01-11 04:54:00,0.4821752
2026-01-11 04:55:00,0.43740255
2026-01-11 04:56:00,0.4791386
2026-01-11 04:57:00,0.4689744
2026-01-11 04:58:00,0.4991498
2026-01-11 04:59:00,0.5167611
2026-01-11 05:00:00,0.4509696
2026-01-11 05:01:00,0.46309492
2026-01-11 05:02:00,0.49257538
2026-01-11 05:03:00,0.4787598
2026-01-11 05:04:00,0.45709974
2026-01-11 05:05:00,0.3842556
2026-01-11 05:06:00,0.40754747
2026-01-11 05:07:00,0.41007867
2026-01-11 05:08:00,0.36726785
2026-01-11 05:09:00,0.35183355
2026-01-11 05:10:00,0.35694596
2026-01-11 05:11:00,0.33322224
2026-01-11 05:12:00,0.3339476
2026-01-11 05:13:00,0.26460946
2026-01-11 05:14:00,0.3248917
2026-01-11 05:15:00,0.32711023
2026-01-11 05:16:00,0.46262246
2026-01-11 05:17:00,0.3371991
2026-01-11 05:18:00,0.36466712
2026-01-11 05:19:00,0.37382331
2026-01-11 05:20:00,0.3706055
2026-01-11 05:21:00,0.39563078
2026-01-11 05:22:00,0.42009354
2026-01-11 05:23:00,0.41722983
2026-01-11 05:24:00,0.39772454
2026-01-11 05:25:00,0.37416294
2026-01-11 05:26:00,0.3867664
2026-01-11 05:27:00,0.4380443
2026-01-11 05:28:00,0.42576534
2026-01-11 05:29:00,0.47810757
2026-01-11 05:30:00,0.48252833
2026-01-11 05:31:00,0.48724282
2026-01-11 05:32:00,0.5728592
2026-01-11 05:33:00,0.62179583
2026-01-11 05:34:00,0.6680923
2026-01-11 05:35:00,0.61184984
2026-01-11 05:36:00,0.6798928
2026-01-11 05:37:00,0.6516944
2026-01-11 05:38:00,0.6201061
2026-01-11 05:39:00,0.5139289
2026-01-11 05:40:00,0.5158132
2026-01-11 05:41:00,0.46129942
2026-01-11 05:42:00,0.47094387
2026-01-11 05:43:00,0.41715205
2026-01-11 05:44:00,0.48615837
2026-01-11 05:45:00,0.49992028
2026-01-11 05:46:00,0.5818317
2026-01-11 05:47:00,0.525191
2026-01-11 05:48:00,0.57608455
2026-01-11 05:49:00,0.48894465
2026-01-11 05:50:00,0.48932004
2026-01-11 05:51:00,0.45618927
2026-01-11 05:52:00,0.43316677
2026-01-11 05:53:00,0.4093552
2026-01-11 05:54:00,0.37163004
2026-01-11 05:55:00,0.32323408
2026-01-11 05:56:00,0.31151015
2026-01-11 05:57:00,0.32317206
2026-01-11 05:58:00,0.37591735
2026-01-11 05:59:00,0.38981894
2026-01-11 06:00:00,0.43756568
2026-01-11 06:01:00,0.3758137
2026-01-11 06:02:00,0.36091998
2026-01-11 06:03:00,0.3930866
2026-01-11 06:04:00,0.4080773
2026-01-11 06:05:00,0.37380418
2026-01-11 06:06:00,0.4141929
2026-01-11 06:07:00,0.39284718
2026-01-11 06:08:00,0.36347595
2026-01-11 06:09:00,0.3871375
2026-01-11 06:10:00,0.38978574
2026-01-11 06:11:00,0.37116975
2026-01-11 06:12:00,0.35279584
2026-01-11 06:13:00,0.31548592
2026-01-11 06:14:00,0.30823407
2026-01-11 06:15:00,0.36150417
2026-01-11 06:16:00,0.37640595
2026-01-11 06:17:00,0.41878912
2026-01-11 06:18:00,0.44019255
2026-01-11 06:19:00,0.4148632
2026-01-11 06:20:00,0.35019663
2026-01-11 06:21:00,0.3197072
2026-01-11 06:22:00,0.30199423
2026-01-11 06:23:00,0.28271705
2026-01-11 06:24:00,0.33427894
2026-01-11 06:25:00,0.38141155
2026-01-11 06:26:00,0.4745383
2026-01-11 06:27:00,0.44130403
2026-01-11 06:28:00,0.50528866
2026-01-11 06:29:00,0.5640207
2026-01-11 06:30:00,0.5452265
2026-01-11 06:31:00,0.55628234
2026-01-11 06:32:00,0.5972547
2026-01-11 06:33:00,0.5830769
2026-01-11 06:34:00,0.56704867
2026-01-11 06:35:00,0.5327791
2026-01-11 06:36:00,0.43205738
2026-01-11 06:37:00,0.4367282
2026-01-11 06:38:00,0.40992627
2026-01-11 06:39:00,0.37076393
2026-01-11 06:40:00,0.39475095
2026-01-11 06:41:00,0.34199372
2026-01-11 06:42:00,0.38386768
2026-01-11 06:43:00,0.40960756
2026-01-11 06:44:00,0.3980517
2026-01-11 06:45:00,0.40101087
2026-01-11 06:46:00,0.35877222
2026-01-11 06:47:00,0.39765045
2026-01-11 06:48:00,0.41101497
2026-01-11 06:49:00,0.42640534
2026-01-11 06:50:00,0.4502818
2026-01-11 06:51:00,0.42659163
2026-01-11 06:52:00,0.36984685
2026-01-11 06:53:00,0.4168126
2026-01-11 06:54:00,0.44939306
2026-01-11 06:55:00,0.43052006
2026-01-11 06:56:00,0.45105177
2026-01-11 06:57:00,0.5040117
2026-01-11 06:58:00,0.5480801
2026-01-11 06:59:00,0.52060896
2026-01-11 07:00:00,0.45848384
2026-01-11 07:01:00,0.40830696
2026-01-11 07:02:00,0.40248024
2026-01-11 07:03:00,0.4681979
2026-01-11 07:04:00,0.44114423
2026-01-11 07:05:00,0.42165613
2026-01-11 07:06:00,0.4030204
2026-01-11 07:07:00,0.38939944
2026-01-11 07:08:00,0.39780504
2026-01-11 07:09:00,0.35490197
2026-01-11 07:10:00,0.41012433
2026-01-11 07:11:00,0.4118785
2026-01-11 07:12:00,0.5185674
2026-01-11 07:13:00,0.47072977
2026-01-11 07:14:00,0.53737354
2026-01-11 07:15:00,0.59086186
2026-01-11 07:16:00,0.56806684
2026-01-11 07:17:00,0.5478772
2026-01-11 07:18:00,0.5083702
2026-01-11 07:19:00,0.47259974
2026-01-11 07:20:00,0.47617644
2026-01-11 07:21:00,0.480436
2026-01-11 07:22:00,0.41954964
2026-01-11 07:23:00,0.51948553
2026-01-11 07:24:00,0.5094225
2026-01-11 07:25:00,0.5132866
2026-01-11 07:26:00,0.48928443
2026-01-11 07:27:00,0.48168835
2026-01-11 07:28:00,0.47118205
2026-01-11 07:29:00,0.47583094
2026-01-11 07:30:00,0.4797583
2026-01-11 07:31:00,0.5162664
2026-01-11 07:32:00,0.52686477
2026-01-11 07:33:00,0.5558144
2026-01-11 07:34:00,0.55400085
2026-01-11 07:35:00,0.5620915
2026-01-11 07:36:00,0.5507491
2026-01-11 07:37:00,0.5902073
2026-01-11 07:38:00,0.5994056
2026-01-11 07:39:00,0.5887565
2026-01-11 07:40:00,0.57788223
2026-01-11 07:41:00,0.57114094
2026-01-11 07:42:00,0.5706424
2026-01-11 07:43:00,0.56682765
2026-01-11 07:44:00,0.54333484
2026-01-11 07:45:00,0.57478714
2026-01-11 07:46:00,0.60636604
2026-01-11 07:47:00,0.67376566
2026-01-11 07:48:00,0.64038956
2026-01-11 07:49:00,0.6606018
2026-01-11 07:50:00,0.57628953
2026-01-11 07:51:00,0.6083649
2026-01-11 07:52:00,0.54656446
2026-01-11 07:53:00,0.50871336
2026-01-11 07:54:00,0.5266676
2026-01-11 07:55:00,0.50515157
2026-01-11 07:56:00,0.47999746
2026-01-11 07:57:00,0.46791196
2026-01-11 07:58:00,0.5054856
2026-01-11 07:59:00,0.47366714
2026-01-11 08:00:00,0.47965798
2026-01-11 08:01:00,0.47230375
2026-01-11 08:02:00,0.51359385
2026-01-11 08:03:00,0.5528159
2026-01-11 08:04:00,0.48168594
2026-01-11 08:05:00,0.5315757
2026-01-11 08:06:00,0.51135314
2026-01-11 08:07:00,0.52674377
2026-01-11 08:08:00,0.4940083
2026-01-11 08:09:00,0.51640654
2026-01-11 08:10:00,0.62433434
2026-01-11 08:11:00,0.62677336
2026-01-11 08:12:00,0.60564935
2026-01-11 08:13:00,0.5954351
2026-01-11 08:14:00,0.5366755
2026-01-11 08:15:00,0.59944844
2026-01-11 08:16:00,0.6118682
2026-01-11 08:17:00,0.5689349
2026-01-11 08:18:00,0.53085095
2026-01-11 08:19:00,0.537189
2026-01-11 08:20:00,0.5797997
2026-01-11 08:21:00,0.53579307
2026-01-11 08:22:00,0.58599365
2026-01-11 08:23:00,0.584087
2026-01-11 08:24:00,0.5488988
2026-01-11 08:25:00,0.5351379
2026-01-11 08:26:00,0.61123747
2026-01-11 08:27:00,0.5558881
2026-01-11 08:28:00,0.531329
2026-01-11 08:29:00,0.57622284
2026-01-11 08:30:00,0.5881891
2026-01-11 08:31:00,0.558999
2026-01-11 08:32:00,0.60249394
2026-01-11 08:33:00,0.6445177
2026-01-11 08:34:00,0.65605146
2026-01-11 08:35:00,0.6290188
2026-01-11 08:36:00,0.61042
2026-01-11 08:37:00,0.6231356
2026-01-11 08:38:00,0.57107687
2026-01-11 08:39:00,0.6288782
2026-01-11 08:40:00,0.6970589
2026-01-11 08:41:00,0.6824449
2026-01-11 08:42:00,0.69278836
2026-01-11 08:43:00,0.735598
2026-01-11 08:44:00,0.80587876
2026-01-11 08:45:00,0.854699
2026-01-11 08:46:00,0.7680178
2026-01-11 08:47:00,0.7451751
2026-01-11 08:48:00,0.75691384
2026-01-11 08:49:00,0.72802126
2026-01-11 08:50:00,0.7926233
2026-01-11 08:51:00,0.84602493
2026-01-11 08:52:00,0.79744536
2026-01-11 08:53:00,0.7789962
2026-01-11 08:54:00,0.7386395
2026-01-11 08:55:00,0.7237905
2026-01-11 08:56:00,0.7090193
2026-01-11 08:57:00,0.742719
2026-01-11 08:58:00,0.7001151
2026-01-11 08:59:00,0.59188914
2026-01-11 09:00:00,0.53291017
2026-01-11 09:01:00,0.5017995
2026-01-11 09:02:00,0.48818216
2026-01-11 09:03:00,0.5094685
2026-01-11 09:04:00,0.47847256
2026-01-11 09:05:00,0.44480303
2026-01-11 09:06:00,0.42519188
2026-01-11 09:07:00,0.39979967
2026-01-11 09:08:00,0.39898324
2026-01-11 09:09:00,0.396618
2026-01-11 09:10:00,0.44599307
2026-01-11 09:11:00,0.42437157
2026-01-11 09:12:00,0.42985368
2026-01-11 09:13:00,0.4274964
2026-01-11 09:14:00,0.47957984
2026-01-11 09:15:00,0.48906553
2026-01-11 09:16:00,0.5460865
2026-01-11 09:17:00,0.5105179
2026-01-11 09:18:00,0.52200925
2026-01-11 09:19:00,0.5116143
2026-01-11 09:20:00,0.4761384
2026-01-11 09:21:00,0.4899352
2026-01-11 09:22:00,0.5747386
2026-01-11 09:23:00,0.5494168
2026-01-11 09:24:00,0.5552309
2026-01-11 09:25:00,0.5132805
2026-01-11 09:26:00,0.4688976
2026-01-11 09:27:00,0.45503524
2026-01-11 09:28:00,0.4558631
2026-01-11 09:29:00,0.45849082
2026-01-11 09:30:00,0.46818033
2026-01-11 09:31:00,0.42029163
2026-01-11 09:32:00,0.41721836
2026-01-11 09:33:00,0.4595876
2026-01-11 09:34:00,0.42425522
2026-01-11 09:35:00,0.43196103
2026-01-11 09:36:00,0.46505713
2026-01-11 09:37:00,0.4525879
2026-01-11 09:38:00,0.48615426
2026-01-11 09:39:00,0.4426152
2026-01-11 09:40:00,0.49902782
2026-01-11 09:41:00,0.53010654
2026-01-11 09:42:00,0.54637825
2026-01-11 09:43:00,0.6041985
2026-01-11 09:44:00,0.5993103
2026-01-11 09:45:00,0.58335614
2026-01-11 09:46:00,0.6483773
2026-01-11 09:47:00,0.72700804
2026-01-11 09:48:00,0.69806224
2026-01-11 09:49:00,0.69470143
2026-01-11 09:50:00,0.73804206
2026-01-11 09:51:00,0.73306865
2026-01-11 09:52:00,0.7554826
2026-01-11 09:53:00,0.7836159
2026-01-11 09:54:00,0.7558695
2026-01-11 09:55:00,0.76968485
2026-01-11 09:56:00,0.76545465
2026-01-11 09:57:00,0.71321386
2026-01-11 09:58:00,0.6743184
2026-01-11 09:59:00,0.65210104
2026-01-11 10:00:00,0.6949751
2026-01-11 10:01:00,0.73580885
2026-01-11 10:02:00,0.7649937
2026-01-11 10:03:00,0.7795269
2026-01-11 10:04:00,0.79188067
2026-01-11 10:05:00,0.79790974
2026-01-11 10:06:00,0.8087317
2026-01-11 10:07:00,0.82147175
2026-01-11 10:08:00,0.758074
2026-01-11 10:09:00,0.7243874
2026-01-11 10:10:00,0.68392056
2026-01-11 10:11:00,0.73220503
2026-01-11 10:12:00,0.7985759
2026-01-11 10:13:00,0.70678145
2026-01-11 10:14:00,0.771755
2026-01-11 10:15:00,0.7724763
2026-01-11 10:16:00,0.8102488
2026-01-11 10:17:00,0.82481784
2026-01-11 10:18:00,0.87564635
2026-01-11 10:19:00,0.87324995
2026-01-11 10:20:00,0.8081843
2026-01-11 10:21:00,0.7987016
2026-01-11 10:22:00,0.81489664
2026-01-11 10:23:00,0.80059695
2026-01-11 10:24:00,0.82245386
2026-01-11 10:25:00,0.81368953
2026-01-11 10:26:00,0.78449786
2026-01-11 10:27:00,0.7380862
2026-01-11 10:28:00,0.723217
2026-01-11 10:29:00,0.7334553
2026-01-11 10:30:00,0.6563779
2026-01-11 10:31:00,0.6327008
2026-01-11 10:32:00,0.5623142
2026-01-11 10:33:00,0.5528037
2026-01-11 10:34:00,0.61668956
2026-01-11 10:35:00,0.5801868
2026-01-11 10:36:00,0.62223417
2026-01-11 10:37:00,0.7468028
2026-01-11 10:38:00,0.8056524
2026-01-11 10:39:00,0.8070504
2026-01-11 10:40:00,0.83739036
2026-01-11 10:41:00,0.7762348
2026-01-11 10:42:00,0.7118783
2026-01-11 10:43:00,0.7168102
2026-01-11 10:44:00,0.7361989
2026-01-11 10:45:00,0.7819226
2026-01-11 10:46:00,0.75751555
2026-01-11 10:47:00,0.7656007
2026-01-11 10:48:00,0.7717204
2026-01-11 10:49:00,0.76578265
2026-01-11 10:50:00,0.76272845
2026-01-11 10:51:00,0.7286807
2026-01-11 10:52:00,0.7427839
2026-01-11 10:53:00,0.75242275
2026-01-11 10:54:00,0.7359378
2026-01-11 10:55:00,0.7650522
2026-01-11 10:56:00,0.80636847
2026-01-11 10:57:00,0.83040935
2026-01-11 10:58:00,0.78378177
2026-01-11 10:59:00,0.78661513
2026-01-11 11:00:00,0.74882525
2026-01-11 11:01:00,0.75442415
2026-01-11 11:02:00,0.719457
2026-01-11 11:03:00,0.77472025
2026-01-11 11:04:00,0.80585366
2026-01-11 11:05:00,0.8493267
2026-01-11 11:06:00,0.88531476
2026-01-11 11:07:00,0.8655738
2026-01-11 11:08:00,0.8412542
2026-01-11 11:09:00,0.9056154
2026-01-11 11:10:00,0.88859534
2026-01-11 11:11:00,0.82539934
2026-01-11 11:12:00,0.86178124
2026-01-11 11:13:00,0.8607448
2026-01-11 11:14:00,0.9143173
2026-01-11 11:15:00,0.91312385
2026-01-11 11:16:00,0.9015452
2026-01-11 11:17:00,0.9527756
2026-01-11 11:18:00,0.87736124
2026-01-11 11:19:00,0.8461409
2026-01-11 11:20:00,0.8053744
2026-01-11 11:21:00,0.71559614
2026-01-11 11:22:00,0.7557656
2026-01-11 11:23:00,0.7355323
2026-01-11 11:24:00,0.7754632
2026-01-11 11:25:00,0.791582
2026-01-11 11:26:00,0.8151666
2026-01-11 11:27:00,0.79439527
2026-01-11 11:28:00,0.7629637
2026-01-11 11:29:00,0.7682386
2026-01-11 11:30:00,0.80629873
2026-01-11 11:31:00,0.80256253
2026-01-11 11:32:00,0.773093
2026-01-11 11:33:00,0.72612715
2026-01-11 11:34:00,0.73907477
2026-01-11 11:35:00,0.7206857
2026-01-11 11:36:00,0.72308874
2026-01-11 11:37:00,0.7186454
2026-01-11 11:38:00,0.7063582
2026-01-11 11:39:00,0.7246097
2026-01-11 11:40:00,0.7518549
2026-01-11 11:41:00,0.83337677
2026-01-11 11:42:00,0.8601092
2026-01-11 11:43:00,0.91815585
2026-01-11 11:44:00,0.8750912
2026-01-11 11:45:00,0.8042012
2026-01-11 11:46:00,0.8024656
2026-01-11 11:47:00,0.8357894
2026-01-11 11:48:00,0.86019427
2026-01-11 11:49:00,0.9030767
2026-01-11 11:50:00,0.79263216
2026-01-11 11:51:00,0.8426241
2026-01-11 11:52:00,0.8519358
2026-01-11 11:53:00,0.7853426
2026-01-11 11:54:00,0.81479704
2026-01-11 11:55:00,0.8197514
2026-01-11 11:56:00,0.8327968
2026-01-11 11:57:00,0.8695308
2026-01-11 11:58:00,0.88058925
2026-01-11 11:59:00,0.814655
2026-01-11 12:00:00,0.80720294
2026-01-11 12:01:00,0.74137723
2026-01-11 12:02:00,0.7715004
2026-01-11 12:03:00,0.82918394
2026-01-11 12:04:00,0.77668935
2026-01-11 12:05:00,0.7512068
2026-01-11 12:06:00,0.7193391
2026-01-11 12:07:00,0.7071712
2026-01-11 12:08:00,0.7306413
2026-01-11 12:09:00,0.71802497
2026-01-11 12:10:00,0.7502523
2026-01-11 12:11:00,0.7964253
2026-01-11 12:12:00,0.8403689
2026-01-11 12:13:00,0.79200834
2026-01-11 12:14:00,0.84768933
2026-01-11 12:15:00,0.9021294
2026-01-11 12:16:00,0.95568585
2026-01-11 12:17:00,0.93654484
2026-01-11 12:18:00,0.8951803
2026-01-11 12:19:00,0.8478347
2026-01-11 12:20:00,0.7995805
2026-01-11 12:21:00,0.79973024
2026-01-11 12:22:00,0.83331865
2026-01-11 12:23:00,0.88257205
2026-01-11 12:24:00,0.8562038
2026-01-11 12:25:00,0.84982246
2026-01-11 12:26:00,0.8413339
2026-01-11 12:27:00,0.81228244
2026-01-11 12:28:00,0.8403975
2026-01-11 12:29:00,0.851348
2026-01-11 12:30:00,0.8525816
2026-01-11 12:31:00,0.8623755
2026-01-11 12:32:00,0.88167095
2026-01-11 12:33:00,0.89902085
2026-01-11 12:34:00,0.8572238
2026-01-11 12:35:00,0.88816094
2026-01-11 12:36:00,0.89098173
2026-01-11 12:37:00,0.86597425
2026-01-11 12:38:00,0.8697173
2026-01-11 12:39:00,0.87756646
2026-01-11 12:40:00,0.91427505
2026-01-11 12:41:00,0.862924
2026-01-11 12:42:00,0.9105207
2026-01-11 12:43:00,0.90223056
2026-01-11 12:44:00,0.87342393
2026-01-11 12:45:00,0.84569025
2026-01-11 12:46:00,0.80158293
2026-01-11 12:47:00,0.7314139
2026-01-11 12:48:00,0.763582
2026-01-11 12:49:00,0.8453067
2026-01-11 12:50:00,0.7765434
2026-01-11 12:51:00,0.73995817
2026-01-11 12:52:00,0.77436924
2026-01-11 12:53:00,0.7741272
2026-01-11 12:54:00,0.8090947
2026-01-11 12:55:00,0.8038068
2026-01-11 12:56:00,0.7797726
2026-01-11 12:57:00,0.771839
2026-01-11 12:58:00,0.67827624
2026-01-11 12:59:00,0.64172816
2026-01-11 13:00:00,0.69175947
2026-01-11 13:01:00,0.74751747
2026-01-11 13:02:00,0.80736953
2026-01-11 13:03:00,0.8238049
2026-01-11 13:04:00,0.7310309
2026-01-11 13:05:00,0.7105037
2026-01-11 13:06:00,0.7699871
2026-01-11 13:07:00,0.83662915
2026-01-11 13:08:00,0.88750446
2026-01-11 13:09:00,0.87033415
2026-01-11 13:10:00,0.8117044
2026-01-11 13:11:00,0.8083821
2026-01-11 13:12:00,0.807522
2026-01-11 13:13:00,0.86873937
2026-01-11 13:14:00,0.87152624
2026-01-11 13:15:00,0.865623
2026-01-11 13:16:00,0.8624414
2026-01-11 13:17:00,0.8725452
2026-01-11 13:18:00,0.8908797
2026-01-11 13:19:00,0.8536836
2026-01-11 13:20:00,0.8061146
2026-01-11 13:21:00,0.8594525
2026-01-11 13:22:00,0.7880331
2026-01-11 13:23:00,0.853452
2026-01-11 13:24:00,0.771673
2026-01-11 13:25:00,0.749454
2026-01-11 13:26:00,0.79124004
2026-01-11 13:27:00,0.79079384
2026-01-11 13:28:00,0.73768115
2026-01-11 13:29:00,0.7585038
2026-01-11 13:30:00,0.7632533
2026-01-11 13:31:00,0.7562698
2026-01-11 13:32:00,0.7334986
2026-01-11 13:33:00,0.7360897
2026-01-11 13:34:00,0.71654844
2026-01-11 13:35:00,0.8191956
2026-01-11 13:36:00,0.8066156
2026-01-11 13:37:00,0.78965825
2026-01-11 13:38:00,0.7673078
2026-01-11 13:39:00,0.83945376
2026-01-11 13:40:00,0.76915175
2026-01-11 13:41:00,0.78437775
2026-01-11 13:42:00,0.7744001
2026-01-11 13:43:00,0.7178191
2026-01-11 13:44:00,0.6898998
2026-01-11 13:45:00,0.7096171
2026-01-11 13:46:00,0.6804643
2026-01-11 13:47:00,0.69856286
2026-01-11 13:48:00,0.77395725
2026-01-11 13:49:00,0.7809377
2026-01-11 13:50:00,0.94108135
2026-01-11 13:51:00,0.87204105
2026-01-11 13:52:00,0.8348748
2026-01-11 13:53:00,0.80119467
2026-01-11 13:54:00,0.7929833
2026-01-11 13:55:00,0.79397327
2026-01-11 13:56:00,0.8533435
2026-01-11 13:57:00,0.84000933
2026-01-11 13:58:00,0.7829547
2026-01-11 13:59:00,0.8236404
2026-01-11 14:00:00,0.8661986
2026-01-11 14:01:00,0.8647422
2026-01-11 14:02:00,0.84474283
2026-01-11 14:03:00,0.86149704
2026-01-11 14:04:00,0.8438815
2026-01-11 14:05:00,0.7541396
2026-01-11 14:06:00,0.7765398
2026-01-11 14:07:00,0.81044984
2026-01-11 14:08:00,0.8637147
2026-01-11 14:09:00,0.8259285
2026-01-11 14:10:00,0.8295014
2026-01-11 14:11:00,0.83369255
2026-01-11 14:12:00,0.8310736
2026-01-11 14:13:00,0.8298511
2026-01-11 14:14:00,0.82561404
2026-01-11 14:15:00,0.8286874
2026-01-11 14:16:00,0.8526512
2026-01-11 14:17:00,0.8938545
2026-01-11 14:18:00,0.98
2026-01-11 14:19:00,0.98
2026-01-11 14:20:00,0.98
2026-01-11 14:21:00,0.98
2026-01-11 14:22:00,0.9409713
2026-01-11 14:23:00,0.90492016
2026-01-11 14:24:00,0.8938815
2026-01-11 14:25:00,0.861556
2026-01-11 14:26:00,0.84028065
2026-01-11 14:27:00,0.8399389
2026-01-11 14:28:00,0.8810717
2026-01-11 14:29:00,0.8470937
2026-01-11 14:30:00,0.78690886
2026-01-11 14:31:00,0.775716
2026-01-11 14:32:00,0.8451297
2026-01-11 14:33:00,0.7878158
2026-01-11 14:34:00,0.8080117
2026-01-11 14:35:00,0.8472872
2026-01-11 14:36:00,0.7427855
2026-01-11 14:37:00,0.75791025
2026-01-11 14:38:00,0.77973366
2026-01-11 14:39:00,0.7651174
2026-01-11 14:40:00,0.7366053
2026-01-11 14:41:00,0.7126736
2026-01-11 14:42:00,0.7011836
2026-01-11 14:43:00,0.69169444
2026-01-11 14:44:00,0.6754227
2026-01-11 14:45:00,0.66629636
2026-01-11 14:46:00,0.71929073
2026-01-11 14:47:00,0.671807
2026-01-11 14:48:00,0.606699
2026-01-11 14:49:00,0.664989
2026-01-11 14:50:00,0.66261375
2026-01-11 14:51:00,0.6525253
2026-01-11 14:52:00,0.65426606
2026-01-11 14:53:00,0.6686255
2026-01-11 14:54:00,0.6524384
2026-01-11 14:55:00,0.6786786
2026-01-11 14:56:00,0.64402276
2026-01-11 14:57:00,0.63848597
2026-01-11 14:58:00,0.55680496
2026-01-11 14:59:00,0.617062
2026-01-11 15:00:00,0.6184904
2026-01-11 15:01:00,0.6535762
2026-01-11 15:02:00,0.6780368
2026-01-11 15:03:00,0.7033922
2026-01-11 15:04:00,0.70433676
2026-01-11 15:05:00,0.7209663
2026-01-11 15:06:00,0.6822046
2026-01-11 15:07:00,0.63806707
2026-01-11 15:08:00,0.6401817
2026-01-11 15:09:00,0.6188981
2026-01-11 15:10:00,0.6834438
2026-01-11 15:11:00,0.7007295
2026-01-11 15:12:00,0.67288315
2026-01-11 15:13:00,0.6649775
2026-01-11 15:14:00,0.6738009
2026-01-11 15:15:00,0.67379224
2026-01-11 15:16:00,0.68728787
2026-01-11 15:17:00,0.6914933
2026-01-11 15:18:00,0.6369024
2026-01-11 15:19:00,0.5561809
2026-01-11 15:20:00,0.5529205
2026-01-11 15:21:00,0.587196
2026-01-11 15:22:00,0.5817254
2026-01-11 15:23:00,0.64055985
2026-01-11 15:24:00,0.6432589
2026-01-11 15:25:00,0.7018143
2026-01-11 15:26:00,0.74738204
2026-01-11 15:27:00,0.7851876
2026-01-11 15:28:00,0.72968423
2026-01-11 15:29:00,0.72735417
2026-01-11 15:30:00,0.77334225
2026-01-11 15:31:00,0.77754015
2026-01-11 15:32:00,0.7925882
2026-01-11 15:33:00,0.7286475
2026-01-11 15:34:00,0.80199355
2026-01-11 15:35:00,0.76096934
2026-01-11 15:36:00,0.6750086
2026-01-11 15:37:00,0.6615596
2026-01-11 15:38:00,0.5652348
2026-01-11 15:39:00,0.5310123
2026-01-11 15:40:00,0.6451746
2026-01-11 15:41:00,0.632563
2026-01-11 15:42:00,0.578951
2026-01-11 15:43:00,0.5876515
2026-01-11 15:44:00,0.55863154
2026-01-11 15:45:00,0.6023253
2026-01-11 15:46:00,0.5722597
2026-01-11 15:47:00,0.59090877
2026-01-11 15:48:00,0.551252
2026-01-11 15:49:00,0.6645085
2026-01-11 15:50:00,0.68478525
2026-01-11 15:51:00,0.6773711
2026-01-11 15:52:00,0.6645479
2026-01-11 15:53:00,0.6422204
2026-01-11 15:54:00,0.6132816
2026-01-11 15:55:00,0.5854532
2026-01-11 15:56:00,0.65841424
2026-01-11 15:57:00,0.6361944
2026-01-11 15:58:00,0.55257326
2026-01-11 15:59:00,0.51407266
2026-01-11 16:00:00,0.5622922
2026-01-11 16:01:00,0.55934423
2026-01-11 16:02:00,0.5612533
2026-01-11 16:03:00,0.6150566
2026-01-11 16:04:00,0.5865671
2026-01-11 16:05:00,0.6166304
2026-01-11 16:06:00,0.5921664
2026-01-11 16:07:00,0.6192994
2026-01-11 16:08:00,0.60547024
2026-01-11 16:09:00,0.5986195
2026-01-11 16:10:00,0.6346723
2026-01-11 16:11:00,0.66484433
2026-01-11 16:12:00,0.65595186
2026-01-11 16:13:00,0.63540995
2026-01-11 16:14:00,0.6992288
2026-01-11 16:15:00,0.7174357
2026-01-11 16:16:00,0.694853
2026-01-11 16:17:00,0.6634846
2026-01-11 16:18:00,0.70162994
2026-01-11 16:19:00,0.70022845
2026-01-11 16:20:00,0.6876652
2026-01-11 16:21:00,0.68713206
2026-01-11 16:22:00,0.69543797
2026-01-11 16:23:00,0.6871831
2026-01-11 16:24:00,0.7298865
2026-01-11 16:25:00,0.7712821
2026-01-11 16:26:00,0.7801501
2026-01-11 16:27:00,0.8219036
2026-01-11 16:28:00,0.8055493
2026-01-11 16:29:00,0.81765777
2026-01-11 16:30:00,0.84124327
2026-01-11 16:31:00,0.8634055
2026-01-11 16:32:00,0.8795532
2026-01-11 16:33:00,0.88289636
2026-01-11 16:34:00,0.93888897
2026-01-11 16:35:00,0.8904082
2026-01-11 16:36:00,0.8610636
2026-01-11 16:37:00,0.8315733
2026-01-11 16:38:00,0.798178
2026-01-11 16:39:00,0.7025039
2026-01-11 16:40:00,0.7489067
2026-01-11 16:41:00,0.6954381
2026-01-11 16:42:00,0.693958
2026-01-11 16:43:00,0.6288058
2026-01-11 16:44:00,0.65044516
2026-01-11 16:45:00,0.61398476
2026-01-11 16:46:00,0.56629425
2026-01-11 16:47:00,0.57550657
2026-01-11 16:48:00,0.5480539
2026-01-11 16:49:00,0.5277353
2026-01-11 16:50:00,0.53875464
2026-01-11 16:51:00,0.57389474
2026-01-11 16:52:00,0.54136205
2026-01-11 16:53:00,0.50439405
2026-01-11 16:54:00,0.5108441
2026-01-11 16:55:00,0.53728217
2026-01-11 16:56:00,0.5984183
2026-01-11 16:57:00,0.5531729
2026-01-11 16:58:00,0.5415542
2026-01-11 16:59:00,0.5904874
2026-01-11 17:00:00,0.6672704
2026-01-11 17:01:00,0.6191352
2026-01-11 17:02:00,0.5848936
2026-01-11 17:03:00,0.59805924
2026-01-11 17:04:00,0.57168907
2026-01-11 17:05:00,0.54003996
2026-01-11 17:06:00,0.5509417
2026-01-11 17:07:00,0.61303985
2026-01-11 17:08:00,0.5556845
2026-01-11 17:09:00,0.6151004
2026-01-11 17:10:00,0.5867089
2026-01-11 17:11:00,0.59728104
2026-01-11 17:12:00,0.65667945
2026-01-11 17:13:00,0.6605743
2026-01-11 17:14:00,0.6391144
2026-01-11 17:15:00,0.65986705
2026-01-11 17:16:00,0.6431748
2026-01-11 17:17:00,0.65546745
2026-01-11 17:18:00,0.6376041
2026-01-11 17:19:00,0.66367173
2026-01-11 17:20:00,0.6441371
2026-01-11 17:21:00,0.58974874
2026-01-11 17:22:00,0.5246062
2026-01-11 17:23:00,0.51933426
2026-01-11 17:24:00,0.4559944
2026-01-11 17:25:00,0.4315625
2026-01-11 17:26:00,0.3927068
2026-01-11 17:27:00,0.460627
2026-01-11 17:28:00,0.42442298
2026-01-11 17:29:00,0.37935808
2026-01-11 17:30:00,0.3993333
2026-01-11 17:31:00,0.4752582
2026-01-11 17:32:00,0.47297645
2026-01-11 17:33:00,0.4739331
2026-01-11 17:34:00,0.52793705
2026-01-11 17:35:00,0.56105024
2026-01-11 17:36:00,0.57332087
2026-01-11 17:37:00,0.54420924
2026-01-11 17:38:00,0.5588603
2026-01-11 17:39:00,0.49956498
2026-01-11 17:40:00,0.47438776
2026-01-11 17:41:00,0.53331614
2026-01-11 17:42:00,0.58223367
2026-01-11 17:43:00,0.5925369
2026-01-11 17:44:00,0.5072194
2026-01-11 17:45:00,0.4574476
2026-01-11 17:46:00,0.4326809
2026-01-11 17:47:00,0.43007866
2026-01-11 17:48:00,0.3844071
2026-01-11 17:49:00,0.38242334
2026-01-11 17:50:00,0.46101207
2026-01-11 17:51:00,0.47852418
2026-01-11 17:52:00,0.4872233
2026-01-11 17:53:00,0.44563916
2026-01-11 17:54:00,0.38239226
2026-01-11 17:55:00,0.34050405
2026-01-11 17:56:00,0.28378636
2026-01-11 17:57:00,0.30165014
2026-01-11 17:58:00,0.33030576
2026-01-11 17:59:00,0.30256873
2026-01-11 18:00:00,0.32144585
2026-01-11 18:01:00,0.39152247
2026-01-11 18:02:00,0.47540784
2026-01-11 18:03:00,0.5049576
2026-01-11 18:04:00,0.49420005
2026-01-11 18:05:00,0.52068764
2026-01-11 18:06:00,0.56947124
2026-01-11 18:07:00,0.47985741
2026-01-11 18:08:00,0.5368514
2026-01-11 18:09:00,0.5080866
2026-01-11 18:10:00,0.4818749
2026-01-11 18:11:00,0.4648286
2026-01-11 18:12:00,0.47601363
2026-01-11 18:13:00,0.4289175
2026-01-11 18:14:00,0.41851398
2026-01-11 18:15:00,0.4412138
2026-01-11 18:16:00,0.44969687
2026-01-11 18:17:00,0.46385863
2026-01-11 18:18:00,0.44856384
2026-01-11 18:19:00,0.47506762
2026-01-11 18:20:00,0.51382726
2026-01-11 18:21:00,0.5469551
2026-01-11 18:22:00,0.5545478
2026-01-11 18:23:00,0.5818527
2026-01-11 18:24:00,0.6041283
2026-01-11 18:25:00,0.6967084
2026-01-11 18:26:00,0.72341317
2026-01-11 18:27:00,0.69557804
2026-01-11 18:28:00,0.6800505
2026-01-11 18:29:00,0.64421386
2026-01-11 18:30:00,0.60906404
2026-01-11 18:31:00,0.6109606
2026-01-11 18:32:00,0.56463
2026-01-11 18:33:00,0.598001
2026-01-11 18:34:00,0.52565384
2026-01-11 18:35:00,0.44953394
2026-01-11 18:36:00,0.4395064
2026-01-11 18:37:00,0.4020475
2026-01-11 18:38:00,0.35098776
2026-01-11 18:39:00,0.32886046
2026-01-11 18:40:00,0.3035046
2026-01-11 18:41:00,0.31100085
2026-01-11 18:42:00,0.29261655
2026-01-11 18:43:00,0.27888703
2026-01-11 18:44:00,0.2875469
2026-01-11 18:45:00,0.33619004
2026-01-11 18:46:00,0.39910677
2026-01-11 18:47:00,0.40397027
2026-01-11 18:48:00,0.41145045
2026-01-11 18:49:00,0.401874
2026-01-11 18:50:00,0.4195291
2026-01-11 18:51:00,0.43201628
2026-01-11 18:52:00,0.48081326
2026-01-11 18:53:00,0.3970066
2026-01-11 18:54:00,0.38595366
2026-01-11 18:55:00,0.3986125
2026-01-11 18:56:00,0.39551896
2026-01-11 18:57:00,0.3560361
2026-01-11 18:58:00,0.30518246
2026-01-11 18:59:00,0.34250274
2026-01-11 19:00:00,0.31418538
2026-01-11 19:01:00,0.2480922
2026-01-11 19:02:00,0.2916232
2026-01-11 19:03:00,0.31564596
2026-01-11 19:04:00,0.3146305
2026-01-11 19:05:00,0.28162718
2026-01-11 19:06:00,0.28318673
2026-01-11 19:07:00,0.337661
2026-01-11 19:08:00,0.2744444
2026-01-11 19:09:00,0.21819277
2026-01-11 19:10:00,0.20376876
2026-01-11 19:11:00,0.21442279
2026-01-11 19:12:00,0.20531812
2026-01-11 19:13:00,0.24238594
2026-01-11 19:14:00,0.2942091
2026-01-11 19:15:00,0.30936417
2026-01-11 19:16:00,0.33445406
2026-01-11 19:17:00,0.34588438
2026-01-11 19:18:00,0.34577793
2026-01-11 19:19:00,0.29343888
2026-01-11 19:20:00,0.25579157
2026-01-11 19:21:00,0.20812118
2026-01-11 19:22:00,0.21224353
2026-01-11 19:23:00,0.23115028
2026-01-11 19:24:00,0.18116611
2026-01-11 19:25:00,0.19593851
2026-01-11 19:26:00,0.17150056
2026-01-11 19:27:00,0.14114256
2026-01-11 19:28:00,0.13085179
2026-01-11 19:29:00,0.101464115
2026-01-11 19:30:00,0.14339815
2026-01-11 19:31:00,0.15087658
2026-01-11 19:32:00,0.19697145
2026-01-11 19:33:00,0.18891664
2026-01-11 19:34:00,0.18290535
2026-01-11 19:35:00,0.26842475
2026-01-11 19:36:00,0.20713234
2026-01-11 19:37:00,0.2669328
2026-01-11 19:38:00,0.33663905
2026-01-11 19:39:00,0.36510912
2026-01-11 19:40:00,0.34733897
2026-01-11 19:41:00,0.40117463
2026-01-11 19:42:00,0.38064656
2026-01-11 19:43:00,0.3462898
2026-01-11 19:44:00,0.32727274
2026-01-11 19:45:00,0.3023908
2026-01-11 19:46:00,0.2643335
2026-01-11 19:47:00,0.31147754
2026-01-11 19:48:00,0.2794038
2026-01-11 19:49:00,0.2795404
2026-01-11 19:50:00,0.22299382
2026-01-11 19:51:00,0.22984743
2026-01-11 19:52:00,0.18857683
2026-01-11 19:53:00,0.14951944
2026-01-11 19:54:00,0.15632892
2026-01-11 19:55:00,0.20913878
2026-01-11 19:56:00,0.23295668
2026-01-11 19:57:00,0.25751296
2026-01-11 19:58:00,0.2544392
2026-01-11 19:59:00,0.24327882
2026-01-11 20:00:00,0.27797928
2026-01-11 20:01:00,0.2556282
2026-01-11 20:02:00,0.29086724
2026-01-11 20:03:00,0.3392457
2026-01-11 20:04:00,0.300559
2026-01-11 20:05:00,0.27074373
2026-01-11 20:06:00,0.24916297
2026-01-11 20:07:00,0.19235767
2026-01-11 20:08:00,0.17989932
2026-01-11 20:09:00,0.23917226
2026-01-11 20:10:00,0.19972333
2026-01-11 20:11:00,0.25816256
2026-01-11 20:12:00,0.24148285
2026-01-11 20:13:00,0.32793897
2026-01-11 20:14:00,0.29554734
2026-01-11 20:15:00,0.28716338
2026-01-11 20:16:00,0.24870561
2026-01-11 20:17:00,0.22212772
2026-01-11 20:18:00,0.27861568
2026-01-11 20:19:00,0.2959437
2026-01-11 20:20:00,0.33396205
2026-01-11 20:21:00,0.2750683
2026-01-11 20:22:00,0.29960895
2026-01-11 20:23:00,0.25704202
2026-01-11 20:24:00,0.20315248
2026-01-11 20:25:00,0.21652494
2026-01-11 20:26:00,0.22832641
2026-01-11 20:27:00,0.2320844
2026-01-11 20:28:00,0.26201904
2026-01-11 20:29:00,0.29570845
2026-01-11 20:30:00,0.35045892
2026-01-11 20:31:00,0.2943366
2026-01-11 20:32:00,0.35030895
2026-01-11 20:33:00,0.41692638
2026-01-11 20:34:00,0.3881842
2026-01-11 20:35:00,0.30956286
2026-01-11 20:36:00,0.24854328
2026-01-11 20:37:00,0.22918397
2026-01-11 20:38:00,0.3103264
2026-01-11 20:39:00,0.30500868
2026-01-11 20:40:00,0.27466
2026-01-11 20:41:00,0.24392508
2026-01-11 20:42:00,0.19007121
2026-01-11 20:43:00,0.22833312
2026-01-11 20:44:00,0.22478426
2026-01-11 20:45:00,0.30911165
2026-01-11 20:46:00,0.32774496
2026-01-11 20:47:00,0.352874
2026-01-11 20:48:00,0.3330289
2026-01-11 20:49:00,0.2807326
2026-01-11 20:50:00,0.24123672
2026-01-11 20:51:00,0.18499301
2026-01-11 20:52:00,0.22435409
2026-01-11 20:53:00,0.20867397
2026-01-11 20:54:00,0.24766542
2026-01-11 20:55:00,0.25079513
2026-01-11 20:56:00,0.23644657
2026-01-11 20:57:00,0.18809645
2026-01-11 20:58:00,0.20238613
2026-01-11 20:59:00,0.19464484
2026-01-11 21:00:00,0.23227882
2026-01-11 21:01:00,0.20212205
2026-01-11 21:02:00,0.22756277
2026-01-11 21:03:00,0.29188251
2026-01-11 21:04:00,0.29625013
2026-01-11 21:05:00,0.32070336
2026-01-11 21:06:00,0.33459032
2026-01-11 21:07:00,0.40034088
2026-01-11 21:08:00,0.39969715
2026-01-11 21:09:00,0.4121683
2026-01-11 21:10:00,0.39412022
2026-01-11 21:11:00,0.34791988
2026-01-11 21:12:00,0.28799286
2026-01-11 21:13:00,0.3317933
2026-01-11 21:14:00,0.2810081
2026-01-11 21:15:00,0.3043849
2026-01-11 21:16:00,0.31262827
2026-01-11 21:17:00,0.34021407
2026-01-11 21:18:00,0.30822468
2026-01-11 21:19:00,0.26768577
2026-01-11 21:20:00,0.27708656
2026-01-11 21:21:00,0.2588397
2026-01-11 21:22:00,0.20443857
2026-01-11 21:23:00,0.28110558
2026-01-11 21:24:00,0.24237622
2026-01-11 21:25:00,0.19859104
2026-01-11 21:26:00,0.18830383
2026-01-11 21:27:00,0.2385751
2026-01-11 21:28:00,0.14797713
2026-01-11 21:29:00,0.19802839
2026-01-11 21:30:00,0.16075838
2026-01-11 21:31:00,0.17344747
2026-01-11 21:32:00,0.14743821
2026-01-11 21:33:00,0.23016512
2026-01-11 21:34:00,0.23152095
2026-01-11 21:35:00,0.19939928
2026-01-11 21:36:00,0.18606721
2026-01-11 21:37:00,0.18937117
2026-01-11 21:38:00,0.19587317
2026-01-11 21:39:00,0.2122397
2026-01-11 21:40:00,0.20963192
2026-01-11 21:41:00,0.1521446
2026-01-11 21:42:00,0.14067468
2026-01-11 21:43:00,0.16794246
2026-01-11 21:44:00,0.1419107
2026-01-11 21:45:00,0.17161202
2026-01-11 21:46:00,0.17323917
2026-01-11 21:47:00,0.1647027
2026-01-11 21:48:00,0.21326986
2026-01-11 21:49:00,0.14060643
2026-01-11 21:50:00,0.11621477
2026-01-11 21:51:00,0.17003113
2026-01-11 21:52:00,0.24339417
2026-01-11 21:53:00,0.32907352
2026-01-11 21:54:00,0.31842113
2026-01-11 21:55:00,0.32487112
2026-01-11 21:56:00,0.3451353
2026-01-11 21:57:00,0.38203368
2026-01-11 21:58:00,0.37745073
2026-01-11 21:59:00,0.39770705
2026-01-11 22:00:00,0.39763865
2026-01-11 22:01:00,0.40002492
2026-01-11 22:02:00,0.34454826
2026-01-11 22:03:00,0.31702808
2026-01-11 22:04:00,0.28391987
2026-01-11 22:05:00,0.2267683
2026-01-11 22:06:00,0.15563393
2026-01-11 22:07:00,0.13926335
2026-01-11 22:08:00,0.13054658
2026-01-11 22:09:00,0.13723877
2026-01-11 22:10:00,0.16137886
2026-01-11 22:11:00,0.16883883
2026-01-11 22:12:00,0.1578568
2026-01-11 22:13:00,0.12138135
2026-01-11 22:14:00,0.15946878
2026-01-11 22:15:00,0.47442883
2026-01-11 22:16:00,0.39984176
2026-01-11 22:17:00,0.34681752
2026-01-11 22:18:00,0.28085265
2026-01-11 22:19:00,0.23206936
2026-01-11 22:20:00,0.18904419
2026-01-11 22:21:00,0.16302304
2026-01-11 22:22:00,0.17889743
2026-01-11 22:23:00,0.18526341
2026-01-11 22:24:00,0.2380985
2026-01-11 22:25:00,0.27444252
2026-01-11 22:26:00,0.33859187
2026-01-11 22:27:00,0.34247106
2026-01-11 22:28:00,0.3460084
2026-01-11 22:29:00,0.30853635
2026-01-11 22:30:00,0.32699874
2026-01-11 22:31:00,0.28502032
2026-01-11 22:32:00,0.21408425
2026-01-11 22:33:00,0.26889965
2026-01-11 22:34:00,0.20847222
2026-01-11 22:35:00,0.22052798
2026-01-11 22:36:00,0.17895094
2026-01-11 22:37:00,0.22105566
2026-01-11 22:38:00,0.2652998
2026-01-11 22:39:00,0.27669448
2026-01-11 22:40:00,0.31589326
2026-01-11 22:41:00,0.30241296
2026-01-11 22:42:00,0.37909406
2026-01-11 22:43:00,0.39012295
2026-01-11 22:44:00,0.33439803
2026-01-11 22:45:00,0.32193017
2026-01-11 22:46:00,0.3015645
2026-01-11 22:47:00,0.27889755
2026-01-11 22:48:00,0.20175938
2026-01-11 22:49:00,0.21253468
2026-01-11 22:50:00,0.15152416
2026-01-11 22:51:00,0.05
2026-01-11 22:52:00,0.05
2026-01-11 22:53:00,0.05
2026-01-11 22:54:00,0.05
2026-01-11 22:55:00,0.05
2026-01-11 22:56:00,0.05
2026-01-11 22:57:00,0.05
2026-01-11 22:58:00,0.05
2026-01-11 22:59:00,0.05
2026-01-11 23:00:00,0.05
2026-01-11 23:01:00,0.2218343
2026-01-11 23:02:00,0.23638548
2026-01-11 23:03:00,0.256646
2026-01-11 23:04:00,0.1930853
2026-01-11 23:05:00,0.19531867
2026-01-11 23:06:00,0.22157168
2026-01-11 23:07:00,0.19008084
2026-01-11 23:08:00,0.1482323
2026-01-11 23:09:00,0.16364375
2026-01-11 23:10:00,0.09821582
2026-01-11 23:11:00,0.054481566
2026-01-11 23:12:00,0.05
2026-01-11 23:13:00,0.055866428
2026-01-11 23:14:00,0.06924172
2026-01-11 23:15:00,0.11439979
2026-01-11 23:16:00,0.078030825
2026-01-11 23:17:00,0.05
2026-01-11 23:18:00,0.07021131
2026-01-11 23:19:00,0.05
2026-01-11 23:20:00,0.05
2026-01-11 23:21:00,0.05
2026-01-11 23:22:00,0.05
2026-01-11 23:23:00,0.05821273
2026-01-11 23:24:00,0.05
2026-01-11 23:25:00,0.07250257
2026-01-11 23:26:00,0.07490913
2026-01-11 23:27:00,0.05
2026-01-11 23:28:00,0.05
2026-01-11 23:29:00,0.05
2026-01-11 23:30:00,0.05
2026-01-11 23:31:00,0.05
2026-01-11 23:32:00,0.074406266
2026-01-11 23:33:00,0.05
2026-01-11 23:34:00,0.05
2026-01-11 23:35:00,0.05
2026-01-11 23:36:00,0.05
2026-01-11 23:37:00,0.05
2026-01-11 23:38:00,0.05
2026-01-11 23:39:00,0.05
2026-01-11 23:40:00,0.05
2026-01-11 23:41:00,0.05
2026-01-11 23:42:00,0.05
2026-01-11 23:43:00,0.05
2026-01-11 23:44:00,0.05
2026-01-11 23:45:00,0.05
2026-01-11 23:46:00,0.05
2026-01-11 23:47:00,0.05
2026-01-11 23:48:00,0.06441377
2026-01-11 23:49:00,0.08840075
2026-01-11 23:50:00,0.08793065
2026-01-11 23:51:00,0.10015958
2026-01-11 23:52:00,0.05005062
2026-01-11 23:53:00,0.05
2026-01-11 23:54:00,0.06392428
2026-01-11 23:55:00,0.1030539
2026-01-11 23:56:00,0.109115146
2026-01-11 23:57:00,0.1701059
2026-01-11 23:58:00,0.18737967
2026-01-11 23:59:00,0.17362611
2026-01-12 00:00:00,0.119078554
2026-01-12 00:01:00,0.17751704
2026-01-12 00:02:00,0.20454851
2026-01-12 00:03:00,0.27054223
2026-01-12 00:04:00,0.34600323
2026-01-12 00:05:00,0.27728155
2026-01-12 00:06:00,0.21416788
2026-01-12 00:07:00,0.09295502
2026-01-12 00:08:00,0.13270837
2026-01-12 00:09:00,0.15881331
2026-01-12 00:10:00,0.1604891
2026-01-12 00:11:00,0.10908204
2026-01-12 00:12:00,0.32698536
2026-01-12 00:13:00,0.29673806
2026-01-12 00:14:00,0.29679477
2026-01-12 00:15:00,0.27970934
2026-01-12 00:16:00,0.28229186
2026-01-12 00:17:00,0.25534078
2026-01-12 00:18:00,0.2845684
2026-01-12 00:19:00,0.29094434
2026-01-12 00:20:00,0.22527671
2026-01-12 00:21:00,0.2689056
2026-01-12 00:22:00,0.3033181
2026-01-12 00:23:00,0.3052484
2026-01-12 00:24:00,0.30018973
2026-01-12 00:25:00,0.3511097
2026-01-12 00:26:00,0.2666574
2026-01-12 00:27:00,0.30425566
2026-01-12 00:28:00,0.27040806
2026-01-12 00:29:00,0.30233902
2026-01-12 00:30:00,0.29290283
2026-01-12 00:31:00,0.22983952
2026-01-12 00:32:00,0.20180348
2026-01-12 00:33:00,0.23684658
2026-01-12 00:34:00,0.21989901
2026-01-12 00:35:00,0.1879333
2026-01-12 00:36:00,0.15832381
2026-01-12 00:37:00,0.18195762
2026-01-12 00:38:00,0.2480869
2026-01-12 00:39:00,0.15331003
2026-01-12 00:40:00,0.26381832
2026-01-12 00:41:00,0.26164496
2026-01-12 00:42:00,0.27473807
2026-01-12 00:43:00,0.24615543
2026-01-12 00:44:00,0.23719844
2026-01-12 00:45:00,0.23682682
2026-01-12 00:46:00,0.18684709
2026-01-12 00:47:00,0.1506279
2026-01-12 00:48:00,0.19694112
2026-01-12 00:49:00,0.16735291
2026-01-12 00:50:00,0.17890991
2026-01-12 00:51:00,0.15777457
2026-01-12 00:52:00,0.115296036
2026-01-12 00:53:00,0.19399595
2026-01-12 00:54:00,0.14973594
2026-01-12 00:55:00,0.10231974
2026-01-12 00:56:00,0.096694544
2026-01-12 00:57:00,0.06848387
2026-01-12 00:58:00,0.073719054
2026-01-12 00:59:00,0.08465776
2026-01-12 01:00:00,0.09802885
2026-01-12 01:01:00,0.09610547
2026-01-12 01:02:00,0.071305975
2026-01-12 01:03:00,0.10240055
2026-01-12 01:04:00,0.10088038
2026-01-12 01:05:00,0.084192656
2026-01-12 01:06:00,0.147925
2026-01-12 01:07:00,0.1425613
2026-01-12 01:08:00,0.1862087
2026-01-12 01:09:00,0.23180458
2026-01-12 01:10:00,0.27622932
2026-01-12 01:11:00,0.29328018
2026-01-12 01:12:00,0.28133407
2026-01-12 01:13:00,0.2678445
2026-01-12 01:14:00,0.24826695
2026-01-12 01:15:00,0.15337963
2026-01-12 01:16:00,0.18154575
2026-01-12 01:17:00,0.18851875
2026-01-12 01:18:00,0.21820973
2026-01-12 01:19:00,0.20785764
2026-01-12 01:20:00,0.22963986
2026-01-12 01:21:00,0.16801925
2026-01-12 01:22:00,0.11969101
2026-01-12 01:23:00,0.05
2026-01-12 01:24:00,0.05
2026-01-12 01:25:00,0.05
2026-01-12 01:26:00,0.05
2026-01-12 01:27:00,0.05
2026-01-12 01:28:00,0.05
2026-01-12 01:29:00,0.05
2026-01-12 01:30:00,0.075050294
2026-01-12 01:31:00,0.079754554
2026-01-12 01:32:00,0.05
2026-01-12 01:33:00,0.05
2026-01-12 01:34:00,0.05
2026-01-12 01:35:00,0.05
2026-01-12 01:36:00,0.09285889
2026-01-12 01:37:00,0.09465675
2026-01-12 01:38:00,0.17373322
2026-01-12 01:39:00,0.15501557
2026-01-12 01:40:00,0.17218722
2026-01-12 01:41:00,0.21184479
2026-01-12 01:42:00,0.2552948
2026-01-12 01:43:00,0.29997614
2026-01-12 01:44:00,0.2777664
2026-01-12 01:45:00,0.26803353
2026-01-12 01:46:00,0.16016138
2026-01-12 01:47:00,0.15229529
2026-01-12 01:48:00,0.19658916
2026-01-12 01:49:00,0.22960323
2026-01-12 01:50:00,0.22068398
2026-01-12 01:51:00,0.28394437
2026-01-12 01:52:00,0.25885954
2026-01-12 01:53:00,0.22253785
2026-01-12 01:54:00,0.19908302
2026-01-12 01:55:00,0.15137479
2026-01-12 01:56:00,0.17732027
2026-01-12 01:57:00,0.18787658
2026-01-12 01:58:00,0.2104916
2026-01-12 01:59:00,0.190367
2026-01-12 02:00:00,0.18614824
2026-01-12 02:01:00,0.09749741
2026-01-12 02:02:00,0.118168995
2026-01-12 02:03:00,0.12613638
2026-01-12 02:04:00,0.085536815
2026-01-12 02:05:00,0.08806555
2026-01-12 02:06:00,0.08431015
2026-01-12 02:07:00,0.1617878
2026-01-12 02:08:00,0.120096155
2026-01-12 02:09:00,0.13748877
2026-01-12 02:10:00,0.09664928
2026-01-12 02:11:00,0.080440186
2026-01-12 02:12:00,0.09896324
2026-01-12 02:13:00,0.09652523
2026-01-12 02:14:00,0.102545515
2026-01-12 02:15:00,0.12168137
2026-01-12 02:16:00,0.10627888
2026-01-12 02:17:00,0.14727134
2026-01-12 02:18:00,0.13744897
2026-01-12 02:19:00,0.1367793
2026-01-12 02:20:00,0.1545681
2026-01-12 02:21:00,0.16561192
2026-01-12 02:22:00,0.19251221
2026-01-12 02:23:00,0.20422111
2026-01-12 02:24:00,0.22112745
2026-01-12 02:25:00,0.20495695
2026-01-12 02:26:00,0.16039625
2026-01-12 02:27:00,0.10509811
2026-01-12 02:28:00,0.05
2026-01-12 02:29:00,0.12624335
2026-01-12 02:30:00,0.05
2026-01-12 02:31:00,0.10163751
2026-01-12 02:32:00,0.0755776
2026-01-12 02:33:00,0.13194916
2026-01-12 02:34:00,0.05
2026-01-12 02:35:00,0.05010765
2026-01-12 02:36:00,0.119384795
2026-01-12 02:37:00,0.15354267
2026-01-12 02:38:00,0.14300473
2026-01-12 02:39:00,0.06913746
2026-01-12 02:40:00,0.05
2026-01-12 02:41:00,0.094942324
2026-01-12 02:42:00,0.08887966
2026-01-12 02:43:00,0.09441602
2026-01-12 02:44:00,0.11378149
2026-01-12 02:45:00,0.06820069
2026-01-12 02:46:00,0.094729766
2026-01-12 02:47:00,0.08611885
2026-01-12 02:48:00,0.106788374
2026-01-12 02:49:00,0.090993345
2026-01-12 02:50:00,0.05
2026-01-12 02:51:00,0.05
2026-01-12 02:52:00,0.071742065
2026-01-12 02:53:00,0.09787481
2026-01-12 02:54:00,0.107452445
2026-01-12 02:55:00,0.15101287
2026-01-12 02:56:00,0.14708067
2026-01-12 02:57:00,0.15391944
2026-01-12 02:58:00,0.13883124
2026-01-12 02:59:00,0.18246767
2026-01-12 03:00:00,0.19607206
2026-01-12 03:01:00,0.17471139
2026-01-12 03:02:00,0.11783976
2026-01-12 03:03:00,0.16934088
2026-01-12 03:04:00,0.1428245
2026-01-12 03:05:00,0.15113856
2026-01-12 03:06:00,0.25007316
2026-01-12 03:07:00,0.27911395
2026-01-12 03:08:00,0.3382819
2026-01-12 03:09:00,0.3068106
2026-01-12 03:10:00,0.34228647
2026-01-12 03:11:00,0.33321774
2026-01-12 03:12:00,0.33851442
2026-01-12 03:13:00,0.4096467
2026-01-12 03:14:00,0.38317552
2026-01-12 03:15:00,0.37080494
2026-01-12 03:16:00,0.32259247
2026-01-12 03:17:00,0.3499718
2026-01-12 03:18:00,0.31726477
2026-01-12 03:19:00,0.35057586
2026-01-12 03:20:00,0.2743855
2026-01-12 03:21:00,0.29230112
2026-01-12 03:22:00,0.26115918
2026-01-12 03:23:00,0.28754628
2026-01-12 03:24:00,0.2821289
2026-01-12 03:25:00,0.25634357
2026-01-12 03:26:00,0.23864233
2026-01-12 03:27:00,0.2038745
2026-01-12 03:28:00,0.23948583
2026-01-12 03:29:00,0.19686225
2026-01-12 03:30:00,0.18898219
2026-01-12 03:31:00,0.20629685
2026-01-12 03:32:00,0.2730284
2026-01-12 03:33:00,0.26958185
2026-01-12 03:34:00,0.257155
2026-01-12 03:35:00,0.26644084
2026-01-12 03:36:00,0.18117286
2026-01-12 03:37:00,0.13779238
2026-01-12 03:38:00,0.13088709
2026-01-12 03:39:00,0.111104004
2026-01-12 03:40:00,0.057463165
2026-01-12 03:41:00,0.10653252
2026-01-12 03:42:00,0.12783019
2026-01-12 03:43:00,0.1427194
2026-01-12 03:44:00,0.12312254
2026-01-12 03:45:00,0.13610439
2026-01-12 03:46:00,0.16552582
2026-01-12 03:47:00,0.16149588
2026-01-12 03:48:00,0.18624352
2026-01-12 03:49:00,0.15946275
2026-01-12 03:50:00,0.1706433
2026-01-12 03:51:00,0.22280721
2026-01-12 03:52:00,0.27445644
2026-01-12 03:53:00,0.32587436
2026-01-12 03:54:00,0.33157617
2026-01-12 03:55:00,0.32674208
2026-01-12 03:56:00,0.3031573
2026-01-12 03:57:00,0.22719043
2026-01-12 03:58:00,0.17588359
2026-01-12 03:59:00,0.17583463
2026-01-12 04:00:00,0.17826006
2026-01-12 04:01:00,0.24139202
2026-01-12 04:02:00,0.29565683
2026-01-12 04:03:00,0.2656097
2026-01-12 04:04:00,0.29823977
2026-01-12 04:05:00,0.27652487
2026-01-12 04:06:00,0.30301604
2026-01-12 04:07:00,0.33240575
2026-01-12 04:08:00,0.3769693
2026-01-12 04:09:00,0.34866065
2026-01-12 04:10:00,0.3829772
2026-01-12 04:11:00,0.29914653
2026-01-12 04:12:00,0.34886667
2026-01-12 04:13:00,0.3418433
2026-01-12 04:14:00,0.33631706
2026-01-12 04:15:00,0.24996853
2026-01-12 04:16:00,0.23656295
2026-01-12 04:17:00,0.29408014
2026-01-12 04:18:00,0.2757935
2026-01-12 04:19:00,0.3046614
2026-01-12 04:20:00,0.3041489
2026-01-12 04:21:00,0.34488755
2026-01-12 04:22:00,0.34760627
2026-01-12 04:23:00,0.3052611
2026-01-12 04:24:00,0.30592045
2026-01-12 04:25:00,0.3684044
2026-01-12 04:26:00,0.38183367
2026-01-12 04:27:00,0.36971217
2026-01-12 04:28:00,0.45353547
2026-01-12 04:29:00,0.4868795
2026-01-12 04:30:00,0.50394475
2026-01-12 04:31:00,0.49975744
2026-01-12 04:32:00,0.5125109
2026-01-12 04:33:00,0.5256312
2026-01-12 04:34:00,0.41996908
2026-01-12 04:35:00,0.42595932
2026-01-12 04:36:00,0.40933025
2026-01-12 04:37:00,0.38056257
2026-01-12 04:38:00,0.36635998
2026-01-12 04:39:00,0.29896754
2026-01-12 04:40:00,0.22710668
2026-01-12 04:41:00,0.2831301
2026-01-12 04:42:00,0.30338904
2026-01-12 04:43:00,0.29707205
2026-01-12 04:44:00,0.26586103
2026-01-12 04:45:00,0.2971356
2026-01-12 04:46:00,0.28090554
2026-01-12 04:47:00,0.32815593
2026-01-12 04:48:00,0.36480173
2026-01-12 04:49:00,0.30308244
2026-01-12 04:50:00,0.29552972
2026-01-12 04:51:00,0.27697638
2026-01-12 04:52:00,0.22275874
2026-01-12 04:53:00,0.17070208
2026-01-12 04:54:00,0.14910573
2026-01-12 04:55:00,0.136158
2026-01-12 04:56:00,0.16148956
2026-01-12 04:57:00,0.2154786
2026-01-12 04:58:00,0.24414374
2026-01-12 04:59:00,0.28018087
2026-01-12 05:00:00,0.27283373
2026-01-12 05:01:00,0.3010227
2026-01-12 05:02:00,0.29705334
2026-01-12 05:03:00,0.28181955
2026-01-12 05:04:00,0.3614815
2026-01-12 05:05:00,0.26579496
2026-01-12 05:06:00,0.19617252
2026-01-12 05:07:00,0.22247809
2026-01-12 05:08:00,0.2208865
2026-01-12 05:09:00,0.17265396
2026-01-12 05:10:00,0.14368448
2026-01-12 05:11:00,0.122348495
2026-01-12 05:12:00,0.1754954
2026-01-12 05:13:00,0.23729867
2026-01-12 05:14:00,0.31134805
2026-01-12 05:15:00,0.2504341
2026-01-12 05:16:00,0.20337185
2026-01-12 05:17:00,0.15743716
2026-01-12 05:18:00,0.22425899
2026-01-12 05:19:00,0.250972
2026-01-12 05:20:00,0.2621691
2026-01-12 05:21:00,0.27854964
2026-01-12 05:22:00,0.28226554
2026-01-12 05:23:00,0.24321173
2026-01-12 05:24:00,0.272757
2026-01-12 05:25:00,0.27206847
2026-01-12 05:26:00,0.23097013
2026-01-12 05:27:00,0.26424646
2026-01-12 05:28:00,0.25496048
2026-01-12 05:29:00,0.27265105
2026-01-12 05:30:00,0.27493092
2026-01-12 05:31:00,0.31778595
2026-01-12 05:32:00,0.33046734
2026-01-12 05:33:00,0.29808334
2026-01-12 05:34:00,0.31662193
2026-01-12 05:35:00,0.33508888
2026-01-12 05:36:00,0.35844845
2026-01-12 05:37:00,0.4010253
2026-01-12 05:38:00,0.37422633
2026-01-12 05:39:00,0.4010328
2026-01-12 05:40:00,0.3300897
2026-01-12 05:41:00,0.32912052
2026-01-12 05:42:00,0.32214728
2026-01-12 05:43:00,0.38473776
2026-01-12 05:44:00,0.37825957
2026-01-12 05:45:00,0.40297866
2026-01-12 05:46:00,0.33103573
2026-01-12 05:47:00,0.3213555
2026-01-12 05:48:00,0.29277223
2026-01-12 05:49:00,0.39945728
2026-01-12 05:50:00,0.37202224
2026-01-12 05:51:00,0.37649226
2026-01-12 05:52:00,0.38284394
2026-01-12 05:53:00,0.32015294
2026-01-12 05:54:00,0.30512273
2026-01-12 05:55:00,0.32863498
2026-01-12 05:56:00,0.33761266
2026-01-12 05:57:00,0.25053516
2026-01-12 05:58:00,0.23986919
2026-01-12 05:59:00,0.29367775
2026-01-12 06:00:00,0.3259866
2026-01-12 06:01:00,0.38101223
2026-01-12 06:02:00,0.34359786
2026-01-12 06:03:00,0.39994916
2026-01-12 06:04:00,0.39888856
2026-01-12 06:05:00,0.46348774
2026-01-12 06:06:00,0.45947227
2026-01-12 06:07:00,0.37385696
2026-01-12 06:08:00,0.4110704
2026-01-12 06:09:00,0.39370653
2026-01-12 06:10:00,0.38053375
2026-01-12 06:11:00,0.32545096
2026-01-12 06:12:00,0.3978976
2026-01-12 06:13:00,0.37892762
2026-01-12 06:14:00,0.445432
2026-01-12 06:15:00,0.42647636
2026-01-12 06:16:00,0.3892887
2026-01-12 06:17:00,0.44507876
2026-01-12 06:18:00,0.440803
2026-01-12 06:19:00,0.43737185
2026-01-12 06:20:00,0.38560528
2026-01-12 06:21:00,0.37105247
2026-01-12 06:22:00,0.39322916
2026-01-12 06:23:00,0.34462935
2026-01-12 06:24:00,0.330434
2026-01-12 06:25:00,0.3222328
2026-01-12 06:26:00,0.33427632
2026-01-12 06:27:00,0.40199426
2026-01-12 06:28:00,0.3932276
2026-01-12 06:29:00,0.36965382
2026-01-12 06:30:00,0.4855544
2026-01-12 06:31:00,0.46511438
2026-01-12 06:32:00,0.4561245
2026-01-12 06:33:00,0.44128025
2026-01-12 06:34:00,0.43098068
2026-01-12 06:35:00,0.43580025
2026-01-12 06:36:00,0.47407022
2026-01-12 06:37:00,0.4887207
2026-01-12 06:38:00,0.5292379
2026-01-12 06:39:00,0.56530577
2026-01-12 06:40:00,0.5651839
2026-01-12 06:41:00,0.571897
2026-01-12 06:42:00,0.60748494
2026-01-12 06:43:00,0.5515431
2026-01-12 06:44:00,0.64456856
2026-01-12 06:45:00,0.6098354
2026-01-12 06:46:00,0.58446103
2026-01-12 06:47:00,0.52679455
2026-01-12 06:48:00,0.47504696
2026-01-12 06:49:00,0.5138022
2026-01-12 06:50:00,0.601419
2026-01-12 06:51:00,0.5686449
2026-01-12 06:52:00,0.5751908
2026-01-12 06:53:00,0.576243
2026-01-12 06:54:00,0.60853004
2026-01-12 06:55:00,0.687089
2026-01-12 06:56:00,0.73156977
2026-01-12 06:57:00,0.7022229
2026-01-12 06:58:00,0.7060371
2026-01-12 06:59:00,0.71363413
2026-01-12 07:00:00,0.6948138
2026-01-12 07:01:00,0.6345817
2026-01-12 07:02:00,0.59117097
2026-01-12 07:03:00,0.6292268
2026-01-12 07:04:00,0.66848093
2026-01-12 07:05:00,0.64635634
2026-01-12 07:06:00,0.64486325
2026-01-12 07:07:00,0.68105465
2026-01-12 07:08:00,0.59840614
2026-01-12 07:09:00,0.57280296
2026-01-12 07:10:00,0.6479337
2026-01-12 07:11:00,0.64842826
2026-01-12 07:12:00,0.5918591
2026-01-12 07:13:00,0.5897923
2026-01-12 07:14:00,0.6241738
2026-01-12 07:15:00,0.513203
2026-01-12 07:16:00,0.52013946
2026-01-12 07:17:00,0.5046899
2026-01-12 07:18:00,0.43980986
2026-01-12 07:19:00,0.44919416
2026-01-12 07:20:00,0.44920835
2026-01-12 07:21:00,0.45383388
2026-01-12 07:22:00,0.44523948
2026-01-12 07:23:00,0.41052645
2026-01-12 07:24:00,0.36136875
2026-01-12 07:25:00,0.34682503
2026-01-12 07:26:00,0.39555934
2026-01-12 07:27:00,0.4154645
2026-01-12 07:28:00,0.4218043
2026-01-12 07:29:00,0.3889299
2026-01-12 07:30:00,0.38543636
2026-01-12 07:31:00,0.4267819
2026-01-12 07:32:00,0.4556415
2026-01-12 07:33:00,0.4430297
2026-01-12 07:34:00,0.3461753
2026-01-12 07:35:00,0.33464804
2026-01-12 07:36:00,0.33184555
2026-01-12 07:37:00,0.31240728
2026-01-12 07:38:00,0.3143977
2026-01-12 07:39:00,0.36553422
2026-01-12 07:40:00,0.37854224
2026-01-12 07:41:00,0.43170556
2026-01-12 07:42:00,0.38080922
2026-01-12 07:43:00,0.38223302
2026-01-12 07:44:00,0.31830058
2026-01-12 07:45:00,0.32009643
2026-01-12 07:46:00,0.2971013
2026-01-12 07:47:00,0.3691379
2026-01-12 07:48:00,0.40066567
2026-01-12 07:49:00,0.45399147
2026-01-12 07:50:00,0.4453996
2026-01-12 07:51:00,0.41399568
2026-01-12 07:52:00,0.38394558
2026-01-12 07:53:00,0.40909475
2026-01-12 07:54:00,0.49413598
2026-01-12 07:55:00,0.5165777
2026-01-12 07:56:00,0.50585294
2026-01-12 07:57:00,0.5035408
2026-01-12 07:58:00,0.50782704
2026-01-12 07:59:00,0.59420264
2026-01-12 08:00:00,0.6420612
2026-01-12 08:01:00,0.6472593
2026-01-12 08:02:00,0.6461466
2026-01-12 08:03:00,0.6528217
2026-01-12 08:04:00,0.6668736
2026-01-12 08:05:00,0.643616
2026-01-12 08:06:00,0.60509735
2026-01-12 08:07:00,0.6448255
2026-01-12 08:08:00,0.6410792
2026-01-12 08:09:00,0.6748155
2026-01-12 08:10:00,0.733863
2026-01-12 08:11:00,0.74327767
2026-01-12 08:12:00,0.74556917
2026-01-12 08:13:00,0.86145747
2026-01-12 08:14:00,0.8484581
2026-01-12 08:15:00,0.784708
2026-01-12 08:16:00,0.7585428
2026-01-12 08:17:00,0.80789876
2026-01-12 08:18:00,0.73958373
2026-01-12 08:19:00,0.6985135
2026-01-12 08:20:00,0.7351955
2026-01-12 08:21:00,0.713932
2026-01-12 08:22:00,0.70093524
2026-01-12 08:23:00,0.7364335
2026-01-12 08:24:00,0.69759446
2026-01-12 08:25:00,0.63190144
2026-01-12 08:26:00,0.57476234
2026-01-12 08:27:00,0.6011308
2026-01-12 08:28:00,0.6125932
2026-01-12 08:29:00,0.5851799
2026-01-12 08:30:00,0.54141974
2026-01-12 08:31:00,0.5367978
2026-01-12 08:32:00,0.58813787
2026-01-12 08:33:00,0.55738556
2026-01-12 08:34:00,0.53612685
2026-01-12 08:35:00,0.49556315
2026-01-12 08:36:00,0.49127647
2026-01-12 08:37:00,0.5156597
2026-01-12 08:38:00,0.609283
2026-01-12 08:39:00,0.61962765
2026-01-12 08:40:00,0.61839294
2026-01-12 08:41:00,0.6540278
2026-01-12 08:42:00,0.68024915
2026-01-12 08:43:00,0.6535234
2026-01-12 08:44:00,0.74423003
2026-01-12 08:45:00,0.7347276
2026-01-12 08:46:00,0.73652065
2026-01-12 08:47:00,0.7508738
2026-01-12 08:48:00,0.755964
2026-01-12 08:49:00,0.807932
2026-01-12 08:50:00,0.77123415
2026-01-12 08:51:00,0.7925072
2026-01-12 08:52:00,0.787429
2026-01-12 08:53:00,0.81558615
2026-01-12 08:54:00,0.7936849
2026-01-12 08:55:00,0.76822084
2026-01-12 08:56:00,0.7881954
2026-01-12 08:57:00,0.79171044
2026-01-12 08:58:00,0.747914
2026-01-12 08:59:00,0.7943586
2026-01-12 09:00:00,0.8126642
2026-01-12 09:01:00,0.7973372
2026-01-12 09:02:00,0.7675752
2026-01-12 09:03:00,0.77358836
2026-01-12 09:04:00,0.791074
2026-01-12 09:05:00,0.7170774
2026-01-12 09:06:00,0.7278894
2026-01-12 09:07:00,0.7490098
2026-01-12 09:08:00,0.6483383
2026-01-12 09:09:00,0.6577638
2026-01-12 09:10:00,0.68646926
2026-01-12 09:11:00,0.708426
2026-01-12 09:12:00,0.73758554
2026-01-12 09:13:00,0.71930796
2026-01-12 09:14:00,0.67409486
2026-01-12 09:15:00,0.60220075
2026-01-12 09:16:00,0.6518319
2026-01-12 09:17:00,0.68202114
2026-01-12 09:18:00,0.72850645
2026-01-12 09:19:00,0.6956217
2026-01-12 09:20:00,0.7266205
2026-01-12 09:21:00,0.662972
2026-01-12 09:22:00,0.6298356
2026-01-12 09:23:00,0.6392614
2026-01-12 09:24:00,0.6695145
2026-01-12 09:25:00,0.7380712
2026-01-12 09:26:00,0.72447157
2026-01-12 09:27:00,0.6870234
2026-01-12 09:28:00,0.82391006
2026-01-12 09:29:00,0.768473
2026-01-12 09:30:00,0.83703506
2026-01-12 09:31:00,0.8441933
2026-01-12 09:32:00,0.86719155
2026-01-12 09:33:00,0.8360977
2026-01-12 09:34:00,0.8184833
2026-01-12 09:35:00,0.8315587
2026-01-12 09:36:00,0.79642105
2026-01-12 09:37:00,0.77353853
2026-01-12 09:38:00,0.73787475
2026-01-12 09:39:00,0.7147614
2026-01-12 09:40:00,0.71387017
2026-01-12 09:41:00,0.67865944
2026-01-12 09:42:00,0.69094604
2026-01-12 09:43:00,0.70251447
2026-01-12 09:44:00,0.69488186
2026-01-12 09:45:00,0.6621737
2026-01-12 09:46:00,0.6695924
2026-01-12 09:47:00,0.6522122
2026-01-12 09:48:00,0.65845203
2026-01-12 09:49:00,0.7064075
2026-01-12 09:50:00,0.65662384
2026-01-12 09:51:00,0.74800897
2026-01-12 09:52:00,0.74236274
2026-01-12 09:53:00,0.756655
2026-01-12 09:54:00,0.72332627
2026-01-12 09:55:00,0.76856303
2026-01-12 09:56:00,0.7595636
2026-01-12 09:57:00,0.7406372
2026-01-12 09:58:00,0.7160585
2026-01-12 09:59:00,0.7058139
2026-01-12 10:00:00,0.7239471
2026-01-12 10:01:00,0.730891
2026-01-12 10:02:00,0.7288535
2026-01-12 10:03:00,0.70019627
2026-01-12 10:04:00,0.67159986
2026-01-12 10:05:00,0.6577003
2026-01-12 10:06:00,0.68183494
2026-01-12 10:07:00,0.7121934
2026-01-12 10:08:00,0.7455891
2026-01-12 10:09:00,0.7444463
2026-01-12 10:10:00,0.758869
2026-01-12 10:11:00,0.75012964
2026-01-12 10:12:00,0.67920715
2026-01-12 10:13:00,0.6750843
2026-01-12 10:14:00,0.66498566
2026-01-12 10:15:00,0.629216
2026-01-12 10:16:00,0.6152432
2026-01-12 10:17:00,0.63055634
2026-01-12 10:18:00,0.5939791
2026-01-12 10:19:00,0.5772941
2026-01-12 10:20:00,0.65235853
2026-01-12 10:21:00,0.59546
2026-01-12 10:22:00,0.5999604
2026-01-12 10:23:00,0.5648413
2026-01-12 10:24:00,0.54918355
2026-01-12 10:25:00,0.556999
2026-01-12 10:26:00,0.5326597
2026-01-12 10:27:00,0.5727913
2026-01-12 10:28:00,0.64086413
2026-01-12 10:29:00,0.6831748
2026-01-12 10:30:00,0.72947997
2026-01-12 10:31:00,0.6759683
2026-01-12 10:32:00,0.67226505
2026-01-12 10:33:00,0.6973383
2026-01-12 10:34:00,0.7366164
2026-01-12 10:35:00,0.80809814
2026-01-12 10:36:00,0.8465478
2026-01-12 10:37:00,0.87507784
2026-01-12 10:38:00,0.97086775
2026-01-12 10:39:00,0.95756036
2026-01-12 10:40:00,0.9299598
2026-01-12 10:41:00,0.9232803
2026-01-12 10:42:00,0.8734946
2026-01-12 10:43:00,0.86705464
2026-01-12 10:44:00,0.7894052
2026-01-12 10:45:00,0.7659155
2026-01-12 10:46:00,0.7609261
2026-01-12 10:47:00,0.798988
2026-01-12 10:48:00,0.840516
2026-01-12 10:49:00,0.7957856
2026-01-12 10:50:00,0.8762715
2026-01-12 10:51:00,0.87326336
2026-01-12 10:52:00,0.8742135
2026-01-12 10:53:00,0.8022729
2026-01-12 10:54:00,0.77445364
2026-01-12 10:55:00,0.8157303
2026-01-12 10:56:00,0.81857306
2026-01-12 10:57:00,0.8187754
2026-01-12 10:58:00,0.8237979
2026-01-12 10:59:00,0.76166236
2026-01-12 11:00:00,0.7584177
2026-01-12 11:01:00,0.81568426
2026-01-12 11:02:00,0.85555655
2026-01-12 11:03:00,0.84381306
2026-01-12 11:04:00,0.9006127
2026-01-12 11:05:00,0.8400053
2026-01-12 11:06:00,0.7957889
2026-01-12 11:07:00,0.86856794
2026-01-12 11:08:00,0.8841431
2026-01-12 11:09:00,0.86384135
2026-01-12 11:10:00,0.8545492
2026-01-12 11:11:00,0.81599
2026-01-12 11:12:00,0.82388556
2026-01-12 11:13:00,0.82802194
2026-01-12 11:14:00,0.8247672
2026-01-12 11:15:00,0.77462643
2026-01-12 11:16:00,0.7855161
2026-01-12 11:17:00,0.763802
2026-01-12 11:18:00,0.7256039
2026-01-12 11:19:00,0.78060734
2026-01-12 11:20:00,0.867366
2026-01-12 11:21:00,0.9381358
2026-01-12 11:22:00,0.95157933
2026-01-12 11:23:00,0.9273538
2026-01-12 11:24:00,0.91290975
2026-01-12 11:25:00,0.9186931
2026-01-12 11:26:00,0.8910129
2026-01-12 11:27:00,0.9351421
2026-01-12 11:28:00,0.8415915
2026-01-12 11:29:00,0.8251565
2026-01-12 11:30:00,0.85393924
2026-01-12 11:31:00,0.8146006
2026-01-12 11:32:00,0.8026394
2026-01-12 11:33:00,0.82501626
2026-01-12 11:34:00,0.88261694
2026-01-12 11:35:00,0.8231497
2026-01-12 11:36:00,0.76550215
2026-01-12 11:37:00,0.72937566
2026-01-12 11:38:00,0.67250586
2026-01-12 11:39:00,0.6230582
2026-01-12 11:40:00,0.5973409
2026-01-12 11:41:00,0.66195244
2026-01-12 11:42:00,0.65959704
2026-01-12 11:43:00,0.67119235
2026-01-12 11:44:00,0.6424102
2026-01-12 11:45:00,0.67951393
2026-01-12 11:46:00,0.7633611
2026-01-12 11:47:00,0.72998697
2026-01-12 11:48:00,0.8037995
2026-01-12 11:49:00,0.8173152
2026-01-12 11:50:00,0.81586796
2026-01-12 11:51:00,0.8298869
2026-01-12 11:52:00,0.8424201
2026-01-12 11:53:00,0.9126329
2026-01-12 11:54:00,0.9237718
2026-01-12 11:55:00,0.93487316
2026-01-12 11:56:00,0.90659964
2026-01-12 11:57:00,0.9310281
2026-01-12 11:58:00,0.8816819
2026-01-12 11:59:00,0.8789334
2026-01-12 12:00:00,0.98
2026-01-12 12:01:00,0.87168896
2026-01-12 12:02:00,0.87475055
2026-01-12 12:03:00,0.8791202
2026-01-12 12:04:00,0.8631652
2026-01-12 12:05:00,0.84944236
2026-01-12 12:06:00,0.84866697
2026-01-12 12:07:00,0.83422893
2026-01-12 12:08:00,0.83991665
2026-01-12 12:09:00,0.81677663
2026-01-12 12:10:00,0.89589834
2026-01-12 12:11:00,0.87772393
2026-01-12 12:12:00,0.8938778
2026-01-12 12:13:00,0.85920227
2026-01-12 12:14:00,0.89139634
2026-01-12 12:15:00,0.91303563
2026-01-12 12:16:00,0.9203828
2026-01-12 12:17:00,0.8692852
2026-01-12 12:18:00,0.833279
2026-01-12 12:19:00,0.8977021
2026-01-12 12:20:00,0.8589907
2026-01-12 12:21:00,0.8795561
2026-01-12 12:22:00,0.83505756
2026-01-12 12:23:00,0.87224483
2026-01-12 12:24:00,0.8386691
2026-01-12 12:25:00,0.7967106
2026-01-12 12:26:00,0.7681448
2026-01-12 12:27:00,0.74820757
2026-01-12 12:28:00,0.7682055
2026-01-12 12:29:00,0.77319276
2026-01-12 12:30:00,0.7311997
2026-01-12 12:31:00,0.73525405
2026-01-12 12:32:00,0.6943611
2026-01-12 12:33:00,0.7282205
2026-01-12 12:34:00,0.76670325
2026-01-12 12:35:00,0.768071
2026-01-12 12:36:00,0.78115046
2026-01-12 12:37:00,0.8523991
2026-01-12 12:38:00,0.8415549
2026-01-12 12:39:00,0.8001076
2026-01-12 12:40:00,0.82290936
2026-01-12 12:41:00,0.7754076
2026-01-12 12:42:00,0.76858354
2026-01-12 12:43:00,0.7467621
2026-01-12 12:44:00,0.7225663
2026-01-12 12:45:00,0.718368
2026-01-12 12:46:00,0.76049685
2026-01-12 12:47:00,0.807478
2026-01-12 12:48:00,0.84351325
2026-01-12 12:49:00,0.85306215
2026-01-12 12:50:00,0.8380743
2026-01-12 12:51:00,0.7402708
2026-01-12 12:52:00,0.7593
2026-01-12 12:53:00,0.6709156
2026-01-12 12:54:00,0.6038286
2026-01-12 12:55:00,0.6125641
2026-01-12 12:56:00,0.6376375
2026-01-12 12:57:00,0.63206506
2026-01-12 12:58:00,0.706389
2026-01-12 12:59:00,0.73181534
2026-01-12 13:00:00,0.72673213
2026-01-12 13:01:00,0.7874688
2026-01-12 13:02:00,0.8504826
2026-01-12 13:03:00,0.8663365
2026-01-12 13:04:00,0.82939243
2026-01-12 13:05:00,0.8043858
2026-01-12 13:06:00,0.7455028
2026-01-12 13:07:00,0.7474848
2026-01-12 13:08:00,0.7089841
2026-01-12 13:09:00,0.7023825
2026-01-12 13:10:00,0.7198759
2026-01-12 13:11:00,0.6461768
2026-01-12 13:12:00,0.6071512
2026-01-12 13:13:00,0.6015017
2026-01-12 13:14:00,0.6144548
2026-01-12 13:15:00,0.60869443
2026-01-12 13:16:00,0.6123066
2026-01-12 13:17:00,0.59817934
2026-01-12 13:18:00,0.5554295
2026-01-12 13:19:00,0.5526609
2026-01-12 13:20:00,0.56295174
2026-01-12 13:21:00,0.56850475
2026-01-12 13:22:00,0.59047467
2026-01-12 13:23:00,0.6229441
2026-01-12 13:24:00,0.66330194
2026-01-12 13:25:00,0.6477923
2026-01-12 13:26:00,0.59580517
2026-01-12 13:27:00,0.66184396
2026-01-12 13:28:00,0.6871242
2026-01-12 13:29:00,0.65674776
2026-01-12 13:30:00,0.6780658
2026-01-12 13:31:00,0.72925895
2026-01-12 13:32:00,0.8027726
2026-01-12 13:33:00,0.8112304
2026-01-12 13:34:00,0.8513416
2026-01-12 13:35:00,0.79744
2026-01-12 13:36:00,0.79476494
2026-01-12 13:37:00,0.78030545
2026-01-12 13:38:00,0.79407144
2026-01-12 13:39:00,0.8574461
2026-01-12 13:40:00,0.8612629
2026-01-12 13:41:00,0.81723505
2026-01-12 13:42:00,0.7636629
2026-01-12 13:43:00,0.8307081
2026-01-12 13:44:00,0.8470725
2026-01-12 13:45:00,0.859461
2026-01-12 13:46:00,0.83914727
2026-01-12 13:47:00,0.844883
2026-01-12 13:48:00,0.7999273
2026-01-12 13:49:00,0.813494
2026-01-12 13:50:00,0.7634519
2026-01-12 13:51:00,0.74999493
2026-01-12 13:52:00,0.72622854
2026-01-12 13:53:00,0.599742
2026-01-12 13:54:00,0.5997554
2026-01-12 13:55:00,0.57764035
2026-01-12 13:56:00,0.5847896
2026-01-12 13:57:00,0.59980685
2026-01-12 13:58:00,0.68422604
2026-01-12 13:59:00,0.7033172
2026-01-12 14:00:00,0.72201115
2026-01-12 14:01:00,0.74562293
2026-01-12 14:02:00,0.78234637
2026-01-12 14:03:00,0.7993831
2026-01-12 14:04:00,0.808106
2026-01-12 14:05:00,0.83326364
2026-01-12 14:06:00,0.73084414
2026-01-12 14:07:00,0.8171958
2026-01-12 14:08:00,0.8766161
2026-01-12 14:09:00,0.8763281
2026-01-12 14:10:00,0.8108061
2026-01-12 14:11:00,0.8554081
2026-01-12 14:12:00,0.8202204
2026-01-12 14:13:00,0.8369034
2026-01-12 14:14:00,0.7795283
2026-01-12 14:15:00,0.8670617
2026-01-12 14:16:00,0.80079275
2026-01-12 14:17:00,0.80021834
2026-01-12 14:18:00,0.71198726
2026-01-12 14:19:00,0.713997
2026-01-12 14:20:00,0.7004267
2026-01-12 14:21:00,0.75038344
2026-01-12 14:22:00,0.7337833
2026-01-12 14:23:00,0.78101295
2026-01-12 14:24:00,0.73789555
2026-01-12 14:25:00,0.72785443
2026-01-12 14:26:00,0.7193586
2026-01-12 14:27:00,0.741782
2026-01-12 14:28:00,0.7572619
2026-01-12 14:29:00,0.78559583
2026-01-12 14:30:00,0.79338515
2026-01-12 14:31:00,0.816268
2026-01-12 14:32:00,0.77488995
2026-01-12 14:33:00,0.7882249
2026-01-12 14:34:00,0.849205
2026-01-12 14:35:00,0.773714
2026-01-12 14:36:00,0.790957
2026-01-12 14:37:00,0.8142655
2026-01-12 14:38:00,0.86701924
2026-01-12 14:39:00,0.8860801
2026-01-12 14:40:00,0.87851936
2026-01-12 14:41:00,0.88468575
2026-01-12 14:42:00,0.84368587
2026-01-12 14:43:00,0.8197797
2026-01-12 14:44:00,0.75980693
2026-01-12 14:45:00,0.81747115
2026-01-12 14:46:00,0.8289767
2026-01-12 14:47:00,0.7848397
2026-01-12 14:48:00,0.7916607
2026-01-12 14:49:00,0.8333834
2026-01-12 14:50:00,0.8650332
2026-01-12 14:51:00,0.81726044
2026-01-12 14:52:00,0.6849876
2026-01-12 14:53:00,0.7043911
2026-01-12 14:54:00,0.67087716
2026-01-12 14:55:00,0.70033675
2026-01-12 14:56:00,0.74048126
2026-01-12 14:57:00,0.7838722
2026-01-12 14:58:00,0.848959
2026-01-12 14:59:00,0.88842595
2026-01-12 15:00:00,0.94518507
2026-01-12 15:01:00,0.98
2026-01-12 15:02:00,0.98
2026-01-12 15:03:00,0.98
2026-01-12 15:04:00,0.92099804
2026-01-12 15:05:00,0.98
2026-01-12 15:06:00,0.98
2026-01-12 15:07:00,0.98
2026-01-12 15:08:00,0.9656603
2026-01-12 15:09:00,0.98
2026-01-12 15:10:00,0.86460406
2026-01-12 15:11:00,0.83597505
2026-01-12 15:12:00,0.8220332
2026-01-12 15:13:00,0.83156264
2026-01-12 15:14:00,0.8646208
2026-01-12 15:15:00,0.8083017
2026-01-12 15:16:00,0.82656604
2026-01-12 15:17:00,0.8659502
2026-01-12 15:18:00,0.9468659
2026-01-12 15:19:00,0.95564896
2026-01-12 15:20:00,0.9169955
2026-01-12 15:21:00,0.8488549
2026-01-12 15:22:00,0.9101147
2026-01-12 15:23:00,0.9227092
2026-01-12 15:24:00,0.9038329
2026-01-12 15:25:00,0.82246196
2026-01-12 15:26:00,0.77505445
2026-01-12 15:27:00,0.7938476
2026-01-12 15:28:00,0.7999453
2026-01-12 15:29:00,0.7134555
2026-01-12 15:30:00,0.7369491
2026-01-12 15:31:00,0.6704272
2026-01-12 15:32:00,0.7260303
2026-01-12 15:33:00,0.7312719
2026-01-12 15:34:00,0.7091196
2026-01-12 15:35:00,0.74678653
2026-01-12 15:36:00,0.7558773
2026-01-12 15:37:00,0.803001
2026-01-12 15:38:00,0.7964792
2026-01-12 15:39:00,0.792715
2026-01-12 15:40:00,0.77219063
2026-01-12 15:41:00,0.775138
2026-01-12 15:42:00,0.8351496
2026-01-12 15:43:00,0.8022317
2026-01-12 15:44:00,0.8178757
2026-01-12 15:45:00,0.77103144
2026-01-12 15:46:00,0.68038183
2026-01-12 15:47:00,0.6878501
2026-01-12 15:48:00,0.7011366
2026-01-12 15:49:00,0.6940392
2026-01-12 15:50:00,0.63196915
2026-01-12 15:51:00,0.64677256
2026-01-12 15:52:00,0.6587681
2026-01-12 15:53:00,0.62349576
2026-01-12 15:54:00,0.5723518
2026-01-12 15:55:00,0.5692381
2026-01-12 15:56:00,0.6024804
2026-01-12 15:57:00,0.623506
2026-01-12 15:58:00,0.5908432
2026-01-12 15:59:00,0.60139674
2026-01-12 16:00:00,0.6410064
2026-01-12 16:01:00,0.59494764
2026-01-12 16:02:00,0.6018979
2026-01-12 16:03:00,0.6592427
2026-01-12 16:04:00,0.6073077
2026-01-12 16:05:00,0.65663606
2026-01-12 16:06:00,0.72045445
2026-01-12 16:07:00,0.7054011
2026-01-12 16:08:00,0.6866089
2026-01-12 16:09:00,0.7242528
2026-01-12 16:10:00,0.7100044
2026-01-12 16:11:00,0.6101038
2026-01-12 16:12:00,0.6082559
2026-01-12 16:13:00,0.62921077
2026-01-12 16:14:00,0.65916306
2026-01-12 16:15:00,0.6217768
2026-01-12 16:16:00,0.6117004
2026-01-12 16:17:00,0.65218383
2026-01-12 16:18:00,0.64783746
2026-01-12 16:19:00,0.5849738
2026-01-12 16:20:00,0.63767856
2026-01-12 16:21:00,0.6279809
2026-01-12 16:22:00,0.67115575
2026-01-12 16:23:00,0.6112928
2026-01-12 16:24:00,0.60708046
2026-01-12 16:25:00,0.6283164
2026-01-12 16:26:00,0.62386036
2026-01-12 16:27:00,0.57580805
2026-01-12 16:28:00,0.48332942
2026-01-12 16:29:00,0.5545328
2026-01-12 16:30:00,0.56891155
2026-01-12 16:31:00,0.6187709
2026-01-12 16:32:00,0.65499616
2026-01-12 16:33:00,0.67493016
2026-01-12 16:34:00,0.6564214
2026-01-12 16:35:00,0.6717166
2026-01-12 16:36:00,0.7233776
2026-01-12 16:37:00,0.7168031
2026-01-12 16:38:00,0.78338015
2026-01-12 16:39:00,0.70846385
2026-01-12 16:40:00,0.63511884
2026-01-12 16:41:00,0.67131793
2026-01-12 16:42:00,0.63222516
2026-01-12 16:43:00,0.7106195
2026-01-12 16:44:00,0.75437874
2026-01-12 16:45:00,0.8045224
2026-01-12 16:46:00,0.8224048
2026-01-12 16:47:00,0.76649123
2026-01-12 16:48:00,0.6854155
2026-01-12 16:49:00,0.7368861
2026-01-12 16:50:00,0.6643191
2026-01-12 16:51:00,0.7208099
2026-01-12 16:52:00,0.88964975
2026-01-12 16:53:00,0.84605587
2026-01-12 16:54:00,0.8293199
2026-01-12 16:55:00,0.816993
2026-01-12 16:56:00,0.78067636
2026-01-12 16:57:00,0.81378615
2026-01-12 16:58:00,0.8439984
2026-01-12 16:59:00,0.8232613
2026-01-12 17:00:00,0.77466965
2026-01-12 17:01:00,0.8067644
2026-01-12 17:02:00,0.70358783
2026-01-12 17:03:00,0.70765835
2026-01-12 17:04:00,0.7234817
2026-01-12 17:05:00,0.6755048
2026-01-12 17:06:00,0.7035779
2026-01-12 17:07:00,0.68947834
2026-01-12 17:08:00,0.65577644
2026-01-12 17:09:00,0.68513876
2026-01-12 17:10:00,0.63018125
2026-01-12 17:11:00,0.6577801
2026-01-12 17:12:00,0.5690568
2026-01-12 17:13:00,0.57808656
2026-01-12 17:14:00,0.5766411
2026-01-12 17:15:00,0.5518816
2026-01-12 17:16:00,0.5661799
2026-01-12 17:17:00,0.5604641
2026-01-12 17:18:00,0.60046846
2026-01-12 17:19:00,0.61737865
2026-01-12 17:20:00,0.62852204
2026-01-12 17:21:00,0.6322219
2026-01-12 17:22:00,0.60494345
2026-01-12 17:23:00,0.5865385
2026-01-12 17:24:00,0.5914818
2026-01-12 17:25:00,0.5790403
2026-01-12 17:26:00,0.618859
2026-01-12 17:27:00,0.61464363
2026-01-12 17:28:00,0.6219368
2026-01-12 17:29:00,0.5573704
2026-01-12 17:30:00,0.59167534
2026-01-12 17:31:00,0.5621286
2026-01-12 17:32:00,0.51635486
2026-01-12 17:33:00,0.5816648
2026-01-12 17:34:00,0.6036752
2026-01-12 17:35:00,0.6349713
2026-01-12 17:36:00,0.64272714
2026-01-12 17:37:00,0.62782377
2026-01-12 17:38:00,0.6065216
2026-01-12 17:39:00,0.62913907
2026-01-12 17:40:00,0.66395026
2026-01-12 17:41:00,0.6478151
2026-01-12 17:42:00,0.7184664
2026-01-12 17:43:00,0.69253767
2026-01-12 17:44:00,0.620682
2026-01-12 17:45:00,0.54134065
2026-01-12 17:46:00,0.4695628
2026-01-12 17:47:00,0.45435202
2026-01-12 17:48:00,0.44749612
2026-01-12 17:49:00,0.47763962
2026-01-12 17:50:00,0.47678956
2026-01-12 17:51:00,0.51075286
2026-01-12 17:52:00,0.5099262
2026-01-12 17:53:00,0.507777
2026-01-12 17:54:00,0.48202446
2026-01-12 17:55:00,0.5382025
2026-01-12 17:56:00,0.4715896
2026-01-12 17:57:00,0.48348376
2026-01-12 17:58:00,0.47497424
2026-01-12 17:59:00,0.505548
2026-01-12 18:00:00,0.5014388
2026-01-12 18:01:00,0.49870366
2026-01-12 18:02:00,0.4850424
2026-01-12 18:03:00,0.53873634
2026-01-12 18:04:00,0.5323673
2026-01-12 18:05:00,0.6050641
2026-01-12 18:06:00,0.6039157
2026-01-12 18:07:00,0.5927063
2026-01-12 18:08:00,0.575577
2026-01-12 18:09:00,0.5880678
2026-01-12 18:10:00,0.5533207
2026-01-12 18:11:00,0.55058575
2026-01-12 18:12:00,0.5424325
2026-01-12 18:13:00,0.5474831
2026-01-12 18:14:00,0.55298823
2026-01-12 18:15:00,0.5599989
2026-01-12 18:16:00,0.5540326
2026-01-12 18:17:00,0.60737276
2026-01-12 18:18:00,0.61045843
2026-01-12 18:19:00,0.70050174
2026-01-12 18:20:00,0.68096405
2026-01-12 18:21:00,0.69922
2026-01-12 18:22:00,0.6484851
2026-01-12 18:23:00,0.98
2026-01-12 18:24:00,0.92021567
2026-01-12 18:25:00,0.8704241
2026-01-12 18:26:00,0.80075914
2026-01-12 18:27:00,0.7693647
2026-01-12 18:28:00,0.71629906
2026-01-12 18:29:00,0.6479742
2026-01-12 18:30:00,0.6079909
2026-01-12 18:31:00,0.64548856
2026-01-12 18:32:00,0.63843036
2026-01-12 18:33:00,0.5628296
2026-01-12 18:34:00,0.5895561
2026-01-12 18:35:00,0.5353914
2026-01-12 18:36:00,0.5515244
2026-01-12 18:37:00,0.5592029
2026-01-12 18:38:00,0.5691338
2026-01-12 18:39:00,0.62800187
2026-01-12 18:40:00,0.5750745
2026-01-12 18:41:00,0.5840894
2026-01-12 18:42:00,0.61841893
2026-01-12 18:43:00,0.573931
2026-01-12 18:44:00,0.52892053
2026-01-12 18:45:00,0.505843
2026-01-12 18:46:00,0.5090569
2026-01-12 18:47:00,0.44255692
2026-01-12 18:48:00,0.4597895
2026-01-12 18:49:00,0.39717805
2026-01-12 18:50:00,0.447561
2026-01-12 18:51:00,0.46264
2026-01-12 18:52:00,0.53239065
2026-01-12 18:53:00,0.546685
2026-01-12 18:54:00,0.520788
2026-01-12 18:55:00,0.47709683
2026-01-12 18:56:00,0.4782917
2026-01-12 18:57:00,0.46851122
2026-01-12 18:58:00,0.508053
2026-01-12 18:59:00,0.459724
2026-01-12 19:00:00,0.533124
2026-01-12 19:01:00,0.5706881
2026-01-12 19:02:00,0.5459955
2026-01-12 19:03:00,0.603212
2026-01-12 19:04:00,0.552493
2026-01-12 19:05:00,0.54525965
2026-01-12 19:06:00,0.47920194
2026-01-12 19:07:00,0.54322976
2026-01-12 19:08:00,0.4622565
2026-01-12 19:09:00,0.3959183
2026-01-12 19:10:00,0.36699587
2026-01-12 19:11:00,0.4185484
2026-01-12 19:12:00,0.45115748
2026-01-12 19:13:00,0.44772613
2026-01-12 19:14:00,0.48032466
2026-01-12 19:15:00,0.46482226
2026-01-12 19:16:00,0.4719546
2026-01-12 19:17:00,0.52756935
2026-01-12 19:18:00,0.5026825
2026-01-12 19:19:00,0.45887813
2026-01-12 19:20:00,0.46792987
2026-01-12 19:21:00,0.48693585
2026-01-12 19:22:00,0.47911093
2026-01-12 19:23:00,0.5075122
2026-01-12 19:24:00,0.48533908
2026-01-12 19:25:00,0.47797558
2026-01-12 19:26:00,0.4809662
2026-01-12 19:27:00,0.4801133
2026-01-12 19:28:00,0.5322496
2026-01-12 19:29:00,0.5303514
2026-01-12 19:30:00,0.501552
2026-01-12 19:31:00,0.5082175
2026-01-12 19:32:00,0.5334705
2026-01-12 19:33:00,0.54720503
2026-01-12 19:34:00,0.55751044
2026-01-12 19:35:00,0.4782041
2026-01-12 19:36:00,0.36535123
2026-01-12 19:37:00,0.4121255
2026-01-12 19:38:00,0.4215897
2026-01-12 19:39:00,0.4117679
2026-01-12 19:40:00,0.43125638
2026-01-12 19:41:00,0.49839497
2026-01-12 19:42:00,0.53950095
2026-01-12 19:43:00,0.5591561
2026-01-12 19:44:00,0.50317144
2026-01-12 19:45:00,0.45675373
2026-01-12 19:46:00,0.3487561
2026-01-12 19:47:00,0.37008658
2026-01-12 19:48:00,0.40860713
2026-01-12 19:49:00,0.44720045
2026-01-12 19:50:00,0.46200916
2026-01-12 19:51:00,0.44234645
2026-01-12 19:52:00,0.40774187
2026-01-12 19:53:00,0.36535612
2026-01-12 19:54:00,0.3527332
2026-01-12 19:55:00,0.30843878
2026-01-12 19:56:00,0.3769343
2026-01-12 19:57:00,0.3175127
2026-01-12 19:58:00,0.30695352
2026-01-12 19:59:00,0.22756885
2026-01-12 20:00:00,0.24374267
2026-01-12 20:01:00,0.24656226
2026-01-12 20:02:00,0.2348776
2026-01-12 20:03:00,0.20098603
2026-01-12 20:04:00,0.20711404
2026-01-12 20:05:00,0.19077376
2026-01-12 20:06:00,0.19194369
2026-01-12 20:07:00,0.27669165
2026-01-12 20:08:00,0.28314975
2026-01-12 20:09:00,0.30341938
2026-01-12 20:10:00,0.2820751
2026-01-12 20:11:00,0.24954093
2026-01-12 20:12:00,0.24997042
2026-01-12 20:13:00,0.35134315
2026-01-12 20:14:00,0.3328546
2026-01-12 20:15:00,0.34170282
2026-01-12 20:16:00,0.3021533
2026-01-12 20:17:00,0.18859676
2026-01-12 20:18:00,0.16264676
2026-01-12 20:19:00,0.26549923
2026-01-12 20:20:00,0.288616
2026-01-12 20:21:00,0.3516105
2026-01-12 20:22:00,0.32992572
2026-01-12 20:23:00,0.22951797
2026-01-12 20:24:00,0.18697472
2026-01-12 20:25:00,0.20797175
2026-01-12 20:26:00,0.2208205
2026-01-12 20:27:00,0.22262818
2026-01-12 20:28:00,0.20340702
2026-01-12 20:29:00,0.24443138
2026-01-12 20:30:00,0.22444096
2026-01-12 20:31:00,0.23832646
2026-01-12 20:32:00,0.24651213
2026-01-12 20:33:00,0.23140073
2026-01-12 20:34:00,0.19689797
2026-01-12 20:35:00,0.18322597
2026-01-12 20:36:00,0.2625982
2026-01-12 20:37:00,0.30508646
2026-01-12 20:38:00,0.34040657
2026-01-12 20:39:00,0.30054072
2026-01-12 20:40:00,0.23772924
2026-01-12 20:41:00,0.28122464
2026-01-12 20:42:00,0.3134864
2026-01-12 20:43:00,0.47986695
2026-01-12 20:44:00,0.42830804
2026-01-12 20:45:00,0.34006882
2026-01-12 20:46:00,0.3545315
2026-01-12 20:47:00,0.382531
2026-01-12 20:48:00,0.33526146
2026-01-12 20:49:00,0.28971446
2026-01-12 20:50:00,0.32899407
2026-01-12 20:51:00,0.29064992
2026-01-12 20:52:00,0.35288143
2026-01-12 20:53:00,0.3351463
2026-01-12 20:54:00,0.30815542
2026-01-12 20:55:00,0.30092597
2026-01-12 20:56:00,0.27726653
2026-01-12 20:57:00,0.31621414
2026-01-12 20:58:00,0.3425807
2026-01-12 20:59:00,0.37503996
2026-01-12 21:00:00,0.36883593
2026-01-12 21:01:00,0.33754298
2026-01-12 21:02:00,0.32667258
2026-01-12 21:03:00,0.30001587
2026-01-12 21:04:00,0.35117802
2026-01-12 21:05:00,0.37965685
2026-01-12 21:06:00,0.36207828
2026-01-12 21:07:00,0.31247267
2026-01-12 21:08:00,0.36548653
2026-01-12 21:09:00,0.3580462
2026-01-12 21:10:00,0.34047607
2026-01-12 21:11:00,0.39145002
2026-01-12 21:12:00,0.35590503
2026-01-12 21:13:00,0.3307854
2026-01-12 21:14:00,0.31114137
2026-01-12 21:15:00,0.24957447
2026-01-12 21:16:00,0.2581622
2026-01-12 21:17:00,0.22287609
2026-01-12 21:18:00,0.19801368
2026-01-12 21:19:00,0.16972731
2026-01-12 21:20:00,0.14833388
2026-01-12 21:21:00,0.98
2026-01-12 21:22:00,0.85633886
2026-01-12 21:23:00,0.72489387
2026-01-12 21:24:00,0.62503797
2026-01-12 21:25:00,0.6359926
2026-01-12 21:26:00,0.5543701
2026-01-12 21:27:00,0.5167986
2026-01-12 21:28:00,0.49259645
2026-01-12 21:29:00,0.44382071
2026-01-12 21:30:00,0.416301
2026-01-12 21:31:00,0.3840359
2026-01-12 21:32:00,0.36422083
2026-01-12 21:33:00,0.31654468
2026-01-12 21:34:00,0.27809998
2026-01-12 21:35:00,0.26458022
2026-01-12 21:36:00,0.17372991
2026-01-12 21:37:00,0.22979183
2026-01-12 21:38:00,0.30870855
2026-01-12 21:39:00,0.3022951
2026-01-12 21:40:00,0.31668413
2026-01-12 21:41:00,0.34693304
2026-01-12 21:42:00,0.27884066
2026-01-12 21:43:00,0.30655605
2026-01-12 21:44:00,0.2780545
2026-01-12 21:45:00,0.36066496
2026-01-12 21:46:00,0.33761674
2026-01-12 21:47:00,0.3603503
2026-01-12 21:48:00,0.33785772
2026-01-12 21:49:00,0.4122056
2026-01-12 21:50:00,0.37226483
2026-01-12 21:51:00,0.4026248
2026-01-12 21:52:00,0.40901688
2026-01-12 21:53:00,0.40599164
2026-01-12 21:54:00,0.39617816
2026-01-12 21:55:00,0.35128513
2026-01-12 21:56:00,0.23319347
2026-01-12 21:57:00,0.27093512
2026-01-12 21:58:00,0.24309331
2026-01-12 21:59:00,0.28377926
2026-01-12 22:00:00,0.28845528
2026-01-12 22:01:00,0.5132918
2026-01-12 22:02:00,0.49886957
2026-01-12 22:03:00,0.3582548
2026-01-12 22:04:00,0.35478473
2026-01-12 22:05:00,0.31546512
2026-01-12 22:06:00,0.34144738
2026-01-12 22:07:00,0.34387428
2026-01-12 22:08:00,0.3477794
2026-01-12 22:09:00,0.31734145
2026-01-12 22:10:00,0.2645181
2026-01-12 22:11:00,0.23575297
2026-01-12 22:12:00,0.15512905
2026-01-12 22:13:00,0.12975608
2026-01-12 22:14:00,0.07179664
2026-01-12 22:15:00,0.05
2026-01-12 22:16:00,0.05
2026-01-12 22:17:00,0.06459405
2026-01-12 22:18:00,0.06992139
2026-01-12 22:19:00,0.05624253
2026-01-12 22:20:00,0.05
2026-01-12 22:21:00,0.05
2026-01-12 22:22:00,0.05
2026-01-12 22:23:00,0.05
2026-01-12 22:24:00,0.05
2026-01-12 22:25:00,0.05
2026-01-12 22:26:00,0.05
2026-01-12 22:27:00,0.05
2026-01-12 22:28:00,0.06630264
2026-01-12 22:29:00,0.086148925
2026-01-12 22:30:00,0.12323767
2026-01-12 22:31:00,0.05
2026-01-12 22:32:00,0.05
2026-01-12 22:33:00,0.08508645
2026-01-12 22:34:00,0.11056449
2026-01-12 22:35:00,0.18754576
2026-01-12 22:36:00,0.2525767
2026-01-12 22:37:00,0.2561847
2026-01-12 22:38:00,0.237412
2026-01-12 22:39:00,0.19185334
2026-01-12 22:40:00,0.16921516
2026-01-12 22:41:00,0.1510611
2026-01-12 22:42:00,0.12693
2026-01-12 22:43:00,0.09169672
2026-01-12 22:44:00,0.11204977
2026-01-12 22:45:00,0.18254845
2026-01-12 22:46:00,0.21684355
2026-01-12 22:47:00,0.19813989
2026-01-12 22:48:00,0.23436275
2026-01-12 22:49:00,0.24096526
2026-01-12 22:50:00,0.23151833
2026-01-12 22:51:00,0.22030374
2026-01-12 22:52:00,0.20608735
2026-01-12 22:53:00,0.2270226
2026-01-12 22:54:00,0.22580168
2026-01-12 22:55:00,0.1899296
2026-01-12 22:56:00,0.1549654
2026-01-12 22:57:00,0.16608427
2026-01-12 22:58:00,0.18119961
2026-01-12 22:59:00,0.16541088
2026-01-12 23:00:00,0.11810723
2026-01-12 23:01:00,0.950317
2026-01-12 23:02:00,0.84895706
2026-01-12 23:03:00,0.64869255
2026-01-12 23:04:00,0.60902536
2026-01-12 23:05:00,0.52001387
2026-01-12 23:06:00,0.46180668
2026-01-12 23:07:00,0.45251665
2026-01-12 23:08:00,0.4697307
2026-01-12 23:09:00,0.46383193
2026-01-12 23:10:00,0.43141457
2026-01-12 23:11:00,0.33977678
2026-01-12 23:12:00,0.23178288
2026-01-12 23:13:00,0.25051722
2026-01-12 23:14:00,0.2878736
2026-01-12 23:15:00,0.23725584
2026-01-12 23:16:00,0.21353017
2026-01-12 23:17:00,0.18105997
2026-01-12 23:18:00,0.15082215
2026-01-12 23:19:00,0.18992949
2026-01-12 23:20:00,0.19211113
2026-01-12 23:21:00,0.17659639
2026-01-12 23:22:00,0.2781003
2026-01-12 23:23:00,0.20805798
2026-01-12 23:24:00,0.22311667
2026-01-12 23:25:00,0.17326063
2026-01-12 23:26:00,0.16318858
2026-01-12 23:27:00,0.16627322
2026-01-12 23:28:00,0.19703607
2026-01-12 23:29:00,0.18117622
2026-01-12 23:30:00,0.16240975
2026-01-12 23:31:00,0.1487029
2026-01-12 23:32:00,0.1040923
2026-01-12 23:33:00,0.13156782
2026-01-12 23:34:00,0.14282691
2026-01-12 23:35:00,0.15935428
2026-01-12 23:36:00,0.1543826
2026-01-12 23:37:00,0.27685365
2026-01-12 23:38:00,0.29910496
2026-01-12 23:39:00,0.3158028
2026-01-12 23:40:00,0.3488355
2026-01-12 23:41:00,0.33913547
2026-01-12 23:42:00,0.37072396
2026-01-12 23:43:00,0.33010876
2026-01-12 23:44:00,0.30223146
2026-01-12 23:45:00,0.333143
2026-01-12 23:46:00,0.34810477
2026-01-12 23:47:00,0.3169984
2026-01-12 23:48:00,0.25854445
2026-01-12 23:49:00,0.23878317
2026-01-12 23:50:00,0.20163257
2026-01-12 23:51:00,0.26404685
2026-01-12 23:52:00,0.28306806
2026-01-12 23:53:00,0.23967545
2026-01-12 23:54:00,0.18871166
2026-01-12 23:55:00,0.15259069
2026-01-12 23:56:00,0.12821996
2026-01-12 23:57:00,0.1215506
2026-01-12 23:58:00,0.16671968
2026-01-12 23:59:00,0.1250782
2026-01-13 00:00:00,0.16907142
2026-01-13 00:01:00,0.12444574
2026-01-13 00:02:00,0.064788096
2026-01-13 00:03:00,0.13382079
2026-01-13 00:04:00,0.18266907
2026-01-13 00:05:00,0.16748272
2026-01-13 00:06:00,0.17607367
2026-01-13 00:07:00,0.18500015
2026-01-13 00:08:00,0.18243016
2026-01-13 00:09:00,0.12274886
2026-01-13 00:10:00,0.05
2026-01-13 00:11:00,0.09836441
2026-01-13 00:12:00,0.15928501
2026-01-13 00:13:00,0.21882874
2026-01-13 00:14:00,0.19049981
2026-01-13 00:15:00,0.13788967
2026-01-13 00:16:00,0.13999702
2026-01-13 00:17:00,0.14924505
2026-01-13 00:18:00,0.1649415
2026-01-13 00:19:00,0.05486308
2026-01-13 00:20:00,0.1814682
2026-01-13 00:21:00,0.21733356
2026-01-13 00:22:00,0.19744559
2026-01-13 00:23:00,0.1585958
2026-01-13 00:24:00,0.19130972
2026-01-13 00:25:00,0.20191576
2026-01-13 00:26:00,0.19569732
2026-01-13 00:27:00,0.20475177
2026-01-13 00:28:00,0.19034636
2026-01-13 00:29:00,0.19776593
2026-01-13 00:30:00,0.21764697
2026-01-13 00:31:00,0.22067913
2026-01-13 00:32:00,0.22142681
2026-01-13 00:33:00,0.2662384
2026-01-13 00:34:00,0.1879062
2026-01-13 00:35:00,0.14784431
2026-01-13 00:36:00,0.14399564
2026-01-13 00:37:00,0.1102249
2026-01-13 00:38:00,0.092533655
2026-01-13 00:39:00,0.1436309
2026-01-13 00:40:00,0.13319235
2026-01-13 00:41:00,0.056398332
2026-01-13 00:42:00,0.05
2026-01-13 00:43:00,0.05
2026-01-13 00:44:00,0.052856255
2026-01-13 00:45:00,0.07796633
2026-01-13 00:46:00,0.097817145
2026-01-13 00:47:00,0.09156652
2026-01-13 00:48:00,0.05
2026-01-13 00:49:00,0.05
2026-01-13 00:50:00,0.05
2026-01-13 00:51:00,0.05
2026-01-13 00:52:00,0.05
2026-01-13 00:53:00,0.059324462
2026-01-13 00:54:00,0.09477108
2026-01-13 00:55:00,0.07907357
2026-01-13 00:56:00,0.14034493
2026-01-13 00:57:00,0.16330916
2026-01-13 00:58:00,0.16202769
2026-01-13 00:59:00,0.18050902
2026-01-13 01:00:00,0.14636353
2026-01-13 01:01:00,0.05764608
2026-01-13 01:02:00,0.05
2026-01-13 01:03:00,0.07050769
2026-01-13 01:04:00,0.075467154
2026-01-13 01:05:00,0.0713648
2026-01-13 01:06:00,0.05
2026-01-13 01:07:00,0.05
2026-01-13 01:08:00,0.05
2026-01-13 01:09:00,0.05
2026-01-13 01:10:00,0.05
2026-01-13 01:11:00,0.05
2026-01-13 01:12:00,0.05432828
2026-01-13 01:13:00,0.09278755
2026-01-13 01:14:00,0.054245308
2026-01-13 01:15:00,0.104076795
2026-01-13 01:16:00,0.0975565
2026-01-13 01:17:00,0.07295845
2026-01-13 01:18:00,0.063025124
2026-01-13 01:19:00,0.05
2026-01-13 01:20:00,0.05
2026-01-13 01:21:00,0.05
2026-01-13 01:22:00,0.05
2026-01-13 01:23:00,0.053657696
2026-01-13 01:24:00,0.06862414
2026-01-13 01:25:00,0.092867576
2026-01-13 01:26:00,0.05
2026-01-13 01:27:00,0.05
2026-01-13 01:28:00,0.05
2026-01-13 01:29:00,0.05
2026-01-13 01:30:00,0.05
2026-01-13 01:31:00,0.05
2026-01-13 01:32:00,0.05
2026-01-13 01:33:00,0.05
2026-01-13 01:34:00,0.07308476
2026-01-13 01:35:00,0.05
2026-01-13 01:36:00,0.05
2026-01-13 01:37:00,0.12060383
2026-01-13 01:38:00,0.23092279
2026-01-13 01:39:00,0.2395628
2026-01-13 01:40:00,0.17395614
2026-01-13 01:41:00,0.18558653
2026-01-13 01:42:00,0.24276552
2026-01-13 01:43:00,0.22407033
2026-01-13 01:44:00,0.25610384
2026-01-13 01:45:00,0.21029165
2026-01-13 01:46:00,0.21664833
2026-01-13 01:47:00,0.108045004
2026-01-13 01:48:00,0.069725774
2026-01-13 01:49:00,0.07226694
2026-01-13 01:50:00,0.06034185
2026-01-13 01:51:00,0.05
2026-01-13 01:52:00,0.05
2026-01-13 01:53:00,0.05
2026-01-13 01:54:00,0.05
2026-01-13 01:55:00,0.05
2026-01-13 01:56:00,0.06863624
2026-01-13 01:57:00,0.05800057
2026-01-13 01:58:00,0.116337515
2026-01-13 01:59:00,0.0760979
2026-01-13 02:00:00,0.15579696
2026-01-13 02:01:00,0.1965503
2026-01-13 02:02:00,0.1753109
2026-01-13 02:03:00,0.15846698
2026-01-13 02:04:00,0.16284214
2026-01-13 02:05:00,0.1825743
2026-01-13 02:06:00,0.22059277
2026-01-13 02:07:00,0.15819418
2026-01-13 02:08:00,0.17193906
2026-01-13 02:09:00,0.082456484
2026-01-13 02:10:00,0.07773168
2026-01-13 02:11:00,0.1386642
2026-01-13 02:12:00,0.07989229
2026-01-13 02:13:00,0.05
2026-01-13 02:14:00,0.05
2026-01-13 02:15:00,0.09683659
2026-01-13 02:16:00,0.111257225
2026-01-13 02:17:00,0.05
2026-01-13 02:18:00,0.05
2026-01-13 02:19:00,0.05
2026-01-13 02:20:00,0.05
2026-01-13 02:21:00,0.05
2026-01-13 02:22:00,0.05
2026-01-13 02:23:00,0.05
2026-01-13 02:24:00,0.06468564
2026-01-13 02:25:00,0.09257696
2026-01-13 02:26:00,0.14311579
2026-01-13 02:27:00,0.17800523
2026-01-13 02:28:00,0.16731156
2026-01-13 02:29:00,0.15573293
2026-01-13 02:30:00,0.14098835
2026-01-13 02:31:00,0.1666071
2026-01-13 02:32:00,0.13695273
2026-01-13 02:33:00,0.20472191
2026-01-13 02:34:00,0.16826895
2026-01-13 02:35:00,0.17318167
2026-01-13 02:36:00,0.159995
2026-01-13 02:37:00,0.13903086
2026-01-13 02:38:00,0.22470573
2026-01-13 02:39:00,0.19910702
2026-01-13 02:40:00,0.18096621
2026-01-13 02:41:00,0.16605313
2026-01-13 02:42:00,0.16284944
2026-01-13 02:43:00,0.15453552
2026-01-13 02:44:00,0.10644418
2026-01-13 02:45:00,0.09022819
2026-01-13 02:46:00,0.11686955
2026-01-13 02:47:00,0.15824081
2026-01-13 02:48:00,0.15632874
2026-01-13 02:49:00,0.15609603
2026-01-13 02:50:00,0.13919331
2026-01-13 02:51:00,0.11808308
2026-01-13 02:52:00,0.08206408
2026-01-13 02:53:00,0.05
2026-01-13 02:54:00,0.05
2026-01-13 02:55:00,0.050182745
2026-01-13 02:56:00,0.05
2026-01-13 02:57:00,0.05
2026-01-13 02:58:00,0.05
2026-01-13 02:59:00,0.08486148
2026-01-13 03:00:00,0.051643413
2026-01-13 03:01:00,0.06934916
2026-01-13 03:02:00,0.07186535
2026-01-13 03:03:00,0.079682626
2026-01-13 03:04:00,0.09397733
2026-01-13 03:05:00,0.099686295
2026-01-13 03:06:00,0.13441761
2026-01-13 03:07:00,0.13352369
2026-01-13 03:08:00,0.2036908
2026-01-13 03:09:00,0.2002927
2026-01-13 03:10:00,0.12729247
2026-01-13 03:11:00,0.1538472
2026-01-13 03:12:00,0.16847284
2026-01-13 03:13:00,0.16759023
2026-01-13 03:14:00,0.15513748
2026-01-13 03:15:00,0.06952305
2026-01-13 03:16:00,0.05
2026-01-13 03:17:00,0.07508225
2026-01-13 03:18:00,0.05716955
2026-01-13 03:19:00,0.10277927
2026-01-13 03:20:00,0.05
2026-01-13 03:21:00,0.05
2026-01-13 03:22:00,0.05
2026-01-13 03:23:00,0.05052072
2026-01-13 03:24:00,0.07976901
2026-01-13 03:25:00,0.0846709
2026-01-13 03:26:00,0.081464715
2026-01-13 03:27:00,0.059665963
2026-01-13 03:28:00,0.05
2026-01-13 03:29:00,0.08569127
2026-01-13 03:30:00,0.15358707
2026-01-13 03:31:00,0.11185726
2026-01-13 03:32:00,0.07089752
2026-01-13 03:33:00,0.06351371
2026-01-13 03:34:00,0.08429604
2026-01-13 03:35:00,0.08257293
2026-01-13 03:36:00,0.108288676
2026-01-13 03:37:00,0.110044055
2026-01-13 03:38:00,0.10909156
2026-01-13 03:39:00,0.20937169
2026-01-13 03:40:00,0.18414633
2026-01-13 03:41:00,0.24759342
2026-01-13 03:42:00,0.29828995
2026-01-13 03:43:00,0.30726877
2026-01-13 03:44:00,0.2183692
2026-01-13 03:45:00,0.21491832
2026-01-13 03:46:00,0.18996273
2026-01-13 03:47:00,0.18844451
2026-01-13 03:48:00,0.14377515
2026-01-13 03:49:00,0.17549819
2026-01-13 03:50:00,0.21388254
2026-01-13 03:51:00,0.25664794
2026-01-13 03:52:00,0.23395443
2026-01-13 03:53:00,0.18603714
2026-01-13 03:54:00,0.19844829
2026-01-13 03:55:00,0.26609322
2026-01-13 03:56:00,0.26091033
2026-01-13 03:57:00,0.27150974
2026-01-13 03:58:00,0.25382388
2026-01-13 03:59:00,0.2268627
2026-01-13 04:00:00,0.24858016
2026-01-13 04:01:00,0.23803857
2026-01-13 04:02:00,0.24877614
2026-01-13 04:03:00,0.2628665
2026-01-13 04:04:00,0.2694826
2026-01-13 04:05:00,0.2840358
2026-01-13 04:06:00,0.24104324
2026-01-13 04:07:00,0.19910228
2026-01-13 04:08:00,0.19542624
2026-01-13 04:09:00,0.1930602
2026-01-13 04:10:00,0.17078666
2026-01-13 04:11:00,0.1808818
2026-01-13 04:12:00,0.21691206
2026-01-13 04:13:00,0.2612859
2026-01-13 04:14:00,0.31115422
2026-01-13 04:15:00,0.24800509
2026-01-13 04:16:00,0.19603479
2026-01-13 04:17:00,0.18321118
2026-01-13 04:18:00,0.18626584
2026-01-13 04:19:00,0.17638323
2026-01-13 04:20:00,0.15477782
2026-01-13 04:21:00,0.14488535
2026-01-13 04:22:00,0.16734935
2026-01-13 04:23:00,0.11555478
2026-01-13 04:24:00,0.21487911
2026-01-13 04:25:00,0.2134193
2026-01-13 04:26:00,0.25332692
2026-01-13 04:27:00,0.22486456
2026-01-13 04:28:00,0.24491021
2026-01-13 04:29:00,0.24443892
2026-01-13 04:30:00,0.2743312
2026-01-13 04:31:00,0.2596713
2026-01-13 04:32:00,0.31625015
2026-01-13 04:33:00,0.24661565
2026-01-13 04:34:00,0.28026697
2026-01-13 04:35:00,0.2780581
2026-01-13 04:36:00,0.23060234
2026-01-13 04:37:00,0.30581716
2026-01-13 04:38:00,0.37093863
2026-01-13 04:39:00,0.2740064
2026-01-13 04:40:00,0.27491388
2026-01-13 04:41:00,0.29696298
2026-01-13 04:42:00,0.3067491
2026-01-13 04:43:00,0.35876477
2026-01-13 04:44:00,0.39836287
2026-01-13 04:45:00,0.3931551
2026-01-13 04:46:00,0.46890053
2026-01-13 04:47:00,0.48503613
2026-01-13 04:48:00,0.44841075
2026-01-13 04:49:00,0.4067385
2026-01-13 04:50:00,0.44028816
2026-01-13 04:51:00,0.38976282
2026-01-13 04:52:00,0.35866907
2026-01-13 04:53:00,0.33693057
2026-01-13 04:54:00,0.34080142
2026-01-13 04:55:00,0.32245955
2026-01-13 04:56:00,0.26070613
2026-01-13 04:57:00,0.30311677
2026-01-13 04:58:00,0.27953732
2026-01-13 04:59:00,0.35487965
2026-01-13 05:00:00,0.35561904
2026-01-13 05:01:00,0.39489037
2026-01-13 05:02:00,0.4056287
2026-01-13 05:03:00,0.58847934
2026-01-13 05:04:00,0.5668812
2026-01-13 05:05:00,0.5362869
2026-01-13 05:06:00,0.54467404
2026-01-13 05:07:00,0.6099247
2026-01-13 05:08:00,0.56123245
2026-01-13 05:09:00,0.5602727
2026-01-13 05:10:00,0.5284178
2026-01-13 05:11:00,0.52042395
2026-01-13 05:12:00,0.49523073
2026-01-13 05:13:00,0.38465673
2026-01-13 05:14:00,0.36173448
2026-01-13 05:15:00,0.38906035
2026-01-13 05:16:00,0.3439697
2026-01-13 05:17:00,0.37023947
2026-01-13 05:18:00,0.36517775
2026-01-13 05:19:00,0.345745
2026-01-13 05:20:00,0.37195796
2026-01-13 05:21:00,0.3872575
2026-01-13 05:22:00,0.3910691
2026-01-13 05:23:00,0.41852936
2026-01-13 05:24:00,0.411407
2026-01-13 05:25:00,0.3310595
2026-01-13 05:26:00,0.3079084
2026-01-13 05:27:00,0.22965781
2026-01-13 05:28:00,0.2562318
2026-01-13 05:29:00,0.29032236
2026-01-13 05:30:00,0.32359093
2026-01-13 05:31:00,0.33617577
2026-01-13 05:32:00,0.36698648
2026-01-13 05:33:00,0.29362857
2026-01-13 05:34:00,0.28497645
2026-01-13 05:35:00,0.2247969
2026-01-13 05:36:00,0.21176843
2026-01-13 05:37:00,0.2788379
2026-01-13 05:38:00,0.3196929
2026-01-13 05:39:00,0.34011266
2026-01-13 05:40:00,0.32521334
2026-01-13 05:41:00,0.27909744
2026-01-13 05:42:00,0.28396592
2026-01-13 05:43:00,0.32546088
2026-01-13 05:44:00,0.335674
2026-01-13 05:45:00,0.2653174
2026-01-13 05:46:00,0.2682712
2026-01-13 05:47:00,0.19034095
2026-01-13 05:48:00,0.22741543
2026-01-13 05:49:00,0.20170613
2026-01-13 05:50:00,0.15691893
2026-01-13 05:51:00,0.19742677
2026-01-13 05:52:00,0.2244219
2026-01-13 05:53:00,0.23624842
2026-01-13 05:54:00,0.3255714
2026-01-13 05:55:00,0.3455505
2026-01-13 05:56:00,0.31280345
2026-01-13 05:57:00,0.3293131
2026-01-13 05:58:00,0.31236136
2026-01-13 05:59:00,0.35894996
2026-01-13 06:00:00,0.36245102
2026-01-13 06:01:00,0.3697008
2026-01-13 06:02:00,0.30354998
2026-01-13 06:03:00,0.3029112
2026-01-13 06:04:00,0.2976901
2026-01-13 06:05:00,0.25424016
2026-01-13 06:06:00,0.2464462
2026-01-13 06:07:00,0.26563752
2026-01-13 06:08:00,0.26576117
2026-01-13 06:09:00,0.20963676
2026-01-13 06:10:00,0.20362952
2026-01-13 06:11:00,0.1903826
2026-01-13 06:12:00,0.2047291
2026-01-13 06:13:00,0.21368086
2026-01-13 06:14:00,0.20210302
2026-01-13 06:15:00,0.18996184
2026-01-13 06:16:00,0.19957995
2026-01-13 06:17:00,0.24433142
2026-01-13 06:18:00,0.25820208
2026-01-13 06:19:00,0.31681305
2026-01-13 06:20:00,0.35921296
2026-01-13 06:21:00,0.4128336
2026-01-13 06:22:00,0.4571155
2026-01-13 06:23:00,0.50570095
2026-01-13 06:24:00,0.4418292
2026-01-13 06:25:00,0.45516336
2026-01-13 06:26:00,0.49034
2026-01-13 06:27:00,0.5300044
2026-01-13 06:28:00,0.47977945
2026-01-13 06:29:00,0.49077022
2026-01-13 06:30:00,0.47766846
2026-01-13 06:31:00,0.53656304
2026-01-13 06:32:00,0.46144596
2026-01-13 06:33:00,0.4171324
2026-01-13 06:34:00,0.33478433
2026-01-13 06:35:00,0.33730832
2026-01-13 06:36:00,0.42447364
2026-01-13 06:37:00,0.41241285
2026-01-13 06:38:00,0.40720636
2026-01-13 06:39:00,0.42045912
2026-01-13 06:40:00,0.40606508
2026-01-13 06:41:00,0.41218987
2026-01-13 06:42:00,0.41894683
2026-01-13 06:43:00,0.3757273
2026-01-13 06:44:00,0.36610055
2026-01-13 06:45:00,0.39075804
2026-01-13 06:46:00,0.42098364
2026-01-13 06:47:00,0.46366322
2026-01-13 06:48:00,0.4644809
2026-01-13 06:49:00,0.46612227
2026-01-13 06:50:00,0.48348352
2026-01-13 06:51:00,0.4457329
2026-01-13 06:52:00,0.40943724
2026-01-13 06:53:00,0.39655986
2026-01-13 06:54:00,0.33877924
2026-01-13 06:55:00,0.35297325
2026-01-13 06:56:00,0.39179447
2026-01-13 06:57:00,0.35722047
2026-01-13 06:58:00,0.3712957
2026-01-13 06:59:00,0.34174925
2026-01-13 07:00:00,0.2991444
2026-01-13 07:01:00,0.38290906
2026-01-13 07:02:00,0.3377365
2026-01-13 07:03:00,0.28517002
2026-01-13 07:04:00,0.296646
2026-01-13 07:05:00,0.30943194
2026-01-13 07:06:00,0.33721927
2026-01-13 07:07:00,0.4162193
2026-01-13 07:08:00,0.37784085
2026-01-13 07:09:00,0.35055628
2026-01-13 07:10:00,0.4130201
2026-01-13 07:11:00,0.44377548
2026-01-13 07:12:00,0.46658462
2026-01-13 07:13:00,0.43204704
2026-01-13 07:14:00,0.46897867
2026-01-13 07:15:00,0.49012354
2026-01-13 07:16:00,0.48510697
2026-01-13 07:17:00,0.4495891
2026-01-13 07:18:00,0.4446536
2026-01-13 07:19:00,0.5018606
2026-01-13 07:20:00,0.44486883
2026-01-13 07:21:00,0.40427917
2026-01-13 07:22:00,0.37389252
2026-01-13 07:23:00,0.354692
2026-01-13 07:24:00,0.35290694
2026-01-13 07:25:00,0.3903129
2026-01-13 07:26:00,0.4049161
2026-01-13 07:27:00,0.40240407
2026-01-13 07:28:00,0.408815
2026-01-13 07:29:00,0.4286689
2026-01-13 07:30:00,0.35478246
2026-01-13 07:31:00,0.39701444
2026-01-13 07:32:00,0.3600238
2026-01-13 07:33:00,0.34138435
2026-01-13 07:34:00,0.35566968
2026-01-13 07:35:00,0.35225427
2026-01-13 07:36:00,0.3716813
2026-01-13 07:37:00,0.37582576
2026-01-13 07:38:00,0.3624679
2026-01-13 07:39:00,0.42297792
2026-01-13 07:40:00,0.44589502
2026-01-13 07:41:00,0.4508164
2026-01-13 07:42:00,0.47103563
2026-01-13 07:43:00,0.4337988
2026-01-13 07:44:00,0.51482034
2026-01-13 07:45:00,0.4589392
2026-01-13 07:46:00,0.45563608
2026-01-13 07:47:00,0.43668866
2026-01-13 07:48:00,0.41781268
2026-01-13 07:49:00,0.39532822
2026-01-13 07:50:00,0.36201948
2026-01-13 07:51:00,0.4098525
2026-01-13 07:52:00,0.35821202
2026-01-13 07:53:00,0.39830834
2026-01-13 07:54:00,0.4218707
2026-01-13 07:55:00,0.40244564
2026-01-13 07:56:00,0.42118922
2026-01-13 07:57:00,0.4108876
2026-01-13 07:58:00,0.36376035
2026-01-13 07:59:00,0.3209006
2026-01-13 08:00:00,0.35137898
2026-01-13 08:01:00,0.3774185
2026-01-13 08:02:00,0.38698667
2026-01-13 08:03:00,0.37052235
2026-01-13 08:04:00,0.36349255
2026-01-13 08:05:00,0.35169417
2026-01-13 08:06:00,0.28405783
2026-01-13 08:07:00,0.294234
2026-01-13 08:08:00,0.32211775
2026-01-13 08:09:00,0.32965043
2026-01-13 08:10:00,0.40471554
2026-01-13 08:11:00,0.36290026
2026-01-13 08:12:00,0.3382417
2026-01-13 08:13:00,0.34739384
2026-01-13 08:14:00,0.36031666
2026-01-13 08:15:00,0.28647947
2026-01-13 08:16:00,0.31877825
2026-01-13 08:17:00,0.3343905
2026-01-13 08:18:00,0.25411785
2026-01-13 08:19:00,0.2604467
2026-01-13 08:20:00,0.2386682
2026-01-13 08:21:00,0.23291282
2026-01-13 08:22:00,0.19229874
2026-01-13 08:23:00,0.22517721
2026-01-13 08:24:00,0.3093206
2026-01-13 08:25:00,0.32693398
2026-01-13 08:26:00,0.24623342
2026-01-13 08:27:00,0.2698594
2026-01-13 08:28:00,0.27245703
2026-01-13 08:29:00,0.23866291
2026-01-13 08:30:00,0.26582864
2026-01-13 08:31:00,0.31193745
2026-01-13 08:32:00,0.29249775
2026-01-13 08:33:00,0.23567405
2026-01-13 08:34:00,0.16874892
2026-01-13 08:35:00,0.16108735
2026-01-13 08:36:00,0.1745159
2026-01-13 08:37:00,0.17251982
2026-01-13 08:38:00,0.16406198
2026-01-13 08:39:00,0.20639743
2026-01-13 08:40:00,0.24121237
2026-01-13 08:41:00,0.2627819
2026-01-13 08:42:00,0.3073705
2026-01-13 08:43:00,0.289549
2026-01-13 08:44:00,0.25569168
2026-01-13 08:45:00,0.24750035
2026-01-13 08:46:00,0.23727375
2026-01-13 08:47:00,0.16953382
2026-01-13 08:48:00,0.16750973
2026-01-13 08:49:00,0.231732
2026-01-13 08:50:00,0.27872404
2026-01-13 08:51:00,0.3109972
2026-01-13 08:52:00,0.3250129
2026-01-13 08:53:00,0.39066544
2026-01-13 08:54:00,0.3507698
2026-01-13 08:55:00,0.3179459
2026-01-13 08:56:00,0.37137908
2026-01-13 08:57:00,0.37673604
2026-01-13 08:58:00,0.353779
2026-01-13 08:59:00,0.38164824
2026-01-13 09:00:00,0.36773774
2026-01-13 09:01:00,0.33904296
2026-01-13 09:02:00,0.3115957
2026-01-13 09:03:00,0.3338851
2026-01-13 09:04:00,0.34982654
2026-01-13 09:05:00,0.4169943
2026-01-13 09:06:00,0.40657932
2026-01-13 09:07:00,0.39637905
2026-01-13 09:08:00,0.4569298
2026-01-13 09:09:00,0.49454048
2026-01-13 09:10:00,0.49557564
2026-01-13 09:11:00,0.4283545
2026-01-13 09:12:00,0.39654016
2026-01-13 09:13:00,0.3576439
2026-01-13 09:14:00,0.3655435
2026-01-13 09:15:00,0.3510815
2026-01-13 09:16:00,0.4222881
2026-01-13 09:17:00,0.36088607
2026-01-13 09:18:00,0.32086146
2026-01-13 09:19:00,0.34033865
2026-01-13 09:20:00,0.3693908
2026-01-13 09:21:00,0.27183646
2026-01-13 09:22:00,0.21621588
2026-01-13 09:23:00,0.22397728
2026-01-13 09:24:00,0.29596353
2026-01-13 09:25:00,0.38351917
2026-01-13 09:26:00,0.37203935
2026-01-13 09:27:00,0.371291
2026-01-13 09:28:00,0.45330706
2026-01-13 09:29:00,0.4673994
2026-01-13 09:30:00,0.51820284
2026-01-13 09:31:00,0.5557129
2026-01-13 09:32:00,0.5402018
2026-01-13 09:33:00,0.4946926
2026-01-13 09:34:00,0.48763996
2026-01-13 09:35:00,0.53684145
2026-01-13 09:36:00,0.98
2026-01-13 09:37:00,0.98
2026-01-13 09:38:00,0.97728527
2026-01-13 09:39:00,0.86702186
2026-01-13 09:40:00,0.7142849
2026-01-13 09:41:00,0.664435
2026-01-13 09:42:00,0.63654
2026-01-13 09:43:00,0.67078835
2026-01-13 09:44:00,0.5793358
2026-01-13 09:45:00,0.5816033
2026-01-13 09:46:00,0.5963395
2026-01-13 09:47:00,0.5946396
2026-01-13 09:48:00,0.5341859
2026-01-13 09:49:00,0.47802982
2026-01-13 09:50:00,0.4743252
2026-01-13 09:51:00,0.47185412
2026-01-13 09:52:00,0.44460413
2026-01-13 09:53:00,0.49441245
2026-01-13 09:54:00,0.47323474
2026-01-13 09:55:00,0.3946115
2026-01-13 09:56:00,0.38954693
2026-01-13 09:57:00,0.4134657
2026-01-13 09:58:00,0.43027937
2026-01-13 09:59:00,0.44572672
2026-01-13 10:00:00,0.5065741
2026-01-13 10:01:00,0.45841208
2026-01-13 10:02:00,0.44192687
2026-01-13 10:03:00,0.5056675
2026-01-13 10:04:00,0.42394963
2026-01-13 10:05:00,0.42543608
2026-01-13 10:06:00,0.47821552
2026-01-13 10:07:00,0.5262727
2026-01-13 10:08:00,0.5484166
2026-01-13 10:09:00,0.5698817
2026-01-13 10:10:00,0.52064455
2026-01-13 10:11:00,0.5719828
2026-01-13 10:12:00,0.51634854
2026-01-13 10:13:00,0.46761152
2026-01-13 10:14:00,0.4839625
2026-01-13 10:15:00,0.46382496
2026-01-13 10:16:00,0.4733398
2026-01-13 10:17:00,0.49110743
2026-01-13 10:18:00,0.561397
2026-01-13 10:19:00,0.5723364
2026-01-13 10:20:00,0.5403575
2026-01-13 10:21:00,0.56278396
2026-01-13 10:22:00,0.52313197
2026-01-13 10:23:00,0.55649316
2026-01-13 10:24:00,0.5532882
2026-01-13 10:25:00,0.56381965
2026-01-13 10:26:00,0.48630327
2026-01-13 10:27:00,0.39622676
2026-01-13 10:28:00,0.3433709
2026-01-13 10:29:00,0.42467254
2026-01-13 10:30:00,0.38375384
2026-01-13 10:31:00,0.42136756
2026-01-13 10:32:00,0.40104344
2026-01-13 10:33:00,0.3984599
2026-01-13 10:34:00,0.4039347
2026-01-13 10:35:00,0.47655025
2026-01-13 10:36:00,0.5010241
2026-01-13 10:37:00,0.51559925
2026-01-13 10:38:00,0.5655128
2026-01-13 10:39:00,0.5342748
2026-01-13 10:40:00,0.5736345
2026-01-13 10:41:00,0.60320055
2026-01-13 10:42:00,0.6299815
2026-01-13 10:43:00,0.6128594
2026-01-13 10:44:00,0.58585083
2026-01-13 10:45:00,0.5437379
2026-01-13 10:46:00,0.5075347
2026-01-13 10:47:00,0.4698692
2026-01-13 10:48:00,0.48660567
2026-01-13 10:49:00,0.47822988
2026-01-13 10:50:00,0.49694726
2026-01-13 10:51:00,0.5164599
2026-01-13 10:52:00,0.4725389
2026-01-13 10:53:00,0.43096375
2026-01-13 10:54:00,0.42719126
2026-01-13 10:55:00,0.40189412
2026-01-13 10:56:00,0.37444076
2026-01-13 10:57:00,0.4522589
2026-01-13 10:58:00,0.39472088
2026-01-13 10:59:00,0.4840733
2026-01-13 11:00:00,0.4969403
2026-01-13 11:01:00,0.53670233
2026-01-13 11:02:00,0.56859684
2026-01-13 11:03:00,0.5879141
2026-01-13 11:04:00,0.6475098
2026-01-13 11:05:00,0.59259653
2026-01-13 11:06:00,0.5791461
2026-01-13 11:07:00,0.5389409
2026-01-13 11:08:00,0.46825036
2026-01-13 11:09:00,0.44463584
2026-01-13 11:10:00,0.52428895
2026-01-13 11:11:00,0.51575583
2026-01-13 11:12:00,0.59421086
2026-01-13 11:13:00,0.67050785
2026-01-13 11:14:00,0.7770987
2026-01-13 11:15:00,0.8316021
2026-01-13 11:16:00,0.8998756
2026-01-13 11:17:00,0.8813932
2026-01-13 11:18:00,0.86054
2026-01-13 11:19:00,0.8440394
2026-01-13 11:20:00,0.8170912
2026-01-13 11:21:00,0.7983061
2026-01-13 11:22:00,0.80514747
2026-01-13 11:23:00,0.762744
2026-01-13 11:24:00,0.68728274
2026-01-13 11:25:00,0.6875299
2026-01-13 11:26:00,0.6455219
2026-01-13 11:27:00,0.6110369
2026-01-13 11:28:00,0.59719235
2026-01-13 11:29:00,0.5753002
2026-01-13 11:30:00,0.614467
2026-01-13 11:31:00,0.5994489
2026-01-13 11:32:00,0.6387394
2026-01-13 11:33:00,0.6367284
2026-01-13 11:34:00,0.6231153
2026-01-13 11:35:00,0.62047964
2026-01-13 11:36:00,0.560079
2026-01-13 11:37:00,0.5697164
2026-01-13 11:38:00,0.5990448
2026-01-13 11:39:00,0.6317104
2026-01-13 11:40:00,0.5680586
2026-01-13 11:41:00,0.50284314
2026-01-13 11:42:00,0.48214743
2026-01-13 11:43:00,0.5399824
2026-01-13 11:44:00,0.5466585
2026-01-13 11:45:00,0.5129888
2026-01-13 11:46:00,0.45489764
2026-01-13 11:47:00,0.4322262
2026-01-13 11:48:00,0.4086801
2026-01-13 11:49:00,0.4545182
2026-01-13 11:50:00,0.4997797
2026-01-13 11:51:00,0.4589355
2026-01-13 11:52:00,0.4934943
2026-01-13 11:53:00,0.5212045
2026-01-13 11:54:00,0.47349235
2026-01-13 11:55:00,0.47344342
2026-01-13 11:56:00,0.4903954
2026-01-13 11:57:00,0.49889886
2026-01-13 11:58:00,0.43178174
2026-01-13 11:59:00,0.44371334
2026-01-13 12:00:00,0.47490376
2026-01-13 12:01:00,0.54134184
2026-01-13 12:02:00,0.5125389
2026-01-13 12:03:00,0.49098277
2026-01-13 12:04:00,0.4846233
2026-01-13 12:05:00,0.49878433
2026-01-13 12:06:00,0.50405264
2026-01-13 12:07:00,0.52919877
2026-01-13 12:08:00,0.48316088
2026-01-13 12:09:00,0.5016947
2026-01-13 12:10:00,0.47318977
2026-01-13 12:11:00,0.4709269
2026-01-13 12:12:00,0.5429051
2026-01-13 12:13:00,0.48488045
2026-01-13 12:14:00,0.47625425
2026-01-13 12:15:00,0.4285161
2026-01-13 12:16:00,0.44171026
2026-01-13 12:17:00,0.48965994
2026-01-13 12:18:00,0.98
2026-01-13 12:19:00,0.8973927
2026-01-13 12:20:00,0.8799106
2026-01-13 12:21:00,0.8311493
2026-01-13 12:22:00,0.811787
2026-01-13 12:23:00,0.79466873
2026-01-13 12:24:00,0.63925135
2026-01-13 12:25:00,0.61152315
2026-01-13 12:26:00,0.5486407
2026-01-13 12:27:00,0.50293994
2026-01-13 12:28:00,0.55485564
2026-01-13 12:29:00,0.5301219
2026-01-13 12:30:00,0.5992747
2026-01-13 12:31:00,0.53187925
2026-01-13 12:32:00,0.483651
2026-01-13 12:33:00,0.5137897
2026-01-13 12:34:00,0.4979156
2026-01-13 12:35:00,0.5097074
2026-01-13 12:36:00,0.50413734
2026-01-13 12:37:00,0.49810228
2026-01-13 12:38:00,0.486329
2026-01-13 12:39:00,0.49504718
2026-01-13 12:40:00,0.52171725
2026-01-13 12:41:00,0.5852982
2026-01-13 12:42:00,0.57122356
2026-01-13 12:43:00,0.55071765
2026-01-13 12:44:00,0.5267701
2026-01-13 12:45:00,0.5844852
2026-01-13 12:46:00,0.6064502
2026-01-13 12:47:00,0.52311975
2026-01-13 12:48:00,0.44472054
2026-01-13 12:49:00,0.41713756
2026-01-13 12:50:00,0.43418577
2026-01-13 12:51:00,0.43933752
2026-01-13 12:52:00,0.46601534
2026-01-13 12:53:00,0.46295524
2026-01-13 12:54:00,0.523057
2026-01-13 12:55:00,0.5533387
2026-01-13 12:56:00,0.55341494
2026-01-13 12:57:00,0.5961926
2026-01-13 12:58:00,0.5237737
2026-01-13 12:59:00,0.51969606
2026-01-13 13:00:00,0.5248415
2026-01-13 13:01:00,0.5481487
2026-01-13 13:02:00,0.4768949
2026-01-13 13:03:00,0.46952274
2026-01-13 13:04:00,0.4891654
2026-01-13 13:05:00,0.51029444
2026-01-13 13:06:00,0.5580811
2026-01-13 13:07:00,0.5850485
2026-01-13 13:08:00,0.5769527
2026-01-13 13:09:00,0.5989251
2026-01-13 13:10:00,0.58407354
2026-01-13 13:11:00,0.5843226
2026-01-13 13:12:00,0.6104594
2026-01-13 13:13:00,0.60088724
2026-01-13 13:14:00,0.6083583
2026-01-13 13:15:00,0.63918984
2026-01-13 13:16:00,0.6575741
2026-01-13 13:17:00,0.69532466
2026-01-13 13:18:00,0.7738385
2026-01-13 13:19:00,0.78103447
2026-01-13 13:20:00,0.74106956
2026-01-13 13:21:00,0.7432098
2026-01-13 13:22:00,0.7434416
2026-01-13 13:23:00,0.74942505
2026-01-13 13:24:00,0.7901724
2026-01-13 13:25:00,0.7004768
2026-01-13 13:26:00,0.7458564
2026-01-13 13:27:00,0.80105
2026-01-13 13:28:00,0.80051523
2026-01-13 13:29:00,0.8009664
2026-01-13 13:30:00,0.7680105
2026-01-13 13:31:00,0.74758977
2026-01-13 13:32:00,0.7564474
2026-01-13 13:33:00,0.7619996
2026-01-13 13:34:00,0.7705728
2026-01-13 13:35:00,0.77467704
2026-01-13 13:36:00,0.7893001
2026-01-13 13:37:00,0.79826146
2026-01-13 13:38:00,0.73404354
2026-01-13 13:39:00,0.74920493
2026-01-13 13:40:00,0.80418307
2026-01-13 13:41:00,0.7793309
2026-01-13 13:42:00,0.8174873
2026-01-13 13:43:00,0.7558961
2026-01-13 13:44:00,0.73470896
2026-01-13 13:45:00,0.6907361
2026-01-13 13:46:00,0.7310711
2026-01-13 13:47:00,0.77860403
2026-01-13 13:48:00,0.7527215
2026-01-13 13:49:00,0.77969366
2026-01-13 13:50:00,0.8236642
2026-01-13 13:51:00,0.7967483
2026-01-13 13:52:00,0.7784653
2026-01-13 13:53:00,0.7857719
2026-01-13 13:54:00,0.7294199
2026-01-13 13:55:00,0.71565324
2026-01-13 13:56:00,0.7842669
2026-01-13 13:57:00,0.7416505
2026-01-13 13:58:00,0.98
2026-01-13 13:59:00,0.98
2026-01-13 14:00:00,0.98
2026-01-13 14:01:00,0.98
2026-01-13 14:02:00,0.98
2026-01-13 14:03:00,0.98
2026-01-13 14:04:00,0.98
2026-01-13 14:05:00,0.98
2026-01-13 14:06:00,0.98
2026-01-13 14:07:00,0.90276384
2026-01-13 14:08:00,0.9226826
2026-01-13 14:09:00,0.87900984
2026-01-13 14:10:00,0.8717933
2026-01-13 14:11:00,0.8011075
2026-01-13 14:12:00,0.7839007
2026-01-13 14:13:00,0.7101132
2026-01-13 14:14:00,0.6898473
2026-01-13 14:15:00,0.7799615
2026-01-13 14:16:00,0.7045862
2026-01-13 14:17:00,0.66131514
2026-01-13 14:18:00,0.5444244
2026-01-13 14:19:00,0.4842918
2026-01-13 14:20:00,0.5083507
2026-01-13 14:21:00,0.51447225
2026-01-13 14:22:00,0.4643524
2026-01-13 14:23:00,0.4840378
2026-01-13 14:24:00,0.44584653
2026-01-13 14:25:00,0.4753186
2026-01-13 14:26:00,0.46941426
2026-01-13 14:27:00,0.45599362
2026-01-13 14:28:00,0.45332196
2026-01-13 14:29:00,0.5571369
2026-01-13 14:30:00,0.52011013
2026-01-13 14:31:00,0.5256136
2026-01-13 14:32:00,0.5529876
2026-01-13 14:33:00,0.5085097
2026-01-13 14:34:00,0.44238168
2026-01-13 14:35:00,0.42131606
2026-01-13 14:36:00,0.45638776
2026-01-13 14:37:00,0.44461137
2026-01-13 14:38:00,0.43821827
2026-01-13 14:39:00,0.47800788
2026-01-13 14:40:00,0.44591853
2026-01-13 14:41:00,0.44508237
2026-01-13 14:42:00,0.38728702
2026-01-13 14:43:00,0.40747073
2026-01-13 14:44:00,0.42236078
2026-01-13 14:45:00,0.45866728
2026-01-13 14:46:00,0.4144015
2026-01-13 14:47:00,0.41177353
2026-01-13 14:48:00,0.36585253
2026-01-13 14:49:00,0.36485824
2026-01-13 14:50:00,0.4330164
2026-01-13 14:51:00,0.42357627
2026-01-13 14:52:00,0.37303963
2026-01-13 14:53:00,0.35394165
2026-01-13 14:54:00,0.29908192
2026-01-13 14:55:00,0.26117072
2026-01-13 14:56:00,0.30491474
2026-01-13 14:57:00,0.2604198
2026-01-13 14:58:00,0.28977972
2026-01-13 14:59:00,0.30527773
2026-01-13 15:00:00,0.2971949
2026-01-13 15:01:00,0.32006317
2026-01-13 15:02:00,0.2944505
2026-01-13 15:03:00,0.34197557
2026-01-13 15:04:00,0.32407936
2026-01-13 15:05:00,0.3200415
2026-01-13 15:06:00,0.31151468
2026-01-13 15:07:00,0.35140994
2026-01-13 15:08:00,0.382259
2026-01-13 15:09:00,0.2839406
2026-01-13 15:10:00,0.3084713
2026-01-13 15:11:00,0.25103164
2026-01-13 15:12:00,0.2542632
2026-01-13 15:13:00,0.26650697
2026-01-13 15:14:00,0.26796037
2026-01-13 15:15:00,0.3033567
2026-01-13 15:16:00,0.34463546
2026-01-13 15:17:00,0.3228137
2026-01-13 15:18:00,0.30122754
2026-01-13 15:19:00,0.3122642
2026-01-13 15:20:00,0.26204985
2026-01-13 15:21:00,0.25846496
2026-01-13 15:22:00,0.3281109
2026-01-13 15:23:00,0.27795148
2026-01-13 15:24:00,0.2783933
2026-01-13 15:25:00,0.26865324
2026-01-13 15:26:00,0.3635356
2026-01-13 15:27:00,0.34904236
2026-01-13 15:28:00,0.33797044
2026-01-13 15:29:00,0.3056856
2026-01-13 15:30:00,0.3175262
2026-01-13 15:31:00,0.33879223
2026-01-13 15:32:00,0.31205603
2026-01-13 15:33:00,0.36237866
2026-01-13 15:34:00,0.379907
2026-01-13 15:35:00,0.4192041
2026-01-13 15:36:00,0.4080933
2026-01-13 15:37:00,0.4206611
2026-01-13 15:38:00,0.4139089
2026-01-13 15:39:00,0.4744643
2026-01-13 15:40:00,0.4764546
2026-01-13 15:41:00,0.47392094
2026-01-13 15:42:00,0.45284554
2026-01-13 15:43:00,0.4310824
2026-01-13 15:44:00,0.4411425
2026-01-13 15:45:00,0.47360688
2026-01-13 15:46:00,0.44324246
2026-01-13 15:47:00,0.44768655
2026-01-13 15:48:00,0.45401227
2026-01-13 15:49:00,0.46673298
2026-01-13 15:50:00,0.39573458
2026-01-13 15:51:00,0.36165926
2026-01-13 15:52:00,0.3125979
2026-01-13 15:53:00,0.32334265
2026-01-13 15:54:00,0.2958053
2026-01-13 15:55:00,0.28659174
2026-01-13 15:56:00,0.25012487
2026-01-13 15:57:00,0.24814802
2026-01-13 15:58:00,0.21742527
2026-01-13 15:59:00,0.26437116
2026-01-13 16:00:00,0.29634422
2026-01-13 16:01:00,0.3125293
2026-01-13 16:02:00,0.3092622
2026-01-13 16:03:00,0.23675588
2026-01-13 16:04:00,0.23315823
2026-01-13 16:05:00,0.21764709
2026-01-13 16:06:00,0.24365444
2026-01-13 16:07:00,0.2824067
2026-01-13 16:08:00,0.30618358
2026-01-13 16:09:00,0.36552218
2026-01-13 16:10:00,0.3467869
2026-01-13 16:11:00,0.32781905
2026-01-13 16:12:00,0.37620157
2026-01-13 16:13:00,0.38577357
2026-01-13 16:14:00,0.3779775
2026-01-13 16:15:00,0.45447192
2026-01-13 16:16:00,0.47402096
2026-01-13 16:17:00,0.4612006
2026-01-13 16:18:00,0.4295151
2026-01-13 16:19:00,0.48078775
2026-01-13 16:20:00,0.48310277
2026-01-13 16:21:00,0.47785792
2026-01-13 16:22:00,0.4990273
2026-01-13 16:23:00,0.5265797
2026-01-13 16:24:00,0.538643
2026-01-13 16:25:00,0.563029
2026-01-13 16:26:00,0.56808347
2026-01-13 16:27:00,0.5767973
2026-01-13 16:28:00,0.5332758
2026-01-13 16:29:00,0.5948384
2026-01-13 16:30:00,0.5296371
2026-01-13 16:31:00,0.5312964
2026-01-13 16:32:00,0.4668991
2026-01-13 16:33:00,0.4571209
2026-01-13 16:34:00,0.42911994
2026-01-13 16:35:00,0.4315624
2026-01-13 16:36:00,0.44197068
2026-01-13 16:37:00,0.39954358
2026-01-13 16:38:00,0.39750814
2026-01-13 16:39:00,0.45247963
2026-01-13 16:40:00,0.39473614
2026-01-13 16:41:00,0.35986072
2026-01-13 16:42:00,0.3962876
2026-01-13 16:43:00,0.39839208
2026-01-13 16:44:00,0.40319175
2026-01-13 16:45:00,0.4423727
2026-01-13 16:46:00,0.40568355
2026-01-13 16:47:00,0.38283783
2026-01-13 16:48:00,0.3568063
2026-01-13 16:49:00,0.34455353
2026-01-13 16:50:00,0.4007084
2026-01-13 16:51:00,0.3306651
2026-01-13 16:52:00,0.28641784
2026-01-13 16:53:00,0.23876974
2026-01-13 16:54:00,0.30554634
2026-01-13 16:55:00,0.2862547
2026-01-13 16:56:00,0.2799329
2026-01-13 16:57:00,0.22251572
2026-01-13 16:58:00,0.22369899
2026-01-13 16:59:00,0.2698609
2026-01-13 17:00:00,0.28770414
2026-01-13 17:01:00,0.2896038
2026-01-13 17:02:00,0.23298715
2026-01-13 17:03:00,0.2302936
2026-01-13 17:04:00,0.24672651
2026-01-13 17:05:00,0.21621133
2026-01-13 17:06:00,0.25392205
2026-01-13 17:07:00,0.29773888
2026-01-13 17:08:00,0.28141743
2026-01-13 17:09:00,0.31649658
2026-01-13 17:10:00,0.31526202
2026-01-13 17:11:00,0.36431673
2026-01-13 17:12:00,0.44484288
2026-01-13 17:13:00,0.39372942
2026-01-13 17:14:00,0.4211461
2026-01-13 17:15:00,0.4677036
2026-01-13 17:16:00,0.41942558
2026-01-13 17:17:00,0.3907469
2026-01-13 17:18:00,0.3638269
2026-01-13 17:19:00,0.3571189
2026-01-13 17:20:00,0.34191862
2026-01-13 17:21:00,0.33417195
2026-01-13 17:22:00,0.36841023
2026-01-13 17:23:00,0.2904716
2026-01-13 17:24:00,0.25555897
2026-01-13 17:25:00,0.2891062
2026-01-13 17:26:00,0.31519753
2026-01-13 17:27:00,0.27466273
2026-01-13 17:28:00,0.30201426
2026-01-13 17:29:00,0.35777804
2026-01-13 17:30:00,0.35395867
2026-01-13 17:31:00,0.31200108
2026-01-13 17:32:00,0.34863028
2026-01-13 17:33:00,0.4161663
2026-01-13 17:34:00,0.3738455
2026-01-13 17:35:00,0.37183943
2026-01-13 17:36:00,0.41194335
2026-01-13 17:37:00,0.4097604
2026-01-13 17:38:00,0.33315918
2026-01-13 17:39:00,0.35022783
2026-01-13 17:40:00,0.30895516
2026-01-13 17:41:00,0.2592209
2026-01-13 17:42:00,0.1950975
2026-01-13 17:43:00,0.25274333
2026-01-13 17:44:00,0.22468582
2026-01-13 17:45:00,0.2455079
2026-01-13 17:46:00,0.274402
2026-01-13 17:47:00,0.28421217
2026-01-13 17:48:00,0.29854065
2026-01-13 17:49:00,0.31501496
2026-01-13 17:50:00,0.32036632
2026-01-13 17:51:00,0.2892723
2026-01-13 17:52:00,0.2570117
2026-01-13 17:53:00,0.2570192
2026-01-13 17:54:00,0.2560918
2026-01-13 17:55:00,0.277371
2026-01-13 17:56:00,0.3237541
2026-01-13 17:57:00,0.3360298
2026-01-13 17:58:00,0.30104497
2026-01-13 17:59:00,0.21396114
2026-01-13 18:00:00,0.19024587
2026-01-13 18:01:00,0.14531882
2026-01-13 18:02:00,0.12846383
2026-01-13 18:03:00,0.15177642
2026-01-13 18:04:00,0.16682176
2026-01-13 18:05:00,0.25152823
2026-01-13 18:06:00,0.27436766
2026-01-13 18:07:00,0.35233673
2026-01-13 18:08:00,0.37622055
2026-01-13 18:09:00,0.4129298
2026-01-13 18:10:00,0.38883144
2026-01-13 18:11:00,0.33795023
2026-01-13 18:12:00,0.3160751
2026-01-13 18:13:00,0.31334725
2026-01-13 18:14:00,0.2860998
2026-01-13 18:15:00,0.24602658
2026-01-13 18:16:00,0.26579228
2026-01-13 18:17:00,0.22700126
2026-01-13 18:18:00,0.17010373
2026-01-13 18:19:00,0.13412833
2026-01-13 18:20:00,0.13645434
2026-01-13 18:21:00,0.10824596
2026-01-13 18:22:00,0.112721734
2026-01-13 18:23:00,0.1498952
2026-01-13 18:24:00,0.18296926
2026-01-13 18:25:00,0.16390121
2026-01-13 18:26:00,0.120548666
2026-01-13 18:27:00,0.10971183
2026-01-13 18:28:00,0.14890754
2026-01-13 18:29:00,0.19422463
2026-01-13 18:30:00,0.21437918
2026-01-13 18:31:00,0.26677838
2026-01-13 18:32:00,0.33601162
2026-01-13 18:33:00,0.31112438
2026-01-13 18:34:00,0.3669353
2026-01-13 18:35:00,0.3483125
2026-01-13 18:36:00,0.38231117
2026-01-13 18:37:00,0.4010548
2026-01-13 18:38:00,0.3107897
2026-01-13 18:39:00,0.2680952
2026-01-13 18:40:00,0.21853009
2026-01-13 18:41:00,0.15041621
2026-01-13 18:42:00,0.19412245
2026-01-13 18:43:00,0.28182712
2026-01-13 18:44:00,0.26937446
2026-01-13 18:45:00,0.3023081
2026-01-13 18:46:00,0.35774288
2026-01-13 18:47:00,0.35760838
2026-01-13 18:48:00,0.34805623
2026-01-13 18:49:00,0.33037075
2026-01-13 18:50:00,0.3453477
2026-01-13 18:51:00,0.37252972
2026-01-13 18:52:00,0.3809396
2026-01-13 18:53:00,0.38722116
2026-01-13 18:54:00,0.37377188
2026-01-13 18:55:00,0.29964694
2026-01-13 18:56:00,0.3309975
2026-01-13 18:57:00,0.27246514
2026-01-13 18:58:00,0.29469478
2026-01-13 18:59:00,0.3205192
2026-01-13 19:00:00,0.2683503
2026-01-13 19:01:00,0.24157964
2026-01-13 19:02:00,0.3260413
2026-01-13 19:03:00,0.31562763
2026-01-13 19:04:00,0.26033786
2026-01-13 19:05:00,0.2902352
2026-01-13 19:06:00,0.25471896
2026-01-13 19:07:00,0.17605068
2026-01-13 19:08:00,0.2012084
2026-01-13 19:09:00,0.16681898
2026-01-13 19:10:00,0.18461414
2026-01-13 19:11:00,0.15555191
2026-01-13 19:12:00,0.18953201
2026-01-13 19:13:00,0.19976722
2026-01-13 19:14:00,0.09819731
2026-01-13 19:15:00,0.12352401
2026-01-13 19:16:00,0.1198772
2026-01-13 19:17:00,0.18470266
2026-01-13 19:18:00,0.20340452
2026-01-13 19:19:00,0.23497121
2026-01-13 19:20:00,0.20526783
2026-01-13 19:21:00,0.17468308
2026-01-13 19:22:00,0.1770455
2026-01-13 19:23:00,0.1657441
2026-01-13 19:24:00,0.22321591
2026-01-13 19:25:00,0.21636115
2026-01-13 19:26:00,0.16711918
2026-01-13 19:27:00,0.13763095
2026-01-13 19:28:00,0.18213204
2026-01-13 19:29:00,0.1777059
2026-01-13 19:30:00,0.1714211
2026-01-13 19:31:00,0.2168007
2026-01-13 19:32:00,0.17947781
2026-01-13 19:33:00,0.092250355
2026-01-13 19:34:00,0.06721982
2026-01-13 19:35:00,0.08791656
2026-01-13 19:36:00,0.08722037
2026-01-13 19:37:00,0.05
2026-01-13 19:38:00,0.08815894
2026-01-13 19:39:00,0.103745624
2026-01-13 19:40:00,0.12703387
2026-01-13 19:41:00,0.14961092
2026-01-13 19:42:00,0.10158472
2026-01-13 19:43:00,0.12138526
2026-01-13 19:44:00,0.16371353
2026-01-13 19:45:00,0.21189883
2026-01-13 19:46:00,0.2393967
2026-01-13 19:47:00,0.25629893
2026-01-13 19:48:00,0.18175673
2026-01-13 19:49:00,0.18200742
2026-01-13 19:50:00,0.14450274
2026-01-13 19:51:00,0.19947869
2026-01-13 19:52:00,0.24391583
2026-01-13 19:53:00,0.20149273
2026-01-13 19:54:00,0.19857684
2026-01-13 19:55:00,0.2076053
2026-01-13 19:56:00,0.24193463
2026-01-13 19:57:00,0.17039333
2026-01-13 19:58:00,0.083147556
2026-01-13 19:59:00,0.09272492
2026-01-13 20:00:00,0.05
2026-01-13 20:01:00,0.05
2026-01-13 20:02:00,0.056318484
2026-01-13 20:03:00,0.115692675
2026-01-13 20:04:00,0.095905
2026-01-13 20:05:00,0.10898458
2026-01-13 20:06:00,0.14056547
2026-01-13 20:07:00,0.09646549
2026-01-13 20:08:00,0.13947129
2026-01-13 20:09:00,0.15333177
2026-01-13 20:10:00,0.13082749
2026-01-13 20:11:00,0.13993253
2026-01-13 20:12:00,0.13701674
2026-01-13 20:13:00,0.17104702
2026-01-13 20:14:00,0.15667026
2026-01-13 20:15:00,0.16688266
2026-01-13 20:16:00,0.1422945
2026-01-13 20:17:00,0.10693452
2026-01-13 20:18:00,0.11871622
2026-01-13 20:19:00,0.0867615
2026-01-13 20:20:00,0.1251955
2026-01-13 20:21:00,0.15215959
2026-01-13 20:22:00,0.122611664
2026-01-13 20:23:00,0.13452265
2026-01-13 20:24:00,0.106081106
2026-01-13 20:25:00,0.05
2026-01-13 20:26:00,0.05
2026-01-13 20:27:00,0.05
2026-01-13 20:28:00,0.07072785
2026-01-13 20:29:00,0.083859205
2026-01-13 20:30:00,0.12620912
2026-01-13 20:31:00,0.08955901
2026-01-13 20:32:00,0.079961486
2026-01-13 20:33:00,0.15191652
2026-01-13 20:34:00,0.07503974
2026-01-13 20:35:00,0.06342087
2026-01-13 20:36:00,0.05
2026-01-13 20:37:00,0.05
2026-01-13 20:38:00,0.05
2026-01-13 20:39:00,0.057200555
2026-01-13 20:40:00,0.07502592
2026-01-13 20:41:00,0.05
2026-01-13 20:42:00,0.05
2026-01-13 20:43:00,0.05
2026-01-13 20:44:00,0.06541112
2026-01-13 20:45:00,0.16940251
2026-01-13 20:46:00,0.19581415
2026-01-13 20:47:00,0.1514473
2026-01-13 20:48:00,0.14732255
2026-01-13 20:49:00,0.1544675
2026-01-13 20:50:00,0.13297333
2026-01-13 20:51:00,0.15273209
2026-01-13 20:52:00,0.061192524
2026-01-13 20:53:00,0.08990523
2026-01-13 20:54:00,0.0750878
2026-01-13 20:55:00,0.076071694
2026-01-13 20:56:00,0.13994294
2026-01-13 20:57:00,0.08956414
2026-01-13 20:58:00,0.10453463
2026-01-13 20:59:00,0.13910542
2026-01-13 21:00:00,0.14591728
2026-01-13 21:01:00,0.08075348
2026-01-13 21:02:00,0.13933708
2026-01-13 21:03:00,0.130715
2026-01-13 21:04:00,0.11008655
2026-01-13 21:05:00,0.09974233
2026-01-13 21:06:00,0.08731104
2026-01-13 21:07:00,0.05
2026-01-13 21:08:00,0.057361487
2026-01-13 21:09:00,0.05
2026-01-13 21:10:00,0.07388903
2026-01-13 21:11:00,0.09927985
2026-01-13 21:12:00,0.16691609
2026-01-13 21:13:00,0.15560336
2026-01-13 21:14:00,0.121485315
2026-01-13 21:15:00,0.06339165
2026-01-13 21:16:00,0.15642382
2026-01-13 21:17:00,0.18071926
2026-01-13 21:18:00,0.14884546
2026-01-13 21:19:00,0.21490039
2026-01-13 21:20:00,0.26214737
2026-01-13 21:21:00,0.1972734
2026-01-13 21:22:00,0.16145821
2026-01-13 21:23:00,0.15331125
2026-01-13 21:24:00,0.10826297
2026-01-13 21:25:00,0.1057164
2026-01-13 21:26:00,0.13567315
2026-01-13 21:27:00,0.07978266
2026-01-13 21:28:00,0.094972394
2026-01-13 21:29:00,0.14392568
2026-01-13 21:30:00,0.15819071
2026-01-13 21:31:00,0.1522405
2026-01-13 21:32:00,0.12302661
2026-01-13 21:33:00,0.1560676
2026-01-13 21:34:00,0.10611515
2026-01-13 21:35:00,0.116907984
2026-01-13 21:36:00,0.11810727
2026-01-13 21:37:00,0.16317563
2026-01-13 21:38:00,0.13626564
2026-01-13 21:39:00,0.11487078
2026-01-13 21:40:00,0.06538445
2026-01-13 21:41:00,0.086985394
2026-01-13 21:42:00,0.07237695
2026-01-13 21:43:00,0.05
2026-01-13 21:44:00,0.05
2026-01-13 21:45:00,0.05
2026-01-13 21:46:00,0.05
2026-01-13 21:47:00,0.05
2026-01-13 21:48:00,0.05
2026-01-13 21:49:00,0.05
2026-01-13 21:50:00,0.06824507
2026-01-13 21:51:00,0.05739189
2026-01-13 21:52:00,0.06170182
2026-01-13 21:53:00,0.07192992
2026-01-13 21:54:00,0.1305455
2026-01-13 21:55:00,0.18118182
2026-01-13 21:56:00,0.22162865
2026-01-13 21:57:00,0.18752463
2026-01-13 21:58:00,0.14179593
2026-01-13 21:59:00,0.16959807
2026-01-13 22:00:00,0.21978278
2026-01-13 22:01:00,0.25736338
2026-01-13 22:02:00,0.24591535
2026-01-13 22:03:00,0.26394242
2026-01-13 22:04:00,0.98
2026-01-13 22:05:00,0.98
2026-01-13 22:06:00,0.966026
2026-01-13 22:07:00,0.83128804
2026-01-13 22:08:00,0.6844207
2026-01-13 22:09:00,0.56366503
2026-01-13 22:10:00,0.46037737
2026-01-13 22:11:00,0.33634645
2026-01-13 22:12:00,0.2975779
2026-01-13 22:13:00,0.25920656
2026-01-13 22:14:00,0.25980082
2026-01-13 22:15:00,0.28340435
2026-01-13 22:16:00,0.3102054
2026-01-13 22:17:00,0.34070963
2026-01-13 22:18:00,0.28345305
2026-01-13 22:19:00,0.20517242
2026-01-13 22:20:00,0.22879818
2026-01-13 22:21:00,0.2695164
2026-01-13 22:22:00,0.31468722
2026-01-13 22:23:00,0.3140199
2026-01-13 22:24:00,0.21463823
2026-01-13 22:25:00,0.21810567
2026-01-13 22:26:00,0.22921775
2026-01-13 22:27:00,0.2675717
2026-01-13 22:28:00,0.31017306
2026-01-13 22:29:00,0.32873768
2026-01-13 22:30:00,0.28607696
2026-01-13 22:31:00,0.22926348
2026-01-13 22:32:00,0.23960283
2026-01-13 22:33:00,0.19612554
2026-01-13 22:34:00,0.24687849
2026-01-13 22:35:00,0.16642064
2026-01-13 22:36:00,0.18328413
2026-01-13 22:37:00,0.18892291
2026-01-13 22:38:00,0.17307007
2026-01-13 22:39:00,0.12975742
2026-01-13 22:40:00,0.05
2026-01-13 22:41:00,0.05
2026-01-13 22:42:00,0.05
2026-01-13 22:43:00,0.06300718
2026-01-13 22:44:00,0.05
2026-01-13 22:45:00,0.0570477
2026-01-13 22:46:00,0.05
2026-01-13 22:47:00,0.05
2026-01-13 22:48:00,0.05
2026-01-13 22:49:00,0.05
2026-01-13 22:50:00,0.05
2026-01-13 22:51:00,0.05
2026-01-13 22:52:00,0.05
2026-01-13 22:53:00,0.05
2026-01-13 22:54:00,0.05
2026-01-13 22:55:00,0.05
2026-01-13 22:56:00,0.05
2026-01-13 22:57:00,0.05
2026-01-13 22:58:00,0.05
2026-01-13 22:59:00,0.05
2026-01-13 23:00:00,0.05
2026-01-13 23:01:00,0.05
2026-01-13 23:02:00,0.05
2026-01-13 23:03:00,0.05
2026-01-13 23:04:00,0.05
2026-01-13 23:05:00,0.05
2026-01-13 23:06:00,0.05
2026-01-13 23:07:00,0.05
2026-01-13 23:08:00,0.05
2026-01-13 23:09:00,0.05
2026-01-13 23:10:00,0.05
2026-01-13 23:11:00,0.05
2026-01-13 23:12:00,0.10122323
2026-01-13 23:13:00,0.11705739
2026-01-13 23:14:00,0.19363408
2026-01-13 23:15:00,0.23224708
2026-01-13 23:16:00,0.22983713
2026-01-13 23:17:00,0.18959768
2026-01-13 23:18:00,0.15342873
2026-01-13 23:19:00,0.16952744
2026-01-13 23:20:00,0.16873223
2026-01-13 23:21:00,0.13870513
2026-01-13 23:22:00,0.1679545
2026-01-13 23:23:00,0.16308348
2026-01-13 23:24:00,0.19060303
2026-01-13 23:25:00,0.14333346
2026-01-13 23:26:00,0.17883502
2026-01-13 23:27:00,0.19154955
2026-01-13 23:28:00,0.2311023
2026-01-13 23:29:00,0.25867793
2026-01-13 23:30:00,0.24154507
2026-01-13 23:31:00,0.22255918
2026-01-13 23:32:00,0.28302184
2026-01-13 23:33:00,0.2556972
2026-01-13 23:34:00,0.27211258
2026-01-13 23:35:00,0.2420161
2026-01-13 23:36:00,0.155102
2026-01-13 23:37:00,0.10051751
2026-01-13 23:38:00,0.11562517
2026-01-13 23:39:00,0.14132789
2026-01-13 23:40:00,0.15329316
2026-01-13 23:41:00,0.19376642
2026-01-13 23:42:00,0.20081024
2026-01-13 23:43:00,0.16062702
2026-01-13 23:44:00,0.17843644
2026-01-13 23:45:00,0.17783013
2026-01-13 23:46:00,0.2535857
2026-01-13 23:47:00,0.2484659
2026-01-13 23:48:00,0.22993745
2026-01-13 23:49:00,0.18708059
2026-01-13 23:50:00,0.16602014
2026-01-13 23:51:00,0.21135336
2026-01-13 23:52:00,0.25261492
2026-01-13 23:53:00,0.24357279
2026-01-13 23:54:00,0.23059869
2026-01-13 23:55:00,0.15952547
2026-01-13 23:56:00,0.22062454
2026-01-13 23:57:00,0.24983473
2026-01-13 23:58:00,0.26559508
2026-01-13 23:59:00,0.15924285
2026-01-14 00:00:00,0.15262243
2026-01-14 00:01:00,0.14143816
2026-01-14 00:02:00,0.16366811
2026-01-14 00:03:00,0.13886641
2026-01-14 00:04:00,0.12490495
2026-01-14 00:05:00,0.14617448
2026-01-14 00:06:00,0.110080354
2026-01-14 00:07:00,0.08490333
2026-01-14 00:08:00,0.092475675
2026-01-14 00:09:00,0.14528276
2026-01-14 00:10:00,0.1726937
2026-01-14 00:11:00,0.20861407
2026-01-14 00:12:00,0.20119885
2026-01-14 00:13:00,0.25166613
2026-01-14 00:14:00,0.16866228
2026-01-14 00:15:00,0.2428505
2026-01-14 00:16:00,0.31629792
2026-01-14 00:17:00,0.31607625
2026-01-14 00:18:00,0.3309097
2026-01-14 00:19:00,0.30975682
2026-01-14 00:20:00,0.28344378
2026-01-14 00:21:00,0.24319364
2026-01-14 00:22:00,0.22864756
2026-01-14 00:23:00,0.2394725
2026-01-14 00:24:00,0.24399884
2026-01-14 00:25:00,0.3108412
2026-01-14 00:26:00,0.29689237
2026-01-14 00:27:00,0.22050473
2026-01-14 00:28:00,0.27556312
2026-01-14 00:29:00,0.2116158
2026-01-14 00:30:00,0.17925647
2026-01-14 00:31:00,0.18274108
2026-01-14 00:32:00,0.19177414
2026-01-14 00:33:00,0.12559016
2026-01-14 00:34:00,0.09266986
2026-01-14 00:35:00,0.05
2026-01-14 00:36:00,0.062255036
2026-01-14 00:37:00,0.11162767
2026-01-14 00:38:00,0.060852848
2026-01-14 00:39:00,0.102851205
2026-01-14 00:40:00,0.13890594
2026-01-14 00:41:00,0.108494006
2026-01-14 00:42:00,0.05
2026-01-14 00:43:00,0.05
2026-01-14 00:44:00,0.05
2026-01-14 00:45:00,0.05
2026-01-14 00:46:00,0.05
2026-01-14 00:47:00,0.05
2026-01-14 00:48:00,0.05
2026-01-14 00:49:00,0.05
2026-01-14 00:50:00,0.05
2026-01-14 00:51:00,0.05
2026-01-14 00:52:00,0.05
2026-01-14 00:53:00,0.05
2026-01-14 00:54:00,0.05295294
2026-01-14 00:55:00,0.1438778
2026-01-14 00:56:00,0.09803749
2026-01-14 00:57:00,0.07360991
2026-01-14 00:58:00,0.09563745
2026-01-14 00:59:00,0.14204864
2026-01-14 01:00:00,0.051447824
2026-01-14 01:01:00,0.058167905
2026-01-14 01:02:00,0.05
2026-01-14 01:03:00,0.05
2026-01-14 01:04:00,0.05
2026-01-14 01:05:00,0.05
2026-01-14 01:06:00,0.05
2026-01-14 01:07:00,0.05
2026-01-14 01:08:00,0.05
2026-01-14 01:09:00,0.05287964
2026-01-14 01:10:00,0.057214595
2026-01-14 01:11:00,0.05
2026-01-14 01:12:00,0.05
2026-01-14 01:13:00,0.06258653
2026-01-14 01:14:00,0.10645248
2026-01-14 01:15:00,0.09961073
2026-01-14 01:16:00,0.062085964
2026-01-14 01:17:00,0.078173585
2026-01-14 01:18:00,0.09868681
2026-01-14 01:19:00,0.14776841
2026-01-14 01:20:00,0.11648432
2026-01-14 01:21:00,0.08816192
2026-01-14 01:22:00,0.119084165
2026-01-14 01:23:00,0.101009645
2026-01-14 01:24:00,0.08271204
2026-01-14 01:25:00,0.1340524
2026-01-14 01:26:00,0.07630112
2026-01-14 01:27:00,0.16027991
2026-01-14 01:28:00,0.1308087
2026-01-14 01:29:00,0.16289178
2026-01-14 01:30:00,0.15340935
2026-01-14 01:31:00,0.15991446
2026-01-14 01:32:00,0.14455591
2026-01-14 01:33:00,0.17522345
2026-01-14 01:34:00,0.15530469
2026-01-14 01:35:00,0.12797785
2026-01-14 01:36:00,0.19831221
2026-01-14 01:37:00,0.1916852
2026-01-14 01:38:00,0.15740919
2026-01-14 01:39:00,0.09331579
2026-01-14 01:40:00,0.16860881
2026-01-14 01:41:00,0.14120287
2026-01-14 01:42:00,0.22056472
2026-01-14 01:43:00,0.2270833
2026-01-14 01:44:00,0.4549665
2026-01-14 01:45:00,0.41041318
2026-01-14 01:46:00,0.45547187
2026-01-14 01:47:00,0.32405072
2026-01-14 01:48:00,0.6056978
2026-01-14 01:49:00,0.5141585
2026-01-14 01:50:00,0.43940428
2026-01-14 01:51:00,0.3911812
2026-01-14 01:52:00,0.33516312
2026-01-14 01:53:00,0.30588213
2026-01-14 01:54:00,0.27382618
2026-01-14 01:55:00,0.19548838
2026-01-14 01:56:00,0.19347708
2026-01-14 01:57:00,0.20687465
2026-01-14 01:58:00,0.17040646
2026-01-14 01:59:00,0.23451471
2026-01-14 02:00:00,0.2732403
2026-01-14 02:01:00,0.29006034
2026-01-14 02:02:00,0.30575788
2026-01-14 02:03:00,0.28871694
2026-01-14 02:04:00,0.3179765
2026-01-14 02:05:00,0.36247477
2026-01-14 02:06:00,0.37324095
2026-01-14 02:07:00,0.32829538
2026-01-14 02:08:00,0.3084063
2026-01-14 02:09:00,0.3148422
2026-01-14 02:10:00,0.33149567
2026-01-14 02:11:00,0.3103527
2026-01-14 02:12:00,0.27145237
2026-01-14 02:13:00,0.32181245
2026-01-14 02:14:00,0.2619769
2026-01-14 02:15:00,0.21225083
2026-01-14 02:16:00,0.15114506
2026-01-14 02:17:00,0.1103375
2026-01-14 02:18:00,0.16049102
2026-01-14 02:19:00,0.2080275
2026-01-14 02:20:00,0.19761768
2026-01-14 02:21:00,0.21090356
2026-01-14 02:22:00,0.20289971
2026-01-14 02:23:00,0.14832106
2026-01-14 02:24:00,0.23455416
2026-01-14 02:25:00,0.28019467
2026-01-14 02:26:00,0.28141078
2026-01-14 02:27:00,0.23415609
2026-01-14 02:28:00,0.21595815
2026-01-14 02:29:00,0.18055408
2026-01-14 02:30:00,0.17961994
2026-01-14 02:31:00,0.1872912
2026-01-14 02:32:00,0.16834365
2026-01-14 02:33:00,0.106417134
2026-01-14 02:34:00,0.19294028
2026-01-14 02:35:00,0.19679692
2026-01-14 02:36:00,0.20914434
2026-01-14 02:37:00,0.18538062
2026-01-14 02:38:00,0.117970735
2026-01-14 02:39:00,0.115138985
2026-01-14 02:40:00,0.102973945
2026-01-14 02:41:00,0.13312954
2026-01-14 02:42:00,0.1687717
2026-01-14 02:43:00,0.19595805
2026-01-14 02:44:00,0.22993682
2026-01-14 02:45:00,0.29385084
2026-01-14 02:46:00,0.29613715
2026-01-14 02:47:00,0.32665324
2026-01-14 02:48:00,0.3305522
2026-01-14 02:49:00,0.23842187
2026-01-14 02:50:00,0.22352129
2026-01-14 02:51:00,0.18132399
2026-01-14 02:52:00,0.18650733
2026-01-14 02:53:00,0.15041752
2026-01-14 02:54:00,0.173122
2026-01-14 02:55:00,0.20906365
2026-01-14 02:56:00,0.25107148
2026-01-14 02:57:00,0.30638638
2026-01-14 02:58:00,0.2255049
2026-01-14 02:59:00,0.1702153
2026-01-14 03:00:00,0.2844621
2026-01-14 03:01:00,0.31287828
2026-01-14 03:02:00,0.30765912
2026-01-14 03:03:00,0.29520229
2026-01-14 03:04:00,0.28022745
2026-01-14 03:05:00,0.19141674
2026-01-14 03:06:00,0.15620933
2026-01-14 03:07:00,0.15027973
2026-01-14 03:08:00,0.12070616
2026-01-14 03:09:00,0.098769784
2026-01-14 03:10:00,0.20438553
2026-01-14 03:11:00,0.18917939
2026-01-14 03:12:00,0.19642356
2026-01-14 03:13:00,0.20170797
2026-01-14 03:14:00,0.22048986
2026-01-14 03:15:00,0.19514298
2026-01-14 03:16:00,0.24083811
2026-01-14 03:17:00,0.25078475
2026-01-14 03:18:00,0.19075066
2026-01-14 03:19:00,0.18274996
2026-01-14 03:20:00,0.17284799
2026-01-14 03:21:00,0.16194214
2026-01-14 03:22:00,0.18105206
2026-01-14 03:23:00,0.20369534
2026-01-14 03:24:00,0.21984948
2026-01-14 03:25:00,0.22764717
2026-01-14 03:26:00,0.22473553
2026-01-14 03:27:00,0.13262881
2026-01-14 03:28:00,0.16510056
2026-01-14 03:29:00,0.1834392
2026-01-14 03:30:00,0.14143245
2026-01-14 03:31:00,0.15344651
2026-01-14 03:32:00,0.17924042
2026-01-14 03:33:00,0.22395006
2026-01-14 03:34:00,0.23869218
2026-01-14 03:35:00,0.24475424
2026-01-14 03:36:00,0.27538562
2026-01-14 03:37:00,0.25348163
2026-01-14 03:38:00,0.26211953
2026-01-14 03:39:00,0.22878976
2026-01-14 03:40:00,0.267431
2026-01-14 03:41:00,0.19422899
2026-01-14 03:42:00,0.22398967
2026-01-14 03:43:00,0.2194571
2026-01-14 03:44:00,0.25324327
2026-01-14 03:45:00,0.21453838
2026-01-14 03:46:00,0.21380033
2026-01-14 03:47:00,0.21199669
2026-01-14 03:48:00,0.22531717
2026-01-14 03:49:00,0.17836405
2026-01-14 03:50:00,0.20256834
2026-01-14 03:51:00,0.12560214
2026-01-14 03:52:00,0.101965755
2026-01-14 03:53:00,0.05
2026-01-14 03:54:00,0.08727297
2026-01-14 03:55:00,0.1095742
2026-01-14 03:56:00,0.1323788
2026-01-14 03:57:00,0.1940964
2026-01-14 03:58:00,0.17936286
2026-01-14 03:59:00,0.20288081
2026-01-14 04:00:00,0.20282668
2026-01-14 04:01:00,0.19673866
2026-01-14 04:02:00,0.24690434
2026-01-14 04:03:00,0.32411933
2026-01-14 04:04:00,0.2946759
2026-01-14 04:05:00,0.31824818
2026-01-14 04:06:00,0.31940353
2026-01-14 04:07:00,0.3209994
2026-01-14 04:08:00,0.3331041
2026-01-14 04:09:00,0.30574912
2026-01-14 04:10:00,0.25758374
2026-01-14 04:11:00,0.30087283
2026-01-14 04:12:00,0.2536618
2026-01-14 04:13:00,0.23012324
2026-01-14 04:14:00,0.21077845
2026-01-14 04:15:00,0.1716481
2026-01-14 04:16:00,0.1776099
2026-01-14 04:17:00,0.17254268
2026-01-14 04:18:00,0.14168255
2026-01-14 04:19:00,0.1485012
2026-01-14 04:20:00,0.14796323
2026-01-14 04:21:00,0.18630978
2026-01-14 04:22:00,0.13120292
2026-01-14 04:23:00,0.102195956
2026-01-14 04:24:00,0.13698642
2026-01-14 04:25:00,0.11460678
2026-01-14 04:26:00,0.08365758
2026-01-14 04:27:00,0.067871995
2026-01-14 04:28:00,0.07306596
2026-01-14 04:29:00,0.078125075
2026-01-14 04:30:00,0.07838421
2026-01-14 04:31:00,0.05
2026-01-14 04:32:00,0.088341616
2026-01-14 04:33:00,0.14952327
2026-01-14 04:34:00,0.07642891
2026-01-14 04:35:00,0.05
2026-01-14 04:36:00,0.077209346
2026-01-14 04:37:00,0.1493381
2026-01-14 04:38:00,0.06780814
2026-01-14 04:39:00,0.11065377
2026-01-14 04:40:00,0.1830365
2026-01-14 04:41:00,0.14968264
2026-01-14 04:42:00,0.21674497
2026-01-14 04:43:00,0.20819972
2026-01-14 04:44:00,0.2201066
2026-01-14 04:45:00,0.18976887
2026-01-14 04:46:00,0.23073101
2026-01-14 04:47:00,0.7900225
2026-01-14 04:48:00,0.7592149
2026-01-14 04:49:00,0.72907734
2026-01-14 04:50:00,0.65121853
2026-01-14 04:51:00,0.71074426
2026-01-14 04:52:00,0.7005085
2026-01-14 04:53:00,0.6630408
2026-01-14 04:54:00,0.5706504
2026-01-14 04:55:00,0.46728832
2026-01-14 04:56:00,0.37802747
2026-01-14 04:57:00,0.31836754
2026-01-14 04:58:00,0.35757494
2026-01-14 04:59:00,0.3594063
2026-01-14 05:00:00,0.31820664
2026-01-14 05:01:00,0.30034435
2026-01-14 05:02:00,0.27981913
2026-01-14 05:03:00,0.30390146
2026-01-14 05:04:00,0.2594507
2026-01-14 05:05:00,0.26815575
2026-01-14 05:06:00,0.2745694
2026-01-14 05:07:00,0.23484232
2026-01-14 05:08:00,0.29605097
2026-01-14 05:09:00,0.27726313
2026-01-14 05:10:00,0.23230232
2026-01-14 05:11:00,0.26494837
2026-01-14 05:12:00,0.26321054
2026-01-14 05:13:00,0.27591455
2026-01-14 05:14:00,0.22400896
2026-01-14 05:15:00,0.25625888
2026-01-14 05:16:00,0.34043884
2026-01-14 05:17:00,0.28057554
2026-01-14 05:18:00,0.29027817
2026-01-14 05:19:00,0.2537138
2026-01-14 05:20:00,0.35915676
2026-01-14 05:21:00,0.39824748
2026-01-14 05:22:00,0.3959892
2026-01-14 05:23:00,0.33358958
2026-01-14 05:24:00,0.2859295
2026-01-14 05:25:00,0.31144908
2026-01-14 05:26:00,0.2506488
2026-01-14 05:27:00,0.19603916
2026-01-14 05:28:00,0.19946675
2026-01-14 05:29:00,0.20767365
2026-01-14 05:30:00,0.2251582
2026-01-14 05:31:00,0.20853099
2026-01-14 05:32:00,0.24768981
2026-01-14 05:33:00,0.2125063
2026-01-14 05:34:00,0.23974447
2026-01-14 05:35:00,0.24837123
2026-01-14 05:36:00,0.2718375
2026-01-14 05:37:00,0.31674898
2026-01-14 05:38:00,0.29264283
2026-01-14 05:39:00,0.26230395
2026-01-14 05:40:00,0.19336814
2026-01-14 05:41:00,0.11679155
2026-01-14 05:42:00,0.12013097
2026-01-14 05:43:00,0.12601015
2026-01-14 05:44:00,0.09234552
2026-01-14 05:45:00,0.07004247
2026-01-14 05:46:00,0.14537495
2026-01-14 05:47:00,0.18884555
2026-01-14 05:48:00,0.14341001
2026-01-14 05:49:00,0.13444917
2026-01-14 05:50:00,0.16020882
2026-01-14 05:51:00,0.1426793
2026-01-14 05:52:00,0.11933222
2026-01-14 05:53:00,0.11674084
2026-01-14 05:54:00,0.17158313
2026-01-14 05:55:00,0.22573787
2026-01-14 05:56:00,0.19895664
2026-01-14 05:57:00,0.22222826
2026-01-14 05:58:00,0.2250302
2026-01-14 05:59:00,0.18760572
2026-01-14 06:00:00,0.18169245
2026-01-14 06:01:00,0.13763675
2026-01-14 06:02:00,0.19426814
2026-01-14 06:03:00,0.2620168
2026-01-14 06:04:00,0.24589506
2026-01-14 06:05:00,0.22159417
2026-01-14 06:06:00,0.2674558
2026-01-14 06:07:00,0.31618223
2026-01-14 06:08:00,0.26785988
2026-01-14 06:09:00,0.26212978
2026-01-14 06:10:00,0.2604943
2026-01-14 06:11:00,0.23058812
2026-01-14 06:12:00,0.24941692
2026-01-14 06:13:00,0.22337458
2026-01-14 06:14:00,0.20587534
2026-01-14 06:15:00,0.20740521
2026-01-14 06:16:00,0.15337645
2026-01-14 06:17:00,0.91738015
2026-01-14 06:18:00,0.8193588
2026-01-14 06:19:00,0.6779623
2026-01-14 06:20:00,0.67530215
2026-01-14 06:21:00,0.6765291
2026-01-14 06:22:00,0.5868987
2026-01-14 06:23:00,0.6251394
2026-01-14 06:24:00,0.6099162
2026-01-14 06:25:00,0.5372452
2026-01-14 06:26:00,0.3967531
2026-01-14 06:27:00,0.40145096
2026-01-14 06:28:00,0.38209563
2026-01-14 06:29:00,0.38243425
2026-01-14 06:30:00,0.3581084
2026-01-14 06:31:00,0.300593
2026-01-14 06:32:00,0.27756688
2026-01-14 06:33:00,0.302739
2026-01-14 06:34:00,0.2842981
2026-01-14 06:35:00,0.267794
2026-01-14 06:36:00,0.2068416
2026-01-14 06:37:00,0.21568623
2026-01-14 06:38:00,0.17611927
2026-01-14 06:39:00,0.2212949
2026-01-14 06:40:00,0.19705918
2026-01-14 06:41:00,0.8400718
2026-01-14 06:42:00,0.818004
2026-01-14 06:43:00,0.71073776
2026-01-14 06:44:00,0.6164303
2026-01-14 06:45:00,0.5787136
2026-01-14 06:46:00,0.455751
2026-01-14 06:47:00,0.46947098
2026-01-14 06:48:00,0.47626236
2026-01-14 06:49:00,0.46738836
2026-01-14 06:50:00,0.30617502
2026-01-14 06:51:00,0.28505015
2026-01-14 06:52:00,0.2271276
2026-01-14 06:53:00,0.27141276
2026-01-14 06:54:00,0.31069678
2026-01-14 06:55:00,0.32142052
2026-01-14 06:56:00,0.26861
2026-01-14 06:57:00,0.32872835
2026-01-14 06:58:00,0.31445104
2026-01-14 06:59:00,0.38458917
2026-01-14 07:00:00,0.3879963
2026-01-14 07:01:00,0.40119445
2026-01-14 07:02:00,0.37499943
2026-01-14 07:03:00,0.42588875
2026-01-14 07:04:00,0.4410244
2026-01-14 07:05:00,0.48855296
2026-01-14 07:06:00,0.48186383
2026-01-14 07:07:00,0.4669031
2026-01-14 07:08:00,0.47898436
2026-01-14 07:09:00,0.5241391
2026-01-14 07:10:00,0.5487806
2026-01-14 07:11:00,0.53643185
2026-01-14 07:12:00,0.44536653
2026-01-14 07:13:00,0.46839717
2026-01-14 07:14:00,0.39972278
2026-01-14 07:15:00,0.3955873
2026-01-14 07:16:00,0.38584465
2026-01-14 07:17:00,0.32489112
2026-01-14 07:18:00,0.3405121
2026-01-14 07:19:00,0.42624125
2026-01-14 07:20:00,0.4065188
2026-01-14 07:21:00,0.43159577
2026-01-14 07:22:00,0.5183401
2026-01-14 07:23:00,0.53850204
2026-01-14 07:24:00,0.4968322
2026-01-14 07:25:00,0.49384904
2026-01-14 07:26:00,0.5009334
2026-01-14 07:27:00,0.5456502
2026-01-14 07:28:00,0.5780766
2026-01-14 07:29:00,0.44862875
2026-01-14 07:30:00,0.40616083
2026-01-14 07:31:00,0.39861417
2026-01-14 07:32:00,0.3539374
2026-01-14 07:33:00,0.20551896
2026-01-14 07:34:00,0.1880292
2026-01-14 07:35:00,0.20089507
2026-01-14 07:36:00,0.19194078
2026-01-14 07:37:00,0.16491243
2026-01-14 07:38:00,0.18165855
2026-01-14 07:39:00,0.20920572
2026-01-14 07:40:00,0.20215744
2026-01-14 07:41:00,0.2693623
2026-01-14 07:42:00,0.2787052
2026-01-14 07:43:00,0.2502071
2026-01-14 07:44:00,0.21394335
2026-01-14 07:45:00,0.2171188
2026-01-14 07:46:00,0.2731712
2026-01-14 07:47:00,0.2473303
2026-01-14 07:48:00,0.2804146
2026-01-14 07:49:00,0.29087442
2026-01-14 07:50:00,0.37651962
2026-01-14 07:51:00,0.39126894
2026-01-14 07:52:00,0.36137414
2026-01-14 07:53:00,0.39132968
2026-01-14 07:54:00,0.42030966
2026-01-14 07:55:00,0.40036467
2026-01-14 07:56:00,0.35141054
2026-01-14 07:57:00,0.37444857
2026-01-14 07:58:00,0.3768173
2026-01-14 07:59:00,0.31586832
2026-01-14 08:00:00,0.33071244
2026-01-14 08:01:00,0.30878273
2026-01-14 08:02:00,0.2535372
2026-01-14 08:03:00,0.24932484
2026-01-14 08:04:00,0.31092486
2026-01-14 08:05:00,0.36467648
2026-01-14 08:06:00,0.4037494
2026-01-14 08:07:00,0.41266942
2026-01-14 08:08:00,0.43401203
2026-01-14 08:09:00,0.4338346
2026-01-14 08:10:00,0.38559696
2026-01-14 08:11:00,0.34927356
2026-01-14 08:12:00,0.32786208
2026-01-14 08:13:00,0.38857818
2026-01-14 08:14:00,0.4315232
2026-01-14 08:15:00,0.38484275
2026-01-14 08:16:00,0.3873002
2026-01-14 08:17:00,0.3713937
2026-01-14 08:18:00,0.3667325
2026-01-14 08:19:00,0.34727886
2026-01-14 08:20:00,0.40712312
2026-01-14 08:21:00,0.405268
2026-01-14 08:22:00,0.4130358
2026-01-14 08:23:00,0.4205781
2026-01-14 08:24:00,0.37750757
2026-01-14 08:25:00,0.3834072
2026-01-14 08:26:00,0.42705682
2026-01-14 08:27:00,0.48370072
2026-01-14 08:28:00,0.431064
2026-01-14 08:29:00,0.36787778
2026-01-14 08:30:00,0.37304676
2026-01-14 08:31:00,0.419755
2026-01-14 08:32:00,0.43281353
2026-01-14 08:33:00,0.45772573
2026-01-14 08:34:00,0.3990934
2026-01-14 08:35:00,0.37675217
2026-01-14 08:36:00,0.2913032
2026-01-14 08:37:00,0.29490483
2026-01-14 08:38:00,0.2174187
2026-01-14 08:39:00,0.2860761
2026-01-14 08:40:00,0.3581966
2026-01-14 08:41:00,0.36804935
2026-01-14 08:42:00,0.31105417
2026-01-14 08:43:00,0.33421877
2026-01-14 08:44:00,0.41493553
2026-01-14 08:45:00,0.43392748
2026-01-14 08:46:00,0.47983816
2026-01-14 08:47:00,0.45533806
2026-01-14 08:48:00,0.417424
2026-01-14 08:49:00,0.4146246
2026-01-14 08:50:00,0.33788288
2026-01-14 08:51:00,0.43497953
2026-01-14 08:52:00,0.43939793
2026-01-14 08:53:00,0.47261465
2026-01-14 08:54:00,0.45010945
2026-01-14 08:55:00,0.386208
2026-01-14 08:56:00,0.446241
2026-01-14 08:57:00,0.3995408
2026-01-14 08:58:00,0.41556004
2026-01-14 08:59:00,0.43413323
2026-01-14 09:00:00,0.43652067
2026-01-14 09:01:00,0.40444088
2026-01-14 09:02:00,0.4003906
2026-01-14 09:03:00,0.3647124
2026-01-14 09:04:00,0.40232214
2026-01-14 09:05:00,0.42748225
2026-01-14 09:06:00,0.42697573
2026-01-14 09:07:00,0.40469566
2026-01-14 09:08:00,0.49128845
2026-01-14 09:09:00,0.43464202
2026-01-14 09:10:00,0.37288857
2026-01-14 09:11:00,0.3746427
2026-01-14 09:12:00,0.3692776
2026-01-14 09:13:00,0.41862944
2026-01-14 09:14:00,0.4460368
2026-01-14 09:15:00,0.44664997
2026-01-14 09:16:00,0.4661084
2026-01-14 09:17:00,0.48334488
2026-01-14 09:18:00,0.5641194
2026-01-14 09:19:00,0.5644854
2026-01-14 09:20:00,0.5275052
2026-01-14 09:21:00,0.52872723
2026-01-14 09:22:00,0.41722465
2026-01-14 09:23:00,0.41814363
2026-01-14 09:24:00,0.46407413
2026-01-14 09:25:00,0.48675784
2026-01-14 09:26:00,0.49554107
2026-01-14 09:27:00,0.51770806
2026-01-14 09:28:00,0.55632114
2026-01-14 09:29:00,0.6047829
2026-01-14 09:30:00,0.61031485
2026-01-14 09:31:00,0.5849196
2026-01-14 09:32:00,0.4817173
2026-01-14 09:33:00,0.5184965
2026-01-14 09:34:00,0.5338717
2026-01-14 09:35:00,0.5335722
2026-01-14 09:36:00,0.4997249
2026-01-14 09:37:00,0.5347699
2026-01-14 09:38:00,0.5181719
2026-01-14 09:39:00,0.5118702
2026-01-14 09:40:00,0.50526553
2026-01-14 09:41:00,0.5194782
2026-01-14 09:42:00,0.46866947
2026-01-14 09:43:00,0.49042755
2026-01-14 09:44:00,0.45916188
2026-01-14 09:45:00,0.431855
2026-01-14 09:46:00,0.46962827
2026-01-14 09:47:00,0.42922258
2026-01-14 09:48:00,0.4672415
2026-01-14 09:49:00,0.4709889
2026-01-14 09:50:00,0.4045035
2026-01-14 09:51:00,0.46389946
2026-01-14 09:52:00,0.47642702
2026-01-14 09:53:00,0.49135914
2026-01-14 09:54:00,0.52967286
2026-01-14 09:55:00,0.58465195
2026-01-14 09:56:00,0.58335584
2026-01-14 09:57:00,0.59886456
2026-01-14 09:58:00,0.6033389
2026-01-14 09:59:00,0.5789432
2026-01-14 10:00:00,0.5069262
2026-01-14 10:01:00,0.5126543
2026-01-14 10:02:00,0.56453395
2026-01-14 10:03:00,0.5804879
2026-01-14 10:04:00,0.5291838
2026-01-14 10:05:00,0.5686301
2026-01-14 10:06:00,0.54868895
2026-01-14 10:07:00,0.45908844
2026-01-14 10:08:00,0.5011005
2026-01-14 10:09:00,0.4612672
2026-01-14 10:10:00,0.5337116
2026-01-14 10:11:00,0.5750887
2026-01-14 10:12:00,0.55817866
2026-01-14 10:13:00,0.5701536
2026-01-14 10:14:00,0.6597983
2026-01-14 10:15:00,0.68536013
2026-01-14 10:16:00,0.67844945
2026-01-14 10:17:00,0.77817434
2026-01-14 10:18:00,0.75910246
2026-01-14 10:19:00,0.7601695
2026-01-14 10:20:00,0.70047355
2026-01-14 10:21:00,0.61605626
2026-01-14 10:22:00,0.5939119
2026-01-14 10:23:00,0.58663005
2026-01-14 10:24:00,0.5916072
2026-01-14 10:25:00,0.5262667
2026-01-14 10:26:00,0.54941285
2026-01-14 10:27:00,0.5111062
2026-01-14 10:28:00,0.53346974
2026-01-14 10:29:00,0.56713253
2026-01-14 10:30:00,0.54492515
2026-01-14 10:31:00,0.5018019
2026-01-14 10:32:00,0.56246686
2026-01-14 10:33:00,0.5914885
2026-01-14 10:34:00,0.58938986
2026-01-14 10:35:00,0.64015585
2026-01-14 10:36:00,0.6314922
2026-01-14 10:37:00,0.5954089
2026-01-14 10:38:00,0.5470021
2026-01-14 10:39:00,0.5382613
2026-01-14 10:40:00,0.5654375
2026-01-14 10:41:00,0.6151978
2026-01-14 10:42:00,0.60636365
2026-01-14 10:43:00,0.6458568
2026-01-14 10:44:00,0.6251304
2026-01-14 10:45:00,0.5834043
2026-01-14 10:46:00,0.52406263
2026-01-14 10:47:00,0.50150585
2026-01-14 10:48:00,0.45029128
2026-01-14 10:49:00,0.5343346
2026-01-14 10:50:00,0.5488795
2026-01-14 10:51:00,0.54089767
2026-01-14 10:52:00,0.606292
2026-01-14 10:53:00,0.5455167
2026-01-14 10:54:00,0.5362407
2026-01-14 10:55:00,0.61321145
2026-01-14 10:56:00,0.59830755
2026-01-14 10:57:00,0.68826145
2026-01-14 10:58:00,0.70460165
2026-01-14 10:59:00,0.74047804
2026-01-14 11:00:00,0.7746734
2026-01-14 11:01:00,0.7528314
2026-01-14 11:02:00,0.7131738
2026-01-14 11:03:00,0.69162893
2026-01-14 11:04:00,0.6369769
2026-01-14 11:05:00,0.62356436
2026-01-14 11:06:00,0.6137154
2026-01-14 11:07:00,0.6724279
2026-01-14 11:08:00,0.6826326
2026-01-14 11:09:00,0.7628219
2026-01-14 11:10:00,0.65573645
2026-01-14 11:11:00,0.5949444
2026-01-14 11:12:00,0.57350993
2026-01-14 11:13:00,0.6277297
2026-01-14 11:14:00,0.61355454
2026-01-14 11:15:00,0.5462086
2026-01-14 11:16:00,0.53318334
2026-01-14 11:17:00,0.4831257
2026-01-14 11:18:00,0.42925575
2026-01-14 11:19:00,0.5154174
2026-01-14 11:20:00,0.5006921
2026-01-14 11:21:00,0.5081586
2026-01-14 11:22:00,0.5044062
2026-01-14 11:23:00,0.49463493
2026-01-14 11:24:00,0.4621009
2026-01-14 11:25:00,0.4533925
2026-01-14 11:26:00,0.47131705
2026-01-14 11:27:00,0.5310848
2026-01-14 11:28:00,0.56724393
2026-01-14 11:29:00,0.5138707
2026-01-14 11:30:00,0.5530915
2026-01-14 11:31:00,0.56867063
2026-01-14 11:32:00,0.53901654
2026-01-14 11:33:00,0.5440266
2026-01-14 11:34:00,0.5642623
2026-01-14 11:35:00,0.5618882
2026-01-14 11:36:00,0.57704973
2026-01-14 11:37:00,0.53728837
2026-01-14 11:38:00,0.61495674
2026-01-14 11:39:00,0.529544
2026-01-14 11:40:00,0.5512665
2026-01-14 11:41:00,0.56282413
2026-01-14 11:42:00,0.58452046
2026-01-14 11:43:00,0.55044425
2026-01-14 11:44:00,0.5942123
2026-01-14 11:45:00,0.58340687
2026-01-14 11:46:00,0.5303512
2026-01-14 11:47:00,0.4852107
2026-01-14 11:48:00,0.49247608
2026-01-14 11:49:00,0.43032488
2026-01-14 11:50:00,0.50904036
2026-01-14 11:51:00,0.55140823
2026-01-14 11:52:00,0.62151635
2026-01-14 11:53:00,0.6818114
2026-01-14 11:54:00,0.65436167
2026-01-14 11:55:00,0.6084228
2026-01-14 11:56:00,0.4938327
2026-01-14 11:57:00,0.4792824
2026-01-14 11:58:00,0.55278236
2026-01-14 11:59:00,0.5166726
2026-01-14 12:00:00,0.50817883
2026-01-14 12:01:00,0.48658836
2026-01-14 12:02:00,0.50391716
2026-01-14 12:03:00,0.55631226
2026-01-14 12:04:00,0.4915127
2026-01-14 12:05:00,0.4395629
2026-01-14 12:06:00,0.505153
2026-01-14 12:07:00,0.53536147
2026-01-14 12:08:00,0.5234628
2026-01-14 12:09:00,0.59118164
2026-01-14 12:10:00,0.5306052
2026-01-14 12:11:00,0.56673104
2026-01-14 12:12:00,0.55999476
2026-01-14 12:13:00,0.58079445
2026-01-14 12:14:00,0.48018774
2026-01-14 12:15:00,0.47269258
2026-01-14 12:16:00,0.5057018
2026-01-14 12:17:00,0.5040696
2026-01-14 12:18:00,0.5553172
2026-01-14 12:19:00,0.60112906
2026-01-14 12:20:00,0.55606467
2026-01-14 12:21:00,0.58591074
2026-01-14 12:22:00,0.5407057
2026-01-14 12:23:00,0.5409866
2026-01-14 12:24:00,0.5653317
2026-01-14 12:25:00,0.52807444
2026-01-14 12:26:00,0.5586876
2026-01-14 12:27:00,0.53516155
2026-01-14 12:28:00,0.5105047
2026-01-14 12:29:00,0.5393148
2026-01-14 12:30:00,0.5041153
2026-01-14 12:31:00,0.46969697
2026-01-14 12:32:00,0.51515126
2026-01-14 12:33:00,0.5196644
2026-01-14 12:34:00,0.46130824
2026-01-14 12:35:00,0.5000095
2026-01-14 12:36:00,0.48512304
2026-01-14 12:37:00,0.43156883
2026-01-14 12:38:00,0.33812442
2026-01-14 12:39:00,0.38858187
2026-01-14 12:40:00,0.36446625
2026-01-14 12:41:00,0.32691932
2026-01-14 12:42:00,0.36770222
2026-01-14 12:43:00,0.41187388
2026-01-14 12:44:00,0.3887915
2026-01-14 12:45:00,0.43554065
2026-01-14 12:46:00,0.52423483
2026-01-14 12:47:00,0.5774988
2026-01-14 12:48:00,0.62027156
2026-01-14 12:49:00,0.62453926
2026-01-14 12:50:00,0.5981452
2026-01-14 12:51:00,0.5893691
2026-01-14 12:52:00,0.60115314
2026-01-14 12:53:00,0.54405683
2026-01-14 12:54:00,0.51104563
2026-01-14 12:55:00,0.45433244
2026-01-14 12:56:00,0.46866536
2026-01-14 12:57:00,0.47575754
2026-01-14 12:58:00,0.45284274
2026-01-14 12:59:00,0.49068
2026-01-14 13:00:00,0.45087653
2026-01-14 13:01:00,0.42843786
2026-01-14 13:02:00,0.46659827
2026-01-14 13:03:00,0.50762665
2026-01-14 13:04:00,0.47638002
2026-01-14 13:05:00,0.48873243
2026-01-14 13:06:00,0.4596509
2026-01-14 13:07:00,0.4561425
2026-01-14 13:08:00,0.46654943
2026-01-14 13:09:00,0.4927722
2026-01-14 13:10:00,0.50717175
2026-01-14 13:11:00,0.5186301
2026-01-14 13:12:00,0.47509158
2026-01-14 13:13:00,0.49369305
2026-01-14 13:14:00,0.5173036
2026-01-14 13:15:00,0.5445252
2026-01-14 13:16:00,0.5132159
2026-01-14 13:17:00,0.54980016
2026-01-14 13:18:00,0.49412906
2026-01-14 13:19:00,0.47835225
2026-01-14 13:20:00,0.47003314
2026-01-14 13:21:00,0.4228872
2026-01-14 13:22:00,0.41836378
2026-01-14 13:23:00,0.43467247
2026-01-14 13:24:00,0.36776862
2026-01-14 13:25:00,0.3634423
2026-01-14 13:26:00,0.30529517
2026-01-14 13:27:00,0.40337867
2026-01-14 13:28:00,0.42043447
2026-01-14 13:29:00,0.4326399
2026-01-14 13:30:00,0.4480989
2026-01-14 13:31:00,0.47719896
2026-01-14 13:32:00,0.5188959
2026-01-14 13:33:00,0.45556802
2026-01-14 13:34:00,0.5122345
2026-01-14 13:35:00,0.5617721
2026-01-14 13:36:00,0.55483806
2026-01-14 13:37:00,0.5463413
2026-01-14 13:38:00,0.41914052
2026-01-14 13:39:00,0.3764438
2026-01-14 13:40:00,0.4076533
2026-01-14 13:41:00,0.46361327
2026-01-14 13:42:00,0.4962014
2026-01-14 13:43:00,0.49397624
2026-01-14 13:44:00,0.5719681
2026-01-14 13:45:00,0.6068679
2026-01-14 13:46:00,0.58299047
2026-01-14 13:47:00,0.66403514
2026-01-14 13:48:00,0.6074393
2026-01-14 13:49:00,0.540318
2026-01-14 13:50:00,0.5205692
2026-01-14 13:51:00,0.48887208
2026-01-14 13:52:00,0.47543183
2026-01-14 13:53:00,0.5095601
2026-01-14 13:54:00,0.5076474
2026-01-14 13:55:00,0.5068868
2026-01-14 13:56:00,0.5088429
2026-01-14 13:57:00,0.4157679
2026-01-14 13:58:00,0.36199227
2026-01-14 13:59:00,0.35768703
2026-01-14 14:00:00,0.3353915
2026-01-14 14:01:00,0.33929494
2026-01-14 14:02:00,0.4082921
2026-01-14 14:03:00,0.54328996
2026-01-14 14:04:00,0.47378382
2026-01-14 14:05:00,0.43332174
2026-01-14 14:06:00,0.49814066
2026-01-14 14:07:00,0.5522002
2026-01-14 14:08:00,0.5657347
2026-01-14 14:09:00,0.49288255
2026-01-14 14:10:00,0.50146884
2026-01-14 14:11:00,0.5131253
2026-01-14 14:12:00,0.51007533
2026-01-14 14:13:00,0.4838937
2026-01-14 14:14:00,0.4684613
2026-01-14 14:15:00,0.44346836
2026-01-14 14:16:00,0.4004901
2026-01-14 14:17:00,0.46157417
2026-01-14 14:18:00,0.4985666
2026-01-14 14:19:00,0.48601958
2026-01-14 14:20:00,0.5000436
2026-01-14 14:21:00,0.51450765
2026-01-14 14:22:00,0.9428921
2026-01-14 14:23:00,0.9076234
2026-01-14 14:24:00,0.8797445
2026-01-14 14:25:00,0.827203
2026-01-14 14:26:00,0.7640436
2026-01-14 14:27:00,0.7819567
2026-01-14 14:28:00,0.7719458
2026-01-14 14:29:00,0.7056915
2026-01-14 14:30:00,0.6978936
2026-01-14 14:31:00,0.70754486
2026-01-14 14:32:00,0.600305
2026-01-14 14:33:00,0.54956627
2026-01-14 14:34:00,0.55509186
2026-01-14 14:35:00,0.46933383
2026-01-14 14:36:00,0.39729267
2026-01-14 14:37:00,0.39126247
2026-01-14 14:38:00,0.41653195
2026-01-14 14:39:00,0.44189775
2026-01-14 14:40:00,0.5072307
2026-01-14 14:41:00,0.507497
2026-01-14 14:42:00,0.48967272
2026-01-14 14:43:00,0.43598214
2026-01-14 14:44:00,0.42356643
2026-01-14 14:45:00,0.45587942
2026-01-14 14:46:00,0.48744687
2026-01-14 14:47:00,0.49698225
2026-01-14 14:48:00,0.5170602
2026-01-14 14:49:00,0.5646986
2026-01-14 14:50:00,0.5604692
2026-01-14 14:51:00,0.6082412
2026-01-14 14:52:00,0.56840837
2026-01-14 14:53:00,0.5578674
2026-01-14 14:54:00,0.5318352
2026-01-14 14:55:00,0.55879104
2026-01-14 14:56:00,0.51126415
2026-01-14 14:57:00,0.49520713
2026-01-14 14:58:00,0.41887534
2026-01-14 14:59:00,0.44676763
2026-01-14 15:00:00,0.49847913
2026-01-14 15:01:00,0.53256327
2026-01-14 15:02:00,0.5599492
2026-01-14 15:03:00,0.586166
2026-01-14 15:04:00,0.6046473
2026-01-14 15:05:00,0.6181874
2026-01-14 15:06:00,0.63317364
2026-01-14 15:07:00,0.5935252
2026-01-14 15:08:00,0.57521564
2026-01-14 15:09:00,0.56913525
2026-01-14 15:10:00,0.5472498
2026-01-14 15:11:00,0.47783706
2026-01-14 15:12:00,0.4271749
2026-01-14 15:13:00,0.43911028
2026-01-14 15:14:00,0.47706756
2026-01-14 15:15:00,0.4760753
2026-01-14 15:16:00,0.5853256
2026-01-14 15:17:00,0.53839606
2026-01-14 15:18:00,0.54975235
2026-01-14 15:19:00,0.5939935
2026-01-14 15:20:00,0.6256168
2026-01-14 15:21:00,0.63822806
2026-01-14 15:22:00,0.66637975
2026-01-14 15:23:00,0.65162647
2026-01-14 15:24:00,0.70229405
2026-01-14 15:25:00,0.7336602
2026-01-14 15:26:00,0.67704207
2026-01-14 15:27:00,0.6718454
2026-01-14 15:28:00,0.59224975
2026-01-14 15:29:00,0.64172465
2026-01-14 15:30:00,0.63527846
2026-01-14 15:31:00,0.6742685
2026-01-14 15:32:00,0.65175265
2026-01-14 15:33:00,0.56109995
2026-01-14 15:34:00,0.6573827
2026-01-14 15:35:00,0.6456493
2026-01-14 15:36:00,0.58953995
2026-01-14 15:37:00,0.62369514
2026-01-14 15:38:00,0.69065833
2026-01-14 15:39:00,0.662669
2026-01-14 15:40:00,0.6409826
2026-01-14 15:41:00,0.6344584
2026-01-14 15:42:00,0.5744309
2026-01-14 15:43:00,0.53595275
2026-01-14 15:44:00,0.5993914
2026-01-14 15:45:00,0.58112407
2026-01-14 15:46:00,0.53603834
2026-01-14 15:47:00,0.5099139
2026-01-14 15:48:00,0.54680765
2026-01-14 15:49:00,0.45873427
2026-01-14 15:50:00,0.46686164
2026-01-14 15:51:00,0.5625742
2026-01-14 15:52:00,0.6333159
2026-01-14 15:53:00,0.64001596
2026-01-14 15:54:00,0.6758414
2026-01-14 15:55:00,0.7083477
2026-01-14 15:56:00,0.6808775
2026-01-14 15:57:00,0.6975616
2026-01-14 15:58:00,0.74739325
2026-01-14 15:59:00,0.6710749
2026-01-14 16:00:00,0.67440856
2026-01-14 16:01:00,0.6687983
2026-01-14 16:02:00,0.653234
2026-01-14 16:03:00,0.6353027
2026-01-14 16:04:00,0.62741643
2026-01-14 16:05:00,0.62344575
2026-01-14 16:06:00,0.6518429
2026-01-14 16:07:00,0.6522123
2026-01-14 16:08:00,0.62630445
2026-01-14 16:09:00,0.575915
2026-01-14 16:10:00,0.54418314
2026-01-14 16:11:00,0.5442613
2026-01-14 16:12:00,0.5055705
2026-01-14 16:13:00,0.5359794
2026-01-14 16:14:00,0.543249
2026-01-14 16:15:00,0.578402
2026-01-14 16:16:00,0.5393746
2026-01-14 16:17:00,0.495705
2026-01-14 16:18:00,0.5341392
2026-01-14 16:19:00,0.52917963
2026-01-14 16:20:00,0.51124275
2026-01-14 16:21:00,0.5307124
2026-01-14 16:22:00,0.5470604
2026-01-14 16:23:00,0.48533604
2026-01-14 16:24:00,0.5340898
2026-01-14 16:25:00,0.50706476
2026-01-14 16:26:00,0.5665421
2026-01-14 16:27:00,0.49984172
2026-01-14 16:28:00,0.5044381
2026-01-14 16:29:00,0.48846868
2026-01-14 16:30:00,0.4021147
2026-01-14 16:31:00,0.42792895
2026-01-14 16:32:00,0.3483143
2026-01-14 16:33:00,0.34028134
2026-01-14 16:34:00,0.38865033
2026-01-14 16:35:00,0.36769867
2026-01-14 16:36:00,0.33339638
2026-01-14 16:37:00,0.36992282
2026-01-14 16:38:00,0.3614529
2026-01-14 16:39:00,0.34735945
2026-01-14 16:40:00,0.40151587
2026-01-14 16:41:00,0.35356906
2026-01-14 16:42:00,0.3376848
2026-01-14 16:43:00,0.37603322
2026-01-14 16:44:00,0.32729748
2026-01-14 16:45:00,0.40267178
2026-01-14 16:46:00,0.39224753
2026-01-14 16:47:00,0.4262312
2026-01-14 16:48:00,0.4573313
2026-01-14 16:49:00,0.44487312
2026-01-14 16:50:00,0.42026109
2026-01-14 16:51:00,0.41497818
2026-01-14 16:52:00,0.440262
2026-01-14 16:53:00,0.3954767
2026-01-14 16:54:00,0.34551865
2026-01-14 16:55:00,0.40697333
2026-01-14 16:56:00,0.37466678
2026-01-14 16:57:00,0.3884196
2026-01-14 16:58:00,0.37873787
2026-01-14 16:59:00,0.37152117
2026-01-14 17:00:00,0.4283289
2026-01-14 17:01:00,0.41988638
2026-01-14 17:02:00,0.4011695
2026-01-14 17:03:00,0.38735086
2026-01-14 17:04:00,0.36520424
2026-01-14 17:05:00,0.33808023
2026-01-14 17:06:00,0.3198679
2026-01-14 17:07:00,0.38953474
2026-01-14 17:08:00,0.41547513
2026-01-14 17:09:00,0.3969885
2026-01-14 17:10:00,0.4329704
2026-01-14 17:11:00,0.36323518
2026-01-14 17:12:00,0.41750893
2026-01-14 17:13:00,0.46413505
2026-01-14 17:14:00,0.5445933
2026-01-14 17:15:00,0.5695385
2026-01-14 17:16:00,0.56943023
2026-01-14 17:17:00,0.60340166
2026-01-14 17:18:00,0.557892
2026-01-14 17:19:00,0.5251534
2026-01-14 17:20:00,0.50819516
2026-01-14 17:21:00,0.54983306
2026-01-14 17:22:00,0.49906376
2026-01-14 17:23:00,0.44802287
2026-01-14 17:24:00,0.44892338
2026-01-14 17:25:00,0.46890557
2026-01-14 17:26:00,0.43037868
2026-01-14 17:27:00,0.4497878
2026-01-14 17:28:00,0.49547726
2026-01-14 17:29:00,0.5307078
2026-01-14 17:30:00,0.5291468
2026-01-14 17:31:00,0.5098687
2026-01-14 17:32:00,0.5650953
2026-01-14 17:33:00,0.54700845
2026-01-14 17:34:00,0.56728005
2026-01-14 17:35:00,0.6265604
2026-01-14 17:36:00,0.6360912
2026-01-14 17:37:00,0.5714784
2026-01-14 17:38:00,0.5022707
2026-01-14 17:39:00,0.47616854
2026-01-14 17:40:00,0.49235293
2026-01-14 17:41:00,0.4965672
2026-01-14 17:42:00,0.5708493
2026-01-14 17:43:00,0.568221
2026-01-14 17:44:00,0.53521603
2026-01-14 17:45:00,0.47252858
2026-01-14 17:46:00,0.50732034
2026-01-14 17:47:00,0.49178186
2026-01-14 17:48:00,0.41739634
2026-01-14 17:49:00,0.4100107
2026-01-14 17:50:00,0.36240897
2026-01-14 17:51:00,0.3413324
2026-01-14 17:52:00,0.33912817
2026-01-14 17:53:00,0.30055848
2026-01-14 17:54:00,0.28168955
2026-01-14 17:55:00,0.25398332
2026-01-14 17:56:00,0.22947988
2026-01-14 17:57:00,0.19522049
2026-01-14 17:58:00,0.18462516
2026-01-14 17:59:00,0.1583132
2026-01-14 18:00:00,0.19327062
2026-01-14 18:01:00,0.20991322
2026-01-14 18:02:00,0.2648942
2026-01-14 18:03:00,0.3430694
2026-01-14 18:04:00,0.3665287
2026-01-14 18:05:00,0.37891498
2026-01-14 18:06:00,0.4018537
2026-01-14 18:07:00,0.41192076
2026-01-14 18:08:00,0.40444025
2026-01-14 18:09:00,0.39429063
2026-01-14 18:10:00,0.3451727
2026-01-14 18:11:00,0.37432134
2026-01-14 18:12:00,0.36624312
2026-01-14 18:13:00,0.41795737
2026-01-14 18:14:00,0.4440729
2026-01-14 18:15:00,0.40636945
2026-01-14 18:16:00,0.44650188
2026-01-14 18:17:00,0.3310403
2026-01-14 18:18:00,0.40436834
2026-01-14 18:19:00,0.3409974
2026-01-14 18:20:00,0.3559526
2026-01-14 18:21:00,0.36691776
2026-01-14 18:22:00,0.40477207
2026-01-14 18:23:00,0.38141587
2026-01-14 18:24:00,0.2871698
2026-01-14 18:25:00,0.27310726
2026-01-14 18:26:00,0.2644094
2026-01-14 18:27:00,0.18312095
2026-01-14 18:28:00,0.19203301
2026-01-14 18:29:00,0.15529814
2026-01-14 18:30:00,0.19041462
2026-01-14 18:31:00,0.18683037
2026-01-14 18:32:00,0.27173513
2026-01-14 18:33:00,0.261072
2026-01-14 18:34:00,0.27864024
2026-01-14 18:35:00,0.26898015
2026-01-14 18:36:00,0.20360073
2026-01-14 18:37:00,0.20010978
2026-01-14 18:38:00,0.23513916
2026-01-14 18:39:00,0.26122537
2026-01-14 18:40:00,0.24933065
2026-01-14 18:41:00,0.19176437
2026-01-14 18:42:00,0.22276849
2026-01-14 18:43:00,0.24221008
2026-01-14 18:44:00,0.2769701
2026-01-14 18:45:00,0.26416534
2026-01-14 18:46:00,0.19589154
2026-01-14 18:47:00,0.22172228
2026-01-14 18:48:00,0.22368781
2026-01-14 18:49:00,0.2814467
2026-01-14 18:50:00,0.2799845
2026-01-14 18:51:00,0.27558914
2026-01-14 18:52:00,0.28997225
2026-01-14 18:53:00,0.26255545
2026-01-14 18:54:00,0.2353221
2026-01-14 18:55:00,0.23207553
2026-01-14 18:56:00,0.19610687
2026-01-14 18:57:00,0.19058694
2026-01-14 18:58:00,0.27217385
2026-01-14 18:59:00,0.31127587
2026-01-14 19:00:00,0.3177852
2026-01-14 19:01:00,0.37343886
2026-01-14 19:02:00,0.329497
2026-01-14 19:03:00,0.42160377
2026-01-14 19:04:00,0.38822433
2026-01-14 19:05:00,0.4560078
2026-01-14 19:06:00,0.5181129
2026-01-14 19:07:00,0.42506492
2026-01-14 19:08:00,0.4681944
2026-01-14 19:09:00,0.43775445
2026-01-14 19:10:00,0.3983085
2026-01-14 19:11:00,0.40564388
2026-01-14 19:12:00,0.35101184
2026-01-14 19:13:00,0.3610686
2026-01-14 19:14:00,0.31253114
2026-01-14 19:15:00,0.69499826
2026-01-14 19:16:00,0.6723888
2026-01-14 19:17:00,0.6204417
2026-01-14 19:18:00,0.5483661
2026-01-14 19:19:00,0.5226571
2026-01-14 19:20:00,0.42480832
2026-01-14 19:21:00,0.36052838
2026-01-14 19:22:00,0.32021055
2026-01-14 19:23:00,0.33381984
2026-01-14 19:24:00,0.33273867
2026-01-14 19:25:00,0.3382503
2026-01-14 19:26:00,0.32189763
2026-01-14 19:27:00,0.27729547
2026-01-14 19:28:00,0.32801113
2026-01-14 19:29:00,0.28779456
2026-01-14 19:30:00,0.2959158
2026-01-14 19:31:00,0.2824951
2026-01-14 19:32:00,0.29742873
2026-01-14 19:33:00,0.2646422
2026-01-14 19:34:00,0.30096745
2026-01-14 19:35:00,0.34753072
2026-01-14 19:36:00,0.37497622
2026-01-14 19:37:00,0.36693525
2026-01-14 19:38:00,0.33586153
2026-01-14 19:39:00,0.43757817
2026-01-14 19:40:00,0.37860757
2026-01-14 19:41:00,0.3992556
2026-01-14 19:42:00,0.39629054
2026-01-14 19:43:00,0.37771782
2026-01-14 19:44:00,0.37050015
2026-01-14 19:45:00,0.33600038
2026-01-14 19:46:00,0.3417025
2026-01-14 19:47:00,0.34248662
2026-01-14 19:48:00,0.43758562
2026-01-14 19:49:00,0.46074548
2026-01-14 19:50:00,0.45979518
2026-01-14 19:51:00,0.46124655
2026-01-14 19:52:00,0.5130784
2026-01-14 19:53:00,0.44830164
2026-01-14 19:54:00,0.42015055
2026-01-14 19:55:00,0.32521054
2026-01-14 19:56:00,0.3364371
2026-01-14 19:57:00,0.3582761
2026-01-14 19:58:00,0.30455142
2026-01-14 19:59:00,0.35228622
2026-01-14 20:00:00,0.3099781
2026-01-14 20:01:00,0.28604537
2026-01-14 20:02:00,0.28244302
2026-01-14 20:03:00,0.3380485
2026-01-14 20:04:00,0.29104438
2026-01-14 20:05:00,0.29371315
2026-01-14 20:06:00,0.315447
2026-01-14 20:07:00,0.32712257
2026-01-14 20:08:00,0.33927667
2026-01-14 20:09:00,0.356638
2026-01-14 20:10:00,0.31989735
2026-01-14 20:11:00,0.37573206
2026-01-14 20:12:00,0.35507917
2026-01-14 20:13:00,0.3307071
2026-01-14 20:14:00,0.37188056
2026-01-14 20:15:00,0.33056954
2026-01-14 20:16:00,0.33053455
2026-01-14 20:17:00,0.28871548
2026-01-14 20:18:00,0.37986267
2026-01-14 20:19:00,0.45523298
2026-01-14 20:20:00,0.4277563
2026-01-14 20:21:00,0.42762044
2026-01-14 20:22:00,0.40684813
2026-01-14 20:23:00,0.37352493
2026-01-14 20:24:00,0.3615364
2026-01-14 20:25:00,0.3440375
2026-01-14 20:26:00,0.268676
2026-01-14 20:27:00,0.27063152
2026-01-14 20:28:00,0.26015866
2026-01-14 20:29:00,0.26464435
2026-01-14 20:30:00,0.25312376
2026-01-14 20:31:00,0.23115353
2026-01-14 20:32:00,0.26029277
2026-01-14 20:33:00,0.273372
2026-01-14 20:34:00,0.3198639
2026-01-14 20:35:00,0.32652643
2026-01-14 20:36:00,0.30490556
2026-01-14 20:37:00,0.31753272
2026-01-14 20:38:00,0.22519802
2026-01-14 20:39:00,0.30356574
2026-01-14 20:40:00,0.30243626
2026-01-14 20:41:00,0.3777447
2026-01-14 20:42:00,0.3248212
2026-01-14 20:43:00,0.26614466
2026-01-14 20:44:00,0.27144676
2026-01-14 20:45:00,0.27613845
2026-01-14 20:46:00,0.27942917
2026-01-14 20:47:00,0.27630615
2026-01-14 20:48:00,0.24082182
2026-01-14 20:49:00,0.17383355
2026-01-14 20:50:00,0.18289176
2026-01-14 20:51:00,0.12854306
2026-01-14 20:52:00,0.074713446
2026-01-14 20:53:00,0.064993225
2026-01-14 20:54:00,0.0884506
2026-01-14 20:55:00,0.17226405
2026-01-14 20:56:00,0.20898136
2026-01-14 20:57:00,0.26086888
2026-01-14 20:58:00,0.2773727
2026-01-14 20:59:00,0.28103372
2026-01-14 21:00:00,0.36990947
2026-01-14 21:01:00,0.2984798
2026-01-14 21:02:00,0.26910022
2026-01-14 21:03:00,0.24514405
2026-01-14 21:04:00,0.2722052
2026-01-14 21:05:00,0.22215973
2026-01-14 21:06:00,0.24575809
2026-01-14 21:07:00,0.2600696
2026-01-14 21:08:00,0.28253666
2026-01-14 21:09:00,0.3024342
2026-01-14 21:10:00,0.35041693
2026-01-14 21:11:00,0.33101332
2026-01-14 21:12:00,0.33629042
2026-01-14 21:13:00,0.2904311
2026-01-14 21:14:00,0.23906504
2026-01-14 21:15:00,0.30094784
2026-01-14 21:16:00,0.25475705
2026-01-14 21:17:00,0.27035397
2026-01-14 21:18:00,0.2802479
2026-01-14 21:19:00,0.3150637
2026-01-14 21:20:00,0.23372307
2026-01-14 21:21:00,0.26082245
2026-01-14 21:22:00,0.24774103
2026-01-14 21:23:00,0.21398807
2026-01-14 21:24:00,0.19685635
2026-01-14 21:25:00,0.23255633
2026-01-14 21:26:00,0.25313702
2026-01-14 21:27:00,0.23766293
2026-01-14 21:28:00,0.18293792
2026-01-14 21:29:00,0.13537225
2026-01-14 21:30:00,0.16443396
2026-01-14 21:31:00,0.109899245
2026-01-14 21:32:00,0.10607055
2026-01-14 21:33:00,0.21447724
2026-01-14 21:34:00,0.22531125
2026-01-14 21:35:00,0.24654669
2026-01-14 21:36:00,0.19391283
2026-01-14 21:37:00,0.13880025
2026-01-14 21:38:00,0.16898313
2026-01-14 21:39:00,0.15358622
2026-01-14 21:40:00,0.1976221
2026-01-14 21:41:00,0.196878
2026-01-14 21:42:00,0.3326853
2026-01-14 21:43:00,0.2964437
2026-01-14 21:44:00,0.2975228
2026-01-14 21:45:00,0.25114805
2026-01-14 21:46:00,0.2854962
2026-01-14 21:47:00,0.293398
2026-01-14 21:48:00,0.24456401
2026-01-14 21:49:00,0.22535773
2026-01-14 21:50:00,0.2752178
2026-01-14 21:51:00,0.3162494
2026-01-14 21:52:00,0.24731995
2026-01-14 21:53:00,0.22180782
2026-01-14 21:54:00,0.2897976
2026-01-14 21:55:00,0.27277172
2026-01-14 21:56:00,0.2710988
2026-01-14 21:57:00,0.3032672
2026-01-14 21:58:00,0.2384658
2026-01-14 21:59:00,0.1945148
2026-01-14 22:00:00,0.17868783
2026-01-14 22:01:00,0.22522822
2026-01-14 22:02:00,0.26061964
2026-01-14 22:03:00,0.28114867
2026-01-14 22:04:00,0.26564753
2026-01-14 22:05:00,0.3021051
2026-01-14 22:06:00,0.28432724
2026-01-14 22:07:00,0.2971662
2026-01-14 22:08:00,0.3223112
2026-01-14 22:09:00,0.37680647
2026-01-14 22:10:00,0.35678726
2026-01-14 22:11:00,0.32608938
2026-01-14 22:12:00,0.36412624
2026-01-14 22:13:00,0.40216303
2026-01-14 22:14:00,0.3605199
2026-01-14 22:15:00,0.29971418
2026-01-14 22:16:00,0.3367083
2026-01-14 22:17:00,0.25628537
2026-01-14 22:18:00,0.18022653
2026-01-14 22:19:00,0.16720617
2026-01-14 22:20:00,0.16603063
2026-01-14 22:21:00,0.118427545
2026-01-14 22:22:00,0.12587973
2026-01-14 22:23:00,0.13449465
2026-01-14 22:24:00,0.112520985
2026-01-14 22:25:00,0.19283453
2026-01-14 22:26:00,0.20255038
2026-01-14 22:27:00,0.23941389
2026-01-14 22:28:00,0.16991632
2026-01-14 22:29:00,0.105609745
2026-01-14 22:30:00,0.12342053
2026-01-14 22:31:00,0.1955752
2026-01-14 22:32:00,0.14734295
2026-01-14 22:33:00,0.14907928
2026-01-14 22:34:00,0.09551556
2026-01-14 22:35:00,0.06687393
2026-01-14 22:36:00,0.07697134
2026-01-14 22:37:00,0.058810666
2026-01-14 22:38:00,0.05
2026-01-14 22:39:00,0.05
2026-01-14 22:40:00,0.05
2026-01-14 22:41:00,0.05
2026-01-14 22:42:00,0.05
2026-01-14 22:43:00,0.05
2026-01-14 22:44:00,0.05
2026-01-14 22:45:00,0.05
2026-01-14 22:46:00,0.05831754
2026-01-14 22:47:00,0.061446927
2026-01-14 22:48:00,0.05774272
2026-01-14 22:49:00,0.05
2026-01-14 22:50:00,0.05
2026-01-14 22:51:00,0.11535271
2026-01-14 22:52:00,0.15905292
2026-01-14 22:53:00,0.1434775
2026-01-14 22:54:00,0.16092472
2026-01-14 22:55:00,0.1113577
2026-01-14 22:56:00,0.1389998
2026-01-14 22:57:00,0.10197772
2026-01-14 22:58:00,0.12874633
2026-01-14 22:59:00,0.24451081
2026-01-14 23:00:00,0.20943572
2026-01-14 23:01:00,0.3168645
2026-01-14 23:02:00,0.31839776
2026-01-14 23:03:00,0.2701837
2026-01-14 23:04:00,0.22397959
2026-01-14 23:05:00,0.3078746
2026-01-14 23:06:00,0.3101659
2026-01-14 23:07:00,0.2698951
2026-01-14 23:08:00,0.2473408
2026-01-14 23:09:00,0.25194767
2026-01-14 23:10:00,0.2385938
2026-01-14 23:11:00,0.24048096
2026-01-14 23:12:00,0.29931378
2026-01-14 23:13:00,0.23736522
2026-01-14 23:14:00,0.25126526
2026-01-14 23:15:00,0.2353412
2026-01-14 23:16:00,0.20363441
2026-01-14 23:17:00,0.23730247
2026-01-14 23:18:00,0.16692287
2026-01-14 23:19:00,0.06596337
2026-01-14 23:20:00,0.076709606
2026-01-14 23:21:00,0.072078206
2026-01-14 23:22:00,0.05
2026-01-14 23:23:00,0.05
2026-01-14 23:24:00,0.05
2026-01-14 23:25:00,0.0660029
2026-01-14 23:26:00,0.06849787
2026-01-14 23:27:00,0.15780936
2026-01-14 23:28:00,0.19304104
2026-01-14 23:29:00,0.25533542
2026-01-14 23:30:00,0.19466996
2026-01-14 23:31:00,0.13735336
2026-01-14 23:32:00,0.15799426
2026-01-14 23:33:00,0.16887453
2026-01-14 23:34:00,0.21228486
2026-01-14 23:35:00,0.13699856
2026-01-14 23:36:00,0.16110508
2026-01-14 23:37:00,0.19470465
2026-01-14 23:38:00,0.22348739
2026-01-14 23:39:00,0.1962481
2026-01-14 23:40:00,0.20819582
2026-01-14 23:41:00,0.1674126
2026-01-14 23:42:00,0.14919648
2026-01-14 23:43:00,0.10243429
2026-01-14 23:44:00,0.070780426
2026-01-14 23:45:00,0.06236377
2026-01-14 23:46:00,0.05
2026-01-14 23:47:00,0.05
2026-01-14 23:48:00,0.05
2026-01-14 23:49:00,0.058694806
2026-01-14 23:50:00,0.05
2026-01-14 23:51:00,0.05764953
2026-01-14 23:52:00,0.05
2026-01-14 23:53:00,0.051557075
2026-01-14 23:54:00,0.060985465
2026-01-14 23:55:00,0.05
2026-01-14 23:56:00,0.05
2026-01-14 23:57:00,0.07021648
2026-01-14 23:58:00,0.05
2026-01-14 23:59:00,0.05
